d_m,d_nm,d_hat,xi_m,z_hat,z_m,rho_norm,depletion
1.000000e-07,100.000000,2.000000e+00,5.000000e-08,0.00000000e+00,0.00000000e+00,0.00000000e+00,1.00000000e+00
1.000000e-07,100.000000,2.000000e+00,5.000000e-08,5.00125031e-04,2.50062516e-11,4.82116603e-04,9.99517883e-01
1.000000e-07,100.000000,2.000000e+00,5.000000e-08,1.00025006e-03,5.00125031e-11,9.64197571e-04,9.99035802e-01
1.000000e-07,100.000000,2.000000e+00,5.000000e-08,1.50037509e-03,7.50187547e-11,1.44624261e-03,9.98553757e-01
1.000000e-07,100.000000,2.000000e+00,5.000000e-08,2.00050013e-03,1.00025006e-10,1.92825143e-03,9.98071749e-01
1.000000e-07,100.000000,2.000000e+00,5.000000e-08,2.50062516e-03,1.25031258e-10,2.41022374e-03,9.97589776e-01
1.000000e-07,100.000000,2.000000e+00,5.000000e-08,3.00075019e-03,1.50037509e-10,2.89215924e-03,9.97107841e-01
1.000000e-07,100.000000,2.000000e+00,5.000000e-08,3.50087522e-03,1.75043761e-10,3.37405765e-03,9.96625942e-01
1.000000e-07,100.000000,2.000000e+00,5.000000e-08,4.00100025e-03,2.00050013e-10,3.85591866e-03,9.96144081e-01
1.000000e-07,100.000000,2.000000e+00,5.000000e-08,4.50112528e-03,2.25056264e-10,4.33774199e-03,9.95662258e-01
1.000000e-07,100.000000,2.000000e+00,5.000000e-08,5.00125031e-03,2.50062516e-10,4.81952735e-03,9.95180473e-01
1.000000e-07,100.000000,2.000000e+00,5.000000e-08,5.50137534e-03,2.75068767e-10,5.30127444e-03,9.94698726e-01
1.000000e-07,100.000000,2.000000e+00,5.000000e-08,6.00150038e-03,3.00075019e-10,5.78298297e-03,9.94217017e-01
1.000000e-07,100.000000,2.000000e+00,5.000000e-08,6.50162541e-03,3.25081270e-10,6.26465265e-03,9.93735347e-01
1.000000e-07,100.000000,2.000000e+00,5.000000e-08,7.00175044e-03,3.50087522e-10,6.74628318e-03,9.93253717e-01
1.000000e-07,100.000000,2.000000e+00,5.000000e-08,7.50187547e-03,3.75093773e-10,7.22787428e-03,9.92772126e-01
1.000000e-07,100.000000,2.000000e+00,5.000000e-08,8.00200050e-03,4.00100025e-10,7.70942564e-03,9.92290574e-01
1.000000e-07,100.000000,2.000000e+00,5.000000e-08,8.50212553e-03,4.25106277e-10,8.19093698e-03,9.91809063e-01
1.000000e-07,100.000000,2.000000e+00,5.000000e-08,9.00225056e-03,4.50112528e-10,8.67240801e-03,9.91327592e-01
1.000000e-07,100.000000,2.000000e+00,5.000000e-08,9.50237559e-03,4.75118780e-10,9.15383842e-03,9.90846162e-01
1.000000e-07,100.000000,2.000000e+00,5.000000e-08,1.00025006e-02,5.00125031e-10,9.63522794e-03,9.90364772e-01
1.000000e-07,100.000000,2.000000e+00,5.000000e-08,1.05026257e-02,5.25131283e-10,1.01165763e-02,9.89883424e-01
1.000000e-07,100.000000,2.000000e+00,5.000000e-08,1.10027507e-02,5.50137534e-10,1.05978831e-02,9.89402117e-01
1.000000e-07,100.000000,2.000000e+00,5.000000e-08,1.15028757e-02,5.75143786e-10,1.10791481e-02,9.88920852e-01
1.000000e-07,100.000000,2.000000e+00,5.000000e-08,1.20030008e-02,6.00150038e-10,1.15603711e-02,9.88439629e-01
1.000000e-07,100.000000,2.000000e+00,5.000000e-08,1.25031258e-02,6.25156289e-10,1.20415517e-02,9.87958448e-01
1.000000e-07,100.000000,2.000000e+00,5.000000e-08,1.30032508e-02,6.50162541e-10,1.25226897e-02,9.87477310e-01
1.000000e-07,100.000000,2.000000e+00,5.000000e-08,1.35033758e-02,6.75168792e-10,1.30037847e-02,9.86996215e-01
1.000000e-07,100.000000,2.000000e+00,5.000000e-08,1.40035009e-02,7.00175044e-10,1.34848365e-02,9.86515164e-01
1.000000e-07,100.000000,2.000000e+00,5.000000e-08,1.45036259e-02,7.25181295e-10,1.39658447e-02,9.86034155e-01
1.000000e-07,100.000000,2.000000e+00,5.000000e-08,1.50037509e-02,7.50187547e-10,1.44468091e-02,9.85553191e-01
1.000000e-07,100.000000,2.000000e+00,5.000000e-08,1.55038760e-02,7.75193798e-10,1.49277294e-02,9.85072271e-01
1.000000e-07,100.000000,2.000000e+00,5.000000e-08,1.60040010e-02,8.00200050e-10,1.54086052e-02,9.84591395e-01
1.000000e-07,100.000000,2.000000e+00,5.000000e-08,1.65041260e-02,8.25206302e-10,1.58894364e-02,9.84110564e-01
1.000000e-07,100.000000,2.000000e+00,5.000000e-08,1.70042511e-02,8.50212553e-10,1.63702225e-02,9.83629777e-01
1.000000e-07,100.000000,2.000000e+00,5.000000e-08,1.75043761e-02,8.75218805e-10,1.68509634e-02,9.83149037e-01
1.000000e-07,100.000000,2.000000e+00,5.000000e-08,1.80045011e-02,9.00225056e-10,1.73316586e-02,9.82668341e-01
1.000000e-07,100.000000,2.000000e+00,5.000000e-08,1.85046262e-02,9.25231308e-10,1.78123080e-02,9.82187692e-01
1.000000e-07,100.000000,2.000000e+00,5.000000e-08,1.90047512e-02,9.50237559e-10,1.82929112e-02,9.81707089e-01
1.000000e-07,100.000000,2.000000e+00,5.000000e-08,1.95048762e-02,9.75243811e-10,1.87734680e-02,9.81226532e-01
1.000000e-07,100.000000,2.000000e+00,5.000000e-08,2.00050013e-02,1.00025006e-09,1.92539780e-02,9.80746022e-01
1.000000e-07,100.000000,2.000000e+00,5.000000e-08,2.05051263e-02,1.02525631e-09,1.97344409e-02,9.80265559e-01
1.000000e-07,100.000000,2.000000e+00,5.000000e-08,2.10052513e-02,1.05026257e-09,2.02148565e-02,9.79785143e-01
1.000000e-07,100.000000,2.000000e+00,5.000000e-08,2.15053763e-02,1.07526882e-09,2.06952245e-02,9.79304776e-01
1.000000e-07,100.000000,2.000000e+00,5.000000e-08,2.20055014e-02,1.10027507e-09,2.11755445e-02,9.78824456e-01
1.000000e-07,100.000000,2.000000e+00,5.000000e-08,2.25056264e-02,1.12528132e-09,2.16558163e-02,9.78344184e-01
1.000000e-07,100.000000,2.000000e+00,5.000000e-08,2.30057514e-02,1.15028757e-09,2.21360395e-02,9.77863960e-01
1.000000e-07,100.000000,2.000000e+00,5.000000e-08,2.35058765e-02,1.17529382e-09,2.26162140e-02,9.77383786e-01
1.000000e-07,100.000000,2.000000e+00,5.000000e-08,2.40060015e-02,1.20030008e-09,2.30963394e-02,9.76903661e-01
1.000000e-07,100.000000,2.000000e+00,5.000000e-08,2.45061265e-02,1.22530633e-09,2.35764153e-02,9.76423585e-01
1.000000e-07,100.000000,2.000000e+00,5.000000e-08,2.50062516e-02,1.25031258e-09,2.40564416e-02,9.75943558e-01
1.000000e-07,100.000000,2.000000e+00,5.000000e-08,2.55063766e-02,1.27531883e-09,2.45364179e-02,9.75463582e-01
1.000000e-07,100.000000,2.000000e+00,5.000000e-08,2.60065016e-02,1.30032508e-09,2.50163439e-02,9.74983656e-01
1.000000e-07,100.000000,2.000000e+00,5.000000e-08,2.65066267e-02,1.32533133e-09,2.54962194e-02,9.74503781e-01
1.000000e-07,100.000000,2.000000e+00,5.000000e-08,2.70067517e-02,1.35033758e-09,2.59760440e-02,9.74023956e-01
1.000000e-07,100.000000,2.000000e+00,5.000000e-08,2.75068767e-02,1.37534384e-09,2.64558174e-02,9.73544183e-01
1.000000e-07,100.000000,2.000000e+00,5.000000e-08,2.80070018e-02,1.40035009e-09,2.69355394e-02,9.73064461e-01
1.000000e-07,100.000000,2.000000e+00,5.000000e-08,2.85071268e-02,1.42535634e-09,2.74152096e-02,9.72584790e-01
1.000000e-07,100.000000,2.000000e+00,5.000000e-08,2.90072518e-02,1.45036259e-09,2.78948278e-02,9.72105172e-01
1.000000e-07,100.000000,2.000000e+00,5.000000e-08,2.95073768e-02,1.47536884e-09,2.83743937e-02,9.71625606e-01
1.000000e-07,100.000000,2.000000e+00,5.000000e-08,3.00075019e-02,1.50037509e-09,2.88539070e-02,9.71146093e-01
1.000000e-07,100.000000,2.000000e+00,5.000000e-08,3.05076269e-02,1.52538135e-09,2.93333673e-02,9.70666633e-01
1.000000e-07,100.000000,2.000000e+00,5.000000e-08,3.10077519e-02,1.55038760e-09,2.98127745e-02,9.70187226e-01
1.000000e-07,100.000000,2.000000e+00,5.000000e-08,3.15078770e-02,1.57539385e-09,3.02921281e-02,9.69707872e-01
1.000000e-07,100.000000,2.000000e+00,5.000000e-08,3.20080020e-02,1.60040010e-09,3.07714279e-02,9.69228572e-01
1.000000e-07,100.000000,2.000000e+00,5.000000e-08,3.25081270e-02,1.62540635e-09,3.12506737e-02,9.68749326e-01
1.000000e-07,100.000000,2.000000e+00,5.000000e-08,3.30082521e-02,1.65041260e-09,3.17298651e-02,9.68270135e-01
1.000000e-07,100.000000,2.000000e+00,5.000000e-08,3.35083771e-02,1.67541885e-09,3.22090018e-02,9.67790998e-01
1.000000e-07,100.000000,2.000000e+00,5.000000e-08,3.40085021e-02,1.70042511e-09,3.26880835e-02,9.67311916e-01
1.000000e-07,100.000000,2.000000e+00,5.000000e-08,3.45086272e-02,1.72543136e-09,3.31671100e-02,9.66832890e-01
1.000000e-07,100.000000,2.000000e+00,5.000000e-08,3.50087522e-02,1.75043761e-09,3.36460810e-02,9.66353919e-01
1.000000e-07,100.000000,2.000000e+00,5.000000e-08,3.55088772e-02,1.77544386e-09,3.41249960e-02,9.65875004e-01
1.000000e-07,100.000000,2.000000e+00,5.000000e-08,3.60090023e-02,1.80045011e-09,3.46038550e-02,9.65396145e-01
1.000000e-07,100.000000,2.000000e+00,5.000000e-08,3.65091273e-02,1.82545636e-09,3.50826575e-02,9.64917342e-01
1.000000e-07,100.000000,2.000000e+00,5.000000e-08,3.70092523e-02,1.85046262e-09,3.55614033e-02,9.64438597e-01
1.000000e-07,100.000000,2.000000e+00,5.000000e-08,3.75093773e-02,1.87546887e-09,3.60400921e-02,9.63959908e-01
1.000000e-07,100.000000,2.000000e+00,5.000000e-08,3.80095024e-02,1.90047512e-09,3.65187236e-02,9.63481276e-01
1.000000e-07,100.000000,2.000000e+00,5.000000e-08,3.85096274e-02,1.92548137e-09,3.69972974e-02,9.63002703e-01
1.000000e-07,100.000000,2.000000e+00,5.000000e-08,3.90097524e-02,1.95048762e-09,3.74758134e-02,9.62524187e-01
1.000000e-07,100.000000,2.000000e+00,5.000000e-08,3.95098775e-02,1.97549387e-09,3.79542712e-02,9.62045729e-01
1.000000e-07,100.000000,2.000000e+00,5.000000e-08,4.00100025e-02,2.00050013e-09,3.84326705e-02,9.61567329e-01
1.000000e-07,100.000000,2.000000e+00,5.000000e-08,4.05101275e-02,2.02550638e-09,3.89110110e-02,9.61088989e-01
1.000000e-07,100.000000,2.000000e+00,5.000000e-08,4.10102526e-02,2.05051263e-09,3.93892925e-02,9.60610707e-01
1.000000e-07,100.000000,2.000000e+00,5.000000e-08,4.15103776e-02,2.07551888e-09,3.98675146e-02,9.60132485e-01
1.000000e-07,100.000000,2.000000e+00,5.000000e-08,4.20105026e-02,2.10052513e-09,4.03456771e-02,9.59654323e-01
1.000000e-07,100.000000,2.000000e+00,5.000000e-08,4.25106277e-02,2.12553138e-09,4.08237796e-02,9.59176220e-01
1.000000e-07,100.000000,2.000000e+00,5.000000e-08,4.30107527e-02,2.15053763e-09,4.13018218e-02,9.58698178e-01
1.000000e-07,100.000000,2.000000e+00,5.000000e-08,4.35108777e-02,2.17554389e-09,4.17798036e-02,9.58220196e-01
1.000000e-07,100.000000,2.000000e+00,5.000000e-08,4.40110028e-02,2.20055014e-09,4.22577245e-02,9.57742276e-01
1.000000e-07,100.000000,2.000000e+00,5.000000e-08,4.45111278e-02,2.22555639e-09,4.27355843e-02,9.57264416e-01
1.000000e-07,100.000000,2.000000e+00,5.000000e-08,4.50112528e-02,2.25056264e-09,4.32133826e-02,9.56786617e-01
1.000000e-07,100.000000,2.000000e+00,5.000000e-08,4.55113778e-02,2.27556889e-09,4.36911193e-02,9.56308881e-01
1.000000e-07,100.000000,2.000000e+00,5.000000e-08,4.60115029e-02,2.30057514e-09,4.41687940e-02,9.55831206e-01
1.000000e-07,100.000000,2.000000e+00,5.000000e-08,4.65116279e-02,2.32558140e-09,4.46464064e-02,9.55353594e-01
1.000000e-07,100.000000,2.000000e+00,5.000000e-08,4.70117529e-02,2.35058765e-09,4.51239562e-02,9.54876044e-01
1.000000e-07,100.000000,2.000000e+00,5.000000e-08,4.75118780e-02,2.37559390e-09,4.56014432e-02,9.54398557e-01
1.000000e-07,100.000000,2.000000e+00,5.000000e-08,4.80120030e-02,2.40060015e-09,4.60788669e-02,9.53921133e-01
1.000000e-07,100.000000,2.000000e+00,5.000000e-08,4.85121280e-02,2.42560640e-09,4.65562273e-02,9.53443773e-01
1.000000e-07,100.000000,2.000000e+00,5.000000e-08,4.90122531e-02,2.45061265e-09,4.70335238e-02,9.52966476e-01
1.000000e-07,100.000000,2.000000e+00,5.000000e-08,4.95123781e-02,2.47561890e-09,4.75107563e-02,9.52489244e-01
1.000000e-07,100.000000,2.000000e+00,5.000000e-08,5.00125031e-02,2.50062516e-09,4.79879245e-02,9.52012075e-01
1.000000e-07,100.000000,2.000000e+00,5.000000e-08,5.05126282e-02,2.52563141e-09,4.84650281e-02,9.51534972e-01
1.000000e-07,100.000000,2.000000e+00,5.000000e-08,5.10127532e-02,2.55063766e-09,4.89420667e-02,9.51057933e-01
1.000000e-07,100.000000,2.000000e+00,5.000000e-08,5.15128782e-02,2.57564391e-09,4.94190401e-02,9.50580960e-01
1.000000e-07,100.000000,2.000000e+00,5.000000e-08,5.20130033e-02,2.60065016e-09,4.98959480e-02,9.50104052e-01
1.000000e-07,100.000000,2.000000e+00,5.000000e-08,5.25131283e-02,2.62565641e-09,5.03727901e-02,9.49627210e-01
1.000000e-07,100.000000,2.000000e+00,5.000000e-08,5.30132533e-02,2.65066267e-09,5.08495661e-02,9.49150434e-01
1.000000e-07,100.000000,2.000000e+00,5.000000e-08,5.35133783e-02,2.67566892e-09,5.13262757e-02,9.48673724e-01
1.000000e-07,100.000000,2.000000e+00,5.000000e-08,5.40135034e-02,2.70067517e-09,5.18029187e-02,9.48197081e-01
1.000000e-07,100.000000,2.000000e+00,5.000000e-08,5.45136284e-02,2.72568142e-09,5.22794947e-02,9.47720505e-01
1.000000e-07,100.000000,2.000000e+00,5.000000e-08,5.50137534e-02,2.75068767e-09,5.27560034e-02,9.47243997e-01
1.000000e-07,100.000000,2.000000e+00,5.000000e-08,5.55138785e-02,2.77569392e-09,5.32324446e-02,9.46767555e-01
1.000000e-07,100.000000,2.000000e+00,5.000000e-08,5.60140035e-02,2.80070018e-09,5.37088179e-02,9.46291182e-01
1.000000e-07,100.000000,2.000000e+00,5.000000e-08,5.65141285e-02,2.82570643e-09,5.41851230e-02,9.45814877e-01
1.000000e-07,100.000000,2.000000e+00,5.000000e-08,5.70142536e-02,2.85071268e-09,5.46613598e-02,9.45338640e-01
1.000000e-07,100.000000,2.000000e+00,5.000000e-08,5.75143786e-02,2.87571893e-09,5.51375278e-02,9.44862472e-01
1.000000e-07,100.000000,2.000000e+00,5.000000e-08,5.80145036e-02,2.90072518e-09,5.56136268e-02,9.44386373e-01
1.000000e-07,100.000000,2.000000e+00,5.000000e-08,5.85146287e-02,2.92573143e-09,5.60896565e-02,9.43910343e-01
1.000000e-07,100.000000,2.000000e+00,5.000000e-08,5.90147537e-02,2.95073768e-09,5.65656166e-02,9.43434383e-01
1.000000e-07,100.000000,2.000000e+00,5.000000e-08,5.95148787e-02,2.97574394e-09,5.70415068e-02,9.42958493e-01
1.000000e-07,100.000000,2.000000e+00,5.000000e-08,6.00150038e-02,3.00075019e-09,5.75173268e-02,9.42482673e-01
1.000000e-07,100.000000,2.000000e+00,5.000000e-08,6.05151288e-02,3.02575644e-09,5.79930764e-02,9.42006924e-01
1.000000e-07,100.000000,2.000000e+00,5.000000e-08,6.10152538e-02,3.05076269e-09,5.84687551e-02,9.41531245e-01
1.000000e-07,100.000000,2.000000e+00,5.000000e-08,6.15153788e-02,3.07576894e-09,5.89443628e-02,9.41055637e-01
1.000000e-07,100.000000,2.000000e+00,5.000000e-08,6.20155039e-02,3.10077519e-09,5.94198992e-02,9.40580101e-01
1.000000e-07,100.000000,2.000000e+00,5.000000e-08,6.25156289e-02,3.12578145e-09,5.98953639e-02,9.40104636e-01
1.000000e-07,100.000000,2.000000e+00,5.000000e-08,6.30157539e-02,3.15078770e-09,6.03707567e-02,9.39629243e-01
1.000000e-07,100.000000,2.000000e+00,5.000000e-08,6.35158790e-02,3.17579395e-09,6.08460772e-02,9.39153923e-01
1.000000e-07,100.000000,2.000000e+00,5.000000e-08,6.40160040e-02,3.20080020e-09,6.13213253e-02,9.38678675e-01
1.000000e-07,100.000000,2.000000e+00,5.000000e-08,6.45161290e-02,3.22580645e-09,6.17965005e-02,9.38203500e-01
1.000000e-07,100.000000,2.000000e+00,5.000000e-08,6.50162541e-02,3.25081270e-09,6.22716026e-02,9.37728397e-01
1.000000e-07,100.000000,2.000000e+00,5.000000e-08,6.55163791e-02,3.27581895e-09,6.27466313e-02,9.37253369e-01
1.000000e-07,100.000000,2.000000e+00,5.000000e-08,6.60165041e-02,3.30082521e-09,6.32215863e-02,9.36778414e-01
1.000000e-07,100.000000,2.000000e+00,5.000000e-08,6.65166292e-02,3.32583146e-09,6.36964674e-02,9.36303533e-01
1.000000e-07,100.000000,2.000000e+00,5.000000e-08,6.70167542e-02,3.35083771e-09,6.41712741e-02,9.35828726e-01
1.000000e-07,100.000000,2.000000e+00,5.000000e-08,6.75168792e-02,3.37584396e-09,6.46460063e-02,9.35353994e-01
1.000000e-07,100.000000,2.000000e+00,5.000000e-08,6.80170043e-02,3.40085021e-09,6.51206637e-02,9.34879336e-01
1.000000e-07,100.000000,2.000000e+00,5.000000e-08,6.85171293e-02,3.42585646e-09,6.55952459e-02,9.34404754e-01
1.000000e-07,100.000000,2.000000e+00,5.000000e-08,6.90172543e-02,3.45086272e-09,6.60697527e-02,9.33930247e-01
1.000000e-07,100.000000,2.000000e+00,5.000000e-08,6.95173793e-02,3.47586897e-09,6.65441837e-02,9.33455816e-01
1.000000e-07,100.000000,2.000000e+00,5.000000e-08,7.00175044e-02,3.50087522e-09,6.70185388e-02,9.32981461e-01
1.000000e-07,100.000000,2.000000e+00,5.000000e-08,7.05176294e-02,3.52588147e-09,6.74928175e-02,9.32507183e-01
1.000000e-07,100.000000,2.000000e+00,5.000000e-08,7.10177544e-02,3.55088772e-09,6.79670196e-02,9.32032980e-01
1.000000e-07,100.000000,2.000000e+00,5.000000e-08,7.15178795e-02,3.57589397e-09,6.84411448e-02,9.31558855e-01
1.000000e-07,100.000000,2.000000e+00,5.000000e-08,7.20180045e-02,3.60090023e-09,6.89151928e-02,9.31084807e-01
1.000000e-07,100.000000,2.000000e+00,5.000000e-08,7.25181295e-02,3.62590648e-09,6.93891634e-02,9.30610837e-01
1.000000e-07,100.000000,2.000000e+00,5.000000e-08,7.30182546e-02,3.65091273e-09,6.98630562e-02,9.30136944e-01
1.000000e-07,100.000000,2.000000e+00,5.000000e-08,7.35183796e-02,3.67591898e-09,7.03368709e-02,9.29663129e-01
1.000000e-07,100.000000,2.000000e+00,5.000000e-08,7.40185046e-02,3.70092523e-09,7.08106073e-02,9.29189393e-01
1.000000e-07,100.000000,2.000000e+00,5.000000e-08,7.45186297e-02,3.72593148e-09,7.12842650e-02,9.28715735e-01
1.000000e-07,100.000000,2.000000e+00,5.000000e-08,7.50187547e-02,3.75093773e-09,7.17578439e-02,9.28242156e-01
1.000000e-07,100.000000,2.000000e+00,5.000000e-08,7.55188797e-02,3.77594399e-09,7.22313434e-02,9.27768657e-01
1.000000e-07,100.000000,2.000000e+00,5.000000e-08,7.60190048e-02,3.80095024e-09,7.27047635e-02,9.27295236e-01
1.000000e-07,100.000000,2.000000e+00,5.000000e-08,7.65191298e-02,3.82595649e-09,7.31781038e-02,9.26821896e-01
1.000000e-07,100.000000,2.000000e+00,5.000000e-08,7.70192548e-02,3.85096274e-09,7.36513640e-02,9.26348636e-01
1.000000e-07,100.000000,2.000000e+00,5.000000e-08,7.75193798e-02,3.87596899e-09,7.41245437e-02,9.25875456e-01
1.000000e-07,100.000000,2.000000e+00,5.000000e-08,7.80195049e-02,3.90097524e-09,7.45976429e-02,9.25402357e-01
1.000000e-07,100.000000,2.000000e+00,5.000000e-08,7.85196299e-02,3.92598150e-09,7.50706610e-02,9.24929339e-01
1.000000e-07,100.000000,2.000000e+00,5.000000e-08,7.90197549e-02,3.95098775e-09,7.55435979e-02,9.24456402e-01
1.000000e-07,100.000000,2.000000e+00,5.000000e-08,7.95198800e-02,3.97599400e-09,7.60164532e-02,9.23983547e-01
1.000000e-07,100.000000,2.000000e+00,5.000000e-08,8.00200050e-02,4.00100025e-09,7.64892267e-02,9.23510773e-01
1.000000e-07,100.000000,2.000000e+00,5.000000e-08,8.05201300e-02,4.02600650e-09,7.69619181e-02,9.23038082e-01
1.000000e-07,100.000000,2.000000e+00,5.000000e-08,8.10202551e-02,4.05101275e-09,7.74345270e-02,9.22565473e-01
1.000000e-07,100.000000,2.000000e+00,5.000000e-08,8.15203801e-02,4.07601900e-09,7.79070533e-02,9.22092947e-01
1.000000e-07,100.000000,2.000000e+00,5.000000e-08,8.20205051e-02,4.10102526e-09,7.83794965e-02,9.21620503e-01
1.000000e-07,100.000000,2.000000e+00,5.000000e-08,8.25206302e-02,4.12603151e-09,7.88518565e-02,9.21148144e-01
1.000000e-07,100.000000,2.000000e+00,5.000000e-08,8.30207552e-02,4.15103776e-09,7.93241329e-02,9.20675867e-01
1.000000e-07,100.000000,2.000000e+00,5.000000e-08,8.35208802e-02,4.17604401e-09,7.97963254e-02,9.20203675e-01
1.000000e-07,100.000000,2.000000e+00,5.000000e-08,8.40210053e-02,4.20105026e-09,8.02684337e-02,9.19731566e-01
1.000000e-07,100.000000,2.000000e+00,5.000000e-08,8.45211303e-02,4.22605651e-09,8.07404576e-02,9.19259542e-01
1.000000e-07,100.000000,2.000000e+00,5.000000e-08,8.50212553e-02,4.25106277e-09,8.12123967e-02,9.18787603e-01
1.000000e-07,100.000000,2.000000e+00,5.000000e-08,8.55213803e-02,4.27606902e-09,8.16842508e-02,9.18315749e-01
1.000000e-07,100.000000,2.000000e+00,5.000000e-08,8.60215054e-02,4.30107527e-09,8.21560196e-02,9.17843980e-01
1.000000e-07,100.000000,2.000000e+00,5.000000e-08,8.65216304e-02,4.32608152e-09,8.26277028e-02,9.17372297e-01
1.000000e-07,100.000000,2.000000e+00,5.000000e-08,8.70217554e-02,4.35108777e-09,8.30993001e-02,9.16900700e-01
1.000000e-07,100.000000,2.000000e+00,5.000000e-08,8.75218805e-02,4.37609402e-09,8.35708112e-02,9.16429189e-01
1.000000e-07,100.000000,2.000000e+00,5.000000e-08,8.80220055e-02,4.40110028e-09,8.40422358e-02,9.15957764e-01
1.000000e-07,100.000000,2.000000e+00,5.000000e-08,8.85221305e-02,4.42610653e-09,8.45135737e-02,9.15486426e-01
1.000000e-07,100.000000,2.000000e+00,5.000000e-08,8.90222556e-02,4.45111278e-09,8.49848244e-02,9.15015176e-01
1.000000e-07,100.000000,2.000000e+00,5.000000e-08,8.95223806e-02,4.47611903e-09,8.54559879e-02,9.14544012e-01
1.000000e-07,100.000000,2.000000e+00,5.000000e-08,9.00225056e-02,4.50112528e-09,8.59270637e-02,9.14072936e-01
1.000000e-07,100.000000,2.000000e+00,5.000000e-08,9.05226307e-02,4.52613153e-09,8.63980516e-02,9.13601948e-01
1.000000e-07,100.000000,2.000000e+00,5.000000e-08,9.10227557e-02,4.55113778e-09,8.68689512e-02,9.13131049e-01
1.000000e-07,100.000000,2.000000e+00,5.000000e-08,9.15228807e-02,4.57614404e-09,8.73397624e-02,9.12660238e-01
1.000000e-07,100.000000,2.000000e+00,5.000000e-08,9.20230058e-02,4.60115029e-09,8.78104847e-02,9.12189515e-01
1.000000e-07,100.000000,2.000000e+00,5.000000e-08,9.25231308e-02,4.62615654e-09,8.82811180e-02,9.11718882e-01
1.000000e-07,100.000000,2.000000e+00,5.000000e-08,9.30232558e-02,4.65116279e-09,8.87516619e-02,9.11248338e-01
1.000000e-07,100.000000,2.000000e+00,5.000000e-08,9.35233808e-02,4.67616904e-09,8.92221162e-02,9.10777884e-01
1.000000e-07,100.000000,2.000000e+00,5.000000e-08,9.40235059e-02,4.70117529e-09,8.96924804e-02,9.10307520e-01
1.000000e-07,100.000000,2.000000e+00,5.000000e-08,9.45236309e-02,4.72618155e-09,9.01627545e-02,9.09837246e-01
1.000000e-07,100.000000,2.000000e+00,5.000000e-08,9.50237559e-02,4.75118780e-09,9.06329380e-02,9.09367062e-01
1.000000e-07,100.000000,2.000000e+00,5.000000e-08,9.55238810e-02,4.77619405e-09,9.11030307e-02,9.08896969e-01
1.000000e-07,100.000000,2.000000e+00,5.000000e-08,9.60240060e-02,4.80120030e-09,9.15730323e-02,9.08426968e-01
1.000000e-07,100.000000,2.000000e+00,5.000000e-08,9.65241310e-02,4.82620655e-09,9.20429425e-02,9.07957057e-01
1.000000e-07,100.000000,2.000000e+00,5.000000e-08,9.70242561e-02,4.85121280e-09,9.25127611e-02,9.07487239e-01
1.000000e-07,100.000000,2.000000e+00,5.000000e-08,9.75243811e-02,4.87621905e-09,9.29824876e-02,9.07017512e-01
1.000000e-07,100.000000,2.000000e+00,5.000000e-08,9.80245061e-02,4.90122531e-09,9.34521219e-02,9.06547878e-01
1.000000e-07,100.000000,2.000000e+00,5.000000e-08,9.85246312e-02,4.92623156e-09,9.39216637e-02,9.06078336e-01
1.000000e-07,100.000000,2.000000e+00,5.000000e-08,9.90247562e-02,4.95123781e-09,9.43911126e-02,9.05608887e-01
1.000000e-07,100.000000,2.000000e+00,5.000000e-08,9.95248812e-02,4.97624406e-09,9.48604684e-02,9.05139532e-01
1.000000e-07,100.000000,2.000000e+00,5.000000e-08,1.00025006e-01,5.00125031e-09,9.53297307e-02,9.04670269e-01
1.000000e-07,100.000000,2.000000e+00,5.000000e-08,1.00525131e-01,5.02625656e-09,9.57988994e-02,9.04201101e-01
1.000000e-07,100.000000,2.000000e+00,5.000000e-08,1.01025256e-01,5.05126282e-09,9.62679741e-02,9.03732026e-01
1.000000e-07,100.000000,2.000000e+00,5.000000e-08,1.01525381e-01,5.07626907e-09,9.67369545e-02,9.03263045e-01
1.000000e-07,100.000000,2.000000e+00,5.000000e-08,1.02025506e-01,5.10127532e-09,9.72058403e-02,9.02794160e-01
1.000000e-07,100.000000,2.000000e+00,5.000000e-08,1.02525631e-01,5.12628157e-09,9.76746313e-02,9.02325369e-01
1.000000e-07,100.000000,2.000000e+00,5.000000e-08,1.03025756e-01,5.15128782e-09,9.81433272e-02,9.01856673e-01
1.000000e-07,100.000000,2.000000e+00,5.000000e-08,1.03525881e-01,5.17629407e-09,9.86119276e-02,9.01388072e-01
1.000000e-07,100.000000,2.000000e+00,5.000000e-08,1.04026007e-01,5.20130033e-09,9.90804323e-02,9.00919568e-01
1.000000e-07,100.000000,2.000000e+00,5.000000e-08,1.04526132e-01,5.22630658e-09,9.95488410e-02,9.00451159e-01
1.000000e-07,100.000000,2.000000e+00,5.000000e-08,1.05026257e-01,5.25131283e-09,1.00017153e-01,8.99982847e-01
1.000000e-07,100.000000,2.000000e+00,5.000000e-08,1.05526382e-01,5.27631908e-09,1.00485369e-01,8.99514631e-01
1.000000e-07,100.000000,2.000000e+00,5.000000e-08,1.06026507e-01,5.30132533e-09,1.00953488e-01,8.99046512e-01
1.000000e-07,100.000000,2.000000e+00,5.000000e-08,1.06526632e-01,5.32633158e-09,1.01421510e-01,8.98578490e-01
1.000000e-07,100.000000,2.000000e+00,5.000000e-08,1.07026757e-01,5.35133783e-09,1.01889435e-01,8.98110565e-01
1.000000e-07,100.000000,2.000000e+00,5.000000e-08,1.07526882e-01,5.37634409e-09,1.02357261e-01,8.97642739e-01
1.000000e-07,100.000000,2.000000e+00,5.000000e-08,1.08027007e-01,5.40135034e-09,1.02824990e-01,8.97175010e-01
1.000000e-07,100.000000,2.000000e+00,5.000000e-08,1.08527132e-01,5.42635659e-09,1.03292620e-01,8.96707380e-01
1.000000e-07,100.000000,2.000000e+00,5.000000e-08,1.09027257e-01,5.45136284e-09,1.03760152e-01,8.96239848e-01
1.000000e-07,100.000000,2.000000e+00,5.000000e-08,1.09527382e-01,5.47636909e-09,1.04227585e-01,8.95772415e-01
1.000000e-07,100.000000,2.000000e+00,5.000000e-08,1.10027507e-01,5.50137534e-09,1.04694919e-01,8.95305081e-01
1.000000e-07,100.000000,2.000000e+00,5.000000e-08,1.10527632e-01,5.52638160e-09,1.05162153e-01,8.94837847e-01
1.000000e-07,100.000000,2.000000e+00,5.000000e-08,1.11027757e-01,5.55138785e-09,1.05629287e-01,8.94370713e-01
1.000000e-07,100.000000,2.000000e+00,5.000000e-08,1.11527882e-01,5.57639410e-09,1.06096322e-01,8.93903678e-01
1.000000e-07,100.000000,2.000000e+00,5.000000e-08,1.12028007e-01,5.60140035e-09,1.06563256e-01,8.93436744e-01
1.000000e-07,100.000000,2.000000e+00,5.000000e-08,1.12528132e-01,5.62640660e-09,1.07030090e-01,8.92969910e-01
1.000000e-07,100.000000,2.000000e+00,5.000000e-08,1.13028257e-01,5.65141285e-09,1.07496823e-01,8.92503177e-01
1.000000e-07,100.000000,2.000000e+00,5.000000e-08,1.13528382e-01,5.67641910e-09,1.07963454e-01,8.92036546e-01
1.000000e-07,100.000000,2.000000e+00,5.000000e-08,1.14028507e-01,5.70142536e-09,1.08429984e-01,8.91570016e-01
1.000000e-07,100.000000,2.000000e+00,5.000000e-08,1.14528632e-01,5.72643161e-09,1.08896413e-01,8.91103587e-01
1.000000e-07,100.000000,2.000000e+00,5.000000e-08,1.15028757e-01,5.75143786e-09,1.09362739e-01,8.90637261e-01
1.000000e-07,100.000000,2.000000e+00,5.000000e-08,1.15528882e-01,5.77644411e-09,1.09828963e-01,8.90171037e-01
1.000000e-07,100.000000,2.000000e+00,5.000000e-08,1.16029007e-01,5.80145036e-09,1.10295085e-01,8.89704915e-01
1.000000e-07,100.000000,2.000000e+00,5.000000e-08,1.16529132e-01,5.82645661e-09,1.10761103e-01,8.89238897e-01
1.000000e-07,100.000000,2.000000e+00,5.000000e-08,1.17029257e-01,5.85146287e-09,1.11227019e-01,8.88772981e-01
1.000000e-07,100.000000,2.000000e+00,5.000000e-08,1.17529382e-01,5.87646912e-09,1.11692831e-01,8.88307169e-01
1.000000e-07,100.000000,2.000000e+00,5.000000e-08,1.18029507e-01,5.90147537e-09,1.12158539e-01,8.87841461e-01
1.000000e-07,100.000000,2.000000e+00,5.000000e-08,1.18529632e-01,5.92648162e-09,1.12624143e-01,8.87375857e-01
1.000000e-07,100.000000,2.000000e+00,5.000000e-08,1.19029757e-01,5.95148787e-09,1.13089643e-01,8.86910357e-01
1.000000e-07,100.000000,2.000000e+00,5.000000e-08,1.19529882e-01,5.97649412e-09,1.13555039e-01,8.86444961e-01
1.000000e-07,100.000000,2.000000e+00,5.000000e-08,1.20030008e-01,6.00150038e-09,1.14020329e-01,8.85979671e-01
1.000000e-07,100.000000,2.000000e+00,5.000000e-08,1.20530133e-01,6.02650663e-09,1.14485514e-01,8.85514486e-01
1.000000e-07,100.000000,2.000000e+00,5.000000e-08,1.21030258e-01,6.05151288e-09,1.14950594e-01,8.85049406e-01
1.000000e-07,100.000000,2.000000e+00,5.000000e-08,1.21530383e-01,6.07651913e-09,1.15415568e-01,8.84584432e-01
1.000000e-07,100.000000,2.000000e+00,5.000000e-08,1.22030508e-01,6.10152538e-09,1.15880436e-01,8.84119564e-01
1.000000e-07,100.000000,2.000000e+00,5.000000e-08,1.22530633e-01,6.12653163e-09,1.16345198e-01,8.83654802e-01
1.000000e-07,100.000000,2.000000e+00,5.000000e-08,1.23030758e-01,6.15153788e-09,1.16809853e-01,8.83190147e-01
1.000000e-07,100.000000,2.000000e+00,5.000000e-08,1.23530883e-01,6.17654414e-09,1.17274402e-01,8.82725598e-01
1.000000e-07,100.000000,2.000000e+00,5.000000e-08,1.24031008e-01,6.20155039e-09,1.17738843e-01,8.82261157e-01
1.000000e-07,100.000000,2.000000e+00,5.000000e-08,1.24531133e-01,6.22655664e-09,1.18203177e-01,8.81796823e-01
1.000000e-07,100.000000,2.000000e+00,5.000000e-08,1.25031258e-01,6.25156289e-09,1.18667403e-01,8.81332597e-01
1.000000e-07,100.000000,2.000000e+00,5.000000e-08,1.25531383e-01,6.27656914e-09,1.19131521e-01,8.80868479e-01
1.000000e-07,100.000000,2.000000e+00,5.000000e-08,1.26031508e-01,6.30157539e-09,1.19595531e-01,8.80404469e-01
1.000000e-07,100.000000,2.000000e+00,5.000000e-08,1.26531633e-01,6.32658165e-09,1.20059432e-01,8.79940568e-01
1.000000e-07,100.000000,2.000000e+00,5.000000e-08,1.27031758e-01,6.35158790e-09,1.20523224e-01,8.79476776e-01
1.000000e-07,100.000000,2.000000e+00,5.000000e-08,1.27531883e-01,6.37659415e-09,1.20986907e-01,8.79013093e-01
1.000000e-07,100.000000,2.000000e+00,5.000000e-08,1.28032008e-01,6.40160040e-09,1.21450481e-01,8.78549519e-01
1.000000e-07,100.000000,2.000000e+00,5.000000e-08,1.28532133e-01,6.42660665e-09,1.21913945e-01,8.78086055e-01
1.000000e-07,100.000000,2.000000e+00,5.000000e-08,1.29032258e-01,6.45161290e-09,1.22377299e-01,8.77622701e-01
1.000000e-07,100.000000,2.000000e+00,5.000000e-08,1.29532383e-01,6.47661915e-09,1.22840543e-01,8.77159457e-01
1.000000e-07,100.000000,2.000000e+00,5.000000e-08,1.30032508e-01,6.50162541e-09,1.23303676e-01,8.76696324e-01
1.000000e-07,100.000000,2.000000e+00,5.000000e-08,1.30532633e-01,6.52663166e-09,1.23766699e-01,8.76233301e-01
1.000000e-07,100.000000,2.000000e+00,5.000000e-08,1.31032758e-01,6.55163791e-09,1.24229610e-01,8.75770390e-01
1.000000e-07,100.000000,2.000000e+00,5.000000e-08,1.31532883e-01,6.57664416e-09,1.24692410e-01,8.75307590e-01
1.000000e-07,100.000000,2.000000e+00,5.000000e-08,1.32033008e-01,6.60165041e-09,1.25155098e-01,8.74844902e-01
1.000000e-07,100.000000,2.000000e+00,5.000000e-08,1.32533133e-01,6.62665666e-09,1.25617674e-01,8.74382326e-01
1.000000e-07,100.000000,2.000000e+00,5.000000e-08,1.33033258e-01,6.65166292e-09,1.26080138e-01,8.73919862e-01
1.000000e-07,100.000000,2.000000e+00,5.000000e-08,1.33533383e-01,6.67666917e-09,1.26542490e-01,8.73457510e-01
1.000000e-07,100.000000,2.000000e+00,5.000000e-08,1.34033508e-01,6.70167542e-09,1.27004728e-01,8.72995272e-01
1.000000e-07,100.000000,2.000000e+00,5.000000e-08,1.34533633e-01,6.72668167e-09,1.27466854e-01,8.72533146e-01
1.000000e-07,100.000000,2.000000e+00,5.000000e-08,1.35033758e-01,6.75168792e-09,1.27928866e-01,8.72071134e-01
1.000000e-07,100.000000,2.000000e+00,5.000000e-08,1.35533883e-01,6.77669417e-09,1.28390764e-01,8.71609236e-01
1.000000e-07,100.000000,2.000000e+00,5.000000e-08,1.36034009e-01,6.80170043e-09,1.28852549e-01,8.71147451e-01
1.000000e-07,100.000000,2.000000e+00,5.000000e-08,1.36534134e-01,6.82670668e-09,1.29314219e-01,8.70685781e-01
1.000000e-07,100.000000,2.000000e+00,5.000000e-08,1.37034259e-01,6.85171293e-09,1.29775775e-01,8.70224225e-01
1.000000e-07,100.000000,2.000000e+00,5.000000e-08,1.37534384e-01,6.87671918e-09,1.30237216e-01,8.69762784e-01
1.000000e-07,100.000000,2.000000e+00,5.000000e-08,1.38034509e-01,6.90172543e-09,1.30698542e-01,8.69301458e-01
1.000000e-07,100.000000,2.000000e+00,5.000000e-08,1.38534634e-01,6.92673168e-09,1.31159752e-01,8.68840248e-01
1.000000e-07,100.000000,2.000000e+00,5.000000e-08,1.39034759e-01,6.95173793e-09,1.31620847e-01,8.68379153e-01
1.000000e-07,100.000000,2.000000e+00,5.000000e-08,1.39534884e-01,6.97674419e-09,1.32081826e-01,8.67918174e-01
1.000000e-07,100.000000,2.000000e+00,5.000000e-08,1.40035009e-01,7.00175044e-09,1.32542689e-01,8.67457311e-01
1.000000e-07,100.000000,2.000000e+00,5.000000e-08,1.40535134e-01,7.02675669e-09,1.33003435e-01,8.66996565e-01
1.000000e-07,100.000000,2.000000e+00,5.000000e-08,1.41035259e-01,7.05176294e-09,1.33464065e-01,8.66535935e-01
1.000000e-07,100.000000,2.000000e+00,5.000000e-08,1.41535384e-01,7.07676919e-09,1.33924577e-01,8.66075423e-01
1.000000e-07,100.000000,2.000000e+00,5.000000e-08,1.42035509e-01,7.10177544e-09,1.34384973e-01,8.65615027e-01
1.000000e-07,100.000000,2.000000e+00,5.000000e-08,1.42535634e-01,7.12678170e-09,1.34845250e-01,8.65154750e-01
1.000000e-07,100.000000,2.000000e+00,5.000000e-08,1.43035759e-01,7.15178795e-09,1.35305410e-01,8.64694590e-01
1.000000e-07,100.000000,2.000000e+00,5.000000e-08,1.43535884e-01,7.17679420e-09,1.35765451e-01,8.64234549e-01
1.000000e-07,100.000000,2.000000e+00,5.000000e-08,1.44036009e-01,7.20180045e-09,1.36225374e-01,8.63774626e-01
1.000000e-07,100.000000,2.000000e+00,5.000000e-08,1.44536134e-01,7.22680670e-09,1.36685179e-01,8.63314821e-01
1.000000e-07,100.000000,2.000000e+00,5.000000e-08,1.45036259e-01,7.25181295e-09,1.37144864e-01,8.62855136e-01
1.000000e-07,100.000000,2.000000e+00,5.000000e-08,1.45536384e-01,7.27681920e-09,1.37604430e-01,8.62395570e-01
1.000000e-07,100.000000,2.000000e+00,5.000000e-08,1.46036509e-01,7.30182546e-09,1.38063877e-01,8.61936123e-01
1.000000e-07,100.000000,2.000000e+00,5.000000e-08,1.46536634e-01,7.32683171e-09,1.38523203e-01,8.61476797e-01
1.000000e-07,100.000000,2.000000e+00,5.000000e-08,1.47036759e-01,7.35183796e-09,1.38982410e-01,8.61017590e-01
1.000000e-07,100.000000,2.000000e+00,5.000000e-08,1.47536884e-01,7.37684421e-09,1.39441496e-01,8.60558504e-01
1.000000e-07,100.000000,2.000000e+00,5.000000e-08,1.48037009e-01,7.40185046e-09,1.39900461e-01,8.60099539e-01
1.000000e-07,100.000000,2.000000e+00,5.000000e-08,1.48537134e-01,7.42685671e-09,1.40359306e-01,8.59640694e-01
1.000000e-07,100.000000,2.000000e+00,5.000000e-08,1.49037259e-01,7.45186297e-09,1.40818029e-01,8.59181971e-01
1.000000e-07,100.000000,2.000000e+00,5.000000e-08,1.49537384e-01,7.47686922e-09,1.41276631e-01,8.58723369e-01
1.000000e-07,100.000000,2.000000e+00,5.000000e-08,1.50037509e-01,7.50187547e-09,1.41735111e-01,8.58264889e-01
1.000000e-07,100.000000,2.000000e+00,5.000000e-08,1.50537634e-01,7.52688172e-09,1.42193468e-01,8.57806532e-01
1.000000e-07,100.000000,2.000000e+00,5.000000e-08,1.51037759e-01,7.55188797e-09,1.42651704e-01,8.57348296e-01
1.000000e-07,100.000000,2.000000e+00,5.000000e-08,1.51537884e-01,7.57689422e-09,1.43109817e-01,8.56890183e-01
1.000000e-07,100.000000,2.000000e+00,5.000000e-08,1.52038010e-01,7.60190048e-09,1.43567807e-01,8.56432193e-01
1.000000e-07,100.000000,2.000000e+00,5.000000e-08,1.52538135e-01,7.62690673e-09,1.44025673e-01,8.55974327e-01
1.000000e-07,100.000000,2.000000e+00,5.000000e-08,1.53038260e-01,7.65191298e-09,1.44483417e-01,8.55516583e-01
1.000000e-07,100.000000,2.000000e+00,5.000000e-08,1.53538385e-01,7.67691923e-09,1.44941036e-01,8.55058964e-01
1.000000e-07,100.000000,2.000000e+00,5.000000e-08,1.54038510e-01,7.70192548e-09,1.45398531e-01,8.54601469e-01
1.000000e-07,100.000000,2.000000e+00,5.000000e-08,1.54538635e-01,7.72693173e-09,1.45855903e-01,8.54144097e-01
1.000000e-07,100.000000,2.000000e+00,5.000000e-08,1.55038760e-01,7.75193798e-09,1.46313149e-01,8.53686851e-01
1.000000e-07,100.000000,2.000000e+00,5.000000e-08,1.55538885e-01,7.77694424e-09,1.46770271e-01,8.53229729e-01
1.000000e-07,100.000000,2.000000e+00,5.000000e-08,1.56039010e-01,7.80195049e-09,1.47227267e-01,8.52772733e-01
1.000000e-07,100.000000,2.000000e+00,5.000000e-08,1.56539135e-01,7.82695674e-09,1.47684139e-01,8.52315861e-01
1.000000e-07,100.000000,2.000000e+00,5.000000e-08,1.57039260e-01,7.85196299e-09,1.48140884e-01,8.51859116e-01
1.000000e-07,100.000000,2.000000e+00,5.000000e-08,1.57539385e-01,7.87696924e-09,1.48597503e-01,8.51402497e-01
1.000000e-07,100.000000,2.000000e+00,5.000000e-08,1.58039510e-01,7.90197549e-09,1.49053997e-01,8.50946003e-01
1.000000e-07,100.000000,2.000000e+00,5.000000e-08,1.58539635e-01,7.92698175e-09,1.49510363e-01,8.50489637e-01
1.000000e-07,100.000000,2.000000e+00,5.000000e-08,1.59039760e-01,7.95198800e-09,1.49966603e-01,8.50033397e-01
1.000000e-07,100.000000,2.000000e+00,5.000000e-08,1.59539885e-01,7.97699425e-09,1.50422716e-01,8.49577284e-01
1.000000e-07,100.000000,2.000000e+00,5.000000e-08,1.60040010e-01,8.00200050e-09,1.50878702e-01,8.49121298e-01
1.000000e-07,100.000000,2.000000e+00,5.000000e-08,1.60540135e-01,8.02700675e-09,1.51334559e-01,8.48665441e-01
1.000000e-07,100.000000,2.000000e+00,5.000000e-08,1.61040260e-01,8.05201300e-09,1.51790289e-01,8.48209711e-01
1.000000e-07,100.000000,2.000000e+00,5.000000e-08,1.61540385e-01,8.07701925e-09,1.52245891e-01,8.47754109e-01
1.000000e-07,100.000000,2.000000e+00,5.000000e-08,1.62040510e-01,8.10202551e-09,1.52701364e-01,8.47298636e-01
1.000000e-07,100.000000,2.000000e+00,5.000000e-08,1.62540635e-01,8.12703176e-09,1.53156709e-01,8.46843291e-01
1.000000e-07,100.000000,2.000000e+00,5.000000e-08,1.63040760e-01,8.15203801e-09,1.53611924e-01,8.46388076e-01
1.000000e-07,100.000000,2.000000e+00,5.000000e-08,1.63540885e-01,8.17704426e-09,1.54067010e-01,8.45932990e-01
1.000000e-07,100.000000,2.000000e+00,5.000000e-08,1.64041010e-01,8.20205051e-09,1.54521967e-01,8.45478033e-01
1.000000e-07,100.000000,2.000000e+00,5.000000e-08,1.64541135e-01,8.22705676e-09,1.54976794e-01,8.45023206e-01
1.000000e-07,100.000000,2.000000e+00,5.000000e-08,1.65041260e-01,8.25206302e-09,1.55431490e-01,8.44568510e-01
1.000000e-07,100.000000,2.000000e+00,5.000000e-08,1.65541385e-01,8.27706927e-09,1.55886057e-01,8.44113943e-01
1.000000e-07,100.000000,2.000000e+00,5.000000e-08,1.66041510e-01,8.30207552e-09,1.56340492e-01,8.43659508e-01
1.000000e-07,100.000000,2.000000e+00,5.000000e-08,1.66541635e-01,8.32708177e-09,1.56794797e-01,8.43205203e-01
1.000000e-07,100.000000,2.000000e+00,5.000000e-08,1.67041760e-01,8.35208802e-09,1.57248970e-01,8.42751030e-01
1.000000e-07,100.000000,2.000000e+00,5.000000e-08,1.67541885e-01,8.37709427e-09,1.57703012e-01,8.42296988e-01
1.000000e-07,100.000000,2.000000e+00,5.000000e-08,1.68042011e-01,8.40210053e-09,1.58156923e-01,8.41843077e-01
1.000000e-07,100.000000,2.000000e+00,5.000000e-08,1.68542136e-01,8.42710678e-09,1.58610701e-01,8.41389299e-01
1.000000e-07,100.000000,2.000000e+00,5.000000e-08,1.69042261e-01,8.45211303e-09,1.59064347e-01,8.40935653e-01
1.000000e-07,100.000000,2.000000e+00,5.000000e-08,1.69542386e-01,8.47711928e-09,1.59517860e-01,8.40482140e-01
1.000000e-07,100.000000,2.000000e+00,5.000000e-08,1.70042511e-01,8.50212553e-09,1.59971240e-01,8.40028760e-01
1.000000e-07,100.000000,2.000000e+00,5.000000e-08,1.70542636e-01,8.52713178e-09,1.60424487e-01,8.39575513e-01
1.000000e-07,100.000000,2.000000e+00,5.000000e-08,1.71042761e-01,8.55213803e-09,1.60877601e-01,8.39122399e-01
1.000000e-07,100.000000,2.000000e+00,5.000000e-08,1.71542886e-01,8.57714429e-09,1.61330581e-01,8.38669419e-01
1.000000e-07,100.000000,2.000000e+00,5.000000e-08,1.72043011e-01,8.60215054e-09,1.61783427e-01,8.38216573e-01
1.000000e-07,100.000000,2.000000e+00,5.000000e-08,1.72543136e-01,8.62715679e-09,1.62236139e-01,8.37763861e-01
1.000000e-07,100.000000,2.000000e+00,5.000000e-08,1.73043261e-01,8.65216304e-09,1.62688717e-01,8.37311283e-01
1.000000e-07,100.000000,2.000000e+00,5.000000e-08,1.73543386e-01,8.67716929e-09,1.63141159e-01,8.36858841e-01
1.000000e-07,100.000000,2.000000e+00,5.000000e-08,1.74043511e-01,8.70217554e-09,1.63593467e-01,8.36406533e-01
1.000000e-07,100.000000,2.000000e+00,5.000000e-08,1.74543636e-01,8.72718180e-09,1.64045639e-01,8.35954361e-01
1.000000e-07,100.000000,2.000000e+00,5.000000e-08,1.75043761e-01,8.75218805e-09,1.64497676e-01,8.35502324e-01
1.000000e-07,100.000000,2.000000e+00,5.000000e-08,1.75543886e-01,8.77719430e-09,1.64949577e-01,8.35050423e-01
1.000000e-07,100.000000,2.000000e+00,5.000000e-08,1.76044011e-01,8.80220055e-09,1.65401341e-01,8.34598659e-01
1.000000e-07,100.000000,2.000000e+00,5.000000e-08,1.76544136e-01,8.82720680e-09,1.65852970e-01,8.34147030e-01
1.000000e-07,100.000000,2.000000e+00,5.000000e-08,1.77044261e-01,8.85221305e-09,1.66304461e-01,8.33695539e-01
1.000000e-07,100.000000,2.000000e+00,5.000000e-08,1.77544386e-01,8.87721930e-09,1.66755816e-01,8.33244184e-01
1.000000e-07,100.000000,2.000000e+00,5.000000e-08,1.78044511e-01,8.90222556e-09,1.67207033e-01,8.32792967e-01
1.000000e-07,100.000000,2.000000e+00,5.000000e-08,1.78544636e-01,8.92723181e-09,1.67658113e-01,8.32341887e-01
1.000000e-07,100.000000,2.000000e+00,5.000000e-08,1.79044761e-01,8.95223806e-09,1.68109055e-01,8.31890945e-01
1.000000e-07,100.000000,2.000000e+00,5.000000e-08,1.79544886e-01,8.97724431e-09,1.68559859e-01,8.31440141e-01
1.000000e-07,100.000000,2.000000e+00,5.000000e-08,1.80045011e-01,9.00225056e-09,1.69010524e-01,8.30989476e-01
1.000000e-07,100.000000,2.000000e+00,5.000000e-08,1.80545136e-01,9.02725681e-09,1.69461051e-01,8.30538949e-01
1.000000e-07,100.000000,2.000000e+00,5.000000e-08,1.81045261e-01,9.05226307e-09,1.69911440e-01,8.30088560e-01
1.000000e-07,100.000000,2.000000e+00,5.000000e-08,1.81545386e-01,9.07726932e-09,1.70361689e-01,8.29638311e-01
1.000000e-07,100.000000,2.000000e+00,5.000000e-08,1.82045511e-01,9.10227557e-09,1.70811798e-01,8.29188202e-01
1.000000e-07,100.000000,2.000000e+00,5.000000e-08,1.82545636e-01,9.12728182e-09,1.71261768e-01,8.28738232e-01
1.000000e-07,100.000000,2.000000e+00,5.000000e-08,1.83045761e-01,9.15228807e-09,1.71711598e-01,8.28288402e-01
1.000000e-07,100.000000,2.000000e+00,5.000000e-08,1.83545886e-01,9.17729432e-09,1.72161288e-01,8.27838712e-01
1.000000e-07,100.000000,2.000000e+00,5.000000e-08,1.84046012e-01,9.20230058e-09,1.72610837e-01,8.27389163e-01
1.000000e-07,100.000000,2.000000e+00,5.000000e-08,1.84546137e-01,9.22730683e-09,1.73060246e-01,8.26939754e-01
1.000000e-07,100.000000,2.000000e+00,5.000000e-08,1.85046262e-01,9.25231308e-09,1.73509513e-01,8.26490487e-01
1.000000e-07,100.000000,2.000000e+00,5.000000e-08,1.85546387e-01,9.27731933e-09,1.73958640e-01,8.26041360e-01
1.000000e-07,100.000000,2.000000e+00,5.000000e-08,1.86046512e-01,9.30232558e-09,1.74407624e-01,8.25592376e-01
1.000000e-07,100.000000,2.000000e+00,5.000000e-08,1.86546637e-01,9.32733183e-09,1.74856467e-01,8.25143533e-01
1.000000e-07,100.000000,2.000000e+00,5.000000e-08,1.87046762e-01,9.35233808e-09,1.75305168e-01,8.24694832e-01
1.000000e-07,100.000000,2.000000e+00,5.000000e-08,1.87546887e-01,9.37734434e-09,1.75753726e-01,8.24246274e-01
1.000000e-07,100.000000,2.000000e+00,5.000000e-08,1.88047012e-01,9.40235059e-09,1.76202142e-01,8.23797858e-01
1.000000e-07,100.000000,2.000000e+00,5.000000e-08,1.88547137e-01,9.42735684e-09,1.76650414e-01,8.23349586e-01
1.000000e-07,100.000000,2.000000e+00,5.000000e-08,1.89047262e-01,9.45236309e-09,1.77098544e-01,8.22901456e-01
1.000000e-07,100.000000,2.000000e+00,5.000000e-08,1.89547387e-01,9.47736934e-09,1.77546530e-01,8.22453470e-01
1.000000e-07,100.000000,2.000000e+00,5.000000e-08,1.90047512e-01,9.50237559e-09,1.77994372e-01,8.22005628e-01
1.000000e-07,100.000000,2.000000e+00,5.000000e-08,1.90547637e-01,9.52738185e-09,1.78442071e-01,8.21557929e-01
1.000000e-07,100.000000,2.000000e+00,5.000000e-08,1.91047762e-01,9.55238810e-09,1.78889625e-01,8.21110375e-01
1.000000e-07,100.000000,2.000000e+00,5.000000e-08,1.91547887e-01,9.57739435e-09,1.79337034e-01,8.20662966e-01
1.000000e-07,100.000000,2.000000e+00,5.000000e-08,1.92048012e-01,9.60240060e-09,1.79784299e-01,8.20215701e-01
1.000000e-07,100.000000,2.000000e+00,5.000000e-08,1.92548137e-01,9.62740685e-09,1.80231419e-01,8.19768581e-01
1.000000e-07,100.000000,2.000000e+00,5.000000e-08,1.93048262e-01,9.65241310e-09,1.80678393e-01,8.19321607e-01
1.000000e-07,100.000000,2.000000e+00,5.000000e-08,1.93548387e-01,9.67741935e-09,1.81125222e-01,8.18874778e-01
1.000000e-07,100.000000,2.000000e+00,5.000000e-08,1.94048512e-01,9.70242561e-09,1.81571905e-01,8.18428095e-01
1.000000e-07,100.000000,2.000000e+00,5.000000e-08,1.94548637e-01,9.72743186e-09,1.82018442e-01,8.17981558e-01
1.000000e-07,100.000000,2.000000e+00,5.000000e-08,1.95048762e-01,9.75243811e-09,1.82464832e-01,8.17535168e-01
1.000000e-07,100.000000,2.000000e+00,5.000000e-08,1.95548887e-01,9.77744436e-09,1.82911076e-01,8.17088924e-01
1.000000e-07,100.000000,2.000000e+00,5.000000e-08,1.96049012e-01,9.80245061e-09,1.83357172e-01,8.16642828e-01
1.000000e-07,100.000000,2.000000e+00,5.000000e-08,1.96549137e-01,9.82745686e-09,1.83803122e-01,8.16196878e-01
1.000000e-07,100.000000,2.000000e+00,5.000000e-08,1.97049262e-01,9.85246312e-09,1.84248924e-01,8.15751076e-01
1.000000e-07,100.000000,2.000000e+00,5.000000e-08,1.97549387e-01,9.87746937e-09,1.84694578e-01,8.15305422e-01
1.000000e-07,100.000000,2.000000e+00,5.000000e-08,1.98049512e-01,9.90247562e-09,1.85140085e-01,8.14859915e-01
1.000000e-07,100.000000,2.000000e+00,5.000000e-08,1.98549637e-01,9.92748187e-09,1.85585443e-01,8.14414557e-01
1.000000e-07,100.000000,2.000000e+00,5.000000e-08,1.99049762e-01,9.95248812e-09,1.86030652e-01,8.13969348e-01
1.000000e-07,100.000000,2.000000e+00,5.000000e-08,1.99549887e-01,9.97749437e-09,1.86475713e-01,8.13524287e-01
1.000000e-07,100.000000,2.000000e+00,5.000000e-08,2.00050013e-01,1.00025006e-08,1.86920624e-01,8.13079376e-01
1.000000e-07,100.000000,2.000000e+00,5.000000e-08,2.00550138e-01,1.00275069e-08,1.87365387e-01,8.12634613e-01
1.000000e-07,100.000000,2.000000e+00,5.000000e-08,2.01050263e-01,1.00525131e-08,1.87809999e-01,8.12190001e-01
1.000000e-07,100.000000,2.000000e+00,5.000000e-08,2.01550388e-01,1.00775194e-08,1.88254462e-01,8.11745538e-01
1.000000e-07,100.000000,2.000000e+00,5.000000e-08,2.02050513e-01,1.01025256e-08,1.88698775e-01,8.11301225e-01
1.000000e-07,100.000000,2.000000e+00,5.000000e-08,2.02550638e-01,1.01275319e-08,1.89142937e-01,8.10857063e-01
1.000000e-07,100.000000,2.000000e+00,5.000000e-08,2.03050763e-01,1.01525381e-08,1.89586949e-01,8.10413051e-01
1.000000e-07,100.000000,2.000000e+00,5.000000e-08,2.03550888e-01,1.01775444e-08,1.90030809e-01,8.09969191e-01
1.000000e-07,100.000000,2.000000e+00,5.000000e-08,2.04051013e-01,1.02025506e-08,1.90474519e-01,8.09525481e-01
1.000000e-07,100.000000,2.000000e+00,5.000000e-08,2.04551138e-01,1.02275569e-08,1.90918077e-01,8.09081923e-01
1.000000e-07,100.000000,2.000000e+00,5.000000e-08,2.05051263e-01,1.02525631e-08,1.91361483e-01,8.08638517e-01
1.000000e-07,100.000000,2.000000e+00,5.000000e-08,2.05551388e-01,1.02775694e-08,1.91804737e-01,8.08195263e-01
1.000000e-07,100.000000,2.000000e+00,5.000000e-08,2.06051513e-01,1.03025756e-08,1.92247840e-01,8.07752160e-01
1.000000e-07,100.000000,2.000000e+00,5.000000e-08,2.06551638e-01,1.03275819e-08,1.92690789e-01,8.07309211e-01
1.000000e-07,100.000000,2.000000e+00,5.000000e-08,2.07051763e-01,1.03525881e-08,1.93133586e-01,8.06866414e-01
1.000000e-07,100.000000,2.000000e+00,5.000000e-08,2.07551888e-01,1.03775944e-08,1.93576230e-01,8.06423770e-01
1.000000e-07,100.000000,2.000000e+00,5.000000e-08,2.08052013e-01,1.04026007e-08,1.94018720e-01,8.05981280e-01
1.000000e-07,100.000000,2.000000e+00,5.000000e-08,2.08552138e-01,1.04276069e-08,1.94461057e-01,8.05538943e-01
1.000000e-07,100.000000,2.000000e+00,5.000000e-08,2.09052263e-01,1.04526132e-08,1.94903240e-01,8.05096760e-01
1.000000e-07,100.000000,2.000000e+00,5.000000e-08,2.09552388e-01,1.04776194e-08,1.95345269e-01,8.04654731e-01
1.000000e-07,100.000000,2.000000e+00,5.000000e-08,2.10052513e-01,1.05026257e-08,1.95787143e-01,8.04212857e-01
1.000000e-07,100.000000,2.000000e+00,5.000000e-08,2.10552638e-01,1.05276319e-08,1.96228863e-01,8.03771137e-01
1.000000e-07,100.000000,2.000000e+00,5.000000e-08,2.11052763e-01,1.05526382e-08,1.96670428e-01,8.03329572e-01
1.000000e-07,100.000000,2.000000e+00,5.000000e-08,2.11552888e-01,1.05776444e-08,1.97111838e-01,8.02888162e-01
1.000000e-07,100.000000,2.000000e+00,5.000000e-08,2.12053013e-01,1.06026507e-08,1.97553093e-01,8.02446907e-01
1.000000e-07,100.000000,2.000000e+00,5.000000e-08,2.12553138e-01,1.06276569e-08,1.97994192e-01,8.02005808e-01
1.000000e-07,100.000000,2.000000e+00,5.000000e-08,2.13053263e-01,1.06526632e-08,1.98435135e-01,8.01564865e-01
1.000000e-07,100.000000,2.000000e+00,5.000000e-08,2.13553388e-01,1.06776694e-08,1.98875921e-01,8.01124079e-01
1.000000e-07,100.000000,2.000000e+00,5.000000e-08,2.14053513e-01,1.07026757e-08,1.99316552e-01,8.00683448e-01
1.000000e-07,100.000000,2.000000e+00,5.000000e-08,2.14553638e-01,1.07276819e-08,1.99757025e-01,8.00242975e-01
1.000000e-07,100.000000,2.000000e+00,5.000000e-08,2.15053763e-01,1.07526882e-08,2.00197342e-01,7.99802658e-01
1.000000e-07,100.000000,2.000000e+00,5.000000e-08,2.15553888e-01,1.07776944e-08,2.00637501e-01,7.99362499e-01
1.000000e-07,100.000000,2.000000e+00,5.000000e-08,2.16054014e-01,1.08027007e-08,2.01077503e-01,7.98922497e-01
1.000000e-07,100.000000,2.000000e+00,5.000000e-08,2.16554139e-01,1.08277069e-08,2.01517347e-01,7.98482653e-01
1.000000e-07,100.000000,2.000000e+00,5.000000e-08,2.17054264e-01,1.08527132e-08,2.01957033e-01,7.98042967e-01
1.000000e-07,100.000000,2.000000e+00,5.000000e-08,2.17554389e-01,1.08777194e-08,2.02396561e-01,7.97603439e-01
1.000000e-07,100.000000,2.000000e+00,5.000000e-08,2.18054514e-01,1.09027257e-08,2.02835930e-01,7.97164070e-01
1.000000e-07,100.000000,2.000000e+00,5.000000e-08,2.18554639e-01,1.09277319e-08,2.03275141e-01,7.96724859e-01
1.000000e-07,100.000000,2.000000e+00,5.000000e-08,2.19054764e-01,1.09527382e-08,2.03714192e-01,7.96285808e-01
1.000000e-07,100.000000,2.000000e+00,5.000000e-08,2.19554889e-01,1.09777444e-08,2.04153084e-01,7.95846916e-01
1.000000e-07,100.000000,2.000000e+00,5.000000e-08,2.20055014e-01,1.10027507e-08,2.04591816e-01,7.95408184e-01
1.000000e-07,100.000000,2.000000e+00,5.000000e-08,2.20555139e-01,1.10277569e-08,2.05030389e-01,7.94969611e-01
1.000000e-07,100.000000,2.000000e+00,5.000000e-08,2.21055264e-01,1.10527632e-08,2.05468802e-01,7.94531198e-01
1.000000e-07,100.000000,2.000000e+00,5.000000e-08,2.21555389e-01,1.10777694e-08,2.05907054e-01,7.94092946e-01
1.000000e-07,100.000000,2.000000e+00,5.000000e-08,2.22055514e-01,1.11027757e-08,2.06345145e-01,7.93654855e-01
1.000000e-07,100.000000,2.000000e+00,5.000000e-08,2.22555639e-01,1.11277819e-08,2.06783076e-01,7.93216924e-01
1.000000e-07,100.000000,2.000000e+00,5.000000e-08,2.23055764e-01,1.11527882e-08,2.07220846e-01,7.92779154e-01
1.000000e-07,100.000000,2.000000e+00,5.000000e-08,2.23555889e-01,1.11777944e-08,2.07658454e-01,7.92341546e-01
1.000000e-07,100.000000,2.000000e+00,5.000000e-08,2.24056014e-01,1.12028007e-08,2.08095900e-01,7.91904100e-01
1.000000e-07,100.000000,2.000000e+00,5.000000e-08,2.24556139e-01,1.12278070e-08,2.08533185e-01,7.91466815e-01
1.000000e-07,100.000000,2.000000e+00,5.000000e-08,2.25056264e-01,1.12528132e-08,2.08970307e-01,7.91029693e-01
1.000000e-07,100.000000,2.000000e+00,5.000000e-08,2.25556389e-01,1.12778195e-08,2.09407267e-01,7.90592733e-01
1.000000e-07,100.000000,2.000000e+00,5.000000e-08,2.26056514e-01,1.13028257e-08,2.09844065e-01,7.90155935e-01
1.000000e-07,100.000000,2.000000e+00,5.000000e-08,2.26556639e-01,1.13278320e-08,2.10280699e-01,7.89719301e-01
1.000000e-07,100.000000,2.000000e+00,5.000000e-08,2.27056764e-01,1.13528382e-08,2.10717170e-01,7.89282830e-01
1.000000e-07,100.000000,2.000000e+00,5.000000e-08,2.27556889e-01,1.13778445e-08,2.11153478e-01,7.88846522e-01
1.000000e-07,100.000000,2.000000e+00,5.000000e-08,2.28057014e-01,1.14028507e-08,2.11589622e-01,7.88410378e-01
1.000000e-07,100.000000,2.000000e+00,5.000000e-08,2.28557139e-01,1.14278570e-08,2.12025602e-01,7.87974398e-01
1.000000e-07,100.000000,2.000000e+00,5.000000e-08,2.29057264e-01,1.14528632e-08,2.12461418e-01,7.87538582e-01
1.000000e-07,100.000000,2.000000e+00,5.000000e-08,2.29557389e-01,1.14778695e-08,2.12897069e-01,7.87102931e-01
1.000000e-07,100.000000,2.000000e+00,5.000000e-08,2.30057514e-01,1.15028757e-08,2.13332556e-01,7.86667444e-01
1.000000e-07,100.000000,2.000000e+00,5.000000e-08,2.30557639e-01,1.15278820e-08,2.13767877e-01,7.86232123e-01
1.000000e-07,100.000000,2.000000e+00,5.000000e-08,2.31057764e-01,1.15528882e-08,2.14203034e-01,7.85796966e-01
1.000000e-07,100.000000,2.000000e+00,5.000000e-08,2.31557889e-01,1.15778945e-08,2.14638025e-01,7.85361975e-01
1.000000e-07,100.000000,2.000000e+00,5.000000e-08,2.32058015e-01,1.16029007e-08,2.15072850e-01,7.84927150e-01
1.000000e-07,100.000000,2.000000e+00,5.000000e-08,2.32558140e-01,1.16279070e-08,2.15507509e-01,7.84492491e-01
1.000000e-07,100.000000,2.000000e+00,5.000000e-08,2.33058265e-01,1.16529132e-08,2.15942002e-01,7.84057998e-01
1.000000e-07,100.000000,2.000000e+00,5.000000e-08,2.33558390e-01,1.16779195e-08,2.16376328e-01,7.83623672e-01
1.000000e-07,100.000000,2.000000e+00,5.000000e-08,2.34058515e-01,1.17029257e-08,2.16810488e-01,7.83189512e-01
1.000000e-07,100.000000,2.000000e+00,5.000000e-08,2.34558640e-01,1.17279320e-08,2.17244480e-01,7.82755520e-01
1.000000e-07,100.000000,2.000000e+00,5.000000e-08,2.35058765e-01,1.17529382e-08,2.17678305e-01,7.82321695e-01
1.000000e-07,100.000000,2.000000e+00,5.000000e-08,2.35558890e-01,1.17779445e-08,2.18111963e-01,7.81888037e-01
1.000000e-07,100.000000,2.000000e+00,5.000000e-08,2.36059015e-01,1.18029507e-08,2.18545453e-01,7.81454547e-01
1.000000e-07,100.000000,2.000000e+00,5.000000e-08,2.36559140e-01,1.18279570e-08,2.18978774e-01,7.81021226e-01
1.000000e-07,100.000000,2.000000e+00,5.000000e-08,2.37059265e-01,1.18529632e-08,2.19411928e-01,7.80588072e-01
1.000000e-07,100.000000,2.000000e+00,5.000000e-08,2.37559390e-01,1.18779695e-08,2.19844913e-01,7.80155087e-01
1.000000e-07,100.000000,2.000000e+00,5.000000e-08,2.38059515e-01,1.19029757e-08,2.20277729e-01,7.79722271e-01
1.000000e-07,100.000000,2.000000e+00,5.000000e-08,2.38559640e-01,1.19279820e-08,2.20710376e-01,7.79289624e-01
1.000000e-07,100.000000,2.000000e+00,5.000000e-08,2.39059765e-01,1.19529882e-08,2.21142854e-01,7.78857146e-01
1.000000e-07,100.000000,2.000000e+00,5.000000e-08,2.39559890e-01,1.19779945e-08,2.21575162e-01,7.78424838e-01
1.000000e-07,100.000000,2.000000e+00,5.000000e-08,2.40060015e-01,1.20030008e-08,2.22007300e-01,7.77992700e-01
1.000000e-07,100.000000,2.000000e+00,5.000000e-08,2.40560140e-01,1.20280070e-08,2.22439268e-01,7.77560732e-01
1.000000e-07,100.000000,2.000000e+00,5.000000e-08,2.41060265e-01,1.20530133e-08,2.22871066e-01,7.77128934e-01
1.000000e-07,100.000000,2.000000e+00,5.000000e-08,2.41560390e-01,1.20780195e-08,2.23302693e-01,7.76697307e-01
1.000000e-07,100.000000,2.000000e+00,5.000000e-08,2.42060515e-01,1.21030258e-08,2.23734150e-01,7.76265850e-01
1.000000e-07,100.000000,2.000000e+00,5.000000e-08,2.42560640e-01,1.21280320e-08,2.24165435e-01,7.75834565e-01
1.000000e-07,100.000000,2.000000e+00,5.000000e-08,2.43060765e-01,1.21530383e-08,2.24596549e-01,7.75403451e-01
1.000000e-07,100.000000,2.000000e+00,5.000000e-08,2.43560890e-01,1.21780445e-08,2.25027492e-01,7.74972508e-01
1.000000e-07,100.000000,2.000000e+00,5.000000e-08,2.44061015e-01,1.22030508e-08,2.25458262e-01,7.74541738e-01
1.000000e-07,100.000000,2.000000e+00,5.000000e-08,2.44561140e-01,1.22280570e-08,2.25888861e-01,7.74111139e-01
1.000000e-07,100.000000,2.000000e+00,5.000000e-08,2.45061265e-01,1.22530633e-08,2.26319287e-01,7.73680713e-01
1.000000e-07,100.000000,2.000000e+00,5.000000e-08,2.45561390e-01,1.22780695e-08,2.26749540e-01,7.73250460e-01
1.000000e-07,100.000000,2.000000e+00,5.000000e-08,2.46061515e-01,1.23030758e-08,2.27179621e-01,7.72820379e-01
1.000000e-07,100.000000,2.000000e+00,5.000000e-08,2.46561640e-01,1.23280820e-08,2.27609529e-01,7.72390471e-01
1.000000e-07,100.000000,2.000000e+00,5.000000e-08,2.47061765e-01,1.23530883e-08,2.28039263e-01,7.71960737e-01
1.000000e-07,100.000000,2.000000e+00,5.000000e-08,2.47561890e-01,1.23780945e-08,2.28468824e-01,7.71531176e-01
1.000000e-07,100.000000,2.000000e+00,5.000000e-08,2.48062016e-01,1.24031008e-08,2.28898210e-01,7.71101790e-01
1.000000e-07,100.000000,2.000000e+00,5.000000e-08,2.48562141e-01,1.24281070e-08,2.29327423e-01,7.70672577e-01
1.000000e-07,100.000000,2.000000e+00,5.000000e-08,2.49062266e-01,1.24531133e-08,2.29756462e-01,7.70243538e-01
1.000000e-07,100.000000,2.000000e+00,5.000000e-08,2.49562391e-01,1.24781195e-08,2.30185325e-01,7.69814675e-01
1.000000e-07,100.000000,2.000000e+00,5.000000e-08,2.50062516e-01,1.25031258e-08,2.30614014e-01,7.69385986e-01
1.000000e-07,100.000000,2.000000e+00,5.000000e-08,2.50562641e-01,1.25281320e-08,2.31042528e-01,7.68957472e-01
1.000000e-07,100.000000,2.000000e+00,5.000000e-08,2.51062766e-01,1.25531383e-08,2.31470867e-01,7.68529133e-01
1.000000e-07,100.000000,2.000000e+00,5.000000e-08,2.51562891e-01,1.25781445e-08,2.31899029e-01,7.68100971e-01
1.000000e-07,100.000000,2.000000e+00,5.000000e-08,2.52063016e-01,1.26031508e-08,2.32327016e-01,7.67672984e-01
1.000000e-07,100.000000,2.000000e+00,5.000000e-08,2.52563141e-01,1.26281570e-08,2.32754827e-01,7.67245173e-01
1.000000e-07,100.000000,2.000000e+00,5.000000e-08,2.53063266e-01,1.26531633e-08,2.33182462e-01,7.66817538e-01
1.000000e-07,100.000000,2.000000e+00,5.000000e-08,2.53563391e-01,1.26781695e-08,2.33609920e-01,7.66390080e-01
1.000000e-07,100.000000,2.000000e+00,5.000000e-08,2.54063516e-01,1.27031758e-08,2.34037201e-01,7.65962799e-01
1.000000e-07,100.000000,2.000000e+00,5.000000e-08,2.54563641e-01,1.27281820e-08,2.34464305e-01,7.65535695e-01
1.000000e-07,100.000000,2.000000e+00,5.000000e-08,2.55063766e-01,1.27531883e-08,2.34891232e-01,7.65108768e-01
1.000000e-07,100.000000,2.000000e+00,5.000000e-08,2.55563891e-01,1.27781945e-08,2.35317981e-01,7.64682019e-01
1.000000e-07,100.000000,2.000000e+00,5.000000e-08,2.56064016e-01,1.28032008e-08,2.35744553e-01,7.64255447e-01
1.000000e-07,100.000000,2.000000e+00,5.000000e-08,2.56564141e-01,1.28282071e-08,2.36170946e-01,7.63829054e-01
1.000000e-07,100.000000,2.000000e+00,5.000000e-08,2.57064266e-01,1.28532133e-08,2.36597161e-01,7.63402839e-01
1.000000e-07,100.000000,2.000000e+00,5.000000e-08,2.57564391e-01,1.28782196e-08,2.37023197e-01,7.62976803e-01
1.000000e-07,100.000000,2.000000e+00,5.000000e-08,2.58064516e-01,1.29032258e-08,2.37449055e-01,7.62550945e-01
1.000000e-07,100.000000,2.000000e+00,5.000000e-08,2.58564641e-01,1.29282321e-08,2.37874733e-01,7.62125267e-01
1.000000e-07,100.000000,2.000000e+00,5.000000e-08,2.59064766e-01,1.29532383e-08,2.38300233e-01,7.61699767e-01
1.000000e-07,100.000000,2.000000e+00,5.000000e-08,2.59564891e-01,1.29782446e-08,2.38725552e-01,7.61274448e-01
1.000000e-07,100.000000,2.000000e+00,5.000000e-08,2.60065016e-01,1.30032508e-08,2.39150692e-01,7.60849308e-01
1.000000e-07,100.000000,2.000000e+00,5.000000e-08,2.60565141e-01,1.30282571e-08,2.39575652e-01,7.60424348e-01
1.000000e-07,100.000000,2.000000e+00,5.000000e-08,2.61065266e-01,1.30532633e-08,2.40000432e-01,7.59999568e-01
1.000000e-07,100.000000,2.000000e+00,5.000000e-08,2.61565391e-01,1.30782696e-08,2.40425031e-01,7.59574969e-01
1.000000e-07,100.000000,2.000000e+00,5.000000e-08,2.62065516e-01,1.31032758e-08,2.40849449e-01,7.59150551e-01
1.000000e-07,100.000000,2.000000e+00,5.000000e-08,2.62565641e-01,1.31282821e-08,2.41273686e-01,7.58726314e-01
1.000000e-07,100.000000,2.000000e+00,5.000000e-08,2.63065766e-01,1.31532883e-08,2.41697742e-01,7.58302258e-01
1.000000e-07,100.000000,2.000000e+00,5.000000e-08,2.63565891e-01,1.31782946e-08,2.42121617e-01,7.57878383e-01
1.000000e-07,100.000000,2.000000e+00,5.000000e-08,2.64066017e-01,1.32033008e-08,2.42545309e-01,7.57454691e-01
1.000000e-07,100.000000,2.000000e+00,5.000000e-08,2.64566142e-01,1.32283071e-08,2.42968820e-01,7.57031180e-01
1.000000e-07,100.000000,2.000000e+00,5.000000e-08,2.65066267e-01,1.32533133e-08,2.43392149e-01,7.56607851e-01
1.000000e-07,100.000000,2.000000e+00,5.000000e-08,2.65566392e-01,1.32783196e-08,2.43815295e-01,7.56184705e-01
1.000000e-07,100.000000,2.000000e+00,5.000000e-08,2.66066517e-01,1.33033258e-08,2.44238258e-01,7.55761742e-01
1.000000e-07,100.000000,2.000000e+00,5.000000e-08,2.66566642e-01,1.33283321e-08,2.44661038e-01,7.55338962e-01
1.000000e-07,100.000000,2.000000e+00,5.000000e-08,2.67066767e-01,1.33533383e-08,2.45083635e-01,7.54916365e-01
1.000000e-07,100.000000,2.000000e+00,5.000000e-08,2.67566892e-01,1.33783446e-08,2.45506049e-01,7.54493951e-01
1.000000e-07,100.000000,2.000000e+00,5.000000e-08,2.68067017e-01,1.34033508e-08,2.45928279e-01,7.54071721e-01
1.000000e-07,100.000000,2.000000e+00,5.000000e-08,2.68567142e-01,1.34283571e-08,2.46350325e-01,7.53649675e-01
1.000000e-07,100.000000,2.000000e+00,5.000000e-08,2.69067267e-01,1.34533633e-08,2.46772187e-01,7.53227813e-01
1.000000e-07,100.000000,2.000000e+00,5.000000e-08,2.69567392e-01,1.34783696e-08,2.47193864e-01,7.52806136e-01
1.000000e-07,100.000000,2.000000e+00,5.000000e-08,2.70067517e-01,1.35033758e-08,2.47615357e-01,7.52384643e-01
1.000000e-07,100.000000,2.000000e+00,5.000000e-08,2.70567642e-01,1.35283821e-08,2.48036664e-01,7.51963336e-01
1.000000e-07,100.000000,2.000000e+00,5.000000e-08,2.71067767e-01,1.35533883e-08,2.48457787e-01,7.51542213e-01
1.000000e-07,100.000000,2.000000e+00,5.000000e-08,2.71567892e-01,1.35783946e-08,2.48878724e-01,7.51121276e-01
1.000000e-07,100.000000,2.000000e+00,5.000000e-08,2.72068017e-01,1.36034009e-08,2.49299476e-01,7.50700524e-01
1.000000e-07,100.000000,2.000000e+00,5.000000e-08,2.72568142e-01,1.36284071e-08,2.49720042e-01,7.50279958e-01
1.000000e-07,100.000000,2.000000e+00,5.000000e-08,2.73068267e-01,1.36534134e-08,2.50140421e-01,7.49859579e-01
1.000000e-07,100.000000,2.000000e+00,5.000000e-08,2.73568392e-01,1.36784196e-08,2.50560615e-01,7.49439385e-01
1.000000e-07,100.000000,2.000000e+00,5.000000e-08,2.74068517e-01,1.37034259e-08,2.50980621e-01,7.49019379e-01
1.000000e-07,100.000000,2.000000e+00,5.000000e-08,2.74568642e-01,1.37284321e-08,2.51400441e-01,7.48599559e-01
1.000000e-07,100.000000,2.000000e+00,5.000000e-08,2.75068767e-01,1.37534384e-08,2.51820074e-01,7.48179926e-01
1.000000e-07,100.000000,2.000000e+00,5.000000e-08,2.75568892e-01,1.37784446e-08,2.52239519e-01,7.47760481e-01
1.000000e-07,100.000000,2.000000e+00,5.000000e-08,2.76069017e-01,1.38034509e-08,2.52658777e-01,7.47341223e-01
1.000000e-07,100.000000,2.000000e+00,5.000000e-08,2.76569142e-01,1.38284571e-08,2.53077847e-01,7.46922153e-01
1.000000e-07,100.000000,2.000000e+00,5.000000e-08,2.77069267e-01,1.38534634e-08,2.53496729e-01,7.46503271e-01
1.000000e-07,100.000000,2.000000e+00,5.000000e-08,2.77569392e-01,1.38784696e-08,2.53915423e-01,7.46084577e-01
1.000000e-07,100.000000,2.000000e+00,5.000000e-08,2.78069517e-01,1.39034759e-08,2.54333928e-01,7.45666072e-01
1.000000e-07,100.000000,2.000000e+00,5.000000e-08,2.78569642e-01,1.39284821e-08,2.54752245e-01,7.45247755e-01
1.000000e-07,100.000000,2.000000e+00,5.000000e-08,2.79069767e-01,1.39534884e-08,2.55170372e-01,7.44829628e-01
1.000000e-07,100.000000,2.000000e+00,5.000000e-08,2.79569892e-01,1.39784946e-08,2.55588311e-01,7.44411689e-01
1.000000e-07,100.000000,2.000000e+00,5.000000e-08,2.80070018e-01,1.40035009e-08,2.56006060e-01,7.43993940e-01
1.000000e-07,100.000000,2.000000e+00,5.000000e-08,2.80570143e-01,1.40285071e-08,2.56423619e-01,7.43576381e-01
1.000000e-07,100.000000,2.000000e+00,5.000000e-08,2.81070268e-01,1.40535134e-08,2.56840988e-01,7.43159012e-01
1.000000e-07,100.000000,2.000000e+00,5.000000e-08,2.81570393e-01,1.40785196e-08,2.57258167e-01,7.42741833e-01
1.000000e-07,100.000000,2.000000e+00,5.000000e-08,2.82070518e-01,1.41035259e-08,2.57675156e-01,7.42324844e-01
1.000000e-07,100.000000,2.000000e+00,5.000000e-08,2.82570643e-01,1.41285321e-08,2.58091954e-01,7.41908046e-01
1.000000e-07,100.000000,2.000000e+00,5.000000e-08,2.83070768e-01,1.41535384e-08,2.58508561e-01,7.41491439e-01
1.000000e-07,100.000000,2.000000e+00,5.000000e-08,2.83570893e-01,1.41785446e-08,2.58924977e-01,7.41075023e-01
1.000000e-07,100.000000,2.000000e+00,5.000000e-08,2.84071018e-01,1.42035509e-08,2.59341201e-01,7.40658799e-01
1.000000e-07,100.000000,2.000000e+00,5.000000e-08,2.84571143e-01,1.42285571e-08,2.59757234e-01,7.40242766e-01
1.000000e-07,100.000000,2.000000e+00,5.000000e-08,2.85071268e-01,1.42535634e-08,2.60173075e-01,7.39826925e-01
1.000000e-07,100.000000,2.000000e+00,5.000000e-08,2.85571393e-01,1.42785696e-08,2.60588724e-01,7.39411276e-01
1.000000e-07,100.000000,2.000000e+00,5.000000e-08,2.86071518e-01,1.43035759e-08,2.61004181e-01,7.38995819e-01
1.000000e-07,100.000000,2.000000e+00,5.000000e-08,2.86571643e-01,1.43285821e-08,2.61419445e-01,7.38580555e-01
1.000000e-07,100.000000,2.000000e+00,5.000000e-08,2.87071768e-01,1.43535884e-08,2.61834517e-01,7.38165483e-01
1.000000e-07,100.000000,2.000000e+00,5.000000e-08,2.87571893e-01,1.43785946e-08,2.62249395e-01,7.37750605e-01
1.000000e-07,100.000000,2.000000e+00,5.000000e-08,2.88072018e-01,1.44036009e-08,2.62664080e-01,7.37335920e-01
1.000000e-07,100.000000,2.000000e+00,5.000000e-08,2.88572143e-01,1.44286072e-08,2.63078572e-01,7.36921428e-01
1.000000e-07,100.000000,2.000000e+00,5.000000e-08,2.89072268e-01,1.44536134e-08,2.63492870e-01,7.36507130e-01
1.000000e-07,100.000000,2.000000e+00,5.000000e-08,2.89572393e-01,1.44786197e-08,2.63906974e-01,7.36093026e-01
1.000000e-07,100.000000,2.000000e+00,5.000000e-08,2.90072518e-01,1.45036259e-08,2.64320884e-01,7.35679116e-01
1.000000e-07,100.000000,2.000000e+00,5.000000e-08,2.90572643e-01,1.45286322e-08,2.64734599e-01,7.35265401e-01
1.000000e-07,100.000000,2.000000e+00,5.000000e-08,2.91072768e-01,1.45536384e-08,2.65148120e-01,7.34851880e-01
1.000000e-07,100.000000,2.000000e+00,5.000000e-08,2.91572893e-01,1.45786447e-08,2.65561446e-01,7.34438554e-01
1.000000e-07,100.000000,2.000000e+00,5.000000e-08,2.92073018e-01,1.46036509e-08,2.65974577e-01,7.34025423e-01
1.000000e-07,100.000000,2.000000e+00,5.000000e-08,2.92573143e-01,1.46286572e-08,2.66387512e-01,7.33612488e-01
1.000000e-07,100.000000,2.000000e+00,5.000000e-08,2.93073268e-01,1.46536634e-08,2.66800252e-01,7.33199748e-01
1.000000e-07,100.000000,2.000000e+00,5.000000e-08,2.93573393e-01,1.46786697e-08,2.67212796e-01,7.32787204e-01
1.000000e-07,100.000000,2.000000e+00,5.000000e-08,2.94073518e-01,1.47036759e-08,2.67625144e-01,7.32374856e-01
1.000000e-07,100.000000,2.000000e+00,5.000000e-08,2.94573643e-01,1.47286822e-08,2.68037296e-01,7.31962704e-01
1.000000e-07,100.000000,2.000000e+00,5.000000e-08,2.95073768e-01,1.47536884e-08,2.68449251e-01,7.31550749e-01
1.000000e-07,100.000000,2.000000e+00,5.000000e-08,2.95573893e-01,1.47786947e-08,2.68861010e-01,7.31138990e-01
1.000000e-07,100.000000,2.000000e+00,5.000000e-08,2.96074019e-01,1.48037009e-08,2.69272571e-01,7.30727429e-01
1.000000e-07,100.000000,2.000000e+00,5.000000e-08,2.96574144e-01,1.48287072e-08,2.69683935e-01,7.30316065e-01
1.000000e-07,100.000000,2.000000e+00,5.000000e-08,2.97074269e-01,1.48537134e-08,2.70095102e-01,7.29904898e-01
1.000000e-07,100.000000,2.000000e+00,5.000000e-08,2.97574394e-01,1.48787197e-08,2.70506071e-01,7.29493929e-01
1.000000e-07,100.000000,2.000000e+00,5.000000e-08,2.98074519e-01,1.49037259e-08,2.70916843e-01,7.29083157e-01
1.000000e-07,100.000000,2.000000e+00,5.000000e-08,2.98574644e-01,1.49287322e-08,2.71327416e-01,7.28672584e-01
1.000000e-07,100.000000,2.000000e+00,5.000000e-08,2.99074769e-01,1.49537384e-08,2.71737790e-01,7.28262210e-01
1.000000e-07,100.000000,2.000000e+00,5.000000e-08,2.99574894e-01,1.49787447e-08,2.72147967e-01,7.27852033e-01
1.000000e-07,100.000000,2.000000e+00,5.000000e-08,3.00075019e-01,1.50037509e-08,2.72557944e-01,7.27442056e-01
1.000000e-07,100.000000,2.000000e+00,5.000000e-08,3.00575144e-01,1.50287572e-08,2.72967722e-01,7.27032278e-01
1.000000e-07,100.000000,2.000000e+00,5.000000e-08,3.01075269e-01,1.50537634e-08,2.73377301e-01,7.26622699e-01
1.000000e-07,100.000000,2.000000e+00,5.000000e-08,3.01575394e-01,1.50787697e-08,2.73786681e-01,7.26213319e-01
1.000000e-07,100.000000,2.000000e+00,5.000000e-08,3.02075519e-01,1.51037759e-08,2.74195861e-01,7.25804139e-01
1.000000e-07,100.000000,2.000000e+00,5.000000e-08,3.02575644e-01,1.51287822e-08,2.74604840e-01,7.25395160e-01
1.000000e-07,100.000000,2.000000e+00,5.000000e-08,3.03075769e-01,1.51537884e-08,2.75013620e-01,7.24986380e-01
1.000000e-07,100.000000,2.000000e+00,5.000000e-08,3.03575894e-01,1.51787947e-08,2.75422199e-01,7.24577801e-01
1.000000e-07,100.000000,2.000000e+00,5.000000e-08,3.04076019e-01,1.52038010e-08,2.75830578e-01,7.24169422e-01
1.000000e-07,100.000000,2.000000e+00,5.000000e-08,3.04576144e-01,1.52288072e-08,2.76238755e-01,7.23761245e-01
1.000000e-07,100.000000,2.000000e+00,5.000000e-08,3.05076269e-01,1.52538135e-08,2.76646732e-01,7.23353268e-01
1.000000e-07,100.000000,2.000000e+00,5.000000e-08,3.05576394e-01,1.52788197e-08,2.77054507e-01,7.22945493e-01
1.000000e-07,100.000000,2.000000e+00,5.000000e-08,3.06076519e-01,1.53038260e-08,2.77462080e-01,7.22537920e-01
1.000000e-07,100.000000,2.000000e+00,5.000000e-08,3.06576644e-01,1.53288322e-08,2.77869452e-01,7.22130548e-01
1.000000e-07,100.000000,2.000000e+00,5.000000e-08,3.07076769e-01,1.53538385e-08,2.78276622e-01,7.21723378e-01
1.000000e-07,100.000000,2.000000e+00,5.000000e-08,3.07576894e-01,1.53788447e-08,2.78683590e-01,7.21316410e-01
1.000000e-07,100.000000,2.000000e+00,5.000000e-08,3.08077019e-01,1.54038510e-08,2.79090355e-01,7.20909645e-01
1.000000e-07,100.000000,2.000000e+00,5.000000e-08,3.08577144e-01,1.54288572e-08,2.79496917e-01,7.20503083e-01
1.000000e-07,100.000000,2.000000e+00,5.000000e-08,3.09077269e-01,1.54538635e-08,2.79903276e-01,7.20096724e-01
1.000000e-07,100.000000,2.000000e+00,5.000000e-08,3.09577394e-01,1.54788697e-08,2.80309433e-01,7.19690567e-01
1.000000e-07,100.000000,2.000000e+00,5.000000e-08,3.10077519e-01,1.55038760e-08,2.80715386e-01,7.19284614e-01
1.000000e-07,100.000000,2.000000e+00,5.000000e-08,3.10577644e-01,1.55288822e-08,2.81121135e-01,7.18878865e-01
1.000000e-07,100.000000,2.000000e+00,5.000000e-08,3.11077769e-01,1.55538885e-08,2.81526680e-01,7.18473320e-01
1.000000e-07,100.000000,2.000000e+00,5.000000e-08,3.11577894e-01,1.55788947e-08,2.81932022e-01,7.18067978e-01
1.000000e-07,100.000000,2.000000e+00,5.000000e-08,3.12078020e-01,1.56039010e-08,2.82337159e-01,7.17662841e-01
1.000000e-07,100.000000,2.000000e+00,5.000000e-08,3.12578145e-01,1.56289072e-08,2.82742091e-01,7.17257909e-01
1.000000e-07,100.000000,2.000000e+00,5.000000e-08,3.13078270e-01,1.56539135e-08,2.83146819e-01,7.16853181e-01
1.000000e-07,100.000000,2.000000e+00,5.000000e-08,3.13578395e-01,1.56789197e-08,2.83551342e-01,7.16448658e-01
1.000000e-07,100.000000,2.000000e+00,5.000000e-08,3.14078520e-01,1.57039260e-08,2.83955660e-01,7.16044340e-01
1.000000e-07,100.000000,2.000000e+00,5.000000e-08,3.14578645e-01,1.57289322e-08,2.84359772e-01,7.15640228e-01
1.000000e-07,100.000000,2.000000e+00,5.000000e-08,3.15078770e-01,1.57539385e-08,2.84763679e-01,7.15236321e-01
1.000000e-07,100.000000,2.000000e+00,5.000000e-08,3.15578895e-01,1.57789447e-08,2.85167380e-01,7.14832620e-01
1.000000e-07,100.000000,2.000000e+00,5.000000e-08,3.16079020e-01,1.58039510e-08,2.85570875e-01,7.14429125e-01
1.000000e-07,100.000000,2.000000e+00,5.000000e-08,3.16579145e-01,1.58289572e-08,2.85974163e-01,7.14025837e-01
1.000000e-07,100.000000,2.000000e+00,5.000000e-08,3.17079270e-01,1.58539635e-08,2.86377245e-01,7.13622755e-01
1.000000e-07,100.000000,2.000000e+00,5.000000e-08,3.17579395e-01,1.58789697e-08,2.86780120e-01,7.13219880e-01
1.000000e-07,100.000000,2.000000e+00,5.000000e-08,3.18079520e-01,1.59039760e-08,2.87182789e-01,7.12817211e-01
1.000000e-07,100.000000,2.000000e+00,5.000000e-08,3.18579645e-01,1.59289822e-08,2.87585250e-01,7.12414750e-01
1.000000e-07,100.000000,2.000000e+00,5.000000e-08,3.19079770e-01,1.59539885e-08,2.87987503e-01,7.12012497e-01
1.000000e-07,100.000000,2.000000e+00,5.000000e-08,3.19579895e-01,1.59789947e-08,2.88389549e-01,7.11610451e-01
1.000000e-07,100.000000,2.000000e+00,5.000000e-08,3.20080020e-01,1.60040010e-08,2.88791387e-01,7.11208613e-01
1.000000e-07,100.000000,2.000000e+00,5.000000e-08,3.20580145e-01,1.60290073e-08,2.89193018e-01,7.10806982e-01
1.000000e-07,100.000000,2.000000e+00,5.000000e-08,3.21080270e-01,1.60540135e-08,2.89594439e-01,7.10405561e-01
1.000000e-07,100.000000,2.000000e+00,5.000000e-08,3.21580395e-01,1.60790198e-08,2.89995653e-01,7.10004347e-01
1.000000e-07,100.000000,2.000000e+00,5.000000e-08,3.22080520e-01,1.61040260e-08,2.90396657e-01,7.09603343e-01
1.000000e-07,100.000000,2.000000e+00,5.000000e-08,3.22580645e-01,1.61290323e-08,2.90797453e-01,7.09202547e-01
1.000000e-07,100.000000,2.000000e+00,5.000000e-08,3.23080770e-01,1.61540385e-08,2.91198039e-01,7.08801961e-01
1.000000e-07,100.000000,2.000000e+00,5.000000e-08,3.23580895e-01,1.61790448e-08,2.91598416e-01,7.08401584e-01
1.000000e-07,100.000000,2.000000e+00,5.000000e-08,3.24081020e-01,1.62040510e-08,2.91998583e-01,7.08001417e-01
1.000000e-07,100.000000,2.000000e+00,5.000000e-08,3.24581145e-01,1.62290573e-08,2.92398541e-01,7.07601459e-01
1.000000e-07,100.000000,2.000000e+00,5.000000e-08,3.25081270e-01,1.62540635e-08,2.92798288e-01,7.07201712e-01
1.000000e-07,100.000000,2.000000e+00,5.000000e-08,3.25581395e-01,1.62790698e-08,2.93197826e-01,7.06802174e-01
1.000000e-07,100.000000,2.000000e+00,5.000000e-08,3.26081520e-01,1.63040760e-08,2.93597152e-01,7.06402848e-01
1.000000e-07,100.000000,2.000000e+00,5.000000e-08,3.26581645e-01,1.63290823e-08,2.93996268e-01,7.06003732e-01
1.000000e-07,100.000000,2.000000e+00,5.000000e-08,3.27081770e-01,1.63540885e-08,2.94395173e-01,7.05604827e-01
1.000000e-07,100.000000,2.000000e+00,5.000000e-08,3.27581895e-01,1.63790948e-08,2.94793867e-01,7.05206133e-01
1.000000e-07,100.000000,2.000000e+00,5.000000e-08,3.28082021e-01,1.64041010e-08,2.95192350e-01,7.04807650e-01
1.000000e-07,100.000000,2.000000e+00,5.000000e-08,3.28582146e-01,1.64291073e-08,2.95590620e-01,7.04409380e-01
1.000000e-07,100.000000,2.000000e+00,5.000000e-08,3.29082271e-01,1.64541135e-08,2.95988680e-01,7.04011320e-01
1.000000e-07,100.000000,2.000000e+00,5.000000e-08,3.29582396e-01,1.64791198e-08,2.96386527e-01,7.03613473e-01
1.000000e-07,100.000000,2.000000e+00,5.000000e-08,3.30082521e-01,1.65041260e-08,2.96784161e-01,7.03215839e-01
1.000000e-07,100.000000,2.000000e+00,5.000000e-08,3.30582646e-01,1.65291323e-08,2.97181584e-01,7.02818416e-01
1.000000e-07,100.000000,2.000000e+00,5.000000e-08,3.31082771e-01,1.65541385e-08,2.97578793e-01,7.02421207e-01
1.000000e-07,100.000000,2.000000e+00,5.000000e-08,3.31582896e-01,1.65791448e-08,2.97975790e-01,7.02024210e-01
1.000000e-07,100.000000,2.000000e+00,5.000000e-08,3.32083021e-01,1.66041510e-08,2.98372574e-01,7.01627426e-01
1.000000e-07,100.000000,2.000000e+00,5.000000e-08,3.32583146e-01,1.66291573e-08,2.98769144e-01,7.01230856e-01
1.000000e-07,100.000000,2.000000e+00,5.000000e-08,3.33083271e-01,1.66541635e-08,2.99165501e-01,7.00834499e-01
1.000000e-07,100.000000,2.000000e+00,5.000000e-08,3.33583396e-01,1.66791698e-08,2.99561644e-01,7.00438356e-01
1.000000e-07,100.000000,2.000000e+00,5.000000e-08,3.34083521e-01,1.67041760e-08,2.99957573e-01,7.00042427e-01
1.000000e-07,100.000000,2.000000e+00,5.000000e-08,3.34583646e-01,1.67291823e-08,3.00353288e-01,6.99646712e-01
1.000000e-07,100.000000,2.000000e+00,5.000000e-08,3.35083771e-01,1.67541885e-08,3.00748788e-01,6.99251212e-01
1.000000e-07,100.000000,2.000000e+00,5.000000e-08,3.35583896e-01,1.67791948e-08,3.01144074e-01,6.98855926e-01
1.000000e-07,100.000000,2.000000e+00,5.000000e-08,3.36084021e-01,1.68042011e-08,3.01539145e-01,6.98460855e-01
1.000000e-07,100.000000,2.000000e+00,5.000000e-08,3.36584146e-01,1.68292073e-08,3.01934001e-01,6.98065999e-01
1.000000e-07,100.000000,2.000000e+00,5.000000e-08,3.37084271e-01,1.68542136e-08,3.02328642e-01,6.97671358e-01
1.000000e-07,100.000000,2.000000e+00,5.000000e-08,3.37584396e-01,1.68792198e-08,3.02723067e-01,6.97276933e-01
1.000000e-07,100.000000,2.000000e+00,5.000000e-08,3.38084521e-01,1.69042261e-08,3.03117276e-01,6.96882724e-01
1.000000e-07,100.000000,2.000000e+00,5.000000e-08,3.38584646e-01,1.69292323e-08,3.03511270e-01,6.96488730e-01
1.000000e-07,100.000000,2.000000e+00,5.000000e-08,3.39084771e-01,1.69542386e-08,3.03905047e-01,6.96094953e-01
1.000000e-07,100.000000,2.000000e+00,5.000000e-08,3.39584896e-01,1.69792448e-08,3.04298608e-01,6.95701392e-01
1.000000e-07,100.000000,2.000000e+00,5.000000e-08,3.40085021e-01,1.70042511e-08,3.04691953e-01,6.95308047e-01
1.000000e-07,100.000000,2.000000e+00,5.000000e-08,3.40585146e-01,1.70292573e-08,3.05085081e-01,6.94914919e-01
1.000000e-07,100.000000,2.000000e+00,5.000000e-08,3.41085271e-01,1.70542636e-08,3.05477992e-01,6.94522008e-01
1.000000e-07,100.000000,2.000000e+00,5.000000e-08,3.41585396e-01,1.70792698e-08,3.05870685e-01,6.94129315e-01
1.000000e-07,100.000000,2.000000e+00,5.000000e-08,3.42085521e-01,1.71042761e-08,3.06263161e-01,6.93736839e-01
1.000000e-07,100.000000,2.000000e+00,5.000000e-08,3.42585646e-01,1.71292823e-08,3.06655420e-01,6.93344580e-01
1.000000e-07,100.000000,2.000000e+00,5.000000e-08,3.43085771e-01,1.71542886e-08,3.07047461e-01,6.92952539e-01
1.000000e-07,100.000000,2.000000e+00,5.000000e-08,3.43585896e-01,1.71792948e-08,3.07439283e-01,6.92560717e-01
1.000000e-07,100.000000,2.000000e+00,5.000000e-08,3.44086022e-01,1.72043011e-08,3.07830888e-01,6.92169112e-01
1.000000e-07,100.000000,2.000000e+00,5.000000e-08,3.44586147e-01,1.72293073e-08,3.08222274e-01,6.91777726e-01
1.000000e-07,100.000000,2.000000e+00,5.000000e-08,3.45086272e-01,1.72543136e-08,3.08613441e-01,6.91386559e-01
1.000000e-07,100.000000,2.000000e+00,5.000000e-08,3.45586397e-01,1.72793198e-08,3.09004390e-01,6.90995610e-01
1.000000e-07,100.000000,2.000000e+00,5.000000e-08,3.46086522e-01,1.73043261e-08,3.09395119e-01,6.90604881e-01
1.000000e-07,100.000000,2.000000e+00,5.000000e-08,3.46586647e-01,1.73293323e-08,3.09785629e-01,6.90214371e-01
1.000000e-07,100.000000,2.000000e+00,5.000000e-08,3.47086772e-01,1.73543386e-08,3.10175920e-01,6.89824080e-01
1.000000e-07,100.000000,2.000000e+00,5.000000e-08,3.47586897e-01,1.73793448e-08,3.10565991e-01,6.89434009e-01
1.000000e-07,100.000000,2.000000e+00,5.000000e-08,3.48087022e-01,1.74043511e-08,3.10955842e-01,6.89044158e-01
1.000000e-07,100.000000,2.000000e+00,5.000000e-08,3.48587147e-01,1.74293573e-08,3.11345472e-01,6.88654528e-01
1.000000e-07,100.000000,2.000000e+00,5.000000e-08,3.49087272e-01,1.74543636e-08,3.11734883e-01,6.88265117e-01
1.000000e-07,100.000000,2.000000e+00,5.000000e-08,3.49587397e-01,1.74793698e-08,3.12124073e-01,6.87875927e-01
1.000000e-07,100.000000,2.000000e+00,5.000000e-08,3.50087522e-01,1.75043761e-08,3.12513042e-01,6.87486958e-01
1.000000e-07,100.000000,2.000000e+00,5.000000e-08,3.50587647e-01,1.75293823e-08,3.12901790e-01,6.87098210e-01
1.000000e-07,100.000000,2.000000e+00,5.000000e-08,3.51087772e-01,1.75543886e-08,3.13290317e-01,6.86709683e-01
1.000000e-07,100.000000,2.000000e+00,5.000000e-08,3.51587897e-01,1.75793948e-08,3.13678622e-01,6.86321378e-01
1.000000e-07,100.000000,2.000000e+00,5.000000e-08,3.52088022e-01,1.76044011e-08,3.14066706e-01,6.85933294e-01
1.000000e-07,100.000000,2.000000e+00,5.000000e-08,3.52588147e-01,1.76294074e-08,3.14454568e-01,6.85545432e-01
1.000000e-07,100.000000,2.000000e+00,5.000000e-08,3.53088272e-01,1.76544136e-08,3.14842208e-01,6.85157792e-01
1.000000e-07,100.000000,2.000000e+00,5.000000e-08,3.53588397e-01,1.76794199e-08,3.15229626e-01,6.84770374e-01
1.000000e-07,100.000000,2.000000e+00,5.000000e-08,3.54088522e-01,1.77044261e-08,3.15616822e-01,6.84383178e-01
1.000000e-07,100.000000,2.000000e+00,5.000000e-08,3.54588647e-01,1.77294324e-08,3.16003794e-01,6.83996206e-01
1.000000e-07,100.000000,2.000000e+00,5.000000e-08,3.55088772e-01,1.77544386e-08,3.16390544e-01,6.83609456e-01
1.000000e-07,100.000000,2.000000e+00,5.000000e-08,3.55588897e-01,1.77794449e-08,3.16777071e-01,6.83222929e-01
1.000000e-07,100.000000,2.000000e+00,5.000000e-08,3.56089022e-01,1.78044511e-08,3.17163375e-01,6.82836625e-01
1.000000e-07,100.000000,2.000000e+00,5.000000e-08,3.56589147e-01,1.78294574e-08,3.17549455e-01,6.82450545e-01
1.000000e-07,100.000000,2.000000e+00,5.000000e-08,3.57089272e-01,1.78544636e-08,3.17935311e-01,6.82064689e-01
1.000000e-07,100.000000,2.000000e+00,5.000000e-08,3.57589397e-01,1.78794699e-08,3.18320944e-01,6.81679056e-01
1.000000e-07,100.000000,2.000000e+00,5.000000e-08,3.58089522e-01,1.79044761e-08,3.18706353e-01,6.81293647e-01
1.000000e-07,100.000000,2.000000e+00,5.000000e-08,3.58589647e-01,1.79294824e-08,3.19091537e-01,6.80908463e-01
1.000000e-07,100.000000,2.000000e+00,5.000000e-08,3.59089772e-01,1.79544886e-08,3.19476497e-01,6.80523503e-01
1.000000e-07,100.000000,2.000000e+00,5.000000e-08,3.59589897e-01,1.79794949e-08,3.19861232e-01,6.80138768e-01
1.000000e-07,100.000000,2.000000e+00,5.000000e-08,3.60090023e-01,1.80045011e-08,3.20245742e-01,6.79754258e-01
1.000000e-07,100.000000,2.000000e+00,5.000000e-08,3.60590148e-01,1.80295074e-08,3.20630027e-01,6.79369973e-01
1.000000e-07,100.000000,2.000000e+00,5.000000e-08,3.61090273e-01,1.80545136e-08,3.21014086e-01,6.78985914e-01
1.000000e-07,100.000000,2.000000e+00,5.000000e-08,3.61590398e-01,1.80795199e-08,3.21397921e-01,6.78602079e-01
1.000000e-07,100.000000,2.000000e+00,5.000000e-08,3.62090523e-01,1.81045261e-08,3.21781529e-01,6.78218471e-01
1.000000e-07,100.000000,2.000000e+00,5.000000e-08,3.62590648e-01,1.81295324e-08,3.22164912e-01,6.77835088e-01
1.000000e-07,100.000000,2.000000e+00,5.000000e-08,3.63090773e-01,1.81545386e-08,3.22548068e-01,6.77451932e-01
1.000000e-07,100.000000,2.000000e+00,5.000000e-08,3.63590898e-01,1.81795449e-08,3.22930998e-01,6.77069002e-01
1.000000e-07,100.000000,2.000000e+00,5.000000e-08,3.64091023e-01,1.82045511e-08,3.23313702e-01,6.76686298e-01
1.000000e-07,100.000000,2.000000e+00,5.000000e-08,3.64591148e-01,1.82295574e-08,3.23696179e-01,6.76303821e-01
1.000000e-07,100.000000,2.000000e+00,5.000000e-08,3.65091273e-01,1.82545636e-08,3.24078429e-01,6.75921571e-01
1.000000e-07,100.000000,2.000000e+00,5.000000e-08,3.65591398e-01,1.82795699e-08,3.24460451e-01,6.75539549e-01
1.000000e-07,100.000000,2.000000e+00,5.000000e-08,3.66091523e-01,1.83045761e-08,3.24842247e-01,6.75157753e-01
1.000000e-07,100.000000,2.000000e+00,5.000000e-08,3.66591648e-01,1.83295824e-08,3.25223815e-01,6.74776185e-01
1.000000e-07,100.000000,2.000000e+00,5.000000e-08,3.67091773e-01,1.83545886e-08,3.25605155e-01,6.74394845e-01
1.000000e-07,100.000000,2.000000e+00,5.000000e-08,3.67591898e-01,1.83795949e-08,3.25986267e-01,6.74013733e-01
1.000000e-07,100.000000,2.000000e+00,5.000000e-08,3.68092023e-01,1.84046012e-08,3.26367151e-01,6.73632849e-01
1.000000e-07,100.000000,2.000000e+00,5.000000e-08,3.68592148e-01,1.84296074e-08,3.26747807e-01,6.73252193e-01
1.000000e-07,100.000000,2.000000e+00,5.000000e-08,3.69092273e-01,1.84546137e-08,3.27128234e-01,6.72871766e-01
1.000000e-07,100.000000,2.000000e+00,5.000000e-08,3.69592398e-01,1.84796199e-08,3.27508433e-01,6.72491567e-01
1.000000e-07,100.000000,2.000000e+00,5.000000e-08,3.70092523e-01,1.85046262e-08,3.27888402e-01,6.72111598e-01
1.000000e-07,100.000000,2.000000e+00,5.000000e-08,3.70592648e-01,1.85296324e-08,3.28268142e-01,6.71731858e-01
1.000000e-07,100.000000,2.000000e+00,5.000000e-08,3.71092773e-01,1.85546387e-08,3.28647654e-01,6.71352346e-01
1.000000e-07,100.000000,2.000000e+00,5.000000e-08,3.71592898e-01,1.85796449e-08,3.29026935e-01,6.70973065e-01
1.000000e-07,100.000000,2.000000e+00,5.000000e-08,3.72093023e-01,1.86046512e-08,3.29405987e-01,6.70594013e-01
1.000000e-07,100.000000,2.000000e+00,5.000000e-08,3.72593148e-01,1.86296574e-08,3.29784808e-01,6.70215192e-01
1.000000e-07,100.000000,2.000000e+00,5.000000e-08,3.73093273e-01,1.86546637e-08,3.30163400e-01,6.69836600e-01
1.000000e-07,100.000000,2.000000e+00,5.000000e-08,3.73593398e-01,1.86796699e-08,3.30541761e-01,6.69458239e-01
1.000000e-07,100.000000,2.000000e+00,5.000000e-08,3.74093523e-01,1.87046762e-08,3.30919892e-01,6.69080108e-01
1.000000e-07,100.000000,2.000000e+00,5.000000e-08,3.74593648e-01,1.87296824e-08,3.31297792e-01,6.68702208e-01
1.000000e-07,100.000000,2.000000e+00,5.000000e-08,3.75093773e-01,1.87546887e-08,3.31675461e-01,6.68324539e-01
1.000000e-07,100.000000,2.000000e+00,5.000000e-08,3.75593898e-01,1.87796949e-08,3.32052899e-01,6.67947101e-01
1.000000e-07,100.000000,2.000000e+00,5.000000e-08,3.76094024e-01,1.88047012e-08,3.32430106e-01,6.67569894e-01
1.000000e-07,100.000000,2.000000e+00,5.000000e-08,3.76594149e-01,1.88297074e-08,3.32807081e-01,6.67192919e-01
1.000000e-07,100.000000,2.000000e+00,5.000000e-08,3.77094274e-01,1.88547137e-08,3.33183824e-01,6.66816176e-01
1.000000e-07,100.000000,2.000000e+00,5.000000e-08,3.77594399e-01,1.88797199e-08,3.33560336e-01,6.66439664e-01
1.000000e-07,100.000000,2.000000e+00,5.000000e-08,3.78094524e-01,1.89047262e-08,3.33936615e-01,6.66063385e-01
1.000000e-07,100.000000,2.000000e+00,5.000000e-08,3.78594649e-01,1.89297324e-08,3.34312662e-01,6.65687338e-01
1.000000e-07,100.000000,2.000000e+00,5.000000e-08,3.79094774e-01,1.89547387e-08,3.34688477e-01,6.65311523e-01
1.000000e-07,100.000000,2.000000e+00,5.000000e-08,3.79594899e-01,1.89797449e-08,3.35064058e-01,6.64935942e-01
1.000000e-07,100.000000,2.000000e+00,5.000000e-08,3.80095024e-01,1.90047512e-08,3.35439407e-01,6.64560593e-01
1.000000e-07,100.000000,2.000000e+00,5.000000e-08,3.80595149e-01,1.90297574e-08,3.35814523e-01,6.64185477e-01
1.000000e-07,100.000000,2.000000e+00,5.000000e-08,3.81095274e-01,1.90547637e-08,3.36189406e-01,6.63810594e-01
1.000000e-07,100.000000,2.000000e+00,5.000000e-08,3.81595399e-01,1.90797699e-08,3.36564055e-01,6.63435945e-01
1.000000e-07,100.000000,2.000000e+00,5.000000e-08,3.82095524e-01,1.91047762e-08,3.36938470e-01,6.63061530e-01
1.000000e-07,100.000000,2.000000e+00,5.000000e-08,3.82595649e-01,1.91297824e-08,3.37312651e-01,6.62687349e-01
1.000000e-07,100.000000,2.000000e+00,5.000000e-08,3.83095774e-01,1.91547887e-08,3.37686599e-01,6.62313401e-01
1.000000e-07,100.000000,2.000000e+00,5.000000e-08,3.83595899e-01,1.91797949e-08,3.38060312e-01,6.61939688e-01
1.000000e-07,100.000000,2.000000e+00,5.000000e-08,3.84096024e-01,1.92048012e-08,3.38433791e-01,6.61566209e-01
1.000000e-07,100.000000,2.000000e+00,5.000000e-08,3.84596149e-01,1.92298075e-08,3.38807035e-01,6.61192965e-01
1.000000e-07,100.000000,2.000000e+00,5.000000e-08,3.85096274e-01,1.92548137e-08,3.39180044e-01,6.60819956e-01
1.000000e-07,100.000000,2.000000e+00,5.000000e-08,3.85596399e-01,1.92798200e-08,3.39552818e-01,6.60447182e-01
1.000000e-07,100.000000,2.000000e+00,5.000000e-08,3.86096524e-01,1.93048262e-08,3.39925357e-01,6.60074643e-01
1.000000e-07,100.000000,2.000000e+00,5.000000e-08,3.86596649e-01,1.93298325e-08,3.40297660e-01,6.59702340e-01
1.000000e-07,100.000000,2.000000e+00,5.000000e-08,3.87096774e-01,1.93548387e-08,3.40669728e-01,6.59330272e-01
1.000000e-07,100.000000,2.000000e+00,5.000000e-08,3.87596899e-01,1.93798450e-08,3.41041560e-01,6.58958440e-01
1.000000e-07,100.000000,2.000000e+00,5.000000e-08,3.88097024e-01,1.94048512e-08,3.41413156e-01,6.58586844e-01
1.000000e-07,100.000000,2.000000e+00,5.000000e-08,3.88597149e-01,1.94298575e-08,3.41784516e-01,6.58215484e-01
1.000000e-07,100.000000,2.000000e+00,5.000000e-08,3.89097274e-01,1.94548637e-08,3.42155640e-01,6.57844360e-01
1.000000e-07,100.000000,2.000000e+00,5.000000e-08,3.89597399e-01,1.94798700e-08,3.42526527e-01,6.57473473e-01
1.000000e-07,100.000000,2.000000e+00,5.000000e-08,3.90097524e-01,1.95048762e-08,3.42897177e-01,6.57102823e-01
1.000000e-07,100.000000,2.000000e+00,5.000000e-08,3.90597649e-01,1.95298825e-08,3.43267590e-01,6.56732410e-01
1.000000e-07,100.000000,2.000000e+00,5.000000e-08,3.91097774e-01,1.95548887e-08,3.43637766e-01,6.56362234e-01
1.000000e-07,100.000000,2.000000e+00,5.000000e-08,3.91597899e-01,1.95798950e-08,3.44007705e-01,6.55992295e-01
1.000000e-07,100.000000,2.000000e+00,5.000000e-08,3.92098025e-01,1.96049012e-08,3.44377406e-01,6.55622594e-01
1.000000e-07,100.000000,2.000000e+00,5.000000e-08,3.92598150e-01,1.96299075e-08,3.44746869e-01,6.55253131e-01
1.000000e-07,100.000000,2.000000e+00,5.000000e-08,3.93098275e-01,1.96549137e-08,3.45116095e-01,6.54883905e-01
1.000000e-07,100.000000,2.000000e+00,5.000000e-08,3.93598400e-01,1.96799200e-08,3.45485082e-01,6.54514918e-01
1.000000e-07,100.000000,2.000000e+00,5.000000e-08,3.94098525e-01,1.97049262e-08,3.45853832e-01,6.54146168e-01
1.000000e-07,100.000000,2.000000e+00,5.000000e-08,3.94598650e-01,1.97299325e-08,3.46222342e-01,6.53777658e-01
1.000000e-07,100.000000,2.000000e+00,5.000000e-08,3.95098775e-01,1.97549387e-08,3.46590614e-01,6.53409386e-01
1.000000e-07,100.000000,2.000000e+00,5.000000e-08,3.95598900e-01,1.97799450e-08,3.46958648e-01,6.53041352e-01
1.000000e-07,100.000000,2.000000e+00,5.000000e-08,3.96099025e-01,1.98049512e-08,3.47326442e-01,6.52673558e-01
1.000000e-07,100.000000,2.000000e+00,5.000000e-08,3.96599150e-01,1.98299575e-08,3.47693997e-01,6.52306003e-01
1.000000e-07,100.000000,2.000000e+00,5.000000e-08,3.97099275e-01,1.98549637e-08,3.48061312e-01,6.51938688e-01
1.000000e-07,100.000000,2.000000e+00,5.000000e-08,3.97599400e-01,1.98799700e-08,3.48428388e-01,6.51571612e-01
1.000000e-07,100.000000,2.000000e+00,5.000000e-08,3.98099525e-01,1.99049762e-08,3.48795224e-01,6.51204776e-01
1.000000e-07,100.000000,2.000000e+00,5.000000e-08,3.98599650e-01,1.99299825e-08,3.49161820e-01,6.50838180e-01
1.000000e-07,100.000000,2.000000e+00,5.000000e-08,3.99099775e-01,1.99549887e-08,3.49528176e-01,6.50471824e-01
1.000000e-07,100.000000,2.000000e+00,5.000000e-08,3.99599900e-01,1.99799950e-08,3.49894292e-01,6.50105708e-01
1.000000e-07,100.000000,2.000000e+00,5.000000e-08,4.00100025e-01,2.00050013e-08,3.50260167e-01,6.49739833e-01
1.000000e-07,100.000000,2.000000e+00,5.000000e-08,4.00600150e-01,2.00300075e-08,3.50625801e-01,6.49374199e-01
1.000000e-07,100.000000,2.000000e+00,5.000000e-08,4.01100275e-01,2.00550138e-08,3.50991194e-01,6.49008806e-01
1.000000e-07,100.000000,2.000000e+00,5.000000e-08,4.01600400e-01,2.00800200e-08,3.51356346e-01,6.48643654e-01
1.000000e-07,100.000000,2.000000e+00,5.000000e-08,4.02100525e-01,2.01050263e-08,3.51721257e-01,6.48278743e-01
1.000000e-07,100.000000,2.000000e+00,5.000000e-08,4.02600650e-01,2.01300325e-08,3.52085927e-01,6.47914073e-01
1.000000e-07,100.000000,2.000000e+00,5.000000e-08,4.03100775e-01,2.01550388e-08,3.52450355e-01,6.47549645e-01
1.000000e-07,100.000000,2.000000e+00,5.000000e-08,4.03600900e-01,2.01800450e-08,3.52814541e-01,6.47185459e-01
1.000000e-07,100.000000,2.000000e+00,5.000000e-08,4.04101025e-01,2.02050513e-08,3.53178485e-01,6.46821515e-01
1.000000e-07,100.000000,2.000000e+00,5.000000e-08,4.04601150e-01,2.02300575e-08,3.53542187e-01,6.46457813e-01
1.000000e-07,100.000000,2.000000e+00,5.000000e-08,4.05101275e-01,2.02550638e-08,3.53905646e-01,6.46094354e-01
1.000000e-07,100.000000,2.000000e+00,5.000000e-08,4.05601400e-01,2.02800700e-08,3.54268863e-01,6.45731137e-01
1.000000e-07,100.000000,2.000000e+00,5.000000e-08,4.06101525e-01,2.03050763e-08,3.54631837e-01,6.45368163e-01
1.000000e-07,100.000000,2.000000e+00,5.000000e-08,4.06601650e-01,2.03300825e-08,3.54994568e-01,6.45005432e-01
1.000000e-07,100.000000,2.000000e+00,5.000000e-08,4.07101775e-01,2.03550888e-08,3.55357056e-01,6.44642944e-01
1.000000e-07,100.000000,2.000000e+00,5.000000e-08,4.07601900e-01,2.03800950e-08,3.55719300e-01,6.44280700e-01
1.000000e-07,100.000000,2.000000e+00,5.000000e-08,4.08102026e-01,2.04051013e-08,3.56081302e-01,6.43918698e-01
1.000000e-07,100.000000,2.000000e+00,5.000000e-08,4.08602151e-01,2.04301075e-08,3.56443059e-01,6.43556941e-01
1.000000e-07,100.000000,2.000000e+00,5.000000e-08,4.09102276e-01,2.04551138e-08,3.56804573e-01,6.43195427e-01
1.000000e-07,100.000000,2.000000e+00,5.000000e-08,4.09602401e-01,2.04801200e-08,3.57165842e-01,6.42834158e-01
1.000000e-07,100.000000,2.000000e+00,5.000000e-08,4.10102526e-01,2.05051263e-08,3.57526868e-01,6.42473132e-01
1.000000e-07,100.000000,2.000000e+00,5.000000e-08,4.10602651e-01,2.05301325e-08,3.57887648e-01,6.42112352e-01
1.000000e-07,100.000000,2.000000e+00,5.000000e-08,4.11102776e-01,2.05551388e-08,3.58248185e-01,6.41751815e-01
1.000000e-07,100.000000,2.000000e+00,5.000000e-08,4.11602901e-01,2.05801450e-08,3.58608476e-01,6.41391524e-01
1.000000e-07,100.000000,2.000000e+00,5.000000e-08,4.12103026e-01,2.06051513e-08,3.58968523e-01,6.41031477e-01
1.000000e-07,100.000000,2.000000e+00,5.000000e-08,4.12603151e-01,2.06301575e-08,3.59328324e-01,6.40671676e-01
1.000000e-07,100.000000,2.000000e+00,5.000000e-08,4.13103276e-01,2.06551638e-08,3.59687880e-01,6.40312120e-01
1.000000e-07,100.000000,2.000000e+00,5.000000e-08,4.13603401e-01,2.06801700e-08,3.60047191e-01,6.39952809e-01
1.000000e-07,100.000000,2.000000e+00,5.000000e-08,4.14103526e-01,2.07051763e-08,3.60406256e-01,6.39593744e-01
1.000000e-07,100.000000,2.000000e+00,5.000000e-08,4.14603651e-01,2.07301825e-08,3.60765075e-01,6.39234925e-01
1.000000e-07,100.000000,2.000000e+00,5.000000e-08,4.15103776e-01,2.07551888e-08,3.61123648e-01,6.38876352e-01
1.000000e-07,100.000000,2.000000e+00,5.000000e-08,4.15603901e-01,2.07801950e-08,3.61481975e-01,6.38518025e-01
1.000000e-07,100.000000,2.000000e+00,5.000000e-08,4.16104026e-01,2.08052013e-08,3.61840055e-01,6.38159945e-01
1.000000e-07,100.000000,2.000000e+00,5.000000e-08,4.16604151e-01,2.08302076e-08,3.62197889e-01,6.37802111e-01
1.000000e-07,100.000000,2.000000e+00,5.000000e-08,4.17104276e-01,2.08552138e-08,3.62555476e-01,6.37444524e-01
1.000000e-07,100.000000,2.000000e+00,5.000000e-08,4.17604401e-01,2.08802201e-08,3.62912817e-01,6.37087183e-01
1.000000e-07,100.000000,2.000000e+00,5.000000e-08,4.18104526e-01,2.09052263e-08,3.63269910e-01,6.36730090e-01
1.000000e-07,100.000000,2.000000e+00,5.000000e-08,4.18604651e-01,2.09302326e-08,3.63626755e-01,6.36373245e-01
1.000000e-07,100.000000,2.000000e+00,5.000000e-08,4.19104776e-01,2.09552388e-08,3.63983354e-01,6.36016646e-01
1.000000e-07,100.000000,2.000000e+00,5.000000e-08,4.19604901e-01,2.09802451e-08,3.64339704e-01,6.35660296e-01
1.000000e-07,100.000000,2.000000e+00,5.000000e-08,4.20105026e-01,2.10052513e-08,3.64695807e-01,6.35304193e-01
1.000000e-07,100.000000,2.000000e+00,5.000000e-08,4.20605151e-01,2.10302576e-08,3.65051662e-01,6.34948338e-01
1.000000e-07,100.000000,2.000000e+00,5.000000e-08,4.21105276e-01,2.10552638e-08,3.65407269e-01,6.34592731e-01
1.000000e-07,100.000000,2.000000e+00,5.000000e-08,4.21605401e-01,2.10802701e-08,3.65762627e-01,6.34237373e-01
1.000000e-07,100.000000,2.000000e+00,5.000000e-08,4.22105526e-01,2.11052763e-08,3.66117737e-01,6.33882263e-01
1.000000e-07,100.000000,2.000000e+00,5.000000e-08,4.22605651e-01,2.11302826e-08,3.66472598e-01,6.33527402e-01
1.000000e-07,100.000000,2.000000e+00,5.000000e-08,4.23105776e-01,2.11552888e-08,3.66827210e-01,6.33172790e-01
1.000000e-07,100.000000,2.000000e+00,5.000000e-08,4.23605901e-01,2.11802951e-08,3.67181573e-01,6.32818427e-01
1.000000e-07,100.000000,2.000000e+00,5.000000e-08,4.24106027e-01,2.12053013e-08,3.67535687e-01,6.32464313e-01
1.000000e-07,100.000000,2.000000e+00,5.000000e-08,4.24606152e-01,2.12303076e-08,3.67889551e-01,6.32110449e-01
1.000000e-07,100.000000,2.000000e+00,5.000000e-08,4.25106277e-01,2.12553138e-08,3.68243166e-01,6.31756834e-01
1.000000e-07,100.000000,2.000000e+00,5.000000e-08,4.25606402e-01,2.12803201e-08,3.68596531e-01,6.31403469e-01
1.000000e-07,100.000000,2.000000e+00,5.000000e-08,4.26106527e-01,2.13053263e-08,3.68949646e-01,6.31050354e-01
1.000000e-07,100.000000,2.000000e+00,5.000000e-08,4.26606652e-01,2.13303326e-08,3.69302512e-01,6.30697488e-01
1.000000e-07,100.000000,2.000000e+00,5.000000e-08,4.27106777e-01,2.13553388e-08,3.69655126e-01,6.30344874e-01
1.000000e-07,100.000000,2.000000e+00,5.000000e-08,4.27606902e-01,2.13803451e-08,3.70007491e-01,6.29992509e-01
1.000000e-07,100.000000,2.000000e+00,5.000000e-08,4.28107027e-01,2.14053513e-08,3.70359604e-01,6.29640396e-01
1.000000e-07,100.000000,2.000000e+00,5.000000e-08,4.28607152e-01,2.14303576e-08,3.70711467e-01,6.29288533e-01
1.000000e-07,100.000000,2.000000e+00,5.000000e-08,4.29107277e-01,2.14553638e-08,3.71063079e-01,6.28936921e-01
1.000000e-07,100.000000,2.000000e+00,5.000000e-08,4.29607402e-01,2.14803701e-08,3.71414440e-01,6.28585560e-01
1.000000e-07,100.000000,2.000000e+00,5.000000e-08,4.30107527e-01,2.15053763e-08,3.71765549e-01,6.28234451e-01
1.000000e-07,100.000000,2.000000e+00,5.000000e-08,4.30607652e-01,2.15303826e-08,3.72116407e-01,6.27883593e-01
1.000000e-07,100.000000,2.000000e+00,5.000000e-08,4.31107777e-01,2.15553888e-08,3.72467013e-01,6.27532987e-01
1.000000e-07,100.000000,2.000000e+00,5.000000e-08,4.31607902e-01,2.15803951e-08,3.72817367e-01,6.27182633e-01
1.000000e-07,100.000000,2.000000e+00,5.000000e-08,4.32108027e-01,2.16054014e-08,3.73167470e-01,6.26832530e-01
1.000000e-07,100.000000,2.000000e+00,5.000000e-08,4.32608152e-01,2.16304076e-08,3.73517320e-01,6.26482680e-01
1.000000e-07,100.000000,2.000000e+00,5.000000e-08,4.33108277e-01,2.16554139e-08,3.73866918e-01,6.26133082e-01
1.000000e-07,100.000000,2.000000e+00,5.000000e-08,4.33608402e-01,2.16804201e-08,3.74216263e-01,6.25783737e-01
1.000000e-07,100.000000,2.000000e+00,5.000000e-08,4.34108527e-01,2.17054264e-08,3.74565355e-01,6.25434645e-01
1.000000e-07,100.000000,2.000000e+00,5.000000e-08,4.34608652e-01,2.17304326e-08,3.74914195e-01,6.25085805e-01
1.000000e-07,100.000000,2.000000e+00,5.000000e-08,4.35108777e-01,2.17554389e-08,3.75262782e-01,6.24737218e-01
1.000000e-07,100.000000,2.000000e+00,5.000000e-08,4.35608902e-01,2.17804451e-08,3.75611115e-01,6.24388885e-01
1.000000e-07,100.000000,2.000000e+00,5.000000e-08,4.36109027e-01,2.18054514e-08,3.75959195e-01,6.24040805e-01
1.000000e-07,100.000000,2.000000e+00,5.000000e-08,4.36609152e-01,2.18304576e-08,3.76307021e-01,6.23692979e-01
1.000000e-07,100.000000,2.000000e+00,5.000000e-08,4.37109277e-01,2.18554639e-08,3.76654594e-01,6.23345406e-01
1.000000e-07,100.000000,2.000000e+00,5.000000e-08,4.37609402e-01,2.18804701e-08,3.77001913e-01,6.22998087e-01
1.000000e-07,100.000000,2.000000e+00,5.000000e-08,4.38109527e-01,2.19054764e-08,3.77348978e-01,6.22651022e-01
1.000000e-07,100.000000,2.000000e+00,5.000000e-08,4.38609652e-01,2.19304826e-08,3.77695788e-01,6.22304212e-01
1.000000e-07,100.000000,2.000000e+00,5.000000e-08,4.39109777e-01,2.19554889e-08,3.78042344e-01,6.21957656e-01
1.000000e-07,100.000000,2.000000e+00,5.000000e-08,4.39609902e-01,2.19804951e-08,3.78388646e-01,6.21611354e-01
1.000000e-07,100.000000,2.000000e+00,5.000000e-08,4.40110028e-01,2.20055014e-08,3.78734692e-01,6.21265308e-01
1.000000e-07,100.000000,2.000000e+00,5.000000e-08,4.40610153e-01,2.20305076e-08,3.79080484e-01,6.20919516e-01
1.000000e-07,100.000000,2.000000e+00,5.000000e-08,4.41110278e-01,2.20555139e-08,3.79426021e-01,6.20573979e-01
1.000000e-07,100.000000,2.000000e+00,5.000000e-08,4.41610403e-01,2.20805201e-08,3.79771303e-01,6.20228697e-01
1.000000e-07,100.000000,2.000000e+00,5.000000e-08,4.42110528e-01,2.21055264e-08,3.80116329e-01,6.19883671e-01
1.000000e-07,100.000000,2.000000e+00,5.000000e-08,4.42610653e-01,2.21305326e-08,3.80461099e-01,6.19538901e-01
1.000000e-07,100.000000,2.000000e+00,5.000000e-08,4.43110778e-01,2.21555389e-08,3.80805614e-01,6.19194386e-01
1.000000e-07,100.000000,2.000000e+00,5.000000e-08,4.43610903e-01,2.21805451e-08,3.81149873e-01,6.18850127e-01
1.000000e-07,100.000000,2.000000e+00,5.000000e-08,4.44111028e-01,2.22055514e-08,3.81493875e-01,6.18506125e-01
1.000000e-07,100.000000,2.000000e+00,5.000000e-08,4.44611153e-01,2.22305576e-08,3.81837622e-01,6.18162378e-01
1.000000e-07,100.000000,2.000000e+00,5.000000e-08,4.45111278e-01,2.22555639e-08,3.82181112e-01,6.17818888e-01
1.000000e-07,100.000000,2.000000e+00,5.000000e-08,4.45611403e-01,2.22805701e-08,3.82524345e-01,6.17475655e-01
1.000000e-07,100.000000,2.000000e+00,5.000000e-08,4.46111528e-01,2.23055764e-08,3.82867322e-01,6.17132678e-01
1.000000e-07,100.000000,2.000000e+00,5.000000e-08,4.46611653e-01,2.23305826e-08,3.83210042e-01,6.16789958e-01
1.000000e-07,100.000000,2.000000e+00,5.000000e-08,4.47111778e-01,2.23555889e-08,3.83552505e-01,6.16447495e-01
1.000000e-07,100.000000,2.000000e+00,5.000000e-08,4.47611903e-01,2.23805951e-08,3.83894710e-01,6.16105290e-01
1.000000e-07,100.000000,2.000000e+00,5.000000e-08,4.48112028e-01,2.24056014e-08,3.84236658e-01,6.15763342e-01
1.000000e-07,100.000000,2.000000e+00,5.000000e-08,4.48612153e-01,2.24306077e-08,3.84578349e-01,6.15421651e-01
1.000000e-07,100.000000,2.000000e+00,5.000000e-08,4.49112278e-01,2.24556139e-08,3.84919781e-01,6.15080219e-01
1.000000e-07,100.000000,2.000000e+00,5.000000e-08,4.49612403e-01,2.24806202e-08,3.85260956e-01,6.14739044e-01
1.000000e-07,100.000000,2.000000e+00,5.000000e-08,4.50112528e-01,2.25056264e-08,3.85601873e-01,6.14398127e-01
1.000000e-07,100.000000,2.000000e+00,5.000000e-08,4.50612653e-01,2.25306327e-08,3.85942532e-01,6.14057468e-01
1.000000e-07,100.000000,2.000000e+00,5.000000e-08,4.51112778e-01,2.25556389e-08,3.86282932e-01,6.13717068e-01
1.000000e-07,100.000000,2.000000e+00,5.000000e-08,4.51612903e-01,2.25806452e-08,3.86623073e-01,6.13376927e-01
1.000000e-07,100.000000,2.000000e+00,5.000000e-08,4.52113028e-01,2.26056514e-08,3.86962956e-01,6.13037044e-01
1.000000e-07,100.000000,2.000000e+00,5.000000e-08,4.52613153e-01,2.26306577e-08,3.87302580e-01,6.12697420e-01
1.000000e-07,100.000000,2.000000e+00,5.000000e-08,4.53113278e-01,2.26556639e-08,3.87641945e-01,6.12358055e-01
1.000000e-07,100.000000,2.000000e+00,5.000000e-08,4.53613403e-01,2.26806702e-08,3.87981051e-01,6.12018949e-01
1.000000e-07,100.000000,2.000000e+00,5.000000e-08,4.54113528e-01,2.27056764e-08,3.88319897e-01,6.11680103e-01
1.000000e-07,100.000000,2.000000e+00,5.000000e-08,4.54613653e-01,2.27306827e-08,3.88658484e-01,6.11341516e-01
1.000000e-07,100.000000,2.000000e+00,5.000000e-08,4.55113778e-01,2.27556889e-08,3.88996811e-01,6.11003189e-01
1.000000e-07,100.000000,2.000000e+00,5.000000e-08,4.55613903e-01,2.27806952e-08,3.89334878e-01,6.10665122e-01
1.000000e-07,100.000000,2.000000e+00,5.000000e-08,4.56114029e-01,2.28057014e-08,3.89672685e-01,6.10327315e-01
1.000000e-07,100.000000,2.000000e+00,5.000000e-08,4.56614154e-01,2.28307077e-08,3.90010232e-01,6.09989768e-01
1.000000e-07,100.000000,2.000000e+00,5.000000e-08,4.57114279e-01,2.28557139e-08,3.90347519e-01,6.09652481e-01
1.000000e-07,100.000000,2.000000e+00,5.000000e-08,4.57614404e-01,2.28807202e-08,3.90684545e-01,6.09315455e-01
1.000000e-07,100.000000,2.000000e+00,5.000000e-08,4.58114529e-01,2.29057264e-08,3.91021310e-01,6.08978690e-01
1.000000e-07,100.000000,2.000000e+00,5.000000e-08,4.58614654e-01,2.29307327e-08,3.91357815e-01,6.08642185e-01
1.000000e-07,100.000000,2.000000e+00,5.000000e-08,4.59114779e-01,2.29557389e-08,3.91694059e-01,6.08305941e-01
1.000000e-07,100.000000,2.000000e+00,5.000000e-08,4.59614904e-01,2.29807452e-08,3.92030041e-01,6.07969959e-01
1.000000e-07,100.000000,2.000000e+00,5.000000e-08,4.60115029e-01,2.30057514e-08,3.92365762e-01,6.07634238e-01
1.000000e-07,100.000000,2.000000e+00,5.000000e-08,4.60615154e-01,2.30307577e-08,3.92701222e-01,6.07298778e-01
1.000000e-07,100.000000,2.000000e+00,5.000000e-08,4.61115279e-01,2.30557639e-08,3.93036420e-01,6.06963580e-01
1.000000e-07,100.000000,2.000000e+00,5.000000e-08,4.61615404e-01,2.30807702e-08,3.93371357e-01,6.06628643e-01
1.000000e-07,100.000000,2.000000e+00,5.000000e-08,4.62115529e-01,2.31057764e-08,3.93706031e-01,6.06293969e-01
1.000000e-07,100.000000,2.000000e+00,5.000000e-08,4.62615654e-01,2.31307827e-08,3.94040443e-01,6.05959557e-01
1.000000e-07,100.000000,2.000000e+00,5.000000e-08,4.63115779e-01,2.31557889e-08,3.94374593e-01,6.05625407e-01
1.000000e-07,100.000000,2.000000e+00,5.000000e-08,4.63615904e-01,2.31807952e-08,3.94708481e-01,6.05291519e-01
1.000000e-07,100.000000,2.000000e+00,5.000000e-08,4.64116029e-01,2.32058015e-08,3.95042106e-01,6.04957894e-01
1.000000e-07,100.000000,2.000000e+00,5.000000e-08,4.64616154e-01,2.32308077e-08,3.95375468e-01,6.04624532e-01
1.000000e-07,100.000000,2.000000e+00,5.000000e-08,4.65116279e-01,2.32558140e-08,3.95708568e-01,6.04291432e-01
1.000000e-07,100.000000,2.000000e+00,5.000000e-08,4.65616404e-01,2.32808202e-08,3.96041404e-01,6.03958596e-01
1.000000e-07,100.000000,2.000000e+00,5.000000e-08,4.66116529e-01,2.33058265e-08,3.96373977e-01,6.03626023e-01
1.000000e-07,100.000000,2.000000e+00,5.000000e-08,4.66616654e-01,2.33308327e-08,3.96706287e-01,6.03293713e-01
1.000000e-07,100.000000,2.000000e+00,5.000000e-08,4.67116779e-01,2.33558390e-08,3.97038333e-01,6.02961667e-01
1.000000e-07,100.000000,2.000000e+00,5.000000e-08,4.67616904e-01,2.33808452e-08,3.97370116e-01,6.02629884e-01
1.000000e-07,100.000000,2.000000e+00,5.000000e-08,4.68117029e-01,2.34058515e-08,3.97701634e-01,6.02298366e-01
1.000000e-07,100.000000,2.000000e+00,5.000000e-08,4.68617154e-01,2.34308577e-08,3.98032889e-01,6.01967111e-01
1.000000e-07,100.000000,2.000000e+00,5.000000e-08,4.69117279e-01,2.34558640e-08,3.98363880e-01,6.01636120e-01
1.000000e-07,100.000000,2.000000e+00,5.000000e-08,4.69617404e-01,2.34808702e-08,3.98694606e-01,6.01305394e-01
1.000000e-07,100.000000,2.000000e+00,5.000000e-08,4.70117529e-01,2.35058765e-08,3.99025068e-01,6.00974932e-01
1.000000e-07,100.000000,2.000000e+00,5.000000e-08,4.70617654e-01,2.35308827e-08,3.99355265e-01,6.00644735e-01
1.000000e-07,100.000000,2.000000e+00,5.000000e-08,4.71117779e-01,2.35558890e-08,3.99685198e-01,6.00314802e-01
1.000000e-07,100.000000,2.000000e+00,5.000000e-08,4.71617904e-01,2.35808952e-08,4.00014865e-01,5.99985135e-01
1.000000e-07,100.000000,2.000000e+00,5.000000e-08,4.72118030e-01,2.36059015e-08,4.00344268e-01,5.99655732e-01
1.000000e-07,100.000000,2.000000e+00,5.000000e-08,4.72618155e-01,2.36309077e-08,4.00673405e-01,5.99326595e-01
1.000000e-07,100.000000,2.000000e+00,5.000000e-08,4.73118280e-01,2.36559140e-08,4.01002277e-01,5.98997723e-01
1.000000e-07,100.000000,2.000000e+00,5.000000e-08,4.73618405e-01,2.36809202e-08,4.01330883e-01,5.98669117e-01
1.000000e-07,100.000000,2.000000e+00,5.000000e-08,4.74118530e-01,2.37059265e-08,4.01659224e-01,5.98340776e-01
1.000000e-07,100.000000,2.000000e+00,5.000000e-08,4.74618655e-01,2.37309327e-08,4.01987299e-01,5.98012701e-01
1.000000e-07,100.000000,2.000000e+00,5.000000e-08,4.75118780e-01,2.37559390e-08,4.02315108e-01,5.97684892e-01
1.000000e-07,100.000000,2.000000e+00,5.000000e-08,4.75618905e-01,2.37809452e-08,4.02642650e-01,5.97357350e-01
1.000000e-07,100.000000,2.000000e+00,5.000000e-08,4.76119030e-01,2.38059515e-08,4.02969927e-01,5.97030073e-01
1.000000e-07,100.000000,2.000000e+00,5.000000e-08,4.76619155e-01,2.38309577e-08,4.03296937e-01,5.96703063e-01
1.000000e-07,100.000000,2.000000e+00,5.000000e-08,4.77119280e-01,2.38559640e-08,4.03623680e-01,5.96376320e-01
1.000000e-07,100.000000,2.000000e+00,5.000000e-08,4.77619405e-01,2.38809702e-08,4.03950157e-01,5.96049843e-01
1.000000e-07,100.000000,2.000000e+00,5.000000e-08,4.78119530e-01,2.39059765e-08,4.04276366e-01,5.95723634e-01
1.000000e-07,100.000000,2.000000e+00,5.000000e-08,4.78619655e-01,2.39309827e-08,4.04602309e-01,5.95397691e-01
1.000000e-07,100.000000,2.000000e+00,5.000000e-08,4.79119780e-01,2.39559890e-08,4.04927984e-01,5.95072016e-01
1.000000e-07,100.000000,2.000000e+00,5.000000e-08,4.79619905e-01,2.39809952e-08,4.05253393e-01,5.94746607e-01
1.000000e-07,100.000000,2.000000e+00,5.000000e-08,4.80120030e-01,2.40060015e-08,4.05578533e-01,5.94421467e-01
1.000000e-07,100.000000,2.000000e+00,5.000000e-08,4.80620155e-01,2.40310078e-08,4.05903406e-01,5.94096594e-01
1.000000e-07,100.000000,2.000000e+00,5.000000e-08,4.81120280e-01,2.40560140e-08,4.06228011e-01,5.93771989e-01
1.000000e-07,100.000000,2.000000e+00,5.000000e-08,4.81620405e-01,2.40810203e-08,4.06552348e-01,5.93447652e-01
1.000000e-07,100.000000,2.000000e+00,5.000000e-08,4.82120530e-01,2.41060265e-08,4.06876417e-01,5.93123583e-01
1.000000e-07,100.000000,2.000000e+00,5.000000e-08,4.82620655e-01,2.41310328e-08,4.07200218e-01,5.92799782e-01
1.000000e-07,100.000000,2.000000e+00,5.000000e-08,4.83120780e-01,2.41560390e-08,4.07523750e-01,5.92476250e-01
1.000000e-07,100.000000,2.000000e+00,5.000000e-08,4.83620905e-01,2.41810453e-08,4.07847014e-01,5.92152986e-01
1.000000e-07,100.000000,2.000000e+00,5.000000e-08,4.84121030e-01,2.42060515e-08,4.08170009e-01,5.91829991e-01
1.000000e-07,100.000000,2.000000e+00,5.000000e-08,4.84621155e-01,2.42310578e-08,4.08492735e-01,5.91507265e-01
1.000000e-07,100.000000,2.000000e+00,5.000000e-08,4.85121280e-01,2.42560640e-08,4.08815192e-01,5.91184808e-01
1.000000e-07,100.000000,2.000000e+00,5.000000e-08,4.85621405e-01,2.42810703e-08,4.09137380e-01,5.90862620e-01
1.000000e-07,100.000000,2.000000e+00,5.000000e-08,4.86121530e-01,2.43060765e-08,4.09459299e-01,5.90540701e-01
1.000000e-07,100.000000,2.000000e+00,5.000000e-08,4.86621655e-01,2.43310828e-08,4.09780948e-01,5.90219052e-01
1.000000e-07,100.000000,2.000000e+00,5.000000e-08,4.87121780e-01,2.43560890e-08,4.10102328e-01,5.89897672e-01
1.000000e-07,100.000000,2.000000e+00,5.000000e-08,4.87621905e-01,2.43810953e-08,4.10423438e-01,5.89576562e-01
1.000000e-07,100.000000,2.000000e+00,5.000000e-08,4.88122031e-01,2.44061015e-08,4.10744278e-01,5.89255722e-01
1.000000e-07,100.000000,2.000000e+00,5.000000e-08,4.88622156e-01,2.44311078e-08,4.11064848e-01,5.88935152e-01
1.000000e-07,100.000000,2.000000e+00,5.000000e-08,4.89122281e-01,2.44561140e-08,4.11385148e-01,5.88614852e-01
1.000000e-07,100.000000,2.000000e+00,5.000000e-08,4.89622406e-01,2.44811203e-08,4.11705177e-01,5.88294823e-01
1.000000e-07,100.000000,2.000000e+00,5.000000e-08,4.90122531e-01,2.45061265e-08,4.12024936e-01,5.87975064e-01
1.000000e-07,100.000000,2.000000e+00,5.000000e-08,4.90622656e-01,2.45311328e-08,4.12344425e-01,5.87655575e-01
1.000000e-07,100.000000,2.000000e+00,5.000000e-08,4.91122781e-01,2.45561390e-08,4.12663642e-01,5.87336358e-01
1.000000e-07,100.000000,2.000000e+00,5.000000e-08,4.91622906e-01,2.45811453e-08,4.12982589e-01,5.87017411e-01
1.000000e-07,100.000000,2.000000e+00,5.000000e-08,4.92123031e-01,2.46061515e-08,4.13301265e-01,5.86698735e-01
1.000000e-07,100.000000,2.000000e+00,5.000000e-08,4.92623156e-01,2.46311578e-08,4.13619669e-01,5.86380331e-01
1.000000e-07,100.000000,2.000000e+00,5.000000e-08,4.93123281e-01,2.46561640e-08,4.13937802e-01,5.86062198e-01
1.000000e-07,100.000000,2.000000e+00,5.000000e-08,4.93623406e-01,2.46811703e-08,4.14255664e-01,5.85744336e-01
1.000000e-07,100.000000,2.000000e+00,5.000000e-08,4.94123531e-01,2.47061765e-08,4.14573254e-01,5.85426746e-01
1.000000e-07,100.000000,2.000000e+00,5.000000e-08,4.94623656e-01,2.47311828e-08,4.14890572e-01,5.85109428e-01
1.000000e-07,100.000000,2.000000e+00,5.000000e-08,4.95123781e-01,2.47561890e-08,4.15207618e-01,5.84792382e-01
1.000000e-07,100.000000,2.000000e+00,5.000000e-08,4.95623906e-01,2.47811953e-08,4.15524392e-01,5.84475608e-01
1.000000e-07,100.000000,2.000000e+00,5.000000e-08,4.96124031e-01,2.48062016e-08,4.15840894e-01,5.84159106e-01
1.000000e-07,100.000000,2.000000e+00,5.000000e-08,4.96624156e-01,2.48312078e-08,4.16157123e-01,5.83842877e-01
1.000000e-07,100.000000,2.000000e+00,5.000000e-08,4.97124281e-01,2.48562141e-08,4.16473080e-01,5.83526920e-01
1.000000e-07,100.000000,2.000000e+00,5.000000e-08,4.97624406e-01,2.48812203e-08,4.16788765e-01,5.83211235e-01
1.000000e-07,100.000000,2.000000e+00,5.000000e-08,4.98124531e-01,2.49062266e-08,4.17104176e-01,5.82895824e-01
1.000000e-07,100.000000,2.000000e+00,5.000000e-08,4.98624656e-01,2.49312328e-08,4.17419315e-01,5.82580685e-01
1.000000e-07,100.000000,2.000000e+00,5.000000e-08,4.99124781e-01,2.49562391e-08,4.17734181e-01,5.82265819e-01
1.000000e-07,100.000000,2.000000e+00,5.000000e-08,4.99624906e-01,2.49812453e-08,4.18048773e-01,5.81951227e-01
1.000000e-07,100.000000,2.000000e+00,5.000000e-08,5.00125031e-01,2.50062516e-08,4.18363092e-01,5.81636908e-01
1.000000e-07,100.000000,2.000000e+00,5.000000e-08,5.00625156e-01,2.50312578e-08,4.18677137e-01,5.81322863e-01
1.000000e-07,100.000000,2.000000e+00,5.000000e-08,5.01125281e-01,2.50562641e-08,4.18990909e-01,5.81009091e-01
1.000000e-07,100.000000,2.000000e+00,5.000000e-08,5.01625406e-01,2.50812703e-08,4.19304407e-01,5.80695593e-01
1.000000e-07,100.000000,2.000000e+00,5.000000e-08,5.02125531e-01,2.51062766e-08,4.19617632e-01,5.80382368e-01
1.000000e-07,100.000000,2.000000e+00,5.000000e-08,5.02625656e-01,2.51312828e-08,4.19930582e-01,5.80069418e-01
1.000000e-07,100.000000,2.000000e+00,5.000000e-08,5.03125781e-01,2.51562891e-08,4.20243257e-01,5.79756743e-01
1.000000e-07,100.000000,2.000000e+00,5.000000e-08,5.03625906e-01,2.51812953e-08,4.20555659e-01,5.79444341e-01
1.000000e-07,100.000000,2.000000e+00,5.000000e-08,5.04126032e-01,2.52063016e-08,4.20867786e-01,5.79132214e-01
1.000000e-07,100.000000,2.000000e+00,5.000000e-08,5.04626157e-01,2.52313078e-08,4.21179638e-01,5.78820362e-01
1.000000e-07,100.000000,2.000000e+00,5.000000e-08,5.05126282e-01,2.52563141e-08,4.21491216e-01,5.78508784e-01
1.000000e-07,100.000000,2.000000e+00,5.000000e-08,5.05626407e-01,2.52813203e-08,4.21802519e-01,5.78197481e-01
1.000000e-07,100.000000,2.000000e+00,5.000000e-08,5.06126532e-01,2.53063266e-08,4.22113546e-01,5.77886454e-01
1.000000e-07,100.000000,2.000000e+00,5.000000e-08,5.06626657e-01,2.53313328e-08,4.22424299e-01,5.77575701e-01
1.000000e-07,100.000000,2.000000e+00,5.000000e-08,5.07126782e-01,2.53563391e-08,4.22734776e-01,5.77265224e-01
1.000000e-07,100.000000,2.000000e+00,5.000000e-08,5.07626907e-01,2.53813453e-08,4.23044978e-01,5.76955022e-01
1.000000e-07,100.000000,2.000000e+00,5.000000e-08,5.08127032e-01,2.54063516e-08,4.23354904e-01,5.76645096e-01
1.000000e-07,100.000000,2.000000e+00,5.000000e-08,5.08627157e-01,2.54313578e-08,4.23664554e-01,5.76335446e-01
1.000000e-07,100.000000,2.000000e+00,5.000000e-08,5.09127282e-01,2.54563641e-08,4.23973929e-01,5.76026071e-01
1.000000e-07,100.000000,2.000000e+00,5.000000e-08,5.09627407e-01,2.54813703e-08,4.24283027e-01,5.75716973e-01
1.000000e-07,100.000000,2.000000e+00,5.000000e-08,5.10127532e-01,2.55063766e-08,4.24591849e-01,5.75408151e-01
1.000000e-07,100.000000,2.000000e+00,5.000000e-08,5.10627657e-01,2.55313828e-08,4.24900395e-01,5.75099605e-01
1.000000e-07,100.000000,2.000000e+00,5.000000e-08,5.11127782e-01,2.55563891e-08,4.25208665e-01,5.74791335e-01
1.000000e-07,100.000000,2.000000e+00,5.000000e-08,5.11627907e-01,2.55813953e-08,4.25516658e-01,5.74483342e-01
1.000000e-07,100.000000,2.000000e+00,5.000000e-08,5.12128032e-01,2.56064016e-08,4.25824374e-01,5.74175626e-01
1.000000e-07,100.000000,2.000000e+00,5.000000e-08,5.12628157e-01,2.56314079e-08,4.26131814e-01,5.73868186e-01
1.000000e-07,100.000000,2.000000e+00,5.000000e-08,5.13128282e-01,2.56564141e-08,4.26438976e-01,5.73561024e-01
1.000000e-07,100.000000,2.000000e+00,5.000000e-08,5.13628407e-01,2.56814204e-08,4.26745861e-01,5.73254139e-01
1.000000e-07,100.000000,2.000000e+00,5.000000e-08,5.14128532e-01,2.57064266e-08,4.27052470e-01,5.72947530e-01
1.000000e-07,100.000000,2.000000e+00,5.000000e-08,5.14628657e-01,2.57314329e-08,4.27358800e-01,5.72641200e-01
1.000000e-07,100.000000,2.000000e+00,5.000000e-08,5.15128782e-01,2.57564391e-08,4.27664853e-01,5.72335147e-01
1.000000e-07,100.000000,2.000000e+00,5.000000e-08,5.15628907e-01,2.57814454e-08,4.27970629e-01,5.72029371e-01
1.000000e-07,100.000000,2.000000e+00,5.000000e-08,5.16129032e-01,2.58064516e-08,4.28276127e-01,5.71723873e-01
1.000000e-07,100.000000,2.000000e+00,5.000000e-08,5.16629157e-01,2.58314579e-08,4.28581347e-01,5.71418653e-01
1.000000e-07,100.000000,2.000000e+00,5.000000e-08,5.17129282e-01,2.58564641e-08,4.28886288e-01,5.71113712e-01
1.000000e-07,100.000000,2.000000e+00,5.000000e-08,5.17629407e-01,2.58814704e-08,4.29190952e-01,5.70809048e-01
1.000000e-07,100.000000,2.000000e+00,5.000000e-08,5.18129532e-01,2.59064766e-08,4.29495337e-01,5.70504663e-01
1.000000e-07,100.000000,2.000000e+00,5.000000e-08,5.18629657e-01,2.59314829e-08,4.29799444e-01,5.70200556e-01
1.000000e-07,100.000000,2.000000e+00,5.000000e-08,5.19129782e-01,2.59564891e-08,4.30103272e-01,5.69896728e-01
1.000000e-07,100.000000,2.000000e+00,5.000000e-08,5.19629907e-01,2.59814954e-08,4.30406822e-01,5.69593178e-01
1.000000e-07,100.000000,2.000000e+00,5.000000e-08,5.20130033e-01,2.60065016e-08,4.30710092e-01,5.69289908e-01
1.000000e-07,100.000000,2.000000e+00,5.000000e-08,5.20630158e-01,2.60315079e-08,4.31013084e-01,5.68986916e-01
1.000000e-07,100.000000,2.000000e+00,5.000000e-08,5.21130283e-01,2.60565141e-08,4.31315796e-01,5.68684204e-01
1.000000e-07,100.000000,2.000000e+00,5.000000e-08,5.21630408e-01,2.60815204e-08,4.31618230e-01,5.68381770e-01
1.000000e-07,100.000000,2.000000e+00,5.000000e-08,5.22130533e-01,2.61065266e-08,4.31920383e-01,5.68079617e-01
1.000000e-07,100.000000,2.000000e+00,5.000000e-08,5.22630658e-01,2.61315329e-08,4.32222258e-01,5.67777742e-01
1.000000e-07,100.000000,2.000000e+00,5.000000e-08,5.23130783e-01,2.61565391e-08,4.32523852e-01,5.67476148e-01
1.000000e-07,100.000000,2.000000e+00,5.000000e-08,5.23630908e-01,2.61815454e-08,4.32825167e-01,5.67174833e-01
1.000000e-07,100.000000,2.000000e+00,5.000000e-08,5.24131033e-01,2.62065516e-08,4.33126202e-01,5.66873798e-01
1.000000e-07,100.000000,2.000000e+00,5.000000e-08,5.24631158e-01,2.62315579e-08,4.33426957e-01,5.66573043e-01
1.000000e-07,100.000000,2.000000e+00,5.000000e-08,5.25131283e-01,2.62565641e-08,4.33727432e-01,5.66272568e-01
1.000000e-07,100.000000,2.000000e+00,5.000000e-08,5.25631408e-01,2.62815704e-08,4.34027626e-01,5.65972374e-01
1.000000e-07,100.000000,2.000000e+00,5.000000e-08,5.26131533e-01,2.63065766e-08,4.34327540e-01,5.65672460e-01
1.000000e-07,100.000000,2.000000e+00,5.000000e-08,5.26631658e-01,2.63315829e-08,4.34627173e-01,5.65372827e-01
1.000000e-07,100.000000,2.000000e+00,5.000000e-08,5.27131783e-01,2.63565891e-08,4.34926526e-01,5.65073474e-01
1.000000e-07,100.000000,2.000000e+00,5.000000e-08,5.27631908e-01,2.63815954e-08,4.35225598e-01,5.64774402e-01
1.000000e-07,100.000000,2.000000e+00,5.000000e-08,5.28132033e-01,2.64066017e-08,4.35524388e-01,5.64475612e-01
1.000000e-07,100.000000,2.000000e+00,5.000000e-08,5.28632158e-01,2.64316079e-08,4.35822898e-01,5.64177102e-01
1.000000e-07,100.000000,2.000000e+00,5.000000e-08,5.29132283e-01,2.64566142e-08,4.36121127e-01,5.63878873e-01
1.000000e-07,100.000000,2.000000e+00,5.000000e-08,5.29632408e-01,2.64816204e-08,4.36419074e-01,5.63580926e-01
1.000000e-07,100.000000,2.000000e+00,5.000000e-08,5.30132533e-01,2.65066267e-08,4.36716740e-01,5.63283260e-01
1.000000e-07,100.000000,2.000000e+00,5.000000e-08,5.30632658e-01,2.65316329e-08,4.37014124e-01,5.62985876e-01
1.000000e-07,100.000000,2.000000e+00,5.000000e-08,5.31132783e-01,2.65566392e-08,4.37311226e-01,5.62688774e-01
1.000000e-07,100.000000,2.000000e+00,5.000000e-08,5.31632908e-01,2.65816454e-08,4.37608046e-01,5.62391954e-01
1.000000e-07,100.000000,2.000000e+00,5.000000e-08,5.32133033e-01,2.66066517e-08,4.37904585e-01,5.62095415e-01
1.000000e-07,100.000000,2.000000e+00,5.000000e-08,5.32633158e-01,2.66316579e-08,4.38200841e-01,5.61799159e-01
1.000000e-07,100.000000,2.000000e+00,5.000000e-08,5.33133283e-01,2.66566642e-08,4.38496815e-01,5.61503185e-01
1.000000e-07,100.000000,2.000000e+00,5.000000e-08,5.33633408e-01,2.66816704e-08,4.38792507e-01,5.61207493e-01
1.000000e-07,100.000000,2.000000e+00,5.000000e-08,5.34133533e-01,2.67066767e-08,4.39087916e-01,5.60912084e-01
1.000000e-07,100.000000,2.000000e+00,5.000000e-08,5.34633658e-01,2.67316829e-08,4.39383042e-01,5.60616958e-01
1.000000e-07,100.000000,2.000000e+00,5.000000e-08,5.35133783e-01,2.67566892e-08,4.39677886e-01,5.60322114e-01
1.000000e-07,100.000000,2.000000e+00,5.000000e-08,5.35633908e-01,2.67816954e-08,4.39972447e-01,5.60027553e-01
1.000000e-07,100.000000,2.000000e+00,5.000000e-08,5.36134034e-01,2.68067017e-08,4.40266725e-01,5.59733275e-01
1.000000e-07,100.000000,2.000000e+00,5.000000e-08,5.36634159e-01,2.68317079e-08,4.40560719e-01,5.59439281e-01
1.000000e-07,100.000000,2.000000e+00,5.000000e-08,5.37134284e-01,2.68567142e-08,4.40854431e-01,5.59145569e-01
1.000000e-07,100.000000,2.000000e+00,5.000000e-08,5.37634409e-01,2.68817204e-08,4.41147859e-01,5.58852141e-01
1.000000e-07,100.000000,2.000000e+00,5.000000e-08,5.38134534e-01,2.69067267e-08,4.41441003e-01,5.58558997e-01
1.000000e-07,100.000000,2.000000e+00,5.000000e-08,5.38634659e-01,2.69317329e-08,4.41733864e-01,5.58266136e-01
1.000000e-07,100.000000,2.000000e+00,5.000000e-08,5.39134784e-01,2.69567392e-08,4.42026441e-01,5.57973559e-01
1.000000e-07,100.000000,2.000000e+00,5.000000e-08,5.39634909e-01,2.69817454e-08,4.42318734e-01,5.57681266e-01
1.000000e-07,100.000000,2.000000e+00,5.000000e-08,5.40135034e-01,2.70067517e-08,4.42610744e-01,5.57389256e-01
1.000000e-07,100.000000,2.000000e+00,5.000000e-08,5.40635159e-01,2.70317579e-08,4.42902469e-01,5.57097531e-01
1.000000e-07,100.000000,2.000000e+00,5.000000e-08,5.41135284e-01,2.70567642e-08,4.43193909e-01,5.56806091e-01
1.000000e-07,100.000000,2.000000e+00,5.000000e-08,5.41635409e-01,2.70817704e-08,4.43485066e-01,5.56514934e-01
1.000000e-07,100.000000,2.000000e+00,5.000000e-08,5.42135534e-01,2.71067767e-08,4.43775937e-01,5.56224063e-01
1.000000e-07,100.000000,2.000000e+00,5.000000e-08,5.42635659e-01,2.71317829e-08,4.44066525e-01,5.55933475e-01
1.000000e-07,100.000000,2.000000e+00,5.000000e-08,5.43135784e-01,2.71567892e-08,4.44356827e-01,5.55643173e-01
1.000000e-07,100.000000,2.000000e+00,5.000000e-08,5.43635909e-01,2.71817954e-08,4.44646845e-01,5.55353155e-01
1.000000e-07,100.000000,2.000000e+00,5.000000e-08,5.44136034e-01,2.72068017e-08,4.44936577e-01,5.55063423e-01
1.000000e-07,100.000000,2.000000e+00,5.000000e-08,5.44636159e-01,2.72318080e-08,4.45226024e-01,5.54773976e-01
1.000000e-07,100.000000,2.000000e+00,5.000000e-08,5.45136284e-01,2.72568142e-08,4.45515186e-01,5.54484814e-01
1.000000e-07,100.000000,2.000000e+00,5.000000e-08,5.45636409e-01,2.72818205e-08,4.45804063e-01,5.54195937e-01
1.000000e-07,100.000000,2.000000e+00,5.000000e-08,5.46136534e-01,2.73068267e-08,4.46092654e-01,5.53907346e-01
1.000000e-07,100.000000,2.000000e+00,5.000000e-08,5.46636659e-01,2.73318330e-08,4.46380960e-01,5.53619040e-01
1.000000e-07,100.000000,2.000000e+00,5.000000e-08,5.47136784e-01,2.73568392e-08,4.46668980e-01,5.53331020e-01
1.000000e-07,100.000000,2.000000e+00,5.000000e-08,5.47636909e-01,2.73818455e-08,4.46956714e-01,5.53043286e-01
1.000000e-07,100.000000,2.000000e+00,5.000000e-08,5.48137034e-01,2.74068517e-08,4.47244162e-01,5.52755838e-01
1.000000e-07,100.000000,2.000000e+00,5.000000e-08,5.48637159e-01,2.74318580e-08,4.47531323e-01,5.52468677e-01
1.000000e-07,100.000000,2.000000e+00,5.000000e-08,5.49137284e-01,2.74568642e-08,4.47818199e-01,5.52181801e-01
1.000000e-07,100.000000,2.000000e+00,5.000000e-08,5.49637409e-01,2.74818705e-08,4.48104788e-01,5.51895212e-01
1.000000e-07,100.000000,2.000000e+00,5.000000e-08,5.50137534e-01,2.75068767e-08,4.48391091e-01,5.51608909e-01
1.000000e-07,100.000000,2.000000e+00,5.000000e-08,5.50637659e-01,2.75318830e-08,4.48677107e-01,5.51322893e-01
1.000000e-07,100.000000,2.000000e+00,5.000000e-08,5.51137784e-01,2.75568892e-08,4.48962837e-01,5.51037163e-01
1.000000e-07,100.000000,2.000000e+00,5.000000e-08,5.51637909e-01,2.75818955e-08,4.49248279e-01,5.50751721e-01
1.000000e-07,100.000000,2.000000e+00,5.000000e-08,5.52138035e-01,2.76069017e-08,4.49533435e-01,5.50466565e-01
1.000000e-07,100.000000,2.000000e+00,5.000000e-08,5.52638160e-01,2.76319080e-08,4.49818303e-01,5.50181697e-01
1.000000e-07,100.000000,2.000000e+00,5.000000e-08,5.53138285e-01,2.76569142e-08,4.50102885e-01,5.49897115e-01
1.000000e-07,100.000000,2.000000e+00,5.000000e-08,5.53638410e-01,2.76819205e-08,4.50387179e-01,5.49612821e-01
1.000000e-07,100.000000,2.000000e+00,5.000000e-08,5.54138535e-01,2.77069267e-08,4.50671185e-01,5.49328815e-01
1.000000e-07,100.000000,2.000000e+00,5.000000e-08,5.54638660e-01,2.77319330e-08,4.50954905e-01,5.49045095e-01
1.000000e-07,100.000000,2.000000e+00,5.000000e-08,5.55138785e-01,2.77569392e-08,4.51238336e-01,5.48761664e-01
1.000000e-07,100.000000,2.000000e+00,5.000000e-08,5.55638910e-01,2.77819455e-08,4.51521480e-01,5.48478520e-01
1.000000e-07,100.000000,2.000000e+00,5.000000e-08,5.56139035e-01,2.78069517e-08,4.51804335e-01,5.48195665e-01
1.000000e-07,100.000000,2.000000e+00,5.000000e-08,5.56639160e-01,2.78319580e-08,4.52086903e-01,5.47913097e-01
1.000000e-07,100.000000,2.000000e+00,5.000000e-08,5.57139285e-01,2.78569642e-08,4.52369182e-01,5.47630818e-01
1.000000e-07,100.000000,2.000000e+00,5.000000e-08,5.57639410e-01,2.78819705e-08,4.52651174e-01,5.47348826e-01
1.000000e-07,100.000000,2.000000e+00,5.000000e-08,5.58139535e-01,2.79069767e-08,4.52932876e-01,5.47067124e-01
1.000000e-07,100.000000,2.000000e+00,5.000000e-08,5.58639660e-01,2.79319830e-08,4.53214291e-01,5.46785709e-01
1.000000e-07,100.000000,2.000000e+00,5.000000e-08,5.59139785e-01,2.79569892e-08,4.53495416e-01,5.46504584e-01
1.000000e-07,100.000000,2.000000e+00,5.000000e-08,5.59639910e-01,2.79819955e-08,4.53776253e-01,5.46223747e-01
1.000000e-07,100.000000,2.000000e+00,5.000000e-08,5.60140035e-01,2.80070018e-08,4.54056802e-01,5.45943198e-01
1.000000e-07,100.000000,2.000000e+00,5.000000e-08,5.60640160e-01,2.80320080e-08,4.54337061e-01,5.45662939e-01
1.000000e-07,100.000000,2.000000e+00,5.000000e-08,5.61140285e-01,2.80570143e-08,4.54617031e-01,5.45382969e-01
1.000000e-07,100.000000,2.000000e+00,5.000000e-08,5.61640410e-01,2.80820205e-08,4.54896712e-01,5.45103288e-01
1.000000e-07,100.000000,2.000000e+00,5.000000e-08,5.62140535e-01,2.81070268e-08,4.55176103e-01,5.44823897e-01
1.000000e-07,100.000000,2.000000e+00,5.000000e-08,5.62640660e-01,2.81320330e-08,4.55455205e-01,5.44544795e-01
1.000000e-07,100.000000,2.000000e+00,5.000000e-08,5.63140785e-01,2.81570393e-08,4.55734018e-01,5.44265982e-01
1.000000e-07,100.000000,2.000000e+00,5.000000e-08,5.63640910e-01,2.81820455e-08,4.56012541e-01,5.43987459e-01
1.000000e-07,100.000000,2.000000e+00,5.000000e-08,5.64141035e-01,2.82070518e-08,4.56290774e-01,5.43709226e-01
1.000000e-07,100.000000,2.000000e+00,5.000000e-08,5.64641160e-01,2.82320580e-08,4.56568717e-01,5.43431283e-01
1.000000e-07,100.000000,2.000000e+00,5.000000e-08,5.65141285e-01,2.82570643e-08,4.56846371e-01,5.43153629e-01
1.000000e-07,100.000000,2.000000e+00,5.000000e-08,5.65641410e-01,2.82820705e-08,4.57123734e-01,5.42876266e-01
1.000000e-07,100.000000,2.000000e+00,5.000000e-08,5.66141535e-01,2.83070768e-08,4.57400807e-01,5.42599193e-01
1.000000e-07,100.000000,2.000000e+00,5.000000e-08,5.66641660e-01,2.83320830e-08,4.57677589e-01,5.42322411e-01
1.000000e-07,100.000000,2.000000e+00,5.000000e-08,5.67141785e-01,2.83570893e-08,4.57954081e-01,5.42045919e-01
1.000000e-07,100.000000,2.000000e+00,5.000000e-08,5.67641910e-01,2.83820955e-08,4.58230283e-01,5.41769717e-01
1.000000e-07,100.000000,2.000000e+00,5.000000e-08,5.68142036e-01,2.84071018e-08,4.58506194e-01,5.41493806e-01
1.000000e-07,100.000000,2.000000e+00,5.000000e-08,5.68642161e-01,2.84321080e-08,4.58781814e-01,5.41218186e-01
1.000000e-07,100.000000,2.000000e+00,5.000000e-08,5.69142286e-01,2.84571143e-08,4.59057143e-01,5.40942857e-01
1.000000e-07,100.000000,2.000000e+00,5.000000e-08,5.69642411e-01,2.84821205e-08,4.59332181e-01,5.40667819e-01
1.000000e-07,100.000000,2.000000e+00,5.000000e-08,5.70142536e-01,2.85071268e-08,4.59606928e-01,5.40393072e-01
1.000000e-07,100.000000,2.000000e+00,5.000000e-08,5.70642661e-01,2.85321330e-08,4.59881384e-01,5.40118616e-01
1.000000e-07,100.000000,2.000000e+00,5.000000e-08,5.71142786e-01,2.85571393e-08,4.60155548e-01,5.39844452e-01
1.000000e-07,100.000000,2.000000e+00,5.000000e-08,5.71642911e-01,2.85821455e-08,4.60429421e-01,5.39570579e-01
1.000000e-07,100.000000,2.000000e+00,5.000000e-08,5.72143036e-01,2.86071518e-08,4.60703002e-01,5.39296998e-01
1.000000e-07,100.000000,2.000000e+00,5.000000e-08,5.72643161e-01,2.86321580e-08,4.60976292e-01,5.39023708e-01
1.000000e-07,100.000000,2.000000e+00,5.000000e-08,5.73143286e-01,2.86571643e-08,4.61249289e-01,5.38750711e-01
1.000000e-07,100.000000,2.000000e+00,5.000000e-08,5.73643411e-01,2.86821705e-08,4.61521995e-01,5.38478005e-01
1.000000e-07,100.000000,2.000000e+00,5.000000e-08,5.74143536e-01,2.87071768e-08,4.61794409e-01,5.38205591e-01
1.000000e-07,100.000000,2.000000e+00,5.000000e-08,5.74643661e-01,2.87321830e-08,4.62066530e-01,5.37933470e-01
1.000000e-07,100.000000,2.000000e+00,5.000000e-08,5.75143786e-01,2.87571893e-08,4.62338360e-01,5.37661640e-01
1.000000e-07,100.000000,2.000000e+00,5.000000e-08,5.75643911e-01,2.87821955e-08,4.62609897e-01,5.37390103e-01
1.000000e-07,100.000000,2.000000e+00,5.000000e-08,5.76144036e-01,2.88072018e-08,4.62881141e-01,5.37118859e-01
1.000000e-07,100.000000,2.000000e+00,5.000000e-08,5.76644161e-01,2.88322081e-08,4.63152093e-01,5.36847907e-01
1.000000e-07,100.000000,2.000000e+00,5.000000e-08,5.77144286e-01,2.88572143e-08,4.63422752e-01,5.36577248e-01
1.000000e-07,100.000000,2.000000e+00,5.000000e-08,5.77644411e-01,2.88822206e-08,4.63693119e-01,5.36306881e-01
1.000000e-07,100.000000,2.000000e+00,5.000000e-08,5.78144536e-01,2.89072268e-08,4.63963192e-01,5.36036808e-01
1.000000e-07,100.000000,2.000000e+00,5.000000e-08,5.78644661e-01,2.89322331e-08,4.64232973e-01,5.35767027e-01
1.000000e-07,100.000000,2.000000e+00,5.000000e-08,5.79144786e-01,2.89572393e-08,4.64502460e-01,5.35497540e-01
1.000000e-07,100.000000,2.000000e+00,5.000000e-08,5.79644911e-01,2.89822456e-08,4.64771654e-01,5.35228346e-01
1.000000e-07,100.000000,2.000000e+00,5.000000e-08,5.80145036e-01,2.90072518e-08,4.65040555e-01,5.34959445e-01
1.000000e-07,100.000000,2.000000e+00,5.000000e-08,5.80645161e-01,2.90322581e-08,4.65309162e-01,5.34690838e-01
1.000000e-07,100.000000,2.000000e+00,5.000000e-08,5.81145286e-01,2.90572643e-08,4.65577476e-01,5.34422524e-01
1.000000e-07,100.000000,2.000000e+00,5.000000e-08,5.81645411e-01,2.90822706e-08,4.65845496e-01,5.34154504e-01
1.000000e-07,100.000000,2.000000e+00,5.000000e-08,5.82145536e-01,2.91072768e-08,4.66113222e-01,5.33886778e-01
1.000000e-07,100.000000,2.000000e+00,5.000000e-08,5.82645661e-01,2.91322831e-08,4.66380655e-01,5.33619345e-01
1.000000e-07,100.000000,2.000000e+00,5.000000e-08,5.83145786e-01,2.91572893e-08,4.66647793e-01,5.33352207e-01
1.000000e-07,100.000000,2.000000e+00,5.000000e-08,5.83645911e-01,2.91822956e-08,4.66914637e-01,5.33085363e-01
1.000000e-07,100.000000,2.000000e+00,5.000000e-08,5.84146037e-01,2.92073018e-08,4.67181187e-01,5.32818813e-01
1.000000e-07,100.000000,2.000000e+00,5.000000e-08,5.84646162e-01,2.92323081e-08,4.67447443e-01,5.32552557e-01
1.000000e-07,100.000000,2.000000e+00,5.000000e-08,5.85146287e-01,2.92573143e-08,4.67713404e-01,5.32286596e-01
1.000000e-07,100.000000,2.000000e+00,5.000000e-08,5.85646412e-01,2.92823206e-08,4.67979071e-01,5.32020929e-01
1.000000e-07,100.000000,2.000000e+00,5.000000e-08,5.86146537e-01,2.93073268e-08,4.68244443e-01,5.31755557e-01
1.000000e-07,100.000000,2.000000e+00,5.000000e-08,5.86646662e-01,2.93323331e-08,4.68509521e-01,5.31490479e-01
1.000000e-07,100.000000,2.000000e+00,5.000000e-08,5.87146787e-01,2.93573393e-08,4.68774303e-01,5.31225697e-01
1.000000e-07,100.000000,2.000000e+00,5.000000e-08,5.87646912e-01,2.93823456e-08,4.69038791e-01,5.30961209e-01
1.000000e-07,100.000000,2.000000e+00,5.000000e-08,5.88147037e-01,2.94073518e-08,4.69302983e-01,5.30697017e-01
1.000000e-07,100.000000,2.000000e+00,5.000000e-08,5.88647162e-01,2.94323581e-08,4.69566880e-01,5.30433120e-01
1.000000e-07,100.000000,2.000000e+00,5.000000e-08,5.89147287e-01,2.94573643e-08,4.69830482e-01,5.30169518e-01
1.000000e-07,100.000000,2.000000e+00,5.000000e-08,5.89647412e-01,2.94823706e-08,4.70093789e-01,5.29906211e-01
1.000000e-07,100.000000,2.000000e+00,5.000000e-08,5.90147537e-01,2.95073768e-08,4.70356800e-01,5.29643200e-01
1.000000e-07,100.000000,2.000000e+00,5.000000e-08,5.90647662e-01,2.95323831e-08,4.70619516e-01,5.29380484e-01
1.000000e-07,100.000000,2.000000e+00,5.000000e-08,5.91147787e-01,2.95573893e-08,4.70881936e-01,5.29118064e-01
1.000000e-07,100.000000,2.000000e+00,5.000000e-08,5.91647912e-01,2.95823956e-08,4.71144060e-01,5.28855940e-01
1.000000e-07,100.000000,2.000000e+00,5.000000e-08,5.92148037e-01,2.96074019e-08,4.71405888e-01,5.28594112e-01
1.000000e-07,100.000000,2.000000e+00,5.000000e-08,5.92648162e-01,2.96324081e-08,4.71667420e-01,5.28332580e-01
1.000000e-07,100.000000,2.000000e+00,5.000000e-08,5.93148287e-01,2.96574144e-08,4.71928656e-01,5.28071344e-01
1.000000e-07,100.000000,2.000000e+00,5.000000e-08,5.93648412e-01,2.96824206e-08,4.72189596e-01,5.27810404e-01
1.000000e-07,100.000000,2.000000e+00,5.000000e-08,5.94148537e-01,2.97074269e-08,4.72450240e-01,5.27549760e-01
1.000000e-07,100.000000,2.000000e+00,5.000000e-08,5.94648662e-01,2.97324331e-08,4.72710587e-01,5.27289413e-01
1.000000e-07,100.000000,2.000000e+00,5.000000e-08,5.95148787e-01,2.97574394e-08,4.72970637e-01,5.27029363e-01
1.000000e-07,100.000000,2.000000e+00,5.000000e-08,5.95648912e-01,2.97824456e-08,4.73230391e-01,5.26769609e-01
1.000000e-07,100.000000,2.000000e+00,5.000000e-08,5.96149037e-01,2.98074519e-08,4.73489849e-01,5.26510151e-01
1.000000e-07,100.000000,2.000000e+00,5.000000e-08,5.96649162e-01,2.98324581e-08,4.73749009e-01,5.26250991e-01
1.000000e-07,100.000000,2.000000e+00,5.000000e-08,5.97149287e-01,2.98574644e-08,4.74007872e-01,5.25992128e-01
1.000000e-07,100.000000,2.000000e+00,5.000000e-08,5.97649412e-01,2.98824706e-08,4.74266439e-01,5.25733561e-01
1.000000e-07,100.000000,2.000000e+00,5.000000e-08,5.98149537e-01,2.99074769e-08,4.74524708e-01,5.25475292e-01
1.000000e-07,100.000000,2.000000e+00,5.000000e-08,5.98649662e-01,2.99324831e-08,4.74782680e-01,5.25217320e-01
1.000000e-07,100.000000,2.000000e+00,5.000000e-08,5.99149787e-01,2.99574894e-08,4.75040355e-01,5.24959645e-01
1.000000e-07,100.000000,2.000000e+00,5.000000e-08,5.99649912e-01,2.99824956e-08,4.75297732e-01,5.24702268e-01
1.000000e-07,100.000000,2.000000e+00,5.000000e-08,6.00150038e-01,3.00075019e-08,4.75554812e-01,5.24445188e-01
1.000000e-07,100.000000,2.000000e+00,5.000000e-08,6.00650163e-01,3.00325081e-08,4.75811594e-01,5.24188406e-01
1.000000e-07,100.000000,2.000000e+00,5.000000e-08,6.01150288e-01,3.00575144e-08,4.76068078e-01,5.23931922e-01
1.000000e-07,100.000000,2.000000e+00,5.000000e-08,6.01650413e-01,3.00825206e-08,4.76324265e-01,5.23675735e-01
1.000000e-07,100.000000,2.000000e+00,5.000000e-08,6.02150538e-01,3.01075269e-08,4.76580154e-01,5.23419846e-01
1.000000e-07,100.000000,2.000000e+00,5.000000e-08,6.02650663e-01,3.01325331e-08,4.76835744e-01,5.23164256e-01
1.000000e-07,100.000000,2.000000e+00,5.000000e-08,6.03150788e-01,3.01575394e-08,4.77091037e-01,5.22908963e-01
1.000000e-07,100.000000,2.000000e+00,5.000000e-08,6.03650913e-01,3.01825456e-08,4.77346031e-01,5.22653969e-01
1.000000e-07,100.000000,2.000000e+00,5.000000e-08,6.04151038e-01,3.02075519e-08,4.77600726e-01,5.22399274e-01
1.000000e-07,100.000000,2.000000e+00,5.000000e-08,6.04651163e-01,3.02325581e-08,4.77855124e-01,5.22144876e-01
1.000000e-07,100.000000,2.000000e+00,5.000000e-08,6.05151288e-01,3.02575644e-08,4.78109223e-01,5.21890777e-01
1.000000e-07,100.000000,2.000000e+00,5.000000e-08,6.05651413e-01,3.02825706e-08,4.78363023e-01,5.21636977e-01
1.000000e-07,100.000000,2.000000e+00,5.000000e-08,6.06151538e-01,3.03075769e-08,4.78616524e-01,5.21383476e-01
1.000000e-07,100.000000,2.000000e+00,5.000000e-08,6.06651663e-01,3.03325831e-08,4.78869727e-01,5.21130273e-01
1.000000e-07,100.000000,2.000000e+00,5.000000e-08,6.07151788e-01,3.03575894e-08,4.79122631e-01,5.20877369e-01
1.000000e-07,100.000000,2.000000e+00,5.000000e-08,6.07651913e-01,3.03825956e-08,4.79375235e-01,5.20624765e-01
1.000000e-07,100.000000,2.000000e+00,5.000000e-08,6.08152038e-01,3.04076019e-08,4.79627541e-01,5.20372459e-01
1.000000e-07,100.000000,2.000000e+00,5.000000e-08,6.08652163e-01,3.04326082e-08,4.79879547e-01,5.20120453e-01
1.000000e-07,100.000000,2.000000e+00,5.000000e-08,6.09152288e-01,3.04576144e-08,4.80131254e-01,5.19868746e-01
1.000000e-07,100.000000,2.000000e+00,5.000000e-08,6.09652413e-01,3.04826207e-08,4.80382662e-01,5.19617338e-01
1.000000e-07,100.000000,2.000000e+00,5.000000e-08,6.10152538e-01,3.05076269e-08,4.80633770e-01,5.19366230e-01
1.000000e-07,100.000000,2.000000e+00,5.000000e-08,6.10652663e-01,3.05326332e-08,4.80884578e-01,5.19115422e-01
1.000000e-07,100.000000,2.000000e+00,5.000000e-08,6.11152788e-01,3.05576394e-08,4.81135087e-01,5.18864913e-01
1.000000e-07,100.000000,2.000000e+00,5.000000e-08,6.11652913e-01,3.05826457e-08,4.81385296e-01,5.18614704e-01
1.000000e-07,100.000000,2.000000e+00,5.000000e-08,6.12153038e-01,3.06076519e-08,4.81635205e-01,5.18364795e-01
1.000000e-07,100.000000,2.000000e+00,5.000000e-08,6.12653163e-01,3.06326582e-08,4.81884814e-01,5.18115186e-01
1.000000e-07,100.000000,2.000000e+00,5.000000e-08,6.13153288e-01,3.06576644e-08,4.82134123e-01,5.17865877e-01
1.000000e-07,100.000000,2.000000e+00,5.000000e-08,6.13653413e-01,3.06826707e-08,4.82383131e-01,5.17616869e-01
1.000000e-07,100.000000,2.000000e+00,5.000000e-08,6.14153538e-01,3.07076769e-08,4.82631840e-01,5.17368160e-01
1.000000e-07,100.000000,2.000000e+00,5.000000e-08,6.14653663e-01,3.07326832e-08,4.82880248e-01,5.17119752e-01
1.000000e-07,100.000000,2.000000e+00,5.000000e-08,6.15153788e-01,3.07576894e-08,4.83128355e-01,5.16871645e-01
1.000000e-07,100.000000,2.000000e+00,5.000000e-08,6.15653913e-01,3.07826957e-08,4.83376162e-01,5.16623838e-01
1.000000e-07,100.000000,2.000000e+00,5.000000e-08,6.16154039e-01,3.08077019e-08,4.83623669e-01,5.16376331e-01
1.000000e-07,100.000000,2.000000e+00,5.000000e-08,6.16654164e-01,3.08327082e-08,4.83870874e-01,5.16129126e-01
1.000000e-07,100.000000,2.000000e+00,5.000000e-08,6.17154289e-01,3.08577144e-08,4.84117779e-01,5.15882221e-01
1.000000e-07,100.000000,2.000000e+00,5.000000e-08,6.17654414e-01,3.08827207e-08,4.84364383e-01,5.15635617e-01
1.000000e-07,100.000000,2.000000e+00,5.000000e-08,6.18154539e-01,3.09077269e-08,4.84610685e-01,5.15389315e-01
1.000000e-07,100.000000,2.000000e+00,5.000000e-08,6.18654664e-01,3.09327332e-08,4.84856687e-01,5.15143313e-01
1.000000e-07,100.000000,2.000000e+00,5.000000e-08,6.19154789e-01,3.09577394e-08,4.85102387e-01,5.14897613e-01
1.000000e-07,100.000000,2.000000e+00,5.000000e-08,6.19654914e-01,3.09827457e-08,4.85347786e-01,5.14652214e-01
1.000000e-07,100.000000,2.000000e+00,5.000000e-08,6.20155039e-01,3.10077519e-08,4.85592884e-01,5.14407116e-01
1.000000e-07,100.000000,2.000000e+00,5.000000e-08,6.20655164e-01,3.10327582e-08,4.85837680e-01,5.14162320e-01
1.000000e-07,100.000000,2.000000e+00,5.000000e-08,6.21155289e-01,3.10577644e-08,4.86082174e-01,5.13917826e-01
1.000000e-07,100.000000,2.000000e+00,5.000000e-08,6.21655414e-01,3.10827707e-08,4.86326367e-01,5.13673633e-01
1.000000e-07,100.000000,2.000000e+00,5.000000e-08,6.22155539e-01,3.11077769e-08,4.86570258e-01,5.13429742e-01
1.000000e-07,100.000000,2.000000e+00,5.000000e-08,6.22655664e-01,3.11327832e-08,4.86813847e-01,5.13186153e-01
1.000000e-07,100.000000,2.000000e+00,5.000000e-08,6.23155789e-01,3.11577894e-08,4.87057134e-01,5.12942866e-01
1.000000e-07,100.000000,2.000000e+00,5.000000e-08,6.23655914e-01,3.11827957e-08,4.87300119e-01,5.12699881e-01
1.000000e-07,100.000000,2.000000e+00,5.000000e-08,6.24156039e-01,3.12078020e-08,4.87542802e-01,5.12457198e-01
1.000000e-07,100.000000,2.000000e+00,5.000000e-08,6.24656164e-01,3.12328082e-08,4.87785182e-01,5.12214818e-01
1.000000e-07,100.000000,2.000000e+00,5.000000e-08,6.25156289e-01,3.12578145e-08,4.88027260e-01,5.11972740e-01
1.000000e-07,100.000000,2.000000e+00,5.000000e-08,6.25656414e-01,3.12828207e-08,4.88269036e-01,5.11730964e-01
1.000000e-07,100.000000,2.000000e+00,5.000000e-08,6.26156539e-01,3.13078270e-08,4.88510509e-01,5.11489491e-01
1.000000e-07,100.000000,2.000000e+00,5.000000e-08,6.26656664e-01,3.13328332e-08,4.88751680e-01,5.11248320e-01
1.000000e-07,100.000000,2.000000e+00,5.000000e-08,6.27156789e-01,3.13578395e-08,4.88992548e-01,5.11007452e-01
1.000000e-07,100.000000,2.000000e+00,5.000000e-08,6.27656914e-01,3.13828457e-08,4.89233113e-01,5.10766887e-01
1.000000e-07,100.000000,2.000000e+00,5.000000e-08,6.28157039e-01,3.14078520e-08,4.89473375e-01,5.10526625e-01
1.000000e-07,100.000000,2.000000e+00,5.000000e-08,6.28657164e-01,3.14328582e-08,4.89713334e-01,5.10286666e-01
1.000000e-07,100.000000,2.000000e+00,5.000000e-08,6.29157289e-01,3.14578645e-08,4.89952991e-01,5.10047009e-01
1.000000e-07,100.000000,2.000000e+00,5.000000e-08,6.29657414e-01,3.14828707e-08,4.90192344e-01,5.09807656e-01
1.000000e-07,100.000000,2.000000e+00,5.000000e-08,6.30157539e-01,3.15078770e-08,4.90431393e-01,5.09568607e-01
1.000000e-07,100.000000,2.000000e+00,5.000000e-08,6.30657664e-01,3.15328832e-08,4.90670140e-01,5.09329860e-01
1.000000e-07,100.000000,2.000000e+00,5.000000e-08,6.31157789e-01,3.15578895e-08,4.90908583e-01,5.09091417e-01
1.000000e-07,100.000000,2.000000e+00,5.000000e-08,6.31657914e-01,3.15828957e-08,4.91146722e-01,5.08853278e-01
1.000000e-07,100.000000,2.000000e+00,5.000000e-08,6.32158040e-01,3.16079020e-08,4.91384558e-01,5.08615442e-01
1.000000e-07,100.000000,2.000000e+00,5.000000e-08,6.32658165e-01,3.16329082e-08,4.91622090e-01,5.08377910e-01
1.000000e-07,100.000000,2.000000e+00,5.000000e-08,6.33158290e-01,3.16579145e-08,4.91859318e-01,5.08140682e-01
1.000000e-07,100.000000,2.000000e+00,5.000000e-08,6.33658415e-01,3.16829207e-08,4.92096243e-01,5.07903757e-01
1.000000e-07,100.000000,2.000000e+00,5.000000e-08,6.34158540e-01,3.17079270e-08,4.92332863e-01,5.07667137e-01
1.000000e-07,100.000000,2.000000e+00,5.000000e-08,6.34658665e-01,3.17329332e-08,4.92569180e-01,5.07430820e-01
1.000000e-07,100.000000,2.000000e+00,5.000000e-08,6.35158790e-01,3.17579395e-08,4.92805192e-01,5.07194808e-01
1.000000e-07,100.000000,2.000000e+00,5.000000e-08,6.35658915e-01,3.17829457e-08,4.93040900e-01,5.06959100e-01
1.000000e-07,100.000000,2.000000e+00,5.000000e-08,6.36159040e-01,3.18079520e-08,4.93276304e-01,5.06723696e-01
1.000000e-07,100.000000,2.000000e+00,5.000000e-08,6.36659165e-01,3.18329582e-08,4.93511403e-01,5.06488597e-01
1.000000e-07,100.000000,2.000000e+00,5.000000e-08,6.37159290e-01,3.18579645e-08,4.93746198e-01,5.06253802e-01
1.000000e-07,100.000000,2.000000e+00,5.000000e-08,6.37659415e-01,3.18829707e-08,4.93980688e-01,5.06019312e-01
1.000000e-07,100.000000,2.000000e+00,5.000000e-08,6.38159540e-01,3.19079770e-08,4.94214874e-01,5.05785126e-01
1.000000e-07,100.000000,2.000000e+00,5.000000e-08,6.38659665e-01,3.19329832e-08,4.94448755e-01,5.05551245e-01
1.000000e-07,100.000000,2.000000e+00,5.000000e-08,6.39159790e-01,3.19579895e-08,4.94682331e-01,5.05317669e-01
1.000000e-07,100.000000,2.000000e+00,5.000000e-08,6.39659915e-01,3.19829957e-08,4.94915602e-01,5.05084398e-01
1.000000e-07,100.000000,2.000000e+00,5.000000e-08,6.40160040e-01,3.20080020e-08,4.95148568e-01,5.04851432e-01
1.000000e-07,100.000000,2.000000e+00,5.000000e-08,6.40660165e-01,3.20330083e-08,4.95381229e-01,5.04618771e-01
1.000000e-07,100.000000,2.000000e+00,5.000000e-08,6.41160290e-01,3.20580145e-08,4.95613585e-01,5.04386415e-01
1.000000e-07,100.000000,2.000000e+00,5.000000e-08,6.41660415e-01,3.20830208e-08,4.95845635e-01,5.04154365e-01
1.000000e-07,100.000000,2.000000e+00,5.000000e-08,6.42160540e-01,3.21080270e-08,4.96077380e-01,5.03922620e-01
1.000000e-07,100.000000,2.000000e+00,5.000000e-08,6.42660665e-01,3.21330333e-08,4.96308820e-01,5.03691180e-01
1.000000e-07,100.000000,2.000000e+00,5.000000e-08,6.43160790e-01,3.21580395e-08,4.96539954e-01,5.03460046e-01
1.000000e-07,100.000000,2.000000e+00,5.000000e-08,6.43660915e-01,3.21830458e-08,4.96770783e-01,5.03229217e-01
1.000000e-07,100.000000,2.000000e+00,5.000000e-08,6.44161040e-01,3.22080520e-08,4.97001306e-01,5.02998694e-01
1.000000e-07,100.000000,2.000000e+00,5.000000e-08,6.44661165e-01,3.22330583e-08,4.97231523e-01,5.02768477e-01
1.000000e-07,100.000000,2.000000e+00,5.000000e-08,6.45161290e-01,3.22580645e-08,4.97461434e-01,5.02538566e-01
1.000000e-07,100.000000,2.000000e+00,5.000000e-08,6.45661415e-01,3.22830708e-08,4.97691039e-01,5.02308961e-01
1.000000e-07,100.000000,2.000000e+00,5.000000e-08,6.46161540e-01,3.23080770e-08,4.97920339e-01,5.02079661e-01
1.000000e-07,100.000000,2.000000e+00,5.000000e-08,6.46661665e-01,3.23330833e-08,4.98149332e-01,5.01850668e-01
1.000000e-07,100.000000,2.000000e+00,5.000000e-08,6.47161790e-01,3.23580895e-08,4.98378019e-01,5.01621981e-01
1.000000e-07,100.000000,2.000000e+00,5.000000e-08,6.47661915e-01,3.23830958e-08,4.98606399e-01,5.01393601e-01
1.000000e-07,100.000000,2.000000e+00,5.000000e-08,6.48162041e-01,3.24081020e-08,4.98834474e-01,5.01165526e-01
1.000000e-07,100.000000,2.000000e+00,5.000000e-08,6.48662166e-01,3.24331083e-08,4.99062241e-01,5.00937759e-01
1.000000e-07,100.000000,2.000000e+00,5.000000e-08,6.49162291e-01,3.24581145e-08,4.99289703e-01,5.00710297e-01
1.000000e-07,100.000000,2.000000e+00,5.000000e-08,6.49662416e-01,3.24831208e-08,4.99516857e-01,5.00483143e-01
1.000000e-07,100.000000,2.000000e+00,5.000000e-08,6.50162541e-01,3.25081270e-08,4.99743705e-01,5.00256295e-01
1.000000e-07,100.000000,2.000000e+00,5.000000e-08,6.50662666e-01,3.25331333e-08,4.99970247e-01,5.00029753e-01
1.000000e-07,100.000000,2.000000e+00,5.000000e-08,6.51162791e-01,3.25581395e-08,5.00196481e-01,4.99803519e-01
1.000000e-07,100.000000,2.000000e+00,5.000000e-08,6.51662916e-01,3.25831458e-08,5.00422408e-01,4.99577592e-01
1.000000e-07,100.000000,2.000000e+00,5.000000e-08,6.52163041e-01,3.26081520e-08,5.00648029e-01,4.99351971e-01
1.000000e-07,100.000000,2.000000e+00,5.000000e-08,6.52663166e-01,3.26331583e-08,5.00873342e-01,4.99126658e-01
1.000000e-07,100.000000,2.000000e+00,5.000000e-08,6.53163291e-01,3.26581645e-08,5.01098348e-01,4.98901652e-01
1.000000e-07,100.000000,2.000000e+00,5.000000e-08,6.53663416e-01,3.26831708e-08,5.01323047e-01,4.98676953e-01
1.000000e-07,100.000000,2.000000e+00,5.000000e-08,6.54163541e-01,3.27081770e-08,5.01547438e-01,4.98452562e-01
1.000000e-07,100.000000,2.000000e+00,5.000000e-08,6.54663666e-01,3.27331833e-08,5.01771522e-01,4.98228478e-01
1.000000e-07,100.000000,2.000000e+00,5.000000e-08,6.55163791e-01,3.27581895e-08,5.01995299e-01,4.98004701e-01
1.000000e-07,100.000000,2.000000e+00,5.000000e-08,6.55663916e-01,3.27831958e-08,5.02218767e-01,4.97781233e-01
1.000000e-07,100.000000,2.000000e+00,5.000000e-08,6.56164041e-01,3.28082021e-08,5.02441929e-01,4.97558071e-01
1.000000e-07,100.000000,2.000000e+00,5.000000e-08,6.56664166e-01,3.28332083e-08,5.02664782e-01,4.97335218e-01
1.000000e-07,100.000000,2.000000e+00,5.000000e-08,6.57164291e-01,3.28582146e-08,5.02887328e-01,4.97112672e-01
1.000000e-07,100.000000,2.000000e+00,5.000000e-08,6.57664416e-01,3.28832208e-08,5.03109565e-01,4.96890435e-01
1.000000e-07,100.000000,2.000000e+00,5.000000e-08,6.58164541e-01,3.29082271e-08,5.03331495e-01,4.96668505e-01
1.000000e-07,100.000000,2.000000e+00,5.000000e-08,6.58664666e-01,3.29332333e-08,5.03553116e-01,4.96446884e-01
1.000000e-07,100.000000,2.000000e+00,5.000000e-08,6.59164791e-01,3.29582396e-08,5.03774430e-01,4.96225570e-01
1.000000e-07,100.000000,2.000000e+00,5.000000e-08,6.59664916e-01,3.29832458e-08,5.03995435e-01,4.96004565e-01
1.000000e-07,100.000000,2.000000e+00,5.000000e-08,6.60165041e-01,3.30082521e-08,5.04216132e-01,4.95783868e-01
1.000000e-07,100.000000,2.000000e+00,5.000000e-08,6.60665166e-01,3.30332583e-08,5.04436520e-01,4.95563480e-01
1.000000e-07,100.000000,2.000000e+00,5.000000e-08,6.61165291e-01,3.30582646e-08,5.04656600e-01,4.95343400e-01
1.000000e-07,100.000000,2.000000e+00,5.000000e-08,6.61665416e-01,3.30832708e-08,5.04876372e-01,4.95123628e-01
1.000000e-07,100.000000,2.000000e+00,5.000000e-08,6.62165541e-01,3.31082771e-08,5.05095834e-01,4.94904166e-01
1.000000e-07,100.000000,2.000000e+00,5.000000e-08,6.62665666e-01,3.31332833e-08,5.05314988e-01,4.94685012e-01
1.000000e-07,100.000000,2.000000e+00,5.000000e-08,6.63165791e-01,3.31582896e-08,5.05533834e-01,4.94466166e-01
1.000000e-07,100.000000,2.000000e+00,5.000000e-08,6.63665916e-01,3.31832958e-08,5.05752370e-01,4.94247630e-01
1.000000e-07,100.000000,2.000000e+00,5.000000e-08,6.64166042e-01,3.32083021e-08,5.05970598e-01,4.94029402e-01
1.000000e-07,100.000000,2.000000e+00,5.000000e-08,6.64666167e-01,3.32333083e-08,5.06188516e-01,4.93811484e-01
1.000000e-07,100.000000,2.000000e+00,5.000000e-08,6.65166292e-01,3.32583146e-08,5.06406125e-01,4.93593875e-01
1.000000e-07,100.000000,2.000000e+00,5.000000e-08,6.65666417e-01,3.32833208e-08,5.06623425e-01,4.93376575e-01
1.000000e-07,100.000000,2.000000e+00,5.000000e-08,6.66166542e-01,3.33083271e-08,5.06840416e-01,4.93159584e-01
1.000000e-07,100.000000,2.000000e+00,5.000000e-08,6.66666667e-01,3.33333333e-08,5.07057098e-01,4.92942902e-01
1.000000e-07,100.000000,2.000000e+00,5.000000e-08,6.67166792e-01,3.33583396e-08,5.07273470e-01,4.92726530e-01
1.000000e-07,100.000000,2.000000e+00,5.000000e-08,6.67666917e-01,3.33833458e-08,5.07489533e-01,4.92510467e-01
1.000000e-07,100.000000,2.000000e+00,5.000000e-08,6.68167042e-01,3.34083521e-08,5.07705286e-01,4.92294714e-01
1.000000e-07,100.000000,2.000000e+00,5.000000e-08,6.68667167e-01,3.34333583e-08,5.07920729e-01,4.92079271e-01
1.000000e-07,100.000000,2.000000e+00,5.000000e-08,6.69167292e-01,3.34583646e-08,5.08135863e-01,4.91864137e-01
1.000000e-07,100.000000,2.000000e+00,5.000000e-08,6.69667417e-01,3.34833708e-08,5.08350687e-01,4.91649313e-01
1.000000e-07,100.000000,2.000000e+00,5.000000e-08,6.70167542e-01,3.35083771e-08,5.08565201e-01,4.91434799e-01
1.000000e-07,100.000000,2.000000e+00,5.000000e-08,6.70667667e-01,3.35333833e-08,5.08779405e-01,4.91220595e-01
1.000000e-07,100.000000,2.000000e+00,5.000000e-08,6.71167792e-01,3.35583896e-08,5.08993299e-01,4.91006701e-01
1.000000e-07,100.000000,2.000000e+00,5.000000e-08,6.71667917e-01,3.35833958e-08,5.09206883e-01,4.90793117e-01
1.000000e-07,100.000000,2.000000e+00,5.000000e-08,6.72168042e-01,3.36084021e-08,5.09420157e-01,4.90579843e-01
1.000000e-07,100.000000,2.000000e+00,5.000000e-08,6.72668167e-01,3.36334084e-08,5.09633120e-01,4.90366880e-01
1.000000e-07,100.000000,2.000000e+00,5.000000e-08,6.73168292e-01,3.36584146e-08,5.09845773e-01,4.90154227e-01
1.000000e-07,100.000000,2.000000e+00,5.000000e-08,6.73668417e-01,3.36834209e-08,5.10058116e-01,4.89941884e-01
1.000000e-07,100.000000,2.000000e+00,5.000000e-08,6.74168542e-01,3.37084271e-08,5.10270149e-01,4.89729851e-01
1.000000e-07,100.000000,2.000000e+00,5.000000e-08,6.74668667e-01,3.37334334e-08,5.10481870e-01,4.89518130e-01
1.000000e-07,100.000000,2.000000e+00,5.000000e-08,6.75168792e-01,3.37584396e-08,5.10693282e-01,4.89306718e-01
1.000000e-07,100.000000,2.000000e+00,5.000000e-08,6.75668917e-01,3.37834459e-08,5.10904382e-01,4.89095618e-01
1.000000e-07,100.000000,2.000000e+00,5.000000e-08,6.76169042e-01,3.38084521e-08,5.11115172e-01,4.88884828e-01
1.000000e-07,100.000000,2.000000e+00,5.000000e-08,6.76669167e-01,3.38334584e-08,5.11325651e-01,4.88674349e-01
1.000000e-07,100.000000,2.000000e+00,5.000000e-08,6.77169292e-01,3.38584646e-08,5.11535819e-01,4.88464181e-01
1.000000e-07,100.000000,2.000000e+00,5.000000e-08,6.77669417e-01,3.38834709e-08,5.11745676e-01,4.88254324e-01
1.000000e-07,100.000000,2.000000e+00,5.000000e-08,6.78169542e-01,3.39084771e-08,5.11955221e-01,4.88044779e-01
1.000000e-07,100.000000,2.000000e+00,5.000000e-08,6.78669667e-01,3.39334834e-08,5.12164456e-01,4.87835544e-01
1.000000e-07,100.000000,2.000000e+00,5.000000e-08,6.79169792e-01,3.39584896e-08,5.12373380e-01,4.87626620e-01
1.000000e-07,100.000000,2.000000e+00,5.000000e-08,6.79669917e-01,3.39834959e-08,5.12581992e-01,4.87418008e-01
1.000000e-07,100.000000,2.000000e+00,5.000000e-08,6.80170043e-01,3.40085021e-08,5.12790293e-01,4.87209707e-01
1.000000e-07,100.000000,2.000000e+00,5.000000e-08,6.80670168e-01,3.40335084e-08,5.12998282e-01,4.87001718e-01
1.000000e-07,100.000000,2.000000e+00,5.000000e-08,6.81170293e-01,3.40585146e-08,5.13205960e-01,4.86794040e-01
1.000000e-07,100.000000,2.000000e+00,5.000000e-08,6.81670418e-01,3.40835209e-08,5.13413327e-01,4.86586673e-01
1.000000e-07,100.000000,2.000000e+00,5.000000e-08,6.82170543e-01,3.41085271e-08,5.13620382e-01,4.86379618e-01
1.000000e-07,100.000000,2.000000e+00,5.000000e-08,6.82670668e-01,3.41335334e-08,5.13827125e-01,4.86172875e-01
1.000000e-07,100.000000,2.000000e+00,5.000000e-08,6.83170793e-01,3.41585396e-08,5.14033556e-01,4.85966444e-01
1.000000e-07,100.000000,2.000000e+00,5.000000e-08,6.83670918e-01,3.41835459e-08,5.14239675e-01,4.85760325e-01
1.000000e-07,100.000000,2.000000e+00,5.000000e-08,6.84171043e-01,3.42085521e-08,5.14445483e-01,4.85554517e-01
1.000000e-07,100.000000,2.000000e+00,5.000000e-08,6.84671168e-01,3.42335584e-08,5.14650978e-01,4.85349022e-01
1.000000e-07,100.000000,2.000000e+00,5.000000e-08,6.85171293e-01,3.42585646e-08,5.14856161e-01,4.85143839e-01
1.000000e-07,100.000000,2.000000e+00,5.000000e-08,6.85671418e-01,3.42835709e-08,5.15061033e-01,4.84938967e-01
1.000000e-07,100.000000,2.000000e+00,5.000000e-08,6.86171543e-01,3.43085771e-08,5.15265592e-01,4.84734408e-01
1.000000e-07,100.000000,2.000000e+00,5.000000e-08,6.86671668e-01,3.43335834e-08,5.15469838e-01,4.84530162e-01
1.000000e-07,100.000000,2.000000e+00,5.000000e-08,6.87171793e-01,3.43585896e-08,5.15673773e-01,4.84326227e-01
1.000000e-07,100.000000,2.000000e+00,5.000000e-08,6.87671918e-01,3.43835959e-08,5.15877395e-01,4.84122605e-01
1.000000e-07,100.000000,2.000000e+00,5.000000e-08,6.88172043e-01,3.44086022e-08,5.16080704e-01,4.83919296e-01
1.000000e-07,100.000000,2.000000e+00,5.000000e-08,6.88672168e-01,3.44336084e-08,5.16283701e-01,4.83716299e-01
1.000000e-07,100.000000,2.000000e+00,5.000000e-08,6.89172293e-01,3.44586147e-08,5.16486385e-01,4.83513615e-01
1.000000e-07,100.000000,2.000000e+00,5.000000e-08,6.89672418e-01,3.44836209e-08,5.16688757e-01,4.83311243e-01
1.000000e-07,100.000000,2.000000e+00,5.000000e-08,6.90172543e-01,3.45086272e-08,5.16890815e-01,4.83109185e-01
1.000000e-07,100.000000,2.000000e+00,5.000000e-08,6.90672668e-01,3.45336334e-08,5.17092561e-01,4.82907439e-01
1.000000e-07,100.000000,2.000000e+00,5.000000e-08,6.91172793e-01,3.45586397e-08,5.17293994e-01,4.82706006e-01
1.000000e-07,100.000000,2.000000e+00,5.000000e-08,6.91672918e-01,3.45836459e-08,5.17495114e-01,4.82504886e-01
1.000000e-07,100.000000,2.000000e+00,5.000000e-08,6.92173043e-01,3.46086522e-08,5.17695921e-01,4.82304079e-01
1.000000e-07,100.000000,2.000000e+00,5.000000e-08,6.92673168e-01,3.46336584e-08,5.17896415e-01,4.82103585e-01
1.000000e-07,100.000000,2.000000e+00,5.000000e-08,6.93173293e-01,3.46586647e-08,5.18096595e-01,4.81903405e-01
1.000000e-07,100.000000,2.000000e+00,5.000000e-08,6.93673418e-01,3.46836709e-08,5.18296463e-01,4.81703537e-01
1.000000e-07,100.000000,2.000000e+00,5.000000e-08,6.94173543e-01,3.47086772e-08,5.18496017e-01,4.81503983e-01
1.000000e-07,100.000000,2.000000e+00,5.000000e-08,6.94673668e-01,3.47336834e-08,5.18695257e-01,4.81304743e-01
1.000000e-07,100.000000,2.000000e+00,5.000000e-08,6.95173793e-01,3.47586897e-08,5.18894185e-01,4.81105815e-01
1.000000e-07,100.000000,2.000000e+00,5.000000e-08,6.95673918e-01,3.47836959e-08,5.19092798e-01,4.80907202e-01
1.000000e-07,100.000000,2.000000e+00,5.000000e-08,6.96174044e-01,3.48087022e-08,5.19291098e-01,4.80708902e-01
1.000000e-07,100.000000,2.000000e+00,5.000000e-08,6.96674169e-01,3.48337084e-08,5.19489085e-01,4.80510915e-01
1.000000e-07,100.000000,2.000000e+00,5.000000e-08,6.97174294e-01,3.48587147e-08,5.19686757e-01,4.80313243e-01
1.000000e-07,100.000000,2.000000e+00,5.000000e-08,6.97674419e-01,3.48837209e-08,5.19884116e-01,4.80115884e-01
1.000000e-07,100.000000,2.000000e+00,5.000000e-08,6.98174544e-01,3.49087272e-08,5.20081161e-01,4.79918839e-01
1.000000e-07,100.000000,2.000000e+00,5.000000e-08,6.98674669e-01,3.49337334e-08,5.20277892e-01,4.79722108e-01
1.000000e-07,100.000000,2.000000e+00,5.000000e-08,6.99174794e-01,3.49587397e-08,5.20474309e-01,4.79525691e-01
1.000000e-07,100.000000,2.000000e+00,5.000000e-08,6.99674919e-01,3.49837459e-08,5.20670412e-01,4.79329588e-01
1.000000e-07,100.000000,2.000000e+00,5.000000e-08,7.00175044e-01,3.50087522e-08,5.20866201e-01,4.79133799e-01
1.000000e-07,100.000000,2.000000e+00,5.000000e-08,7.00675169e-01,3.50337584e-08,5.21061675e-01,4.78938325e-01
1.000000e-07,100.000000,2.000000e+00,5.000000e-08,7.01175294e-01,3.50587647e-08,5.21256836e-01,4.78743164e-01
1.000000e-07,100.000000,2.000000e+00,5.000000e-08,7.01675419e-01,3.50837709e-08,5.21451682e-01,4.78548318e-01
1.000000e-07,100.000000,2.000000e+00,5.000000e-08,7.02175544e-01,3.51087772e-08,5.21646213e-01,4.78353787e-01
1.000000e-07,100.000000,2.000000e+00,5.000000e-08,7.02675669e-01,3.51337834e-08,5.21840430e-01,4.78159570e-01
1.000000e-07,100.000000,2.000000e+00,5.000000e-08,7.03175794e-01,3.51587897e-08,5.22034333e-01,4.77965667e-01
1.000000e-07,100.000000,2.000000e+00,5.000000e-08,7.03675919e-01,3.51837959e-08,5.22227921e-01,4.77772079e-01
1.000000e-07,100.000000,2.000000e+00,5.000000e-08,7.04176044e-01,3.52088022e-08,5.22421194e-01,4.77578806e-01
1.000000e-07,100.000000,2.000000e+00,5.000000e-08,7.04676169e-01,3.52338085e-08,5.22614153e-01,4.77385847e-01
1.000000e-07,100.000000,2.000000e+00,5.000000e-08,7.05176294e-01,3.52588147e-08,5.22806797e-01,4.77193203e-01
1.000000e-07,100.000000,2.000000e+00,5.000000e-08,7.05676419e-01,3.52838210e-08,5.22999126e-01,4.77000874e-01
1.000000e-07,100.000000,2.000000e+00,5.000000e-08,7.06176544e-01,3.53088272e-08,5.23191140e-01,4.76808860e-01
1.000000e-07,100.000000,2.000000e+00,5.000000e-08,7.06676669e-01,3.53338335e-08,5.23382839e-01,4.76617161e-01
1.000000e-07,100.000000,2.000000e+00,5.000000e-08,7.07176794e-01,3.53588397e-08,5.23574223e-01,4.76425777e-01
1.000000e-07,100.000000,2.000000e+00,5.000000e-08,7.07676919e-01,3.53838460e-08,5.23765292e-01,4.76234708e-01
1.000000e-07,100.000000,2.000000e+00,5.000000e-08,7.08177044e-01,3.54088522e-08,5.23956045e-01,4.76043955e-01
1.000000e-07,100.000000,2.000000e+00,5.000000e-08,7.08677169e-01,3.54338585e-08,5.24146484e-01,4.75853516e-01
1.000000e-07,100.000000,2.000000e+00,5.000000e-08,7.09177294e-01,3.54588647e-08,5.24336607e-01,4.75663393e-01
1.000000e-07,100.000000,2.000000e+00,5.000000e-08,7.09677419e-01,3.54838710e-08,5.24526415e-01,4.75473585e-01
1.000000e-07,100.000000,2.000000e+00,5.000000e-08,7.10177544e-01,3.55088772e-08,5.24715907e-01,4.75284093e-01
1.000000e-07,100.000000,2.000000e+00,5.000000e-08,7.10677669e-01,3.55338835e-08,5.24905084e-01,4.75094916e-01
1.000000e-07,100.000000,2.000000e+00,5.000000e-08,7.11177794e-01,3.55588897e-08,5.25093945e-01,4.74906055e-01
1.000000e-07,100.000000,2.000000e+00,5.000000e-08,7.11677919e-01,3.55838960e-08,5.25282491e-01,4.74717509e-01
1.000000e-07,100.000000,2.000000e+00,5.000000e-08,7.12178045e-01,3.56089022e-08,5.25470721e-01,4.74529279e-01
1.000000e-07,100.000000,2.000000e+00,5.000000e-08,7.12678170e-01,3.56339085e-08,5.25658635e-01,4.74341365e-01
1.000000e-07,100.000000,2.000000e+00,5.000000e-08,7.13178295e-01,3.56589147e-08,5.25846234e-01,4.74153766e-01
1.000000e-07,100.000000,2.000000e+00,5.000000e-08,7.13678420e-01,3.56839210e-08,5.26033516e-01,4.73966484e-01
1.000000e-07,100.000000,2.000000e+00,5.000000e-08,7.14178545e-01,3.57089272e-08,5.26220483e-01,4.73779517e-01
1.000000e-07,100.000000,2.000000e+00,5.000000e-08,7.14678670e-01,3.57339335e-08,5.26407133e-01,4.73592867e-01
1.000000e-07,100.000000,2.000000e+00,5.000000e-08,7.15178795e-01,3.57589397e-08,5.26593468e-01,4.73406532e-01
1.000000e-07,100.000000,2.000000e+00,5.000000e-08,7.15678920e-01,3.57839460e-08,5.26779486e-01,4.73220514e-01
1.000000e-07,100.000000,2.000000e+00,5.000000e-08,7.16179045e-01,3.58089522e-08,5.26965189e-01,4.73034811e-01
1.000000e-07,100.000000,2.000000e+00,5.000000e-08,7.16679170e-01,3.58339585e-08,5.27150575e-01,4.72849425e-01
1.000000e-07,100.000000,2.000000e+00,5.000000e-08,7.17179295e-01,3.58589647e-08,5.27335644e-01,4.72664356e-01
1.000000e-07,100.000000,2.000000e+00,5.000000e-08,7.17679420e-01,3.58839710e-08,5.27520398e-01,4.72479602e-01
1.000000e-07,100.000000,2.000000e+00,5.000000e-08,7.18179545e-01,3.59089772e-08,5.27704835e-01,4.72295165e-01
1.000000e-07,100.000000,2.000000e+00,5.000000e-08,7.18679670e-01,3.59339835e-08,5.27888955e-01,4.72111045e-01
1.000000e-07,100.000000,2.000000e+00,5.000000e-08,7.19179795e-01,3.59589897e-08,5.28072759e-01,4.71927241e-01
1.000000e-07,100.000000,2.000000e+00,5.000000e-08,7.19679920e-01,3.59839960e-08,5.28256246e-01,4.71743754e-01
1.000000e-07,100.000000,2.000000e+00,5.000000e-08,7.20180045e-01,3.60090023e-08,5.28439417e-01,4.71560583e-01
1.000000e-07,100.000000,2.000000e+00,5.000000e-08,7.20680170e-01,3.60340085e-08,5.28622271e-01,4.71377729e-01
1.000000e-07,100.000000,2.000000e+00,5.000000e-08,7.21180295e-01,3.60590148e-08,5.28804808e-01,4.71195192e-01
1.000000e-07,100.000000,2.000000e+00,5.000000e-08,7.21680420e-01,3.60840210e-08,5.28987028e-01,4.71012972e-01
1.000000e-07,100.000000,2.000000e+00,5.000000e-08,7.22180545e-01,3.61090273e-08,5.29168932e-01,4.70831068e-01
1.000000e-07,100.000000,2.000000e+00,5.000000e-08,7.22680670e-01,3.61340335e-08,5.29350518e-01,4.70649482e-01
1.000000e-07,100.000000,2.000000e+00,5.000000e-08,7.23180795e-01,3.61590398e-08,5.29531787e-01,4.70468213e-01
1.000000e-07,100.000000,2.000000e+00,5.000000e-08,7.23680920e-01,3.61840460e-08,5.29712740e-01,4.70287260e-01
1.000000e-07,100.000000,2.000000e+00,5.000000e-08,7.24181045e-01,3.62090523e-08,5.29893375e-01,4.70106625e-01
1.000000e-07,100.000000,2.000000e+00,5.000000e-08,7.24681170e-01,3.62340585e-08,5.30073693e-01,4.69926307e-01
1.000000e-07,100.000000,2.000000e+00,5.000000e-08,7.25181295e-01,3.62590648e-08,5.30253693e-01,4.69746307e-01
1.000000e-07,100.000000,2.000000e+00,5.000000e-08,7.25681420e-01,3.62840710e-08,5.30433377e-01,4.69566623e-01
1.000000e-07,100.000000,2.000000e+00,5.000000e-08,7.26181545e-01,3.63090773e-08,5.30612743e-01,4.69387257e-01
1.000000e-07,100.000000,2.000000e+00,5.000000e-08,7.26681670e-01,3.63340835e-08,5.30791791e-01,4.69208209e-01
1.000000e-07,100.000000,2.000000e+00,5.000000e-08,7.27181795e-01,3.63590898e-08,5.30970522e-01,4.69029478e-01
1.000000e-07,100.000000,2.000000e+00,5.000000e-08,7.27681920e-01,3.63840960e-08,5.31148936e-01,4.68851064e-01
1.000000e-07,100.000000,2.000000e+00,5.000000e-08,7.28182046e-01,3.64091023e-08,5.31327031e-01,4.68672969e-01
1.000000e-07,100.000000,2.000000e+00,5.000000e-08,7.28682171e-01,3.64341085e-08,5.31504810e-01,4.68495190e-01
1.000000e-07,100.000000,2.000000e+00,5.000000e-08,7.29182296e-01,3.64591148e-08,5.31682270e-01,4.68317730e-01
1.000000e-07,100.000000,2.000000e+00,5.000000e-08,7.29682421e-01,3.64841210e-08,5.31859413e-01,4.68140587e-01
1.000000e-07,100.000000,2.000000e+00,5.000000e-08,7.30182546e-01,3.65091273e-08,5.32036237e-01,4.67963763e-01
1.000000e-07,100.000000,2.000000e+00,5.000000e-08,7.30682671e-01,3.65341335e-08,5.32212744e-01,4.67787256e-01
1.000000e-07,100.000000,2.000000e+00,5.000000e-08,7.31182796e-01,3.65591398e-08,5.32388933e-01,4.67611067e-01
1.000000e-07,100.000000,2.000000e+00,5.000000e-08,7.31682921e-01,3.65841460e-08,5.32564804e-01,4.67435196e-01
1.000000e-07,100.000000,2.000000e+00,5.000000e-08,7.32183046e-01,3.66091523e-08,5.32740357e-01,4.67259643e-01
1.000000e-07,100.000000,2.000000e+00,5.000000e-08,7.32683171e-01,3.66341585e-08,5.32915592e-01,4.67084408e-01
1.000000e-07,100.000000,2.000000e+00,5.000000e-08,7.33183296e-01,3.66591648e-08,5.33090508e-01,4.66909492e-01
1.000000e-07,100.000000,2.000000e+00,5.000000e-08,7.33683421e-01,3.66841710e-08,5.33265106e-01,4.66734894e-01
1.000000e-07,100.000000,2.000000e+00,5.000000e-08,7.34183546e-01,3.67091773e-08,5.33439386e-01,4.66560614e-01
1.000000e-07,100.000000,2.000000e+00,5.000000e-08,7.34683671e-01,3.67341835e-08,5.33613348e-01,4.66386652e-01
1.000000e-07,100.000000,2.000000e+00,5.000000e-08,7.35183796e-01,3.67591898e-08,5.33786991e-01,4.66213009e-01
1.000000e-07,100.000000,2.000000e+00,5.000000e-08,7.35683921e-01,3.67841960e-08,5.33960316e-01,4.66039684e-01
1.000000e-07,100.000000,2.000000e+00,5.000000e-08,7.36184046e-01,3.68092023e-08,5.34133322e-01,4.65866678e-01
1.000000e-07,100.000000,2.000000e+00,5.000000e-08,7.36684171e-01,3.68342086e-08,5.34306010e-01,4.65693990e-01
1.000000e-07,100.000000,2.000000e+00,5.000000e-08,7.37184296e-01,3.68592148e-08,5.34478379e-01,4.65521621e-01
1.000000e-07,100.000000,2.000000e+00,5.000000e-08,7.37684421e-01,3.68842211e-08,5.34650429e-01,4.65349571e-01
1.000000e-07,100.000000,2.000000e+00,5.000000e-08,7.38184546e-01,3.69092273e-08,5.34822161e-01,4.65177839e-01
1.000000e-07,100.000000,2.000000e+00,5.000000e-08,7.38684671e-01,3.69342336e-08,5.34993573e-01,4.65006427e-01
1.000000e-07,100.000000,2.000000e+00,5.000000e-08,7.39184796e-01,3.69592398e-08,5.35164667e-01,4.64835333e-01
1.000000e-07,100.000000,2.000000e+00,5.000000e-08,7.39684921e-01,3.69842461e-08,5.35335442e-01,4.64664558e-01
1.000000e-07,100.000000,2.000000e+00,5.000000e-08,7.40185046e-01,3.70092523e-08,5.35505898e-01,4.64494102e-01
1.000000e-07,100.000000,2.000000e+00,5.000000e-08,7.40685171e-01,3.70342586e-08,5.35676035e-01,4.64323965e-01
1.000000e-07,100.000000,2.000000e+00,5.000000e-08,7.41185296e-01,3.70592648e-08,5.35845853e-01,4.64154147e-01
1.000000e-07,100.000000,2.000000e+00,5.000000e-08,7.41685421e-01,3.70842711e-08,5.36015352e-01,4.63984648e-01
1.000000e-07,100.000000,2.000000e+00,5.000000e-08,7.42185546e-01,3.71092773e-08,5.36184531e-01,4.63815469e-01
1.000000e-07,100.000000,2.000000e+00,5.000000e-08,7.42685671e-01,3.71342836e-08,5.36353392e-01,4.63646608e-01
1.000000e-07,100.000000,2.000000e+00,5.000000e-08,7.43185796e-01,3.71592898e-08,5.36521933e-01,4.63478067e-01
1.000000e-07,100.000000,2.000000e+00,5.000000e-08,7.43685921e-01,3.71842961e-08,5.36690155e-01,4.63309845e-01
1.000000e-07,100.000000,2.000000e+00,5.000000e-08,7.44186047e-01,3.72093023e-08,5.36858057e-01,4.63141943e-01
1.000000e-07,100.000000,2.000000e+00,5.000000e-08,7.44686172e-01,3.72343086e-08,5.37025640e-01,4.62974360e-01
1.000000e-07,100.000000,2.000000e+00,5.000000e-08,7.45186297e-01,3.72593148e-08,5.37192903e-01,4.62807097e-01
1.000000e-07,100.000000,2.000000e+00,5.000000e-08,7.45686422e-01,3.72843211e-08,5.37359847e-01,4.62640153e-01
1.000000e-07,100.000000,2.000000e+00,5.000000e-08,7.46186547e-01,3.73093273e-08,5.37526471e-01,4.62473529e-01
1.000000e-07,100.000000,2.000000e+00,5.000000e-08,7.46686672e-01,3.73343336e-08,5.37692776e-01,4.62307224e-01
1.000000e-07,100.000000,2.000000e+00,5.000000e-08,7.47186797e-01,3.73593398e-08,5.37858760e-01,4.62141240e-01
1.000000e-07,100.000000,2.000000e+00,5.000000e-08,7.47686922e-01,3.73843461e-08,5.38024425e-01,4.61975575e-01
1.000000e-07,100.000000,2.000000e+00,5.000000e-08,7.48187047e-01,3.74093523e-08,5.38189771e-01,4.61810229e-01
1.000000e-07,100.000000,2.000000e+00,5.000000e-08,7.48687172e-01,3.74343586e-08,5.38354796e-01,4.61645204e-01
1.000000e-07,100.000000,2.000000e+00,5.000000e-08,7.49187297e-01,3.74593648e-08,5.38519501e-01,4.61480499e-01
1.000000e-07,100.000000,2.000000e+00,5.000000e-08,7.49687422e-01,3.74843711e-08,5.38683887e-01,4.61316113e-01
1.000000e-07,100.000000,2.000000e+00,5.000000e-08,7.50187547e-01,3.75093773e-08,5.38847952e-01,4.61152048e-01
1.000000e-07,100.000000,2.000000e+00,5.000000e-08,7.50687672e-01,3.75343836e-08,5.39011698e-01,4.60988302e-01
1.000000e-07,100.000000,2.000000e+00,5.000000e-08,7.51187797e-01,3.75593898e-08,5.39175123e-01,4.60824877e-01
1.000000e-07,100.000000,2.000000e+00,5.000000e-08,7.51687922e-01,3.75843961e-08,5.39338228e-01,4.60661772e-01
1.000000e-07,100.000000,2.000000e+00,5.000000e-08,7.52188047e-01,3.76094024e-08,5.39501013e-01,4.60498987e-01
1.000000e-07,100.000000,2.000000e+00,5.000000e-08,7.52688172e-01,3.76344086e-08,5.39663477e-01,4.60336523e-01
1.000000e-07,100.000000,2.000000e+00,5.000000e-08,7.53188297e-01,3.76594149e-08,5.39825621e-01,4.60174379e-01
1.000000e-07,100.000000,2.000000e+00,5.000000e-08,7.53688422e-01,3.76844211e-08,5.39987445e-01,4.60012555e-01
1.000000e-07,100.000000,2.000000e+00,5.000000e-08,7.54188547e-01,3.77094274e-08,5.40148948e-01,4.59851052e-01
1.000000e-07,100.000000,2.000000e+00,5.000000e-08,7.54688672e-01,3.77344336e-08,5.40310131e-01,4.59689869e-01
1.000000e-07,100.000000,2.000000e+00,5.000000e-08,7.55188797e-01,3.77594399e-08,5.40470993e-01,4.59529007e-01
1.000000e-07,100.000000,2.000000e+00,5.000000e-08,7.55688922e-01,3.77844461e-08,5.40631535e-01,4.59368465e-01
1.000000e-07,100.000000,2.000000e+00,5.000000e-08,7.56189047e-01,3.78094524e-08,5.40791756e-01,4.59208244e-01
1.000000e-07,100.000000,2.000000e+00,5.000000e-08,7.56689172e-01,3.78344586e-08,5.40951656e-01,4.59048344e-01
1.000000e-07,100.000000,2.000000e+00,5.000000e-08,7.57189297e-01,3.78594649e-08,5.41111236e-01,4.58888764e-01
1.000000e-07,100.000000,2.000000e+00,5.000000e-08,7.57689422e-01,3.78844711e-08,5.41270495e-01,4.58729505e-01
1.000000e-07,100.000000,2.000000e+00,5.000000e-08,7.58189547e-01,3.79094774e-08,5.41429433e-01,4.58570567e-01
1.000000e-07,100.000000,2.000000e+00,5.000000e-08,7.58689672e-01,3.79344836e-08,5.41588050e-01,4.58411950e-01
1.000000e-07,100.000000,2.000000e+00,5.000000e-08,7.59189797e-01,3.79594899e-08,5.41746346e-01,4.58253654e-01
1.000000e-07,100.000000,2.000000e+00,5.000000e-08,7.59689922e-01,3.79844961e-08,5.41904321e-01,4.58095679e-01
1.000000e-07,100.000000,2.000000e+00,5.000000e-08,7.60190048e-01,3.80095024e-08,5.42061975e-01,4.57938025e-01
1.000000e-07,100.000000,2.000000e+00,5.000000e-08,7.60690173e-01,3.80345086e-08,5.42219308e-01,4.57780692e-01
1.000000e-07,100.000000,2.000000e+00,5.000000e-08,7.61190298e-01,3.80595149e-08,5.42376320e-01,4.57623680e-01
1.000000e-07,100.000000,2.000000e+00,5.000000e-08,7.61690423e-01,3.80845211e-08,5.42533010e-01,4.57466990e-01
1.000000e-07,100.000000,2.000000e+00,5.000000e-08,7.62190548e-01,3.81095274e-08,5.42689380e-01,4.57310620e-01
1.000000e-07,100.000000,2.000000e+00,5.000000e-08,7.62690673e-01,3.81345336e-08,5.42845428e-01,4.57154572e-01
1.000000e-07,100.000000,2.000000e+00,5.000000e-08,7.63190798e-01,3.81595399e-08,5.43001155e-01,4.56998845e-01
1.000000e-07,100.000000,2.000000e+00,5.000000e-08,7.63690923e-01,3.81845461e-08,5.43156560e-01,4.56843440e-01
1.000000e-07,100.000000,2.000000e+00,5.000000e-08,7.64191048e-01,3.82095524e-08,5.43311644e-01,4.56688356e-01
1.000000e-07,100.000000,2.000000e+00,5.000000e-08,7.64691173e-01,3.82345586e-08,5.43466407e-01,4.56533593e-01
1.000000e-07,100.000000,2.000000e+00,5.000000e-08,7.65191298e-01,3.82595649e-08,5.43620848e-01,4.56379152e-01
1.000000e-07,100.000000,2.000000e+00,5.000000e-08,7.65691423e-01,3.82845711e-08,5.43774967e-01,4.56225033e-01
1.000000e-07,100.000000,2.000000e+00,5.000000e-08,7.66191548e-01,3.83095774e-08,5.43928765e-01,4.56071235e-01
1.000000e-07,100.000000,2.000000e+00,5.000000e-08,7.66691673e-01,3.83345836e-08,5.44082241e-01,4.55917759e-01
1.000000e-07,100.000000,2.000000e+00,5.000000e-08,7.67191798e-01,3.83595899e-08,5.44235395e-01,4.55764605e-01
1.000000e-07,100.000000,2.000000e+00,5.000000e-08,7.67691923e-01,3.83845961e-08,5.44388228e-01,4.55611772e-01
1.000000e-07,100.000000,2.000000e+00,5.000000e-08,7.68192048e-01,3.84096024e-08,5.44540739e-01,4.55459261e-01
1.000000e-07,100.000000,2.000000e+00,5.000000e-08,7.68692173e-01,3.84346087e-08,5.44692928e-01,4.55307072e-01
1.000000e-07,100.000000,2.000000e+00,5.000000e-08,7.69192298e-01,3.84596149e-08,5.44844795e-01,4.55155205e-01
1.000000e-07,100.000000,2.000000e+00,5.000000e-08,7.69692423e-01,3.84846212e-08,5.44996340e-01,4.55003660e-01
1.000000e-07,100.000000,2.000000e+00,5.000000e-08,7.70192548e-01,3.85096274e-08,5.45147563e-01,4.54852437e-01
1.000000e-07,100.000000,2.000000e+00,5.000000e-08,7.70692673e-01,3.85346337e-08,5.45298464e-01,4.54701536e-01
1.000000e-07,100.000000,2.000000e+00,5.000000e-08,7.71192798e-01,3.85596399e-08,5.45449043e-01,4.54550957e-01
1.000000e-07,100.000000,2.000000e+00,5.000000e-08,7.71692923e-01,3.85846462e-08,5.45599300e-01,4.54400700e-01
1.000000e-07,100.000000,2.000000e+00,5.000000e-08,7.72193048e-01,3.86096524e-08,5.45749234e-01,4.54250766e-01
1.000000e-07,100.000000,2.000000e+00,5.000000e-08,7.72693173e-01,3.86346587e-08,5.45898847e-01,4.54101153e-01
1.000000e-07,100.000000,2.000000e+00,5.000000e-08,7.73193298e-01,3.86596649e-08,5.46048137e-01,4.53951863e-01
1.000000e-07,100.000000,2.000000e+00,5.000000e-08,7.73693423e-01,3.86846712e-08,5.46197105e-01,4.53802895e-01
1.000000e-07,100.000000,2.000000e+00,5.000000e-08,7.74193548e-01,3.87096774e-08,5.46345750e-01,4.53654250e-01
1.000000e-07,100.000000,2.000000e+00,5.000000e-08,7.74693673e-01,3.87346837e-08,5.46494073e-01,4.53505927e-01
1.000000e-07,100.000000,2.000000e+00,5.000000e-08,7.75193798e-01,3.87596899e-08,5.46642074e-01,4.53357926e-01
1.000000e-07,100.000000,2.000000e+00,5.000000e-08,7.75693923e-01,3.87846962e-08,5.46789752e-01,4.53210248e-01
1.000000e-07,100.000000,2.000000e+00,5.000000e-08,7.76194049e-01,3.88097024e-08,5.46937107e-01,4.53062893e-01
1.000000e-07,100.000000,2.000000e+00,5.000000e-08,7.76694174e-01,3.88347087e-08,5.47084140e-01,4.52915860e-01
1.000000e-07,100.000000,2.000000e+00,5.000000e-08,7.77194299e-01,3.88597149e-08,5.47230851e-01,4.52769149e-01
1.000000e-07,100.000000,2.000000e+00,5.000000e-08,7.77694424e-01,3.88847212e-08,5.47377238e-01,4.52622762e-01
1.000000e-07,100.000000,2.000000e+00,5.000000e-08,7.78194549e-01,3.89097274e-08,5.47523303e-01,4.52476697e-01
1.000000e-07,100.000000,2.000000e+00,5.000000e-08,7.78694674e-01,3.89347337e-08,5.47669045e-01,4.52330955e-01
1.000000e-07,100.000000,2.000000e+00,5.000000e-08,7.79194799e-01,3.89597399e-08,5.47814464e-01,4.52185536e-01
1.000000e-07,100.000000,2.000000e+00,5.000000e-08,7.79694924e-01,3.89847462e-08,5.47959561e-01,4.52040439e-01
1.000000e-07,100.000000,2.000000e+00,5.000000e-08,7.80195049e-01,3.90097524e-08,5.48104334e-01,4.51895666e-01
1.000000e-07,100.000000,2.000000e+00,5.000000e-08,7.80695174e-01,3.90347587e-08,5.48248785e-01,4.51751215e-01
1.000000e-07,100.000000,2.000000e+00,5.000000e-08,7.81195299e-01,3.90597649e-08,5.48392913e-01,4.51607087e-01
1.000000e-07,100.000000,2.000000e+00,5.000000e-08,7.81695424e-01,3.90847712e-08,5.48536717e-01,4.51463283e-01
1.000000e-07,100.000000,2.000000e+00,5.000000e-08,7.82195549e-01,3.91097774e-08,5.48680199e-01,4.51319801e-01
1.000000e-07,100.000000,2.000000e+00,5.000000e-08,7.82695674e-01,3.91347837e-08,5.48823357e-01,4.51176643e-01
1.000000e-07,100.000000,2.000000e+00,5.000000e-08,7.83195799e-01,3.91597899e-08,5.48966192e-01,4.51033808e-01
1.000000e-07,100.000000,2.000000e+00,5.000000e-08,7.83695924e-01,3.91847962e-08,5.49108704e-01,4.50891296e-01
1.000000e-07,100.000000,2.000000e+00,5.000000e-08,7.84196049e-01,3.92098025e-08,5.49250893e-01,4.50749107e-01
1.000000e-07,100.000000,2.000000e+00,5.000000e-08,7.84696174e-01,3.92348087e-08,5.49392758e-01,4.50607242e-01
1.000000e-07,100.000000,2.000000e+00,5.000000e-08,7.85196299e-01,3.92598150e-08,5.49534300e-01,4.50465700e-01
1.000000e-07,100.000000,2.000000e+00,5.000000e-08,7.85696424e-01,3.92848212e-08,5.49675519e-01,4.50324481e-01
1.000000e-07,100.000000,2.000000e+00,5.000000e-08,7.86196549e-01,3.93098275e-08,5.49816414e-01,4.50183586e-01
1.000000e-07,100.000000,2.000000e+00,5.000000e-08,7.86696674e-01,3.93348337e-08,5.49956986e-01,4.50043014e-01
1.000000e-07,100.000000,2.000000e+00,5.000000e-08,7.87196799e-01,3.93598400e-08,5.50097234e-01,4.49902766e-01
1.000000e-07,100.000000,2.000000e+00,5.000000e-08,7.87696924e-01,3.93848462e-08,5.50237159e-01,4.49762841e-01
1.000000e-07,100.000000,2.000000e+00,5.000000e-08,7.88197049e-01,3.94098525e-08,5.50376760e-01,4.49623240e-01
1.000000e-07,100.000000,2.000000e+00,5.000000e-08,7.88697174e-01,3.94348587e-08,5.50516038e-01,4.49483962e-01
1.000000e-07,100.000000,2.000000e+00,5.000000e-08,7.89197299e-01,3.94598650e-08,5.50654992e-01,4.49345008e-01
1.000000e-07,100.000000,2.000000e+00,5.000000e-08,7.89697424e-01,3.94848712e-08,5.50793622e-01,4.49206378e-01
1.000000e-07,100.000000,2.000000e+00,5.000000e-08,7.90197549e-01,3.95098775e-08,5.50931928e-01,4.49068072e-01
1.000000e-07,100.000000,2.000000e+00,5.000000e-08,7.90697674e-01,3.95348837e-08,5.51069911e-01,4.48930089e-01
1.000000e-07,100.000000,2.000000e+00,5.000000e-08,7.91197799e-01,3.95598900e-08,5.51207569e-01,4.48792431e-01
1.000000e-07,100.000000,2.000000e+00,5.000000e-08,7.91697924e-01,3.95848962e-08,5.51344904e-01,4.48655096e-01
1.000000e-07,100.000000,2.000000e+00,5.000000e-08,7.92198050e-01,3.96099025e-08,5.51481915e-01,4.48518085e-01
1.000000e-07,100.000000,2.000000e+00,5.000000e-08,7.92698175e-01,3.96349087e-08,5.51618602e-01,4.48381398e-01
1.000000e-07,100.000000,2.000000e+00,5.000000e-08,7.93198300e-01,3.96599150e-08,5.51754965e-01,4.48245035e-01
1.000000e-07,100.000000,2.000000e+00,5.000000e-08,7.93698425e-01,3.96849212e-08,5.51891004e-01,4.48108996e-01
1.000000e-07,100.000000,2.000000e+00,5.000000e-08,7.94198550e-01,3.97099275e-08,5.52026719e-01,4.47973281e-01
1.000000e-07,100.000000,2.000000e+00,5.000000e-08,7.94698675e-01,3.97349337e-08,5.52162109e-01,4.47837891e-01
1.000000e-07,100.000000,2.000000e+00,5.000000e-08,7.95198800e-01,3.97599400e-08,5.52297176e-01,4.47702824e-01
1.000000e-07,100.000000,2.000000e+00,5.000000e-08,7.95698925e-01,3.97849462e-08,5.52431918e-01,4.47568082e-01
1.000000e-07,100.000000,2.000000e+00,5.000000e-08,7.96199050e-01,3.98099525e-08,5.52566336e-01,4.47433664e-01
1.000000e-07,100.000000,2.000000e+00,5.000000e-08,7.96699175e-01,3.98349587e-08,5.52700430e-01,4.47299570e-01
1.000000e-07,100.000000,2.000000e+00,5.000000e-08,7.97199300e-01,3.98599650e-08,5.52834199e-01,4.47165801e-01
1.000000e-07,100.000000,2.000000e+00,5.000000e-08,7.97699425e-01,3.98849712e-08,5.52967645e-01,4.47032355e-01
1.000000e-07,100.000000,2.000000e+00,5.000000e-08,7.98199550e-01,3.99099775e-08,5.53100765e-01,4.46899235e-01
1.000000e-07,100.000000,2.000000e+00,5.000000e-08,7.98699675e-01,3.99349837e-08,5.53233561e-01,4.46766439e-01
1.000000e-07,100.000000,2.000000e+00,5.000000e-08,7.99199800e-01,3.99599900e-08,5.53366033e-01,4.46633967e-01
1.000000e-07,100.000000,2.000000e+00,5.000000e-08,7.99699925e-01,3.99849962e-08,5.53498180e-01,4.46501820e-01
1.000000e-07,100.000000,2.000000e+00,5.000000e-08,8.00200050e-01,4.00100025e-08,5.53630003e-01,4.46369997e-01
1.000000e-07,100.000000,2.000000e+00,5.000000e-08,8.00700175e-01,4.00350088e-08,5.53761501e-01,4.46238499e-01
1.000000e-07,100.000000,2.000000e+00,5.000000e-08,8.01200300e-01,4.00600150e-08,5.53892674e-01,4.46107326e-01
1.000000e-07,100.000000,2.000000e+00,5.000000e-08,8.01700425e-01,4.00850213e-08,5.54023523e-01,4.45976477e-01
1.000000e-07,100.000000,2.000000e+00,5.000000e-08,8.02200550e-01,4.01100275e-08,5.54154047e-01,4.45845953e-01
1.000000e-07,100.000000,2.000000e+00,5.000000e-08,8.02700675e-01,4.01350338e-08,5.54284246e-01,4.45715754e-01
1.000000e-07,100.000000,2.000000e+00,5.000000e-08,8.03200800e-01,4.01600400e-08,5.54414120e-01,4.45585880e-01
1.000000e-07,100.000000,2.000000e+00,5.000000e-08,8.03700925e-01,4.01850463e-08,5.54543670e-01,4.45456330e-01
1.000000e-07,100.000000,2.000000e+00,5.000000e-08,8.04201050e-01,4.02100525e-08,5.54672895e-01,4.45327105e-01
1.000000e-07,100.000000,2.000000e+00,5.000000e-08,8.04701175e-01,4.02350588e-08,5.54801795e-01,4.45198205e-01
1.000000e-07,100.000000,2.000000e+00,5.000000e-08,8.05201300e-01,4.02600650e-08,5.54930369e-01,4.45069631e-01
1.000000e-07,100.000000,2.000000e+00,5.000000e-08,8.05701425e-01,4.02850713e-08,5.55058619e-01,4.44941381e-01
1.000000e-07,100.000000,2.000000e+00,5.000000e-08,8.06201550e-01,4.03100775e-08,5.55186544e-01,4.44813456e-01
1.000000e-07,100.000000,2.000000e+00,5.000000e-08,8.06701675e-01,4.03350838e-08,5.55314144e-01,4.44685856e-01
1.000000e-07,100.000000,2.000000e+00,5.000000e-08,8.07201800e-01,4.03600900e-08,5.55441418e-01,4.44558582e-01
1.000000e-07,100.000000,2.000000e+00,5.000000e-08,8.07701925e-01,4.03850963e-08,5.55568368e-01,4.44431632e-01
1.000000e-07,100.000000,2.000000e+00,5.000000e-08,8.08202051e-01,4.04101025e-08,5.55694992e-01,4.44305008e-01
1.000000e-07,100.000000,2.000000e+00,5.000000e-08,8.08702176e-01,4.04351088e-08,5.55821291e-01,4.44178709e-01
1.000000e-07,100.000000,2.000000e+00,5.000000e-08,8.09202301e-01,4.04601150e-08,5.55947265e-01,4.44052735e-01
1.000000e-07,100.000000,2.000000e+00,5.000000e-08,8.09702426e-01,4.04851213e-08,5.56072914e-01,4.43927086e-01
1.000000e-07,100.000000,2.000000e+00,5.000000e-08,8.10202551e-01,4.05101275e-08,5.56198237e-01,4.43801763e-01
1.000000e-07,100.000000,2.000000e+00,5.000000e-08,8.10702676e-01,4.05351338e-08,5.56323235e-01,4.43676765e-01
1.000000e-07,100.000000,2.000000e+00,5.000000e-08,8.11202801e-01,4.05601400e-08,5.56447907e-01,4.43552093e-01
1.000000e-07,100.000000,2.000000e+00,5.000000e-08,8.11702926e-01,4.05851463e-08,5.56572254e-01,4.43427746e-01
1.000000e-07,100.000000,2.000000e+00,5.000000e-08,8.12203051e-01,4.06101525e-08,5.56696276e-01,4.43303724e-01
1.000000e-07,100.000000,2.000000e+00,5.000000e-08,8.12703176e-01,4.06351588e-08,5.56819972e-01,4.43180028e-01
1.000000e-07,100.000000,2.000000e+00,5.000000e-08,8.13203301e-01,4.06601650e-08,5.56943343e-01,4.43056657e-01
1.000000e-07,100.000000,2.000000e+00,5.000000e-08,8.13703426e-01,4.06851713e-08,5.57066387e-01,4.42933613e-01
1.000000e-07,100.000000,2.000000e+00,5.000000e-08,8.14203551e-01,4.07101775e-08,5.57189107e-01,4.42810893e-01
1.000000e-07,100.000000,2.000000e+00,5.000000e-08,8.14703676e-01,4.07351838e-08,5.57311500e-01,4.42688500e-01
1.000000e-07,100.000000,2.000000e+00,5.000000e-08,8.15203801e-01,4.07601900e-08,5.57433568e-01,4.42566432e-01
1.000000e-07,100.000000,2.000000e+00,5.000000e-08,8.15703926e-01,4.07851963e-08,5.57555311e-01,4.42444689e-01
1.000000e-07,100.000000,2.000000e+00,5.000000e-08,8.16204051e-01,4.08102026e-08,5.57676727e-01,4.42323273e-01
1.000000e-07,100.000000,2.000000e+00,5.000000e-08,8.16704176e-01,4.08352088e-08,5.57797818e-01,4.42202182e-01
1.000000e-07,100.000000,2.000000e+00,5.000000e-08,8.17204301e-01,4.08602151e-08,5.57918583e-01,4.42081417e-01
1.000000e-07,100.000000,2.000000e+00,5.000000e-08,8.17704426e-01,4.08852213e-08,5.58039022e-01,4.41960978e-01
1.000000e-07,100.000000,2.000000e+00,5.000000e-08,8.18204551e-01,4.09102276e-08,5.58159135e-01,4.41840865e-01
1.000000e-07,100.000000,2.000000e+00,5.000000e-08,8.18704676e-01,4.09352338e-08,5.58278922e-01,4.41721078e-01
1.000000e-07,100.000000,2.000000e+00,5.000000e-08,8.19204801e-01,4.09602401e-08,5.58398383e-01,4.41601617e-01
1.000000e-07,100.000000,2.000000e+00,5.000000e-08,8.19704926e-01,4.09852463e-08,5.58517519e-01,4.41482481e-01
1.000000e-07,100.000000,2.000000e+00,5.000000e-08,8.20205051e-01,4.10102526e-08,5.58636328e-01,4.41363672e-01
1.000000e-07,100.000000,2.000000e+00,5.000000e-08,8.20705176e-01,4.10352588e-08,5.58754811e-01,4.41245189e-01
1.000000e-07,100.000000,2.000000e+00,5.000000e-08,8.21205301e-01,4.10602651e-08,5.58872968e-01,4.41127032e-01
1.000000e-07,100.000000,2.000000e+00,5.000000e-08,8.21705426e-01,4.10852713e-08,5.58990799e-01,4.41009201e-01
1.000000e-07,100.000000,2.000000e+00,5.000000e-08,8.22205551e-01,4.11102776e-08,5.59108303e-01,4.40891697e-01
1.000000e-07,100.000000,2.000000e+00,5.000000e-08,8.22705676e-01,4.11352838e-08,5.59225482e-01,4.40774518e-01
1.000000e-07,100.000000,2.000000e+00,5.000000e-08,8.23205801e-01,4.11602901e-08,5.59342334e-01,4.40657666e-01
1.000000e-07,100.000000,2.000000e+00,5.000000e-08,8.23705926e-01,4.11852963e-08,5.59458860e-01,4.40541140e-01
1.000000e-07,100.000000,2.000000e+00,5.000000e-08,8.24206052e-01,4.12103026e-08,5.59575060e-01,4.40424940e-01
1.000000e-07,100.000000,2.000000e+00,5.000000e-08,8.24706177e-01,4.12353088e-08,5.59690933e-01,4.40309067e-01
1.000000e-07,100.000000,2.000000e+00,5.000000e-08,8.25206302e-01,4.12603151e-08,5.59806480e-01,4.40193520e-01
1.000000e-07,100.000000,2.000000e+00,5.000000e-08,8.25706427e-01,4.12853213e-08,5.59921701e-01,4.40078299e-01
1.000000e-07,100.000000,2.000000e+00,5.000000e-08,8.26206552e-01,4.13103276e-08,5.60036595e-01,4.39963405e-01
1.000000e-07,100.000000,2.000000e+00,5.000000e-08,8.26706677e-01,4.13353338e-08,5.60151162e-01,4.39848838e-01
1.000000e-07,100.000000,2.000000e+00,5.000000e-08,8.27206802e-01,4.13603401e-08,5.60265403e-01,4.39734597e-01
1.000000e-07,100.000000,2.000000e+00,5.000000e-08,8.27706927e-01,4.13853463e-08,5.60379318e-01,4.39620682e-01
1.000000e-07,100.000000,2.000000e+00,5.000000e-08,8.28207052e-01,4.14103526e-08,5.60492906e-01,4.39507094e-01
1.000000e-07,100.000000,2.000000e+00,5.000000e-08,8.28707177e-01,4.14353588e-08,5.60606167e-01,4.39393833e-01
1.000000e-07,100.000000,2.000000e+00,5.000000e-08,8.29207302e-01,4.14603651e-08,5.60719102e-01,4.39280898e-01
1.000000e-07,100.000000,2.000000e+00,5.000000e-08,8.29707427e-01,4.14853713e-08,5.60831710e-01,4.39168290e-01
1.000000e-07,100.000000,2.000000e+00,5.000000e-08,8.30207552e-01,4.15103776e-08,5.60943992e-01,4.39056008e-01
1.000000e-07,100.000000,2.000000e+00,5.000000e-08,8.30707677e-01,4.15353838e-08,5.61055946e-01,4.38944054e-01
1.000000e-07,100.000000,2.000000e+00,5.000000e-08,8.31207802e-01,4.15603901e-08,5.61167574e-01,4.38832426e-01
1.000000e-07,100.000000,2.000000e+00,5.000000e-08,8.31707927e-01,4.15853963e-08,5.61278875e-01,4.38721125e-01
1.000000e-07,100.000000,2.000000e+00,5.000000e-08,8.32208052e-01,4.16104026e-08,5.61389849e-01,4.38610151e-01
1.000000e-07,100.000000,2.000000e+00,5.000000e-08,8.32708177e-01,4.16354089e-08,5.61500497e-01,4.38499503e-01
1.000000e-07,100.000000,2.000000e+00,5.000000e-08,8.33208302e-01,4.16604151e-08,5.61610817e-01,4.38389183e-01
1.000000e-07,100.000000,2.000000e+00,5.000000e-08,8.33708427e-01,4.16854214e-08,5.61720811e-01,4.38279189e-01
1.000000e-07,100.000000,2.000000e+00,5.000000e-08,8.34208552e-01,4.17104276e-08,5.61830477e-01,4.38169523e-01
1.000000e-07,100.000000,2.000000e+00,5.000000e-08,8.34708677e-01,4.17354339e-08,5.61939817e-01,4.38060183e-01
1.000000e-07,100.000000,2.000000e+00,5.000000e-08,8.35208802e-01,4.17604401e-08,5.62048829e-01,4.37951171e-01
1.000000e-07,100.000000,2.000000e+00,5.000000e-08,8.35708927e-01,4.17854464e-08,5.62157515e-01,4.37842485e-01
1.000000e-07,100.000000,2.000000e+00,5.000000e-08,8.36209052e-01,4.18104526e-08,5.62265873e-01,4.37734127e-01
1.000000e-07,100.000000,2.000000e+00,5.000000e-08,8.36709177e-01,4.18354589e-08,5.62373905e-01,4.37626095e-01
1.000000e-07,100.000000,2.000000e+00,5.000000e-08,8.37209302e-01,4.18604651e-08,5.62481609e-01,4.37518391e-01
1.000000e-07,100.000000,2.000000e+00,5.000000e-08,8.37709427e-01,4.18854714e-08,5.62588986e-01,4.37411014e-01
1.000000e-07,100.000000,2.000000e+00,5.000000e-08,8.38209552e-01,4.19104776e-08,5.62696036e-01,4.37303964e-01
1.000000e-07,100.000000,2.000000e+00,5.000000e-08,8.38709677e-01,4.19354839e-08,5.62802758e-01,4.37197242e-01
1.000000e-07,100.000000,2.000000e+00,5.000000e-08,8.39209802e-01,4.19604901e-08,5.62909154e-01,4.37090846e-01
1.000000e-07,100.000000,2.000000e+00,5.000000e-08,8.39709927e-01,4.19854964e-08,5.63015222e-01,4.36984778e-01
1.000000e-07,100.000000,2.000000e+00,5.000000e-08,8.40210053e-01,4.20105026e-08,5.63120962e-01,4.36879038e-01
1.000000e-07,100.000000,2.000000e+00,5.000000e-08,8.40710178e-01,4.20355089e-08,5.63226376e-01,4.36773624e-01
1.000000e-07,100.000000,2.000000e+00,5.000000e-08,8.41210303e-01,4.20605151e-08,5.63331462e-01,4.36668538e-01
1.000000e-07,100.000000,2.000000e+00,5.000000e-08,8.41710428e-01,4.20855214e-08,5.63436220e-01,4.36563780e-01
1.000000e-07,100.000000,2.000000e+00,5.000000e-08,8.42210553e-01,4.21105276e-08,5.63540651e-01,4.36459349e-01
1.000000e-07,100.000000,2.000000e+00,5.000000e-08,8.42710678e-01,4.21355339e-08,5.63644755e-01,4.36355245e-01
1.000000e-07,100.000000,2.000000e+00,5.000000e-08,8.43210803e-01,4.21605401e-08,5.63748531e-01,4.36251469e-01
1.000000e-07,100.000000,2.000000e+00,5.000000e-08,8.43710928e-01,4.21855464e-08,5.63851979e-01,4.36148021e-01
1.000000e-07,100.000000,2.000000e+00,5.000000e-08,8.44211053e-01,4.22105526e-08,5.63955100e-01,4.36044900e-01
1.000000e-07,100.000000,2.000000e+00,5.000000e-08,8.44711178e-01,4.22355589e-08,5.64057894e-01,4.35942106e-01
1.000000e-07,100.000000,2.000000e+00,5.000000e-08,8.45211303e-01,4.22605651e-08,5.64160360e-01,4.35839640e-01
1.000000e-07,100.000000,2.000000e+00,5.000000e-08,8.45711428e-01,4.22855714e-08,5.64262498e-01,4.35737502e-01
1.000000e-07,100.000000,2.000000e+00,5.000000e-08,8.46211553e-01,4.23105776e-08,5.64364308e-01,4.35635692e-01
1.000000e-07,100.000000,2.000000e+00,5.000000e-08,8.46711678e-01,4.23355839e-08,5.64465791e-01,4.35534209e-01
1.000000e-07,100.000000,2.000000e+00,5.000000e-08,8.47211803e-01,4.23605901e-08,5.64566946e-01,4.35433054e-01
1.000000e-07,100.000000,2.000000e+00,5.000000e-08,8.47711928e-01,4.23855964e-08,5.64667773e-01,4.35332227e-01
1.000000e-07,100.000000,2.000000e+00,5.000000e-08,8.48212053e-01,4.24106027e-08,5.64768273e-01,4.35231727e-01
1.000000e-07,100.000000,2.000000e+00,5.000000e-08,8.48712178e-01,4.24356089e-08,5.64868444e-01,4.35131556e-01
1.000000e-07,100.000000,2.000000e+00,5.000000e-08,8.49212303e-01,4.24606152e-08,5.64968288e-01,4.35031712e-01
1.000000e-07,100.000000,2.000000e+00,5.000000e-08,8.49712428e-01,4.24856214e-08,5.65067804e-01,4.34932196e-01
1.000000e-07,100.000000,2.000000e+00,5.000000e-08,8.50212553e-01,4.25106277e-08,5.65166992e-01,4.34833008e-01
1.000000e-07,100.000000,2.000000e+00,5.000000e-08,8.50712678e-01,4.25356339e-08,5.65265852e-01,4.34734148e-01
1.000000e-07,100.000000,2.000000e+00,5.000000e-08,8.51212803e-01,4.25606402e-08,5.65364384e-01,4.34635616e-01
1.000000e-07,100.000000,2.000000e+00,5.000000e-08,8.51712928e-01,4.25856464e-08,5.65462588e-01,4.34537412e-01
1.000000e-07,100.000000,2.000000e+00,5.000000e-08,8.52213053e-01,4.26106527e-08,5.65560464e-01,4.34439536e-01
1.000000e-07,100.000000,2.000000e+00,5.000000e-08,8.52713178e-01,4.26356589e-08,5.65658012e-01,4.34341988e-01
1.000000e-07,100.000000,2.000000e+00,5.000000e-08,8.53213303e-01,4.26606652e-08,5.65755232e-01,4.34244768e-01
1.000000e-07,100.000000,2.000000e+00,5.000000e-08,8.53713428e-01,4.26856714e-08,5.65852124e-01,4.34147876e-01
1.000000e-07,100.000000,2.000000e+00,5.000000e-08,8.54213553e-01,4.27106777e-08,5.65948688e-01,4.34051312e-01
1.000000e-07,100.000000,2.000000e+00,5.000000e-08,8.54713678e-01,4.27356839e-08,5.66044924e-01,4.33955076e-01
1.000000e-07,100.000000,2.000000e+00,5.000000e-08,8.55213803e-01,4.27606902e-08,5.66140831e-01,4.33859169e-01
1.000000e-07,100.000000,2.000000e+00,5.000000e-08,8.55713928e-01,4.27856964e-08,5.66236410e-01,4.33763590e-01
1.000000e-07,100.000000,2.000000e+00,5.000000e-08,8.56214054e-01,4.28107027e-08,5.66331661e-01,4.33668339e-01
1.000000e-07,100.000000,2.000000e+00,5.000000e-08,8.56714179e-01,4.28357089e-08,5.66426584e-01,4.33573416e-01
1.000000e-07,100.000000,2.000000e+00,5.000000e-08,8.57214304e-01,4.28607152e-08,5.66521178e-01,4.33478822e-01
1.000000e-07,100.000000,2.000000e+00,5.000000e-08,8.57714429e-01,4.28857214e-08,5.66615445e-01,4.33384555e-01
1.000000e-07,100.000000,2.000000e+00,5.000000e-08,8.58214554e-01,4.29107277e-08,5.66709382e-01,4.33290618e-01
1.000000e-07,100.000000,2.000000e+00,5.000000e-08,8.58714679e-01,4.29357339e-08,5.66802992e-01,4.33197008e-01
1.000000e-07,100.000000,2.000000e+00,5.000000e-08,8.59214804e-01,4.29607402e-08,5.66896273e-01,4.33103727e-01
1.000000e-07,100.000000,2.000000e+00,5.000000e-08,8.59714929e-01,4.29857464e-08,5.66989225e-01,4.33010775e-01
1.000000e-07,100.000000,2.000000e+00,5.000000e-08,8.60215054e-01,4.30107527e-08,5.67081850e-01,4.32918150e-01
1.000000e-07,100.000000,2.000000e+00,5.000000e-08,8.60715179e-01,4.30357589e-08,5.67174145e-01,4.32825855e-01
1.000000e-07,100.000000,2.000000e+00,5.000000e-08,8.61215304e-01,4.30607652e-08,5.67266113e-01,4.32733887e-01
1.000000e-07,100.000000,2.000000e+00,5.000000e-08,8.61715429e-01,4.30857714e-08,5.67357751e-01,4.32642249e-01
1.000000e-07,100.000000,2.000000e+00,5.000000e-08,8.62215554e-01,4.31107777e-08,5.67449061e-01,4.32550939e-01
1.000000e-07,100.000000,2.000000e+00,5.000000e-08,8.62715679e-01,4.31357839e-08,5.67540043e-01,4.32459957e-01
1.000000e-07,100.000000,2.000000e+00,5.000000e-08,8.63215804e-01,4.31607902e-08,5.67630696e-01,4.32369304e-01
1.000000e-07,100.000000,2.000000e+00,5.000000e-08,8.63715929e-01,4.31857964e-08,5.67721020e-01,4.32278980e-01
1.000000e-07,100.000000,2.000000e+00,5.000000e-08,8.64216054e-01,4.32108027e-08,5.67811016e-01,4.32188984e-01
1.000000e-07,100.000000,2.000000e+00,5.000000e-08,8.64716179e-01,4.32358090e-08,5.67900683e-01,4.32099317e-01
1.000000e-07,100.000000,2.000000e+00,5.000000e-08,8.65216304e-01,4.32608152e-08,5.67990022e-01,4.32009978e-01
1.000000e-07,100.000000,2.000000e+00,5.000000e-08,8.65716429e-01,4.32858215e-08,5.68079031e-01,4.31920969e-01
1.000000e-07,100.000000,2.000000e+00,5.000000e-08,8.66216554e-01,4.33108277e-08,5.68167712e-01,4.31832288e-01
1.000000e-07,100.000000,2.000000e+00,5.000000e-08,8.66716679e-01,4.33358340e-08,5.68256064e-01,4.31743936e-01
1.000000e-07,100.000000,2.000000e+00,5.000000e-08,8.67216804e-01,4.33608402e-08,5.68344088e-01,4.31655912e-01
1.000000e-07,100.000000,2.000000e+00,5.000000e-08,8.67716929e-01,4.33858465e-08,5.68431782e-01,4.31568218e-01
1.000000e-07,100.000000,2.000000e+00,5.000000e-08,8.68217054e-01,4.34108527e-08,5.68519148e-01,4.31480852e-01
1.000000e-07,100.000000,2.000000e+00,5.000000e-08,8.68717179e-01,4.34358590e-08,5.68606185e-01,4.31393815e-01
1.000000e-07,100.000000,2.000000e+00,5.000000e-08,8.69217304e-01,4.34608652e-08,5.68692892e-01,4.31307108e-01
1.000000e-07,100.000000,2.000000e+00,5.000000e-08,8.69717429e-01,4.34858715e-08,5.68779271e-01,4.31220729e-01
1.000000e-07,100.000000,2.000000e+00,5.000000e-08,8.70217554e-01,4.35108777e-08,5.68865321e-01,4.31134679e-01
1.000000e-07,100.000000,2.000000e+00,5.000000e-08,8.70717679e-01,4.35358840e-08,5.68951043e-01,4.31048957e-01
1.000000e-07,100.000000,2.000000e+00,5.000000e-08,8.71217804e-01,4.35608902e-08,5.69036435e-01,4.30963565e-01
1.000000e-07,100.000000,2.000000e+00,5.000000e-08,8.71717929e-01,4.35858965e-08,5.69121498e-01,4.30878502e-01
1.000000e-07,100.000000,2.000000e+00,5.000000e-08,8.72218055e-01,4.36109027e-08,5.69206232e-01,4.30793768e-01
1.000000e-07,100.000000,2.000000e+00,5.000000e-08,8.72718180e-01,4.36359090e-08,5.69290637e-01,4.30709363e-01
1.000000e-07,100.000000,2.000000e+00,5.000000e-08,8.73218305e-01,4.36609152e-08,5.69374713e-01,4.30625287e-01
1.000000e-07,100.000000,2.000000e+00,5.000000e-08,8.73718430e-01,4.36859215e-08,5.69458460e-01,4.30541540e-01
1.000000e-07,100.000000,2.000000e+00,5.000000e-08,8.74218555e-01,4.37109277e-08,5.69541877e-01,4.30458123e-01
1.000000e-07,100.000000,2.000000e+00,5.000000e-08,8.74718680e-01,4.37359340e-08,5.69624966e-01,4.30375034e-01
1.000000e-07,100.000000,2.000000e+00,5.000000e-08,8.75218805e-01,4.37609402e-08,5.69707725e-01,4.30292275e-01
1.000000e-07,100.000000,2.000000e+00,5.000000e-08,8.75718930e-01,4.37859465e-08,5.69790156e-01,4.30209844e-01
1.000000e-07,100.000000,2.000000e+00,5.000000e-08,8.76219055e-01,4.38109527e-08,5.69872256e-01,4.30127744e-01
1.000000e-07,100.000000,2.000000e+00,5.000000e-08,8.76719180e-01,4.38359590e-08,5.69954028e-01,4.30045972e-01
1.000000e-07,100.000000,2.000000e+00,5.000000e-08,8.77219305e-01,4.38609652e-08,5.70035471e-01,4.29964529e-01
1.000000e-07,100.000000,2.000000e+00,5.000000e-08,8.77719430e-01,4.38859715e-08,5.70116584e-01,4.29883416e-01
1.000000e-07,100.000000,2.000000e+00,5.000000e-08,8.78219555e-01,4.39109777e-08,5.70197368e-01,4.29802632e-01
1.000000e-07,100.000000,2.000000e+00,5.000000e-08,8.78719680e-01,4.39359840e-08,5.70277822e-01,4.29722178e-01
1.000000e-07,100.000000,2.000000e+00,5.000000e-08,8.79219805e-01,4.39609902e-08,5.70357948e-01,4.29642052e-01
1.000000e-07,100.000000,2.000000e+00,5.000000e-08,8.79719930e-01,4.39859965e-08,5.70437743e-01,4.29562257e-01
1.000000e-07,100.000000,2.000000e+00,5.000000e-08,8.80220055e-01,4.40110028e-08,5.70517210e-01,4.29482790e-01
1.000000e-07,100.000000,2.000000e+00,5.000000e-08,8.80720180e-01,4.40360090e-08,5.70596347e-01,4.29403653e-01
1.000000e-07,100.000000,2.000000e+00,5.000000e-08,8.81220305e-01,4.40610153e-08,5.70675155e-01,4.29324845e-01
1.000000e-07,100.000000,2.000000e+00,5.000000e-08,8.81720430e-01,4.40860215e-08,5.70753633e-01,4.29246367e-01
1.000000e-07,100.000000,2.000000e+00,5.000000e-08,8.82220555e-01,4.41110278e-08,5.70831781e-01,4.29168219e-01
1.000000e-07,100.000000,2.000000e+00,5.000000e-08,8.82720680e-01,4.41360340e-08,5.70909600e-01,4.29090400e-01
1.000000e-07,100.000000,2.000000e+00,5.000000e-08,8.83220805e-01,4.41610403e-08,5.70987090e-01,4.29012910e-01
1.000000e-07,100.000000,2.000000e+00,5.000000e-08,8.83720930e-01,4.41860465e-08,5.71064250e-01,4.28935750e-01
1.000000e-07,100.000000,2.000000e+00,5.000000e-08,8.84221055e-01,4.42110528e-08,5.71141081e-01,4.28858919e-01
1.000000e-07,100.000000,2.000000e+00,5.000000e-08,8.84721180e-01,4.42360590e-08,5.71217582e-01,4.28782418e-01
1.000000e-07,100.000000,2.000000e+00,5.000000e-08,8.85221305e-01,4.42610653e-08,5.71293753e-01,4.28706247e-01
1.000000e-07,100.000000,2.000000e+00,5.000000e-08,8.85721430e-01,4.42860715e-08,5.71369595e-01,4.28630405e-01
1.000000e-07,100.000000,2.000000e+00,5.000000e-08,8.86221555e-01,4.43110778e-08,5.71445107e-01,4.28554893e-01
1.000000e-07,100.000000,2.000000e+00,5.000000e-08,8.86721680e-01,4.43360840e-08,5.71520289e-01,4.28479711e-01
1.000000e-07,100.000000,2.000000e+00,5.000000e-08,8.87221805e-01,4.43610903e-08,5.71595142e-01,4.28404858e-01
1.000000e-07,100.000000,2.000000e+00,5.000000e-08,8.87721930e-01,4.43860965e-08,5.71669665e-01,4.28330335e-01
1.000000e-07,100.000000,2.000000e+00,5.000000e-08,8.88222056e-01,4.44111028e-08,5.71743858e-01,4.28256142e-01
1.000000e-07,100.000000,2.000000e+00,5.000000e-08,8.88722181e-01,4.44361090e-08,5.71817722e-01,4.28182278e-01
1.000000e-07,100.000000,2.000000e+00,5.000000e-08,8.89222306e-01,4.44611153e-08,5.71891255e-01,4.28108745e-01
1.000000e-07,100.000000,2.000000e+00,5.000000e-08,8.89722431e-01,4.44861215e-08,5.71964459e-01,4.28035541e-01
1.000000e-07,100.000000,2.000000e+00,5.000000e-08,8.90222556e-01,4.45111278e-08,5.72037334e-01,4.27962666e-01
1.000000e-07,100.000000,2.000000e+00,5.000000e-08,8.90722681e-01,4.45361340e-08,5.72109878e-01,4.27890122e-01
1.000000e-07,100.000000,2.000000e+00,5.000000e-08,8.91222806e-01,4.45611403e-08,5.72182092e-01,4.27817908e-01
1.000000e-07,100.000000,2.000000e+00,5.000000e-08,8.91722931e-01,4.45861465e-08,5.72253977e-01,4.27746023e-01
1.000000e-07,100.000000,2.000000e+00,5.000000e-08,8.92223056e-01,4.46111528e-08,5.72325532e-01,4.27674468e-01
1.000000e-07,100.000000,2.000000e+00,5.000000e-08,8.92723181e-01,4.46361590e-08,5.72396756e-01,4.27603244e-01
1.000000e-07,100.000000,2.000000e+00,5.000000e-08,8.93223306e-01,4.46611653e-08,5.72467651e-01,4.27532349e-01
1.000000e-07,100.000000,2.000000e+00,5.000000e-08,8.93723431e-01,4.46861715e-08,5.72538216e-01,4.27461784e-01
1.000000e-07,100.000000,2.000000e+00,5.000000e-08,8.94223556e-01,4.47111778e-08,5.72608451e-01,4.27391549e-01
1.000000e-07,100.000000,2.000000e+00,5.000000e-08,8.94723681e-01,4.47361840e-08,5.72678356e-01,4.27321644e-01
1.000000e-07,100.000000,2.000000e+00,5.000000e-08,8.95223806e-01,4.47611903e-08,5.72747931e-01,4.27252069e-01
1.000000e-07,100.000000,2.000000e+00,5.000000e-08,8.95723931e-01,4.47861965e-08,5.72817176e-01,4.27182824e-01
1.000000e-07,100.000000,2.000000e+00,5.000000e-08,8.96224056e-01,4.48112028e-08,5.72886091e-01,4.27113909e-01
1.000000e-07,100.000000,2.000000e+00,5.000000e-08,8.96724181e-01,4.48362091e-08,5.72954676e-01,4.27045324e-01
1.000000e-07,100.000000,2.000000e+00,5.000000e-08,8.97224306e-01,4.48612153e-08,5.73022931e-01,4.26977069e-01
1.000000e-07,100.000000,2.000000e+00,5.000000e-08,8.97724431e-01,4.48862216e-08,5.73090855e-01,4.26909145e-01
1.000000e-07,100.000000,2.000000e+00,5.000000e-08,8.98224556e-01,4.49112278e-08,5.73158450e-01,4.26841550e-01
1.000000e-07,100.000000,2.000000e+00,5.000000e-08,8.98724681e-01,4.49362341e-08,5.73225714e-01,4.26774286e-01
1.000000e-07,100.000000,2.000000e+00,5.000000e-08,8.99224806e-01,4.49612403e-08,5.73292649e-01,4.26707351e-01
1.000000e-07,100.000000,2.000000e+00,5.000000e-08,8.99724931e-01,4.49862466e-08,5.73359253e-01,4.26640747e-01
1.000000e-07,100.000000,2.000000e+00,5.000000e-08,9.00225056e-01,4.50112528e-08,5.73425527e-01,4.26574473e-01
1.000000e-07,100.000000,2.000000e+00,5.000000e-08,9.00725181e-01,4.50362591e-08,5.73491471e-01,4.26508529e-01
1.000000e-07,100.000000,2.000000e+00,5.000000e-08,9.01225306e-01,4.50612653e-08,5.73557084e-01,4.26442916e-01
1.000000e-07,100.000000,2.000000e+00,5.000000e-08,9.01725431e-01,4.50862716e-08,5.73622367e-01,4.26377633e-01
1.000000e-07,100.000000,2.000000e+00,5.000000e-08,9.02225556e-01,4.51112778e-08,5.73687320e-01,4.26312680e-01
1.000000e-07,100.000000,2.000000e+00,5.000000e-08,9.02725681e-01,4.51362841e-08,5.73751943e-01,4.26248057e-01
1.000000e-07,100.000000,2.000000e+00,5.000000e-08,9.03225806e-01,4.51612903e-08,5.73816236e-01,4.26183764e-01
1.000000e-07,100.000000,2.000000e+00,5.000000e-08,9.03725931e-01,4.51862966e-08,5.73880198e-01,4.26119802e-01
1.000000e-07,100.000000,2.000000e+00,5.000000e-08,9.04226057e-01,4.52113028e-08,5.73943829e-01,4.26056171e-01
1.000000e-07,100.000000,2.000000e+00,5.000000e-08,9.04726182e-01,4.52363091e-08,5.74007131e-01,4.25992869e-01
1.000000e-07,100.000000,2.000000e+00,5.000000e-08,9.05226307e-01,4.52613153e-08,5.74070102e-01,4.25929898e-01
1.000000e-07,100.000000,2.000000e+00,5.000000e-08,9.05726432e-01,4.52863216e-08,5.74132743e-01,4.25867257e-01
1.000000e-07,100.000000,2.000000e+00,5.000000e-08,9.06226557e-01,4.53113278e-08,5.74195053e-01,4.25804947e-01
1.000000e-07,100.000000,2.000000e+00,5.000000e-08,9.06726682e-01,4.53363341e-08,5.74257033e-01,4.25742967e-01
1.000000e-07,100.000000,2.000000e+00,5.000000e-08,9.07226807e-01,4.53613403e-08,5.74318683e-01,4.25681317e-01
1.000000e-07,100.000000,2.000000e+00,5.000000e-08,9.07726932e-01,4.53863466e-08,5.74380002e-01,4.25619998e-01
1.000000e-07,100.000000,2.000000e+00,5.000000e-08,9.08227057e-01,4.54113528e-08,5.74440990e-01,4.25559010e-01
1.000000e-07,100.000000,2.000000e+00,5.000000e-08,9.08727182e-01,4.54363591e-08,5.74501648e-01,4.25498352e-01
1.000000e-07,100.000000,2.000000e+00,5.000000e-08,9.09227307e-01,4.54613653e-08,5.74561976e-01,4.25438024e-01
1.000000e-07,100.000000,2.000000e+00,5.000000e-08,9.09727432e-01,4.54863716e-08,5.74621973e-01,4.25378027e-01
1.000000e-07,100.000000,2.000000e+00,5.000000e-08,9.10227557e-01,4.55113778e-08,5.74681640e-01,4.25318360e-01
1.000000e-07,100.000000,2.000000e+00,5.000000e-08,9.10727682e-01,4.55363841e-08,5.74740976e-01,4.25259024e-01
1.000000e-07,100.000000,2.000000e+00,5.000000e-08,9.11227807e-01,4.55613903e-08,5.74799981e-01,4.25200019e-01
1.000000e-07,100.000000,2.000000e+00,5.000000e-08,9.11727932e-01,4.55863966e-08,5.74858656e-01,4.25141344e-01
1.000000e-07,100.000000,2.000000e+00,5.000000e-08,9.12228057e-01,4.56114029e-08,5.74917000e-01,4.25083000e-01
1.000000e-07,100.000000,2.000000e+00,5.000000e-08,9.12728182e-01,4.56364091e-08,5.74975014e-01,4.25024986e-01
1.000000e-07,100.000000,2.000000e+00,5.000000e-08,9.13228307e-01,4.56614154e-08,5.75032697e-01,4.24967303e-01
1.000000e-07,100.000000,2.000000e+00,5.000000e-08,9.13728432e-01,4.56864216e-08,5.75090050e-01,4.24909950e-01
1.000000e-07,100.000000,2.000000e+00,5.000000e-08,9.14228557e-01,4.57114279e-08,5.75147072e-01,4.24852928e-01
1.000000e-07,100.000000,2.000000e+00,5.000000e-08,9.14728682e-01,4.57364341e-08,5.75203763e-01,4.24796237e-01
1.000000e-07,100.000000,2.000000e+00,5.000000e-08,9.15228807e-01,4.57614404e-08,5.75260123e-01,4.24739877e-01
1.000000e-07,100.000000,2.000000e+00,5.000000e-08,9.15728932e-01,4.57864466e-08,5.75316153e-01,4.24683847e-01
1.000000e-07,100.000000,2.000000e+00,5.000000e-08,9.16229057e-01,4.58114529e-08,5.75371852e-01,4.24628148e-01
1.000000e-07,100.000000,2.000000e+00,5.000000e-08,9.16729182e-01,4.58364591e-08,5.75427220e-01,4.24572780e-01
1.000000e-07,100.000000,2.000000e+00,5.000000e-08,9.17229307e-01,4.58614654e-08,5.75482258e-01,4.24517742e-01
1.000000e-07,100.000000,2.000000e+00,5.000000e-08,9.17729432e-01,4.58864716e-08,5.75536965e-01,4.24463035e-01
1.000000e-07,100.000000,2.000000e+00,5.000000e-08,9.18229557e-01,4.59114779e-08,5.75591341e-01,4.24408659e-01
1.000000e-07,100.000000,2.000000e+00,5.000000e-08,9.18729682e-01,4.59364841e-08,5.75645386e-01,4.24354614e-01
1.000000e-07,100.000000,2.000000e+00,5.000000e-08,9.19229807e-01,4.59614904e-08,5.75699101e-01,4.24300899e-01
1.000000e-07,100.000000,2.000000e+00,5.000000e-08,9.19729932e-01,4.59864966e-08,5.75752484e-01,4.24247516e-01
1.000000e-07,100.000000,2.000000e+00,5.000000e-08,9.20230058e-01,4.60115029e-08,5.75805537e-01,4.24194463e-01
1.000000e-07,100.000000,2.000000e+00,5.000000e-08,9.20730183e-01,4.60365091e-08,5.75858259e-01,4.24141741e-01
1.000000e-07,100.000000,2.000000e+00,5.000000e-08,9.21230308e-01,4.60615154e-08,5.75910650e-01,4.24089350e-01
1.000000e-07,100.000000,2.000000e+00,5.000000e-08,9.21730433e-01,4.60865216e-08,5.75962711e-01,4.24037289e-01
1.000000e-07,100.000000,2.000000e+00,5.000000e-08,9.22230558e-01,4.61115279e-08,5.76014440e-01,4.23985560e-01
1.000000e-07,100.000000,2.000000e+00,5.000000e-08,9.22730683e-01,4.61365341e-08,5.76065839e-01,4.23934161e-01
1.000000e-07,100.000000,2.000000e+00,5.000000e-08,9.23230808e-01,4.61615404e-08,5.76116906e-01,4.23883094e-01
1.000000e-07,100.000000,2.000000e+00,5.000000e-08,9.23730933e-01,4.61865466e-08,5.76167643e-01,4.23832357e-01
1.000000e-07,100.000000,2.000000e+00,5.000000e-08,9.24231058e-01,4.62115529e-08,5.76218049e-01,4.23781951e-01
1.000000e-07,100.000000,2.000000e+00,5.000000e-08,9.24731183e-01,4.62365591e-08,5.76268123e-01,4.23731877e-01
1.000000e-07,100.000000,2.000000e+00,5.000000e-08,9.25231308e-01,4.62615654e-08,5.76317867e-01,4.23682133e-01
1.000000e-07,100.000000,2.000000e+00,5.000000e-08,9.25731433e-01,4.62865716e-08,5.76367280e-01,4.23632720e-01
1.000000e-07,100.000000,2.000000e+00,5.000000e-08,9.26231558e-01,4.63115779e-08,5.76416362e-01,4.23583638e-01
1.000000e-07,100.000000,2.000000e+00,5.000000e-08,9.26731683e-01,4.63365841e-08,5.76465113e-01,4.23534887e-01
1.000000e-07,100.000000,2.000000e+00,5.000000e-08,9.27231808e-01,4.63615904e-08,5.76513533e-01,4.23486467e-01
1.000000e-07,100.000000,2.000000e+00,5.000000e-08,9.27731933e-01,4.63865966e-08,5.76561621e-01,4.23438379e-01
1.000000e-07,100.000000,2.000000e+00,5.000000e-08,9.28232058e-01,4.64116029e-08,5.76609379e-01,4.23390621e-01
1.000000e-07,100.000000,2.000000e+00,5.000000e-08,9.28732183e-01,4.64366092e-08,5.76656806e-01,4.23343194e-01
1.000000e-07,100.000000,2.000000e+00,5.000000e-08,9.29232308e-01,4.64616154e-08,5.76703902e-01,4.23296098e-01
1.000000e-07,100.000000,2.000000e+00,5.000000e-08,9.29732433e-01,4.64866217e-08,5.76750666e-01,4.23249334e-01
1.000000e-07,100.000000,2.000000e+00,5.000000e-08,9.30232558e-01,4.65116279e-08,5.76797100e-01,4.23202900e-01
1.000000e-07,100.000000,2.000000e+00,5.000000e-08,9.30732683e-01,4.65366342e-08,5.76843202e-01,4.23156798e-01
1.000000e-07,100.000000,2.000000e+00,5.000000e-08,9.31232808e-01,4.65616404e-08,5.76888973e-01,4.23111027e-01
1.000000e-07,100.000000,2.000000e+00,5.000000e-08,9.31732933e-01,4.65866467e-08,5.76934413e-01,4.23065587e-01
1.000000e-07,100.000000,2.000000e+00,5.000000e-08,9.32233058e-01,4.66116529e-08,5.76979522e-01,4.23020478e-01
1.000000e-07,100.000000,2.000000e+00,5.000000e-08,9.32733183e-01,4.66366592e-08,5.77024300e-01,4.22975700e-01
1.000000e-07,100.000000,2.000000e+00,5.000000e-08,9.33233308e-01,4.66616654e-08,5.77068747e-01,4.22931253e-01
1.000000e-07,100.000000,2.000000e+00,5.000000e-08,9.33733433e-01,4.66866717e-08,5.77112862e-01,4.22887138e-01
1.000000e-07,100.000000,2.000000e+00,5.000000e-08,9.34233558e-01,4.67116779e-08,5.77156647e-01,4.22843353e-01
1.000000e-07,100.000000,2.000000e+00,5.000000e-08,9.34733683e-01,4.67366842e-08,5.77200100e-01,4.22799900e-01
1.000000e-07,100.000000,2.000000e+00,5.000000e-08,9.35233808e-01,4.67616904e-08,5.77243222e-01,4.22756778e-01
1.000000e-07,100.000000,2.000000e+00,5.000000e-08,9.35733933e-01,4.67866967e-08,5.77286012e-01,4.22713988e-01
1.000000e-07,100.000000,2.000000e+00,5.000000e-08,9.36234059e-01,4.68117029e-08,5.77328472e-01,4.22671528e-01
1.000000e-07,100.000000,2.000000e+00,5.000000e-08,9.36734184e-01,4.68367092e-08,5.77370600e-01,4.22629400e-01
1.000000e-07,100.000000,2.000000e+00,5.000000e-08,9.37234309e-01,4.68617154e-08,5.77412397e-01,4.22587603e-01
1.000000e-07,100.000000,2.000000e+00,5.000000e-08,9.37734434e-01,4.68867217e-08,5.77453863e-01,4.22546137e-01
1.000000e-07,100.000000,2.000000e+00,5.000000e-08,9.38234559e-01,4.69117279e-08,5.77494997e-01,4.22505003e-01
1.000000e-07,100.000000,2.000000e+00,5.000000e-08,9.38734684e-01,4.69367342e-08,5.77535800e-01,4.22464200e-01
1.000000e-07,100.000000,2.000000e+00,5.000000e-08,9.39234809e-01,4.69617404e-08,5.77576272e-01,4.22423728e-01
1.000000e-07,100.000000,2.000000e+00,5.000000e-08,9.39734934e-01,4.69867467e-08,5.77616412e-01,4.22383588e-01
1.000000e-07,100.000000,2.000000e+00,5.000000e-08,9.40235059e-01,4.70117529e-08,5.77656222e-01,4.22343778e-01
1.000000e-07,100.000000,2.000000e+00,5.000000e-08,9.40735184e-01,4.70367592e-08,5.77695699e-01,4.22304301e-01
1.000000e-07,100.000000,2.000000e+00,5.000000e-08,9.41235309e-01,4.70617654e-08,5.77734846e-01,4.22265154e-01
1.000000e-07,100.000000,2.000000e+00,5.000000e-08,9.41735434e-01,4.70867717e-08,5.77773661e-01,4.22226339e-01
1.000000e-07,100.000000,2.000000e+00,5.000000e-08,9.42235559e-01,4.71117779e-08,5.77812145e-01,4.22187855e-01
1.000000e-07,100.000000,2.000000e+00,5.000000e-08,9.42735684e-01,4.71367842e-08,5.77850297e-01,4.22149703e-01
1.000000e-07,100.000000,2.000000e+00,5.000000e-08,9.43235809e-01,4.71617904e-08,5.77888118e-01,4.22111882e-01
1.000000e-07,100.000000,2.000000e+00,5.000000e-08,9.43735934e-01,4.71867967e-08,5.77925608e-01,4.22074392e-01
1.000000e-07,100.000000,2.000000e+00,5.000000e-08,9.44236059e-01,4.72118030e-08,5.77962766e-01,4.22037234e-01
1.000000e-07,100.000000,2.000000e+00,5.000000e-08,9.44736184e-01,4.72368092e-08,5.77999593e-01,4.22000407e-01
1.000000e-07,100.000000,2.000000e+00,5.000000e-08,9.45236309e-01,4.72618155e-08,5.78036088e-01,4.21963912e-01
1.000000e-07,100.000000,2.000000e+00,5.000000e-08,9.45736434e-01,4.72868217e-08,5.78072252e-01,4.21927748e-01
1.000000e-07,100.000000,2.000000e+00,5.000000e-08,9.46236559e-01,4.73118280e-08,5.78108085e-01,4.21891915e-01
1.000000e-07,100.000000,2.000000e+00,5.000000e-08,9.46736684e-01,4.73368342e-08,5.78143586e-01,4.21856414e-01
1.000000e-07,100.000000,2.000000e+00,5.000000e-08,9.47236809e-01,4.73618405e-08,5.78178756e-01,4.21821244e-01
1.000000e-07,100.000000,2.000000e+00,5.000000e-08,9.47736934e-01,4.73868467e-08,5.78213594e-01,4.21786406e-01
1.000000e-07,100.000000,2.000000e+00,5.000000e-08,9.48237059e-01,4.74118530e-08,5.78248100e-01,4.21751900e-01
1.000000e-07,100.000000,2.000000e+00,5.000000e-08,9.48737184e-01,4.74368592e-08,5.78282276e-01,4.21717724e-01
1.000000e-07,100.000000,2.000000e+00,5.000000e-08,9.49237309e-01,4.74618655e-08,5.78316119e-01,4.21683881e-01
1.000000e-07,100.000000,2.000000e+00,5.000000e-08,9.49737434e-01,4.74868717e-08,5.78349632e-01,4.21650368e-01
1.000000e-07,100.000000,2.000000e+00,5.000000e-08,9.50237559e-01,4.75118780e-08,5.78382812e-01,4.21617188e-01
1.000000e-07,100.000000,2.000000e+00,5.000000e-08,9.50737684e-01,4.75368842e-08,5.78415661e-01,4.21584339e-01
1.000000e-07,100.000000,2.000000e+00,5.000000e-08,9.51237809e-01,4.75618905e-08,5.78448179e-01,4.21551821e-01
1.000000e-07,100.000000,2.000000e+00,5.000000e-08,9.51737934e-01,4.75868967e-08,5.78480365e-01,4.21519635e-01
1.000000e-07,100.000000,2.000000e+00,5.000000e-08,9.52238060e-01,4.76119030e-08,5.78512220e-01,4.21487780e-01
1.000000e-07,100.000000,2.000000e+00,5.000000e-08,9.52738185e-01,4.76369092e-08,5.78543743e-01,4.21456257e-01
1.000000e-07,100.000000,2.000000e+00,5.000000e-08,9.53238310e-01,4.76619155e-08,5.78574934e-01,4.21425066e-01
1.000000e-07,100.000000,2.000000e+00,5.000000e-08,9.53738435e-01,4.76869217e-08,5.78605794e-01,4.21394206e-01
1.000000e-07,100.000000,2.000000e+00,5.000000e-08,9.54238560e-01,4.77119280e-08,5.78636322e-01,4.21363678e-01
1.000000e-07,100.000000,2.000000e+00,5.000000e-08,9.54738685e-01,4.77369342e-08,5.78666519e-01,4.21333481e-01
1.000000e-07,100.000000,2.000000e+00,5.000000e-08,9.55238810e-01,4.77619405e-08,5.78696384e-01,4.21303616e-01
1.000000e-07,100.000000,2.000000e+00,5.000000e-08,9.55738935e-01,4.77869467e-08,5.78725917e-01,4.21274083e-01
1.000000e-07,100.000000,2.000000e+00,5.000000e-08,9.56239060e-01,4.78119530e-08,5.78755119e-01,4.21244881e-01
1.000000e-07,100.000000,2.000000e+00,5.000000e-08,9.56739185e-01,4.78369592e-08,5.78783990e-01,4.21216010e-01
1.000000e-07,100.000000,2.000000e+00,5.000000e-08,9.57239310e-01,4.78619655e-08,5.78812528e-01,4.21187472e-01
1.000000e-07,100.000000,2.000000e+00,5.000000e-08,9.57739435e-01,4.78869717e-08,5.78840735e-01,4.21159265e-01
1.000000e-07,100.000000,2.000000e+00,5.000000e-08,9.58239560e-01,4.79119780e-08,5.78868611e-01,4.21131389e-01
1.000000e-07,100.000000,2.000000e+00,5.000000e-08,9.58739685e-01,4.79369842e-08,5.78896154e-01,4.21103846e-01
1.000000e-07,100.000000,2.000000e+00,5.000000e-08,9.59239810e-01,4.79619905e-08,5.78923366e-01,4.21076634e-01
1.000000e-07,100.000000,2.000000e+00,5.000000e-08,9.59739935e-01,4.79869967e-08,5.78950247e-01,4.21049753e-01
1.000000e-07,100.000000,2.000000e+00,5.000000e-08,9.60240060e-01,4.80120030e-08,5.78976795e-01,4.21023205e-01
1.000000e-07,100.000000,2.000000e+00,5.000000e-08,9.60740185e-01,4.80370093e-08,5.79003012e-01,4.20996988e-01
1.000000e-07,100.000000,2.000000e+00,5.000000e-08,9.61240310e-01,4.80620155e-08,5.79028898e-01,4.20971102e-01
1.000000e-07,100.000000,2.000000e+00,5.000000e-08,9.61740435e-01,4.80870218e-08,5.79054451e-01,4.20945549e-01
1.000000e-07,100.000000,2.000000e+00,5.000000e-08,9.62240560e-01,4.81120280e-08,5.79079673e-01,4.20920327e-01
1.000000e-07,100.000000,2.000000e+00,5.000000e-08,9.62740685e-01,4.81370343e-08,5.79104564e-01,4.20895436e-01
1.000000e-07,100.000000,2.000000e+00,5.000000e-08,9.63240810e-01,4.81620405e-08,5.79129122e-01,4.20870878e-01
1.000000e-07,100.000000,2.000000e+00,5.000000e-08,9.63740935e-01,4.81870468e-08,5.79153349e-01,4.20846651e-01
1.000000e-07,100.000000,2.000000e+00,5.000000e-08,9.64241060e-01,4.82120530e-08,5.79177244e-01,4.20822756e-01
1.000000e-07,100.000000,2.000000e+00,5.000000e-08,9.64741185e-01,4.82370593e-08,5.79200807e-01,4.20799193e-01
1.000000e-07,100.000000,2.000000e+00,5.000000e-08,9.65241310e-01,4.82620655e-08,5.79224039e-01,4.20775961e-01
1.000000e-07,100.000000,2.000000e+00,5.000000e-08,9.65741435e-01,4.82870718e-08,5.79246939e-01,4.20753061e-01
1.000000e-07,100.000000,2.000000e+00,5.000000e-08,9.66241560e-01,4.83120780e-08,5.79269507e-01,4.20730493e-01
1.000000e-07,100.000000,2.000000e+00,5.000000e-08,9.66741685e-01,4.83370843e-08,5.79291743e-01,4.20708257e-01
1.000000e-07,100.000000,2.000000e+00,5.000000e-08,9.67241810e-01,4.83620905e-08,5.79313648e-01,4.20686352e-01
1.000000e-07,100.000000,2.000000e+00,5.000000e-08,9.67741935e-01,4.83870968e-08,5.79335221e-01,4.20664779e-01
1.000000e-07,100.000000,2.000000e+00,5.000000e-08,9.68242061e-01,4.84121030e-08,5.79356462e-01,4.20643538e-01
1.000000e-07,100.000000,2.000000e+00,5.000000e-08,9.68742186e-01,4.84371093e-08,5.79377371e-01,4.20622629e-01
1.000000e-07,100.000000,2.000000e+00,5.000000e-08,9.69242311e-01,4.84621155e-08,5.79397949e-01,4.20602051e-01
1.000000e-07,100.000000,2.000000e+00,5.000000e-08,9.69742436e-01,4.84871218e-08,5.79418195e-01,4.20581805e-01
1.000000e-07,100.000000,2.000000e+00,5.000000e-08,9.70242561e-01,4.85121280e-08,5.79438109e-01,4.20561891e-01
1.000000e-07,100.000000,2.000000e+00,5.000000e-08,9.70742686e-01,4.85371343e-08,5.79457691e-01,4.20542309e-01
1.000000e-07,100.000000,2.000000e+00,5.000000e-08,9.71242811e-01,4.85621405e-08,5.79476941e-01,4.20523059e-01
1.000000e-07,100.000000,2.000000e+00,5.000000e-08,9.71742936e-01,4.85871468e-08,5.79495860e-01,4.20504140e-01
1.000000e-07,100.000000,2.000000e+00,5.000000e-08,9.72243061e-01,4.86121530e-08,5.79514446e-01,4.20485554e-01
1.000000e-07,100.000000,2.000000e+00,5.000000e-08,9.72743186e-01,4.86371593e-08,5.79532701e-01,4.20467299e-01
1.000000e-07,100.000000,2.000000e+00,5.000000e-08,9.73243311e-01,4.86621655e-08,5.79550624e-01,4.20449376e-01
1.000000e-07,100.000000,2.000000e+00,5.000000e-08,9.73743436e-01,4.86871718e-08,5.79568216e-01,4.20431784e-01
1.000000e-07,100.000000,2.000000e+00,5.000000e-08,9.74243561e-01,4.87121780e-08,5.79585475e-01,4.20414525e-01
1.000000e-07,100.000000,2.000000e+00,5.000000e-08,9.74743686e-01,4.87371843e-08,5.79602403e-01,4.20397597e-01
1.000000e-07,100.000000,2.000000e+00,5.000000e-08,9.75243811e-01,4.87621905e-08,5.79618998e-01,4.20381002e-01
1.000000e-07,100.000000,2.000000e+00,5.000000e-08,9.75743936e-01,4.87871968e-08,5.79635262e-01,4.20364738e-01
1.000000e-07,100.000000,2.000000e+00,5.000000e-08,9.76244061e-01,4.88122031e-08,5.79651194e-01,4.20348806e-01
1.000000e-07,100.000000,2.000000e+00,5.000000e-08,9.76744186e-01,4.88372093e-08,5.79666795e-01,4.20333205e-01
1.000000e-07,100.000000,2.000000e+00,5.000000e-08,9.77244311e-01,4.88622156e-08,5.79682063e-01,4.20317937e-01
1.000000e-07,100.000000,2.000000e+00,5.000000e-08,9.77744436e-01,4.88872218e-08,5.79696999e-01,4.20303001e-01
1.000000e-07,100.000000,2.000000e+00,5.000000e-08,9.78244561e-01,4.89122281e-08,5.79711604e-01,4.20288396e-01
1.000000e-07,100.000000,2.000000e+00,5.000000e-08,9.78744686e-01,4.89372343e-08,5.79725877e-01,4.20274123e-01
1.000000e-07,100.000000,2.000000e+00,5.000000e-08,9.79244811e-01,4.89622406e-08,5.79739818e-01,4.20260182e-01
1.000000e-07,100.000000,2.000000e+00,5.000000e-08,9.79744936e-01,4.89872468e-08,5.79753427e-01,4.20246573e-01
1.000000e-07,100.000000,2.000000e+00,5.000000e-08,9.80245061e-01,4.90122531e-08,5.79766704e-01,4.20233296e-01
1.000000e-07,100.000000,2.000000e+00,5.000000e-08,9.80745186e-01,4.90372593e-08,5.79779649e-01,4.20220351e-01
1.000000e-07,100.000000,2.000000e+00,5.000000e-08,9.81245311e-01,4.90622656e-08,5.79792262e-01,4.20207738e-01
1.000000e-07,100.000000,2.000000e+00,5.000000e-08,9.81745436e-01,4.90872718e-08,5.79804544e-01,4.20195456e-01
1.000000e-07,100.000000,2.000000e+00,5.000000e-08,9.82245561e-01,4.91122781e-08,5.79816493e-01,4.20183507e-01
1.000000e-07,100.000000,2.000000e+00,5.000000e-08,9.82745686e-01,4.91372843e-08,5.79828111e-01,4.20171889e-01
1.000000e-07,100.000000,2.000000e+00,5.000000e-08,9.83245811e-01,4.91622906e-08,5.79839397e-01,4.20160603e-01
1.000000e-07,100.000000,2.000000e+00,5.000000e-08,9.83745936e-01,4.91872968e-08,5.79850351e-01,4.20149649e-01
1.000000e-07,100.000000,2.000000e+00,5.000000e-08,9.84246062e-01,4.92123031e-08,5.79860973e-01,4.20139027e-01
1.000000e-07,100.000000,2.000000e+00,5.000000e-08,9.84746187e-01,4.92373093e-08,5.79871263e-01,4.20128737e-01
1.000000e-07,100.000000,2.000000e+00,5.000000e-08,9.85246312e-01,4.92623156e-08,5.79881221e-01,4.20118779e-01
1.000000e-07,100.000000,2.000000e+00,5.000000e-08,9.85746437e-01,4.92873218e-08,5.79890847e-01,4.20109153e-01
1.000000e-07,100.000000,2.000000e+00,5.000000e-08,9.86246562e-01,4.93123281e-08,5.79900141e-01,4.20099859e-01
1.000000e-07,100.000000,2.000000e+00,5.000000e-08,9.86746687e-01,4.93373343e-08,5.79909104e-01,4.20090896e-01
1.000000e-07,100.000000,2.000000e+00,5.000000e-08,9.87246812e-01,4.93623406e-08,5.79917734e-01,4.20082266e-01
1.000000e-07,100.000000,2.000000e+00,5.000000e-08,9.87746937e-01,4.93873468e-08,5.79926033e-01,4.20073967e-01
1.000000e-07,100.000000,2.000000e+00,5.000000e-08,9.88247062e-01,4.94123531e-08,5.79933999e-01,4.20066001e-01
1.000000e-07,100.000000,2.000000e+00,5.000000e-08,9.88747187e-01,4.94373593e-08,5.79941634e-01,4.20058366e-01
1.000000e-07,100.000000,2.000000e+00,5.000000e-08,9.89247312e-01,4.94623656e-08,5.79948937e-01,4.20051063e-01
1.000000e-07,100.000000,2.000000e+00,5.000000e-08,9.89747437e-01,4.94873718e-08,5.79955908e-01,4.20044092e-01
1.000000e-07,100.000000,2.000000e+00,5.000000e-08,9.90247562e-01,4.95123781e-08,5.79962547e-01,4.20037453e-01
1.000000e-07,100.000000,2.000000e+00,5.000000e-08,9.90747687e-01,4.95373843e-08,5.79968854e-01,4.20031146e-01
1.000000e-07,100.000000,2.000000e+00,5.000000e-08,9.91247812e-01,4.95623906e-08,5.79974829e-01,4.20025171e-01
1.000000e-07,100.000000,2.000000e+00,5.000000e-08,9.91747937e-01,4.95873968e-08,5.79980472e-01,4.20019528e-01
1.000000e-07,100.000000,2.000000e+00,5.000000e-08,9.92248062e-01,4.96124031e-08,5.79985783e-01,4.20014217e-01
1.000000e-07,100.000000,2.000000e+00,5.000000e-08,9.92748187e-01,4.96374094e-08,5.79990762e-01,4.20009238e-01
1.000000e-07,100.000000,2.000000e+00,5.000000e-08,9.93248312e-01,4.96624156e-08,5.79995409e-01,4.20004591e-01
1.000000e-07,100.000000,2.000000e+00,5.000000e-08,9.93748437e-01,4.96874219e-08,5.79999725e-01,4.20000275e-01
1.000000e-07,100.000000,2.000000e+00,5.000000e-08,9.94248562e-01,4.97124281e-08,5.80003708e-01,4.19996292e-01
1.000000e-07,100.000000,2.000000e+00,5.000000e-08,9.94748687e-01,4.97374344e-08,5.80007360e-01,4.19992640e-01
1.000000e-07,100.000000,2.000000e+00,5.000000e-08,9.95248812e-01,4.97624406e-08,5.80010679e-01,4.19989321e-01
1.000000e-07,100.000000,2.000000e+00,5.000000e-08,9.95748937e-01,4.97874469e-08,5.80013667e-01,4.19986333e-01
1.000000e-07,100.000000,2.000000e+00,5.000000e-08,9.96249062e-01,4.98124531e-08,5.80016322e-01,4.19983678e-01
1.000000e-07,100.000000,2.000000e+00,5.000000e-08,9.96749187e-01,4.98374594e-08,5.80018646e-01,4.19981354e-01
1.000000e-07,100.000000,2.000000e+00,5.000000e-08,9.97249312e-01,4.98624656e-08,5.80020638e-01,4.19979362e-01
1.000000e-07,100.000000,2.000000e+00,5.000000e-08,9.97749437e-01,4.98874719e-08,5.80022297e-01,4.19977703e-01
1.000000e-07,100.000000,2.000000e+00,5.000000e-08,9.98249562e-01,4.99124781e-08,5.80023625e-01,4.19976375e-01
1.000000e-07,100.000000,2.000000e+00,5.000000e-08,9.98749687e-01,4.99374844e-08,5.80024621e-01,4.19975379e-01
1.000000e-07,100.000000,2.000000e+00,5.000000e-08,9.99249812e-01,4.99624906e-08,5.80025285e-01,4.19974715e-01
1.000000e-07,100.000000,2.000000e+00,5.000000e-08,9.99749937e-01,4.99874969e-08,5.80025617e-01,4.19974383e-01
1.000000e-07,100.000000,2.000000e+00,5.000000e-08,1.00025006e+00,5.00125031e-08,5.80025617e-01,4.19974383e-01
1.000000e-07,100.000000,2.000000e+00,5.000000e-08,1.00075019e+00,5.00375094e-08,5.80025285e-01,4.19974715e-01
1.000000e-07,100.000000,2.000000e+00,5.000000e-08,1.00125031e+00,5.00625156e-08,5.80024621e-01,4.19975379e-01
1.000000e-07,100.000000,2.000000e+00,5.000000e-08,1.00175044e+00,5.00875219e-08,5.80023625e-01,4.19976375e-01
1.000000e-07,100.000000,2.000000e+00,5.000000e-08,1.00225056e+00,5.01125281e-08,5.80022297e-01,4.19977703e-01
1.000000e-07,100.000000,2.000000e+00,5.000000e-08,1.00275069e+00,5.01375344e-08,5.80020638e-01,4.19979362e-01
1.000000e-07,100.000000,2.000000e+00,5.000000e-08,1.00325081e+00,5.01625406e-08,5.80018646e-01,4.19981354e-01
1.000000e-07,100.000000,2.000000e+00,5.000000e-08,1.00375094e+00,5.01875469e-08,5.80016322e-01,4.19983678e-01
1.000000e-07,100.000000,2.000000e+00,5.000000e-08,1.00425106e+00,5.02125531e-08,5.80013667e-01,4.19986333e-01
1.000000e-07,100.000000,2.000000e+00,5.000000e-08,1.00475119e+00,5.02375594e-08,5.80010679e-01,4.19989321e-01
1.000000e-07,100.000000,2.000000e+00,5.000000e-08,1.00525131e+00,5.02625656e-08,5.80007360e-01,4.19992640e-01
1.000000e-07,100.000000,2.000000e+00,5.000000e-08,1.00575144e+00,5.02875719e-08,5.80003708e-01,4.19996292e-01
1.000000e-07,100.000000,2.000000e+00,5.000000e-08,1.00625156e+00,5.03125781e-08,5.79999725e-01,4.20000275e-01
1.000000e-07,100.000000,2.000000e+00,5.000000e-08,1.00675169e+00,5.03375844e-08,5.79995409e-01,4.20004591e-01
1.000000e-07,100.000000,2.000000e+00,5.000000e-08,1.00725181e+00,5.03625906e-08,5.79990762e-01,4.20009238e-01
1.000000e-07,100.000000,2.000000e+00,5.000000e-08,1.00775194e+00,5.03875969e-08,5.79985783e-01,4.20014217e-01
1.000000e-07,100.000000,2.000000e+00,5.000000e-08,1.00825206e+00,5.04126032e-08,5.79980472e-01,4.20019528e-01
1.000000e-07,100.000000,2.000000e+00,5.000000e-08,1.00875219e+00,5.04376094e-08,5.79974829e-01,4.20025171e-01
1.000000e-07,100.000000,2.000000e+00,5.000000e-08,1.00925231e+00,5.04626157e-08,5.79968854e-01,4.20031146e-01
1.000000e-07,100.000000,2.000000e+00,5.000000e-08,1.00975244e+00,5.04876219e-08,5.79962547e-01,4.20037453e-01
1.000000e-07,100.000000,2.000000e+00,5.000000e-08,1.01025256e+00,5.05126282e-08,5.79955908e-01,4.20044092e-01
1.000000e-07,100.000000,2.000000e+00,5.000000e-08,1.01075269e+00,5.05376344e-08,5.79948937e-01,4.20051063e-01
1.000000e-07,100.000000,2.000000e+00,5.000000e-08,1.01125281e+00,5.05626407e-08,5.79941634e-01,4.20058366e-01
1.000000e-07,100.000000,2.000000e+00,5.000000e-08,1.01175294e+00,5.05876469e-08,5.79933999e-01,4.20066001e-01
1.000000e-07,100.000000,2.000000e+00,5.000000e-08,1.01225306e+00,5.06126532e-08,5.79926033e-01,4.20073967e-01
1.000000e-07,100.000000,2.000000e+00,5.000000e-08,1.01275319e+00,5.06376594e-08,5.79917734e-01,4.20082266e-01
1.000000e-07,100.000000,2.000000e+00,5.000000e-08,1.01325331e+00,5.06626657e-08,5.79909104e-01,4.20090896e-01
1.000000e-07,100.000000,2.000000e+00,5.000000e-08,1.01375344e+00,5.06876719e-08,5.79900141e-01,4.20099859e-01
1.000000e-07,100.000000,2.000000e+00,5.000000e-08,1.01425356e+00,5.07126782e-08,5.79890847e-01,4.20109153e-01
1.000000e-07,100.000000,2.000000e+00,5.000000e-08,1.01475369e+00,5.07376844e-08,5.79881221e-01,4.20118779e-01
1.000000e-07,100.000000,2.000000e+00,5.000000e-08,1.01525381e+00,5.07626907e-08,5.79871263e-01,4.20128737e-01
1.000000e-07,100.000000,2.000000e+00,5.000000e-08,1.01575394e+00,5.07876969e-08,5.79860973e-01,4.20139027e-01
1.000000e-07,100.000000,2.000000e+00,5.000000e-08,1.01625406e+00,5.08127032e-08,5.79850351e-01,4.20149649e-01
1.000000e-07,100.000000,2.000000e+00,5.000000e-08,1.01675419e+00,5.08377094e-08,5.79839397e-01,4.20160603e-01
1.000000e-07,100.000000,2.000000e+00,5.000000e-08,1.01725431e+00,5.08627157e-08,5.79828111e-01,4.20171889e-01
1.000000e-07,100.000000,2.000000e+00,5.000000e-08,1.01775444e+00,5.08877219e-08,5.79816493e-01,4.20183507e-01
1.000000e-07,100.000000,2.000000e+00,5.000000e-08,1.01825456e+00,5.09127282e-08,5.79804544e-01,4.20195456e-01
1.000000e-07,100.000000,2.000000e+00,5.000000e-08,1.01875469e+00,5.09377344e-08,5.79792262e-01,4.20207738e-01
1.000000e-07,100.000000,2.000000e+00,5.000000e-08,1.01925481e+00,5.09627407e-08,5.79779649e-01,4.20220351e-01
1.000000e-07,100.000000,2.000000e+00,5.000000e-08,1.01975494e+00,5.09877469e-08,5.79766704e-01,4.20233296e-01
1.000000e-07,100.000000,2.000000e+00,5.000000e-08,1.02025506e+00,5.10127532e-08,5.79753427e-01,4.20246573e-01
1.000000e-07,100.000000,2.000000e+00,5.000000e-08,1.02075519e+00,5.10377594e-08,5.79739818e-01,4.20260182e-01
1.000000e-07,100.000000,2.000000e+00,5.000000e-08,1.02125531e+00,5.10627657e-08,5.79725877e-01,4.20274123e-01
1.000000e-07,100.000000,2.000000e+00,5.000000e-08,1.02175544e+00,5.10877719e-08,5.79711604e-01,4.20288396e-01
1.000000e-07,100.000000,2.000000e+00,5.000000e-08,1.02225556e+00,5.11127782e-08,5.79696999e-01,4.20303001e-01
1.000000e-07,100.000000,2.000000e+00,5.000000e-08,1.02275569e+00,5.11377844e-08,5.79682063e-01,4.20317937e-01
1.000000e-07,100.000000,2.000000e+00,5.000000e-08,1.02325581e+00,5.11627907e-08,5.79666795e-01,4.20333205e-01
1.000000e-07,100.000000,2.000000e+00,5.000000e-08,1.02375594e+00,5.11877969e-08,5.79651194e-01,4.20348806e-01
1.000000e-07,100.000000,2.000000e+00,5.000000e-08,1.02425606e+00,5.12128032e-08,5.79635262e-01,4.20364738e-01
1.000000e-07,100.000000,2.000000e+00,5.000000e-08,1.02475619e+00,5.12378095e-08,5.79618998e-01,4.20381002e-01
1.000000e-07,100.000000,2.000000e+00,5.000000e-08,1.02525631e+00,5.12628157e-08,5.79602403e-01,4.20397597e-01
1.000000e-07,100.000000,2.000000e+00,5.000000e-08,1.02575644e+00,5.12878220e-08,5.79585475e-01,4.20414525e-01
1.000000e-07,100.000000,2.000000e+00,5.000000e-08,1.02625656e+00,5.13128282e-08,5.79568216e-01,4.20431784e-01
1.000000e-07,100.000000,2.000000e+00,5.000000e-08,1.02675669e+00,5.13378345e-08,5.79550624e-01,4.20449376e-01
1.000000e-07,100.000000,2.000000e+00,5.000000e-08,1.02725681e+00,5.13628407e-08,5.79532701e-01,4.20467299e-01
1.000000e-07,100.000000,2.000000e+00,5.000000e-08,1.02775694e+00,5.13878470e-08,5.79514446e-01,4.20485554e-01
1.000000e-07,100.000000,2.000000e+00,5.000000e-08,1.02825706e+00,5.14128532e-08,5.79495860e-01,4.20504140e-01
1.000000e-07,100.000000,2.000000e+00,5.000000e-08,1.02875719e+00,5.14378595e-08,5.79476941e-01,4.20523059e-01
1.000000e-07,100.000000,2.000000e+00,5.000000e-08,1.02925731e+00,5.14628657e-08,5.79457691e-01,4.20542309e-01
1.000000e-07,100.000000,2.000000e+00,5.000000e-08,1.02975744e+00,5.14878720e-08,5.79438109e-01,4.20561891e-01
1.000000e-07,100.000000,2.000000e+00,5.000000e-08,1.03025756e+00,5.15128782e-08,5.79418195e-01,4.20581805e-01
1.000000e-07,100.000000,2.000000e+00,5.000000e-08,1.03075769e+00,5.15378845e-08,5.79397949e-01,4.20602051e-01
1.000000e-07,100.000000,2.000000e+00,5.000000e-08,1.03125781e+00,5.15628907e-08,5.79377371e-01,4.20622629e-01
1.000000e-07,100.000000,2.000000e+00,5.000000e-08,1.03175794e+00,5.15878970e-08,5.79356462e-01,4.20643538e-01
1.000000e-07,100.000000,2.000000e+00,5.000000e-08,1.03225806e+00,5.16129032e-08,5.79335221e-01,4.20664779e-01
1.000000e-07,100.000000,2.000000e+00,5.000000e-08,1.03275819e+00,5.16379095e-08,5.79313648e-01,4.20686352e-01
1.000000e-07,100.000000,2.000000e+00,5.000000e-08,1.03325831e+00,5.16629157e-08,5.79291743e-01,4.20708257e-01
1.000000e-07,100.000000,2.000000e+00,5.000000e-08,1.03375844e+00,5.16879220e-08,5.79269507e-01,4.20730493e-01
1.000000e-07,100.000000,2.000000e+00,5.000000e-08,1.03425856e+00,5.17129282e-08,5.79246939e-01,4.20753061e-01
1.000000e-07,100.000000,2.000000e+00,5.000000e-08,1.03475869e+00,5.17379345e-08,5.79224039e-01,4.20775961e-01
1.000000e-07,100.000000,2.000000e+00,5.000000e-08,1.03525881e+00,5.17629407e-08,5.79200807e-01,4.20799193e-01
1.000000e-07,100.000000,2.000000e+00,5.000000e-08,1.03575894e+00,5.17879470e-08,5.79177244e-01,4.20822756e-01
1.000000e-07,100.000000,2.000000e+00,5.000000e-08,1.03625906e+00,5.18129532e-08,5.79153349e-01,4.20846651e-01
1.000000e-07,100.000000,2.000000e+00,5.000000e-08,1.03675919e+00,5.18379595e-08,5.79129122e-01,4.20870878e-01
1.000000e-07,100.000000,2.000000e+00,5.000000e-08,1.03725931e+00,5.18629657e-08,5.79104564e-01,4.20895436e-01
1.000000e-07,100.000000,2.000000e+00,5.000000e-08,1.03775944e+00,5.18879720e-08,5.79079673e-01,4.20920327e-01
1.000000e-07,100.000000,2.000000e+00,5.000000e-08,1.03825956e+00,5.19129782e-08,5.79054451e-01,4.20945549e-01
1.000000e-07,100.000000,2.000000e+00,5.000000e-08,1.03875969e+00,5.19379845e-08,5.79028898e-01,4.20971102e-01
1.000000e-07,100.000000,2.000000e+00,5.000000e-08,1.03925981e+00,5.19629907e-08,5.79003012e-01,4.20996988e-01
1.000000e-07,100.000000,2.000000e+00,5.000000e-08,1.03975994e+00,5.19879970e-08,5.78976795e-01,4.21023205e-01
1.000000e-07,100.000000,2.000000e+00,5.000000e-08,1.04026007e+00,5.20130033e-08,5.78950247e-01,4.21049753e-01
1.000000e-07,100.000000,2.000000e+00,5.000000e-08,1.04076019e+00,5.20380095e-08,5.78923366e-01,4.21076634e-01
1.000000e-07,100.000000,2.000000e+00,5.000000e-08,1.04126032e+00,5.20630158e-08,5.78896154e-01,4.21103846e-01
1.000000e-07,100.000000,2.000000e+00,5.000000e-08,1.04176044e+00,5.20880220e-08,5.78868611e-01,4.21131389e-01
1.000000e-07,100.000000,2.000000e+00,5.000000e-08,1.04226057e+00,5.21130283e-08,5.78840735e-01,4.21159265e-01
1.000000e-07,100.000000,2.000000e+00,5.000000e-08,1.04276069e+00,5.21380345e-08,5.78812528e-01,4.21187472e-01
1.000000e-07,100.000000,2.000000e+00,5.000000e-08,1.04326082e+00,5.21630408e-08,5.78783990e-01,4.21216010e-01
1.000000e-07,100.000000,2.000000e+00,5.000000e-08,1.04376094e+00,5.21880470e-08,5.78755119e-01,4.21244881e-01
1.000000e-07,100.000000,2.000000e+00,5.000000e-08,1.04426107e+00,5.22130533e-08,5.78725917e-01,4.21274083e-01
1.000000e-07,100.000000,2.000000e+00,5.000000e-08,1.04476119e+00,5.22380595e-08,5.78696384e-01,4.21303616e-01
1.000000e-07,100.000000,2.000000e+00,5.000000e-08,1.04526132e+00,5.22630658e-08,5.78666519e-01,4.21333481e-01
1.000000e-07,100.000000,2.000000e+00,5.000000e-08,1.04576144e+00,5.22880720e-08,5.78636322e-01,4.21363678e-01
1.000000e-07,100.000000,2.000000e+00,5.000000e-08,1.04626157e+00,5.23130783e-08,5.78605794e-01,4.21394206e-01
1.000000e-07,100.000000,2.000000e+00,5.000000e-08,1.04676169e+00,5.23380845e-08,5.78574934e-01,4.21425066e-01
1.000000e-07,100.000000,2.000000e+00,5.000000e-08,1.04726182e+00,5.23630908e-08,5.78543743e-01,4.21456257e-01
1.000000e-07,100.000000,2.000000e+00,5.000000e-08,1.04776194e+00,5.23880970e-08,5.78512220e-01,4.21487780e-01
1.000000e-07,100.000000,2.000000e+00,5.000000e-08,1.04826207e+00,5.24131033e-08,5.78480365e-01,4.21519635e-01
1.000000e-07,100.000000,2.000000e+00,5.000000e-08,1.04876219e+00,5.24381095e-08,5.78448179e-01,4.21551821e-01
1.000000e-07,100.000000,2.000000e+00,5.000000e-08,1.04926232e+00,5.24631158e-08,5.78415661e-01,4.21584339e-01
1.000000e-07,100.000000,2.000000e+00,5.000000e-08,1.04976244e+00,5.24881220e-08,5.78382812e-01,4.21617188e-01
1.000000e-07,100.000000,2.000000e+00,5.000000e-08,1.05026257e+00,5.25131283e-08,5.78349632e-01,4.21650368e-01
1.000000e-07,100.000000,2.000000e+00,5.000000e-08,1.05076269e+00,5.25381345e-08,5.78316119e-01,4.21683881e-01
1.000000e-07,100.000000,2.000000e+00,5.000000e-08,1.05126282e+00,5.25631408e-08,5.78282276e-01,4.21717724e-01
1.000000e-07,100.000000,2.000000e+00,5.000000e-08,1.05176294e+00,5.25881470e-08,5.78248100e-01,4.21751900e-01
1.000000e-07,100.000000,2.000000e+00,5.000000e-08,1.05226307e+00,5.26131533e-08,5.78213594e-01,4.21786406e-01
1.000000e-07,100.000000,2.000000e+00,5.000000e-08,1.05276319e+00,5.26381595e-08,5.78178756e-01,4.21821244e-01
1.000000e-07,100.000000,2.000000e+00,5.000000e-08,1.05326332e+00,5.26631658e-08,5.78143586e-01,4.21856414e-01
1.000000e-07,100.000000,2.000000e+00,5.000000e-08,1.05376344e+00,5.26881720e-08,5.78108085e-01,4.21891915e-01
1.000000e-07,100.000000,2.000000e+00,5.000000e-08,1.05426357e+00,5.27131783e-08,5.78072252e-01,4.21927748e-01
1.000000e-07,100.000000,2.000000e+00,5.000000e-08,1.05476369e+00,5.27381845e-08,5.78036088e-01,4.21963912e-01
1.000000e-07,100.000000,2.000000e+00,5.000000e-08,1.05526382e+00,5.27631908e-08,5.77999593e-01,4.22000407e-01
1.000000e-07,100.000000,2.000000e+00,5.000000e-08,1.05576394e+00,5.27881970e-08,5.77962766e-01,4.22037234e-01
1.000000e-07,100.000000,2.000000e+00,5.000000e-08,1.05626407e+00,5.28132033e-08,5.77925608e-01,4.22074392e-01
1.000000e-07,100.000000,2.000000e+00,5.000000e-08,1.05676419e+00,5.28382096e-08,5.77888118e-01,4.22111882e-01
1.000000e-07,100.000000,2.000000e+00,5.000000e-08,1.05726432e+00,5.28632158e-08,5.77850297e-01,4.22149703e-01
1.000000e-07,100.000000,2.000000e+00,5.000000e-08,1.05776444e+00,5.28882221e-08,5.77812145e-01,4.22187855e-01
1.000000e-07,100.000000,2.000000e+00,5.000000e-08,1.05826457e+00,5.29132283e-08,5.77773661e-01,4.22226339e-01
1.000000e-07,100.000000,2.000000e+00,5.000000e-08,1.05876469e+00,5.29382346e-08,5.77734846e-01,4.22265154e-01
1.000000e-07,100.000000,2.000000e+00,5.000000e-08,1.05926482e+00,5.29632408e-08,5.77695699e-01,4.22304301e-01
1.000000e-07,100.000000,2.000000e+00,5.000000e-08,1.05976494e+00,5.29882471e-08,5.77656222e-01,4.22343778e-01
1.000000e-07,100.000000,2.000000e+00,5.000000e-08,1.06026507e+00,5.30132533e-08,5.77616412e-01,4.22383588e-01
1.000000e-07,100.000000,2.000000e+00,5.000000e-08,1.06076519e+00,5.30382596e-08,5.77576272e-01,4.22423728e-01
1.000000e-07,100.000000,2.000000e+00,5.000000e-08,1.06126532e+00,5.30632658e-08,5.77535800e-01,4.22464200e-01
1.000000e-07,100.000000,2.000000e+00,5.000000e-08,1.06176544e+00,5.30882721e-08,5.77494997e-01,4.22505003e-01
1.000000e-07,100.000000,2.000000e+00,5.000000e-08,1.06226557e+00,5.31132783e-08,5.77453863e-01,4.22546137e-01
1.000000e-07,100.000000,2.000000e+00,5.000000e-08,1.06276569e+00,5.31382846e-08,5.77412397e-01,4.22587603e-01
1.000000e-07,100.000000,2.000000e+00,5.000000e-08,1.06326582e+00,5.31632908e-08,5.77370600e-01,4.22629400e-01
1.000000e-07,100.000000,2.000000e+00,5.000000e-08,1.06376594e+00,5.31882971e-08,5.77328472e-01,4.22671528e-01
1.000000e-07,100.000000,2.000000e+00,5.000000e-08,1.06426607e+00,5.32133033e-08,5.77286012e-01,4.22713988e-01
1.000000e-07,100.000000,2.000000e+00,5.000000e-08,1.06476619e+00,5.32383096e-08,5.77243222e-01,4.22756778e-01
1.000000e-07,100.000000,2.000000e+00,5.000000e-08,1.06526632e+00,5.32633158e-08,5.77200100e-01,4.22799900e-01
1.000000e-07,100.000000,2.000000e+00,5.000000e-08,1.06576644e+00,5.32883221e-08,5.77156647e-01,4.22843353e-01
1.000000e-07,100.000000,2.000000e+00,5.000000e-08,1.06626657e+00,5.33133283e-08,5.77112862e-01,4.22887138e-01
1.000000e-07,100.000000,2.000000e+00,5.000000e-08,1.06676669e+00,5.33383346e-08,5.77068747e-01,4.22931253e-01
1.000000e-07,100.000000,2.000000e+00,5.000000e-08,1.06726682e+00,5.33633408e-08,5.77024300e-01,4.22975700e-01
1.000000e-07,100.000000,2.000000e+00,5.000000e-08,1.06776694e+00,5.33883471e-08,5.76979522e-01,4.23020478e-01
1.000000e-07,100.000000,2.000000e+00,5.000000e-08,1.06826707e+00,5.34133533e-08,5.76934413e-01,4.23065587e-01
1.000000e-07,100.000000,2.000000e+00,5.000000e-08,1.06876719e+00,5.34383596e-08,5.76888973e-01,4.23111027e-01
1.000000e-07,100.000000,2.000000e+00,5.000000e-08,1.06926732e+00,5.34633658e-08,5.76843202e-01,4.23156798e-01
1.000000e-07,100.000000,2.000000e+00,5.000000e-08,1.06976744e+00,5.34883721e-08,5.76797100e-01,4.23202900e-01
1.000000e-07,100.000000,2.000000e+00,5.000000e-08,1.07026757e+00,5.35133783e-08,5.76750666e-01,4.23249334e-01
1.000000e-07,100.000000,2.000000e+00,5.000000e-08,1.07076769e+00,5.35383846e-08,5.76703902e-01,4.23296098e-01
1.000000e-07,100.000000,2.000000e+00,5.000000e-08,1.07126782e+00,5.35633908e-08,5.76656806e-01,4.23343194e-01
1.000000e-07,100.000000,2.000000e+00,5.000000e-08,1.07176794e+00,5.35883971e-08,5.76609379e-01,4.23390621e-01
1.000000e-07,100.000000,2.000000e+00,5.000000e-08,1.07226807e+00,5.36134034e-08,5.76561621e-01,4.23438379e-01
1.000000e-07,100.000000,2.000000e+00,5.000000e-08,1.07276819e+00,5.36384096e-08,5.76513533e-01,4.23486467e-01
1.000000e-07,100.000000,2.000000e+00,5.000000e-08,1.07326832e+00,5.36634159e-08,5.76465113e-01,4.23534887e-01
1.000000e-07,100.000000,2.000000e+00,5.000000e-08,1.07376844e+00,5.36884221e-08,5.76416362e-01,4.23583638e-01
1.000000e-07,100.000000,2.000000e+00,5.000000e-08,1.07426857e+00,5.37134284e-08,5.76367280e-01,4.23632720e-01
1.000000e-07,100.000000,2.000000e+00,5.000000e-08,1.07476869e+00,5.37384346e-08,5.76317867e-01,4.23682133e-01
1.000000e-07,100.000000,2.000000e+00,5.000000e-08,1.07526882e+00,5.37634409e-08,5.76268123e-01,4.23731877e-01
1.000000e-07,100.000000,2.000000e+00,5.000000e-08,1.07576894e+00,5.37884471e-08,5.76218049e-01,4.23781951e-01
1.000000e-07,100.000000,2.000000e+00,5.000000e-08,1.07626907e+00,5.38134534e-08,5.76167643e-01,4.23832357e-01
1.000000e-07,100.000000,2.000000e+00,5.000000e-08,1.07676919e+00,5.38384596e-08,5.76116906e-01,4.23883094e-01
1.000000e-07,100.000000,2.000000e+00,5.000000e-08,1.07726932e+00,5.38634659e-08,5.76065839e-01,4.23934161e-01
1.000000e-07,100.000000,2.000000e+00,5.000000e-08,1.07776944e+00,5.38884721e-08,5.76014440e-01,4.23985560e-01
1.000000e-07,100.000000,2.000000e+00,5.000000e-08,1.07826957e+00,5.39134784e-08,5.75962711e-01,4.24037289e-01
1.000000e-07,100.000000,2.000000e+00,5.000000e-08,1.07876969e+00,5.39384846e-08,5.75910650e-01,4.24089350e-01
1.000000e-07,100.000000,2.000000e+00,5.000000e-08,1.07926982e+00,5.39634909e-08,5.75858259e-01,4.24141741e-01
1.000000e-07,100.000000,2.000000e+00,5.000000e-08,1.07976994e+00,5.39884971e-08,5.75805537e-01,4.24194463e-01
1.000000e-07,100.000000,2.000000e+00,5.000000e-08,1.08027007e+00,5.40135034e-08,5.75752484e-01,4.24247516e-01
1.000000e-07,100.000000,2.000000e+00,5.000000e-08,1.08077019e+00,5.40385096e-08,5.75699101e-01,4.24300899e-01
1.000000e-07,100.000000,2.000000e+00,5.000000e-08,1.08127032e+00,5.40635159e-08,5.75645386e-01,4.24354614e-01
1.000000e-07,100.000000,2.000000e+00,5.000000e-08,1.08177044e+00,5.40885221e-08,5.75591341e-01,4.24408659e-01
1.000000e-07,100.000000,2.000000e+00,5.000000e-08,1.08227057e+00,5.41135284e-08,5.75536965e-01,4.24463035e-01
1.000000e-07,100.000000,2.000000e+00,5.000000e-08,1.08277069e+00,5.41385346e-08,5.75482258e-01,4.24517742e-01
1.000000e-07,100.000000,2.000000e+00,5.000000e-08,1.08327082e+00,5.41635409e-08,5.75427220e-01,4.24572780e-01
1.000000e-07,100.000000,2.000000e+00,5.000000e-08,1.08377094e+00,5.41885471e-08,5.75371852e-01,4.24628148e-01
1.000000e-07,100.000000,2.000000e+00,5.000000e-08,1.08427107e+00,5.42135534e-08,5.75316153e-01,4.24683847e-01
1.000000e-07,100.000000,2.000000e+00,5.000000e-08,1.08477119e+00,5.42385596e-08,5.75260123e-01,4.24739877e-01
1.000000e-07,100.000000,2.000000e+00,5.000000e-08,1.08527132e+00,5.42635659e-08,5.75203763e-01,4.24796237e-01
1.000000e-07,100.000000,2.000000e+00,5.000000e-08,1.08577144e+00,5.42885721e-08,5.75147072e-01,4.24852928e-01
1.000000e-07,100.000000,2.000000e+00,5.000000e-08,1.08627157e+00,5.43135784e-08,5.75090050e-01,4.24909950e-01
1.000000e-07,100.000000,2.000000e+00,5.000000e-08,1.08677169e+00,5.43385846e-08,5.75032697e-01,4.24967303e-01
1.000000e-07,100.000000,2.000000e+00,5.000000e-08,1.08727182e+00,5.43635909e-08,5.74975014e-01,4.25024986e-01
1.000000e-07,100.000000,2.000000e+00,5.000000e-08,1.08777194e+00,5.43885971e-08,5.74917000e-01,4.25083000e-01
1.000000e-07,100.000000,2.000000e+00,5.000000e-08,1.08827207e+00,5.44136034e-08,5.74858656e-01,4.25141344e-01
1.000000e-07,100.000000,2.000000e+00,5.000000e-08,1.08877219e+00,5.44386097e-08,5.74799981e-01,4.25200019e-01
1.000000e-07,100.000000,2.000000e+00,5.000000e-08,1.08927232e+00,5.44636159e-08,5.74740976e-01,4.25259024e-01
1.000000e-07,100.000000,2.000000e+00,5.000000e-08,1.08977244e+00,5.44886222e-08,5.74681640e-01,4.25318360e-01
1.000000e-07,100.000000,2.000000e+00,5.000000e-08,1.09027257e+00,5.45136284e-08,5.74621973e-01,4.25378027e-01
1.000000e-07,100.000000,2.000000e+00,5.000000e-08,1.09077269e+00,5.45386347e-08,5.74561976e-01,4.25438024e-01
1.000000e-07,100.000000,2.000000e+00,5.000000e-08,1.09127282e+00,5.45636409e-08,5.74501648e-01,4.25498352e-01
1.000000e-07,100.000000,2.000000e+00,5.000000e-08,1.09177294e+00,5.45886472e-08,5.74440990e-01,4.25559010e-01
1.000000e-07,100.000000,2.000000e+00,5.000000e-08,1.09227307e+00,5.46136534e-08,5.74380002e-01,4.25619998e-01
1.000000e-07,100.000000,2.000000e+00,5.000000e-08,1.09277319e+00,5.46386597e-08,5.74318683e-01,4.25681317e-01
1.000000e-07,100.000000,2.000000e+00,5.000000e-08,1.09327332e+00,5.46636659e-08,5.74257033e-01,4.25742967e-01
1.000000e-07,100.000000,2.000000e+00,5.000000e-08,1.09377344e+00,5.46886722e-08,5.74195053e-01,4.25804947e-01
1.000000e-07,100.000000,2.000000e+00,5.000000e-08,1.09427357e+00,5.47136784e-08,5.74132743e-01,4.25867257e-01
1.000000e-07,100.000000,2.000000e+00,5.000000e-08,1.09477369e+00,5.47386847e-08,5.74070102e-01,4.25929898e-01
1.000000e-07,100.000000,2.000000e+00,5.000000e-08,1.09527382e+00,5.47636909e-08,5.74007131e-01,4.25992869e-01
1.000000e-07,100.000000,2.000000e+00,5.000000e-08,1.09577394e+00,5.47886972e-08,5.73943829e-01,4.26056171e-01
1.000000e-07,100.000000,2.000000e+00,5.000000e-08,1.09627407e+00,5.48137034e-08,5.73880198e-01,4.26119802e-01
1.000000e-07,100.000000,2.000000e+00,5.000000e-08,1.09677419e+00,5.48387097e-08,5.73816236e-01,4.26183764e-01
1.000000e-07,100.000000,2.000000e+00,5.000000e-08,1.09727432e+00,5.48637159e-08,5.73751943e-01,4.26248057e-01
1.000000e-07,100.000000,2.000000e+00,5.000000e-08,1.09777444e+00,5.48887222e-08,5.73687320e-01,4.26312680e-01
1.000000e-07,100.000000,2.000000e+00,5.000000e-08,1.09827457e+00,5.49137284e-08,5.73622367e-01,4.26377633e-01
1.000000e-07,100.000000,2.000000e+00,5.000000e-08,1.09877469e+00,5.49387347e-08,5.73557084e-01,4.26442916e-01
1.000000e-07,100.000000,2.000000e+00,5.000000e-08,1.09927482e+00,5.49637409e-08,5.73491471e-01,4.26508529e-01
1.000000e-07,100.000000,2.000000e+00,5.000000e-08,1.09977494e+00,5.49887472e-08,5.73425527e-01,4.26574473e-01
1.000000e-07,100.000000,2.000000e+00,5.000000e-08,1.10027507e+00,5.50137534e-08,5.73359253e-01,4.26640747e-01
1.000000e-07,100.000000,2.000000e+00,5.000000e-08,1.10077519e+00,5.50387597e-08,5.73292649e-01,4.26707351e-01
1.000000e-07,100.000000,2.000000e+00,5.000000e-08,1.10127532e+00,5.50637659e-08,5.73225714e-01,4.26774286e-01
1.000000e-07,100.000000,2.000000e+00,5.000000e-08,1.10177544e+00,5.50887722e-08,5.73158450e-01,4.26841550e-01
1.000000e-07,100.000000,2.000000e+00,5.000000e-08,1.10227557e+00,5.51137784e-08,5.73090855e-01,4.26909145e-01
1.000000e-07,100.000000,2.000000e+00,5.000000e-08,1.10277569e+00,5.51387847e-08,5.73022931e-01,4.26977069e-01
1.000000e-07,100.000000,2.000000e+00,5.000000e-08,1.10327582e+00,5.51637909e-08,5.72954676e-01,4.27045324e-01
1.000000e-07,100.000000,2.000000e+00,5.000000e-08,1.10377594e+00,5.51887972e-08,5.72886091e-01,4.27113909e-01
1.000000e-07,100.000000,2.000000e+00,5.000000e-08,1.10427607e+00,5.52138035e-08,5.72817176e-01,4.27182824e-01
1.000000e-07,100.000000,2.000000e+00,5.000000e-08,1.10477619e+00,5.52388097e-08,5.72747931e-01,4.27252069e-01
1.000000e-07,100.000000,2.000000e+00,5.000000e-08,1.10527632e+00,5.52638160e-08,5.72678356e-01,4.27321644e-01
1.000000e-07,100.000000,2.000000e+00,5.000000e-08,1.10577644e+00,5.52888222e-08,5.72608451e-01,4.27391549e-01
1.000000e-07,100.000000,2.000000e+00,5.000000e-08,1.10627657e+00,5.53138285e-08,5.72538216e-01,4.27461784e-01
1.000000e-07,100.000000,2.000000e+00,5.000000e-08,1.10677669e+00,5.53388347e-08,5.72467651e-01,4.27532349e-01
1.000000e-07,100.000000,2.000000e+00,5.000000e-08,1.10727682e+00,5.53638410e-08,5.72396756e-01,4.27603244e-01
1.000000e-07,100.000000,2.000000e+00,5.000000e-08,1.10777694e+00,5.53888472e-08,5.72325532e-01,4.27674468e-01
1.000000e-07,100.000000,2.000000e+00,5.000000e-08,1.10827707e+00,5.54138535e-08,5.72253977e-01,4.27746023e-01
1.000000e-07,100.000000,2.000000e+00,5.000000e-08,1.10877719e+00,5.54388597e-08,5.72182092e-01,4.27817908e-01
1.000000e-07,100.000000,2.000000e+00,5.000000e-08,1.10927732e+00,5.54638660e-08,5.72109878e-01,4.27890122e-01
1.000000e-07,100.000000,2.000000e+00,5.000000e-08,1.10977744e+00,5.54888722e-08,5.72037334e-01,4.27962666e-01
1.000000e-07,100.000000,2.000000e+00,5.000000e-08,1.11027757e+00,5.55138785e-08,5.71964459e-01,4.28035541e-01
1.000000e-07,100.000000,2.000000e+00,5.000000e-08,1.11077769e+00,5.55388847e-08,5.71891255e-01,4.28108745e-01
1.000000e-07,100.000000,2.000000e+00,5.000000e-08,1.11127782e+00,5.55638910e-08,5.71817722e-01,4.28182278e-01
1.000000e-07,100.000000,2.000000e+00,5.000000e-08,1.11177794e+00,5.55888972e-08,5.71743858e-01,4.28256142e-01
1.000000e-07,100.000000,2.000000e+00,5.000000e-08,1.11227807e+00,5.56139035e-08,5.71669665e-01,4.28330335e-01
1.000000e-07,100.000000,2.000000e+00,5.000000e-08,1.11277819e+00,5.56389097e-08,5.71595142e-01,4.28404858e-01
1.000000e-07,100.000000,2.000000e+00,5.000000e-08,1.11327832e+00,5.56639160e-08,5.71520289e-01,4.28479711e-01
1.000000e-07,100.000000,2.000000e+00,5.000000e-08,1.11377844e+00,5.56889222e-08,5.71445107e-01,4.28554893e-01
1.000000e-07,100.000000,2.000000e+00,5.000000e-08,1.11427857e+00,5.57139285e-08,5.71369595e-01,4.28630405e-01
1.000000e-07,100.000000,2.000000e+00,5.000000e-08,1.11477869e+00,5.57389347e-08,5.71293753e-01,4.28706247e-01
1.000000e-07,100.000000,2.000000e+00,5.000000e-08,1.11527882e+00,5.57639410e-08,5.71217582e-01,4.28782418e-01
1.000000e-07,100.000000,2.000000e+00,5.000000e-08,1.11577894e+00,5.57889472e-08,5.71141081e-01,4.28858919e-01
1.000000e-07,100.000000,2.000000e+00,5.000000e-08,1.11627907e+00,5.58139535e-08,5.71064250e-01,4.28935750e-01
1.000000e-07,100.000000,2.000000e+00,5.000000e-08,1.11677919e+00,5.58389597e-08,5.70987090e-01,4.29012910e-01
1.000000e-07,100.000000,2.000000e+00,5.000000e-08,1.11727932e+00,5.58639660e-08,5.70909600e-01,4.29090400e-01
1.000000e-07,100.000000,2.000000e+00,5.000000e-08,1.11777944e+00,5.58889722e-08,5.70831781e-01,4.29168219e-01
1.000000e-07,100.000000,2.000000e+00,5.000000e-08,1.11827957e+00,5.59139785e-08,5.70753633e-01,4.29246367e-01
1.000000e-07,100.000000,2.000000e+00,5.000000e-08,1.11877969e+00,5.59389847e-08,5.70675155e-01,4.29324845e-01
1.000000e-07,100.000000,2.000000e+00,5.000000e-08,1.11927982e+00,5.59639910e-08,5.70596347e-01,4.29403653e-01
1.000000e-07,100.000000,2.000000e+00,5.000000e-08,1.11977994e+00,5.59889972e-08,5.70517210e-01,4.29482790e-01
1.000000e-07,100.000000,2.000000e+00,5.000000e-08,1.12028007e+00,5.60140035e-08,5.70437743e-01,4.29562257e-01
1.000000e-07,100.000000,2.000000e+00,5.000000e-08,1.12078020e+00,5.60390098e-08,5.70357948e-01,4.29642052e-01
1.000000e-07,100.000000,2.000000e+00,5.000000e-08,1.12128032e+00,5.60640160e-08,5.70277822e-01,4.29722178e-01
1.000000e-07,100.000000,2.000000e+00,5.000000e-08,1.12178045e+00,5.60890223e-08,5.70197368e-01,4.29802632e-01
1.000000e-07,100.000000,2.000000e+00,5.000000e-08,1.12228057e+00,5.61140285e-08,5.70116584e-01,4.29883416e-01
1.000000e-07,100.000000,2.000000e+00,5.000000e-08,1.12278070e+00,5.61390348e-08,5.70035471e-01,4.29964529e-01
1.000000e-07,100.000000,2.000000e+00,5.000000e-08,1.12328082e+00,5.61640410e-08,5.69954028e-01,4.30045972e-01
1.000000e-07,100.000000,2.000000e+00,5.000000e-08,1.12378095e+00,5.61890473e-08,5.69872256e-01,4.30127744e-01
1.000000e-07,100.000000,2.000000e+00,5.000000e-08,1.12428107e+00,5.62140535e-08,5.69790156e-01,4.30209844e-01
1.000000e-07,100.000000,2.000000e+00,5.000000e-08,1.12478120e+00,5.62390598e-08,5.69707725e-01,4.30292275e-01
1.000000e-07,100.000000,2.000000e+00,5.000000e-08,1.12528132e+00,5.62640660e-08,5.69624966e-01,4.30375034e-01
1.000000e-07,100.000000,2.000000e+00,5.000000e-08,1.12578145e+00,5.62890723e-08,5.69541877e-01,4.30458123e-01
1.000000e-07,100.000000,2.000000e+00,5.000000e-08,1.12628157e+00,5.63140785e-08,5.69458460e-01,4.30541540e-01
1.000000e-07,100.000000,2.000000e+00,5.000000e-08,1.12678170e+00,5.63390848e-08,5.69374713e-01,4.30625287e-01
1.000000e-07,100.000000,2.000000e+00,5.000000e-08,1.12728182e+00,5.63640910e-08,5.69290637e-01,4.30709363e-01
1.000000e-07,100.000000,2.000000e+00,5.000000e-08,1.12778195e+00,5.63890973e-08,5.69206232e-01,4.30793768e-01
1.000000e-07,100.000000,2.000000e+00,5.000000e-08,1.12828207e+00,5.64141035e-08,5.69121498e-01,4.30878502e-01
1.000000e-07,100.000000,2.000000e+00,5.000000e-08,1.12878220e+00,5.64391098e-08,5.69036435e-01,4.30963565e-01
1.000000e-07,100.000000,2.000000e+00,5.000000e-08,1.12928232e+00,5.64641160e-08,5.68951043e-01,4.31048957e-01
1.000000e-07,100.000000,2.000000e+00,5.000000e-08,1.12978245e+00,5.64891223e-08,5.68865321e-01,4.31134679e-01
1.000000e-07,100.000000,2.000000e+00,5.000000e-08,1.13028257e+00,5.65141285e-08,5.68779271e-01,4.31220729e-01
1.000000e-07,100.000000,2.000000e+00,5.000000e-08,1.13078270e+00,5.65391348e-08,5.68692892e-01,4.31307108e-01
1.000000e-07,100.000000,2.000000e+00,5.000000e-08,1.13128282e+00,5.65641410e-08,5.68606185e-01,4.31393815e-01
1.000000e-07,100.000000,2.000000e+00,5.000000e-08,1.13178295e+00,5.65891473e-08,5.68519148e-01,4.31480852e-01
1.000000e-07,100.000000,2.000000e+00,5.000000e-08,1.13228307e+00,5.66141535e-08,5.68431782e-01,4.31568218e-01
1.000000e-07,100.000000,2.000000e+00,5.000000e-08,1.13278320e+00,5.66391598e-08,5.68344088e-01,4.31655912e-01
1.000000e-07,100.000000,2.000000e+00,5.000000e-08,1.13328332e+00,5.66641660e-08,5.68256064e-01,4.31743936e-01
1.000000e-07,100.000000,2.000000e+00,5.000000e-08,1.13378345e+00,5.66891723e-08,5.68167712e-01,4.31832288e-01
1.000000e-07,100.000000,2.000000e+00,5.000000e-08,1.13428357e+00,5.67141785e-08,5.68079031e-01,4.31920969e-01
1.000000e-07,100.000000,2.000000e+00,5.000000e-08,1.13478370e+00,5.67391848e-08,5.67990022e-01,4.32009978e-01
1.000000e-07,100.000000,2.000000e+00,5.000000e-08,1.13528382e+00,5.67641910e-08,5.67900683e-01,4.32099317e-01
1.000000e-07,100.000000,2.000000e+00,5.000000e-08,1.13578395e+00,5.67891973e-08,5.67811016e-01,4.32188984e-01
1.000000e-07,100.000000,2.000000e+00,5.000000e-08,1.13628407e+00,5.68142036e-08,5.67721020e-01,4.32278980e-01
1.000000e-07,100.000000,2.000000e+00,5.000000e-08,1.13678420e+00,5.68392098e-08,5.67630696e-01,4.32369304e-01
1.000000e-07,100.000000,2.000000e+00,5.000000e-08,1.13728432e+00,5.68642161e-08,5.67540043e-01,4.32459957e-01
1.000000e-07,100.000000,2.000000e+00,5.000000e-08,1.13778445e+00,5.68892223e-08,5.67449061e-01,4.32550939e-01
1.000000e-07,100.000000,2.000000e+00,5.000000e-08,1.13828457e+00,5.69142286e-08,5.67357751e-01,4.32642249e-01
1.000000e-07,100.000000,2.000000e+00,5.000000e-08,1.13878470e+00,5.69392348e-08,5.67266113e-01,4.32733887e-01
1.000000e-07,100.000000,2.000000e+00,5.000000e-08,1.13928482e+00,5.69642411e-08,5.67174145e-01,4.32825855e-01
1.000000e-07,100.000000,2.000000e+00,5.000000e-08,1.13978495e+00,5.69892473e-08,5.67081850e-01,4.32918150e-01
1.000000e-07,100.000000,2.000000e+00,5.000000e-08,1.14028507e+00,5.70142536e-08,5.66989225e-01,4.33010775e-01
1.000000e-07,100.000000,2.000000e+00,5.000000e-08,1.14078520e+00,5.70392598e-08,5.66896273e-01,4.33103727e-01
1.000000e-07,100.000000,2.000000e+00,5.000000e-08,1.14128532e+00,5.70642661e-08,5.66802992e-01,4.33197008e-01
1.000000e-07,100.000000,2.000000e+00,5.000000e-08,1.14178545e+00,5.70892723e-08,5.66709382e-01,4.33290618e-01
1.000000e-07,100.000000,2.000000e+00,5.000000e-08,1.14228557e+00,5.71142786e-08,5.66615445e-01,4.33384555e-01
1.000000e-07,100.000000,2.000000e+00,5.000000e-08,1.14278570e+00,5.71392848e-08,5.66521178e-01,4.33478822e-01
1.000000e-07,100.000000,2.000000e+00,5.000000e-08,1.14328582e+00,5.71642911e-08,5.66426584e-01,4.33573416e-01
1.000000e-07,100.000000,2.000000e+00,5.000000e-08,1.14378595e+00,5.71892973e-08,5.66331661e-01,4.33668339e-01
1.000000e-07,100.000000,2.000000e+00,5.000000e-08,1.14428607e+00,5.72143036e-08,5.66236410e-01,4.33763590e-01
1.000000e-07,100.000000,2.000000e+00,5.000000e-08,1.14478620e+00,5.72393098e-08,5.66140831e-01,4.33859169e-01
1.000000e-07,100.000000,2.000000e+00,5.000000e-08,1.14528632e+00,5.72643161e-08,5.66044924e-01,4.33955076e-01
1.000000e-07,100.000000,2.000000e+00,5.000000e-08,1.14578645e+00,5.72893223e-08,5.65948688e-01,4.34051312e-01
1.000000e-07,100.000000,2.000000e+00,5.000000e-08,1.14628657e+00,5.73143286e-08,5.65852124e-01,4.34147876e-01
1.000000e-07,100.000000,2.000000e+00,5.000000e-08,1.14678670e+00,5.73393348e-08,5.65755232e-01,4.34244768e-01
1.000000e-07,100.000000,2.000000e+00,5.000000e-08,1.14728682e+00,5.73643411e-08,5.65658012e-01,4.34341988e-01
1.000000e-07,100.000000,2.000000e+00,5.000000e-08,1.14778695e+00,5.73893473e-08,5.65560464e-01,4.34439536e-01
1.000000e-07,100.000000,2.000000e+00,5.000000e-08,1.14828707e+00,5.74143536e-08,5.65462588e-01,4.34537412e-01
1.000000e-07,100.000000,2.000000e+00,5.000000e-08,1.14878720e+00,5.74393598e-08,5.65364384e-01,4.34635616e-01
1.000000e-07,100.000000,2.000000e+00,5.000000e-08,1.14928732e+00,5.74643661e-08,5.65265852e-01,4.34734148e-01
1.000000e-07,100.000000,2.000000e+00,5.000000e-08,1.14978745e+00,5.74893723e-08,5.65166992e-01,4.34833008e-01
1.000000e-07,100.000000,2.000000e+00,5.000000e-08,1.15028757e+00,5.75143786e-08,5.65067804e-01,4.34932196e-01
1.000000e-07,100.000000,2.000000e+00,5.000000e-08,1.15078770e+00,5.75393848e-08,5.64968288e-01,4.35031712e-01
1.000000e-07,100.000000,2.000000e+00,5.000000e-08,1.15128782e+00,5.75643911e-08,5.64868444e-01,4.35131556e-01
1.000000e-07,100.000000,2.000000e+00,5.000000e-08,1.15178795e+00,5.75893973e-08,5.64768273e-01,4.35231727e-01
1.000000e-07,100.000000,2.000000e+00,5.000000e-08,1.15228807e+00,5.76144036e-08,5.64667773e-01,4.35332227e-01
1.000000e-07,100.000000,2.000000e+00,5.000000e-08,1.15278820e+00,5.76394099e-08,5.64566946e-01,4.35433054e-01
1.000000e-07,100.000000,2.000000e+00,5.000000e-08,1.15328832e+00,5.76644161e-08,5.64465791e-01,4.35534209e-01
1.000000e-07,100.000000,2.000000e+00,5.000000e-08,1.15378845e+00,5.76894224e-08,5.64364308e-01,4.35635692e-01
1.000000e-07,100.000000,2.000000e+00,5.000000e-08,1.15428857e+00,5.77144286e-08,5.64262498e-01,4.35737502e-01
1.000000e-07,100.000000,2.000000e+00,5.000000e-08,1.15478870e+00,5.77394349e-08,5.64160360e-01,4.35839640e-01
1.000000e-07,100.000000,2.000000e+00,5.000000e-08,1.15528882e+00,5.77644411e-08,5.64057894e-01,4.35942106e-01
1.000000e-07,100.000000,2.000000e+00,5.000000e-08,1.15578895e+00,5.77894474e-08,5.63955100e-01,4.36044900e-01
1.000000e-07,100.000000,2.000000e+00,5.000000e-08,1.15628907e+00,5.78144536e-08,5.63851979e-01,4.36148021e-01
1.000000e-07,100.000000,2.000000e+00,5.000000e-08,1.15678920e+00,5.78394599e-08,5.63748531e-01,4.36251469e-01
1.000000e-07,100.000000,2.000000e+00,5.000000e-08,1.15728932e+00,5.78644661e-08,5.63644755e-01,4.36355245e-01
1.000000e-07,100.000000,2.000000e+00,5.000000e-08,1.15778945e+00,5.78894724e-08,5.63540651e-01,4.36459349e-01
1.000000e-07,100.000000,2.000000e+00,5.000000e-08,1.15828957e+00,5.79144786e-08,5.63436220e-01,4.36563780e-01
1.000000e-07,100.000000,2.000000e+00,5.000000e-08,1.15878970e+00,5.79394849e-08,5.63331462e-01,4.36668538e-01
1.000000e-07,100.000000,2.000000e+00,5.000000e-08,1.15928982e+00,5.79644911e-08,5.63226376e-01,4.36773624e-01
1.000000e-07,100.000000,2.000000e+00,5.000000e-08,1.15978995e+00,5.79894974e-08,5.63120962e-01,4.36879038e-01
1.000000e-07,100.000000,2.000000e+00,5.000000e-08,1.16029007e+00,5.80145036e-08,5.63015222e-01,4.36984778e-01
1.000000e-07,100.000000,2.000000e+00,5.000000e-08,1.16079020e+00,5.80395099e-08,5.62909154e-01,4.37090846e-01
1.000000e-07,100.000000,2.000000e+00,5.000000e-08,1.16129032e+00,5.80645161e-08,5.62802758e-01,4.37197242e-01
1.000000e-07,100.000000,2.000000e+00,5.000000e-08,1.16179045e+00,5.80895224e-08,5.62696036e-01,4.37303964e-01
1.000000e-07,100.000000,2.000000e+00,5.000000e-08,1.16229057e+00,5.81145286e-08,5.62588986e-01,4.37411014e-01
1.000000e-07,100.000000,2.000000e+00,5.000000e-08,1.16279070e+00,5.81395349e-08,5.62481609e-01,4.37518391e-01
1.000000e-07,100.000000,2.000000e+00,5.000000e-08,1.16329082e+00,5.81645411e-08,5.62373905e-01,4.37626095e-01
1.000000e-07,100.000000,2.000000e+00,5.000000e-08,1.16379095e+00,5.81895474e-08,5.62265873e-01,4.37734127e-01
1.000000e-07,100.000000,2.000000e+00,5.000000e-08,1.16429107e+00,5.82145536e-08,5.62157515e-01,4.37842485e-01
1.000000e-07,100.000000,2.000000e+00,5.000000e-08,1.16479120e+00,5.82395599e-08,5.62048829e-01,4.37951171e-01
1.000000e-07,100.000000,2.000000e+00,5.000000e-08,1.16529132e+00,5.82645661e-08,5.61939817e-01,4.38060183e-01
1.000000e-07,100.000000,2.000000e+00,5.000000e-08,1.16579145e+00,5.82895724e-08,5.61830477e-01,4.38169523e-01
1.000000e-07,100.000000,2.000000e+00,5.000000e-08,1.16629157e+00,5.83145786e-08,5.61720811e-01,4.38279189e-01
1.000000e-07,100.000000,2.000000e+00,5.000000e-08,1.16679170e+00,5.83395849e-08,5.61610817e-01,4.38389183e-01
1.000000e-07,100.000000,2.000000e+00,5.000000e-08,1.16729182e+00,5.83645911e-08,5.61500497e-01,4.38499503e-01
1.000000e-07,100.000000,2.000000e+00,5.000000e-08,1.16779195e+00,5.83895974e-08,5.61389849e-01,4.38610151e-01
1.000000e-07,100.000000,2.000000e+00,5.000000e-08,1.16829207e+00,5.84146037e-08,5.61278875e-01,4.38721125e-01
1.000000e-07,100.000000,2.000000e+00,5.000000e-08,1.16879220e+00,5.84396099e-08,5.61167574e-01,4.38832426e-01
1.000000e-07,100.000000,2.000000e+00,5.000000e-08,1.16929232e+00,5.84646162e-08,5.61055946e-01,4.38944054e-01
1.000000e-07,100.000000,2.000000e+00,5.000000e-08,1.16979245e+00,5.84896224e-08,5.60943992e-01,4.39056008e-01
1.000000e-07,100.000000,2.000000e+00,5.000000e-08,1.17029257e+00,5.85146287e-08,5.60831710e-01,4.39168290e-01
1.000000e-07,100.000000,2.000000e+00,5.000000e-08,1.17079270e+00,5.85396349e-08,5.60719102e-01,4.39280898e-01
1.000000e-07,100.000000,2.000000e+00,5.000000e-08,1.17129282e+00,5.85646412e-08,5.60606167e-01,4.39393833e-01
1.000000e-07,100.000000,2.000000e+00,5.000000e-08,1.17179295e+00,5.85896474e-08,5.60492906e-01,4.39507094e-01
1.000000e-07,100.000000,2.000000e+00,5.000000e-08,1.17229307e+00,5.86146537e-08,5.60379318e-01,4.39620682e-01
1.000000e-07,100.000000,2.000000e+00,5.000000e-08,1.17279320e+00,5.86396599e-08,5.60265403e-01,4.39734597e-01
1.000000e-07,100.000000,2.000000e+00,5.000000e-08,1.17329332e+00,5.86646662e-08,5.60151162e-01,4.39848838e-01
1.000000e-07,100.000000,2.000000e+00,5.000000e-08,1.17379345e+00,5.86896724e-08,5.60036595e-01,4.39963405e-01
1.000000e-07,100.000000,2.000000e+00,5.000000e-08,1.17429357e+00,5.87146787e-08,5.59921701e-01,4.40078299e-01
1.000000e-07,100.000000,2.000000e+00,5.000000e-08,1.17479370e+00,5.87396849e-08,5.59806480e-01,4.40193520e-01
1.000000e-07,100.000000,2.000000e+00,5.000000e-08,1.17529382e+00,5.87646912e-08,5.59690933e-01,4.40309067e-01
1.000000e-07,100.000000,2.000000e+00,5.000000e-08,1.17579395e+00,5.87896974e-08,5.59575060e-01,4.40424940e-01
1.000000e-07,100.000000,2.000000e+00,5.000000e-08,1.17629407e+00,5.88147037e-08,5.59458860e-01,4.40541140e-01
1.000000e-07,100.000000,2.000000e+00,5.000000e-08,1.17679420e+00,5.88397099e-08,5.59342334e-01,4.40657666e-01
1.000000e-07,100.000000,2.000000e+00,5.000000e-08,1.17729432e+00,5.88647162e-08,5.59225482e-01,4.40774518e-01
1.000000e-07,100.000000,2.000000e+00,5.000000e-08,1.17779445e+00,5.88897224e-08,5.59108303e-01,4.40891697e-01
1.000000e-07,100.000000,2.000000e+00,5.000000e-08,1.17829457e+00,5.89147287e-08,5.58990799e-01,4.41009201e-01
1.000000e-07,100.000000,2.000000e+00,5.000000e-08,1.17879470e+00,5.89397349e-08,5.58872968e-01,4.41127032e-01
1.000000e-07,100.000000,2.000000e+00,5.000000e-08,1.17929482e+00,5.89647412e-08,5.58754811e-01,4.41245189e-01
1.000000e-07,100.000000,2.000000e+00,5.000000e-08,1.17979495e+00,5.89897474e-08,5.58636328e-01,4.41363672e-01
1.000000e-07,100.000000,2.000000e+00,5.000000e-08,1.18029507e+00,5.90147537e-08,5.58517519e-01,4.41482481e-01
1.000000e-07,100.000000,2.000000e+00,5.000000e-08,1.18079520e+00,5.90397599e-08,5.58398383e-01,4.41601617e-01
1.000000e-07,100.000000,2.000000e+00,5.000000e-08,1.18129532e+00,5.90647662e-08,5.58278922e-01,4.41721078e-01
1.000000e-07,100.000000,2.000000e+00,5.000000e-08,1.18179545e+00,5.90897724e-08,5.58159135e-01,4.41840865e-01
1.000000e-07,100.000000,2.000000e+00,5.000000e-08,1.18229557e+00,5.91147787e-08,5.58039022e-01,4.41960978e-01
1.000000e-07,100.000000,2.000000e+00,5.000000e-08,1.18279570e+00,5.91397849e-08,5.57918583e-01,4.42081417e-01
1.000000e-07,100.000000,2.000000e+00,5.000000e-08,1.18329582e+00,5.91647912e-08,5.57797818e-01,4.42202182e-01
1.000000e-07,100.000000,2.000000e+00,5.000000e-08,1.18379595e+00,5.91897974e-08,5.57676727e-01,4.42323273e-01
1.000000e-07,100.000000,2.000000e+00,5.000000e-08,1.18429607e+00,5.92148037e-08,5.57555311e-01,4.42444689e-01
1.000000e-07,100.000000,2.000000e+00,5.000000e-08,1.18479620e+00,5.92398100e-08,5.57433568e-01,4.42566432e-01
1.000000e-07,100.000000,2.000000e+00,5.000000e-08,1.18529632e+00,5.92648162e-08,5.57311500e-01,4.42688500e-01
1.000000e-07,100.000000,2.000000e+00,5.000000e-08,1.18579645e+00,5.92898225e-08,5.57189107e-01,4.42810893e-01
1.000000e-07,100.000000,2.000000e+00,5.000000e-08,1.18629657e+00,5.93148287e-08,5.57066387e-01,4.42933613e-01
1.000000e-07,100.000000,2.000000e+00,5.000000e-08,1.18679670e+00,5.93398350e-08,5.56943343e-01,4.43056657e-01
1.000000e-07,100.000000,2.000000e+00,5.000000e-08,1.18729682e+00,5.93648412e-08,5.56819972e-01,4.43180028e-01
1.000000e-07,100.000000,2.000000e+00,5.000000e-08,1.18779695e+00,5.93898475e-08,5.56696276e-01,4.43303724e-01
1.000000e-07,100.000000,2.000000e+00,5.000000e-08,1.18829707e+00,5.94148537e-08,5.56572254e-01,4.43427746e-01
1.000000e-07,100.000000,2.000000e+00,5.000000e-08,1.18879720e+00,5.94398600e-08,5.56447907e-01,4.43552093e-01
1.000000e-07,100.000000,2.000000e+00,5.000000e-08,1.18929732e+00,5.94648662e-08,5.56323235e-01,4.43676765e-01
1.000000e-07,100.000000,2.000000e+00,5.000000e-08,1.18979745e+00,5.94898725e-08,5.56198237e-01,4.43801763e-01
1.000000e-07,100.000000,2.000000e+00,5.000000e-08,1.19029757e+00,5.95148787e-08,5.56072914e-01,4.43927086e-01
1.000000e-07,100.000000,2.000000e+00,5.000000e-08,1.19079770e+00,5.95398850e-08,5.55947265e-01,4.44052735e-01
1.000000e-07,100.000000,2.000000e+00,5.000000e-08,1.19129782e+00,5.95648912e-08,5.55821291e-01,4.44178709e-01
1.000000e-07,100.000000,2.000000e+00,5.000000e-08,1.19179795e+00,5.95898975e-08,5.55694992e-01,4.44305008e-01
1.000000e-07,100.000000,2.000000e+00,5.000000e-08,1.19229807e+00,5.96149037e-08,5.55568368e-01,4.44431632e-01
1.000000e-07,100.000000,2.000000e+00,5.000000e-08,1.19279820e+00,5.96399100e-08,5.55441418e-01,4.44558582e-01
1.000000e-07,100.000000,2.000000e+00,5.000000e-08,1.19329832e+00,5.96649162e-08,5.55314144e-01,4.44685856e-01
1.000000e-07,100.000000,2.000000e+00,5.000000e-08,1.19379845e+00,5.96899225e-08,5.55186544e-01,4.44813456e-01
1.000000e-07,100.000000,2.000000e+00,5.000000e-08,1.19429857e+00,5.97149287e-08,5.55058619e-01,4.44941381e-01
1.000000e-07,100.000000,2.000000e+00,5.000000e-08,1.19479870e+00,5.97399350e-08,5.54930369e-01,4.45069631e-01
1.000000e-07,100.000000,2.000000e+00,5.000000e-08,1.19529882e+00,5.97649412e-08,5.54801795e-01,4.45198205e-01
1.000000e-07,100.000000,2.000000e+00,5.000000e-08,1.19579895e+00,5.97899475e-08,5.54672895e-01,4.45327105e-01
1.000000e-07,100.000000,2.000000e+00,5.000000e-08,1.19629907e+00,5.98149537e-08,5.54543670e-01,4.45456330e-01
1.000000e-07,100.000000,2.000000e+00,5.000000e-08,1.19679920e+00,5.98399600e-08,5.54414120e-01,4.45585880e-01
1.000000e-07,100.000000,2.000000e+00,5.000000e-08,1.19729932e+00,5.98649662e-08,5.54284246e-01,4.45715754e-01
1.000000e-07,100.000000,2.000000e+00,5.000000e-08,1.19779945e+00,5.98899725e-08,5.54154047e-01,4.45845953e-01
1.000000e-07,100.000000,2.000000e+00,5.000000e-08,1.19829957e+00,5.99149787e-08,5.54023523e-01,4.45976477e-01
1.000000e-07,100.000000,2.000000e+00,5.000000e-08,1.19879970e+00,5.99399850e-08,5.53892674e-01,4.46107326e-01
1.000000e-07,100.000000,2.000000e+00,5.000000e-08,1.19929982e+00,5.99649912e-08,5.53761501e-01,4.46238499e-01
1.000000e-07,100.000000,2.000000e+00,5.000000e-08,1.19979995e+00,5.99899975e-08,5.53630003e-01,4.46369997e-01
1.000000e-07,100.000000,2.000000e+00,5.000000e-08,1.20030008e+00,6.00150038e-08,5.53498180e-01,4.46501820e-01
1.000000e-07,100.000000,2.000000e+00,5.000000e-08,1.20080020e+00,6.00400100e-08,5.53366033e-01,4.46633967e-01
1.000000e-07,100.000000,2.000000e+00,5.000000e-08,1.20130033e+00,6.00650163e-08,5.53233561e-01,4.46766439e-01
1.000000e-07,100.000000,2.000000e+00,5.000000e-08,1.20180045e+00,6.00900225e-08,5.53100765e-01,4.46899235e-01
1.000000e-07,100.000000,2.000000e+00,5.000000e-08,1.20230058e+00,6.01150288e-08,5.52967645e-01,4.47032355e-01
1.000000e-07,100.000000,2.000000e+00,5.000000e-08,1.20280070e+00,6.01400350e-08,5.52834199e-01,4.47165801e-01
1.000000e-07,100.000000,2.000000e+00,5.000000e-08,1.20330083e+00,6.01650413e-08,5.52700430e-01,4.47299570e-01
1.000000e-07,100.000000,2.000000e+00,5.000000e-08,1.20380095e+00,6.01900475e-08,5.52566336e-01,4.47433664e-01
1.000000e-07,100.000000,2.000000e+00,5.000000e-08,1.20430108e+00,6.02150538e-08,5.52431918e-01,4.47568082e-01
1.000000e-07,100.000000,2.000000e+00,5.000000e-08,1.20480120e+00,6.02400600e-08,5.52297176e-01,4.47702824e-01
1.000000e-07,100.000000,2.000000e+00,5.000000e-08,1.20530133e+00,6.02650663e-08,5.52162109e-01,4.47837891e-01
1.000000e-07,100.000000,2.000000e+00,5.000000e-08,1.20580145e+00,6.02900725e-08,5.52026719e-01,4.47973281e-01
1.000000e-07,100.000000,2.000000e+00,5.000000e-08,1.20630158e+00,6.03150788e-08,5.51891004e-01,4.48108996e-01
1.000000e-07,100.000000,2.000000e+00,5.000000e-08,1.20680170e+00,6.03400850e-08,5.51754965e-01,4.48245035e-01
1.000000e-07,100.000000,2.000000e+00,5.000000e-08,1.20730183e+00,6.03650913e-08,5.51618602e-01,4.48381398e-01
1.000000e-07,100.000000,2.000000e+00,5.000000e-08,1.20780195e+00,6.03900975e-08,5.51481915e-01,4.48518085e-01
1.000000e-07,100.000000,2.000000e+00,5.000000e-08,1.20830208e+00,6.04151038e-08,5.51344904e-01,4.48655096e-01
1.000000e-07,100.000000,2.000000e+00,5.000000e-08,1.20880220e+00,6.04401100e-08,5.51207569e-01,4.48792431e-01
1.000000e-07,100.000000,2.000000e+00,5.000000e-08,1.20930233e+00,6.04651163e-08,5.51069911e-01,4.48930089e-01
1.000000e-07,100.000000,2.000000e+00,5.000000e-08,1.20980245e+00,6.04901225e-08,5.50931928e-01,4.49068072e-01
1.000000e-07,100.000000,2.000000e+00,5.000000e-08,1.21030258e+00,6.05151288e-08,5.50793622e-01,4.49206378e-01
1.000000e-07,100.000000,2.000000e+00,5.000000e-08,1.21080270e+00,6.05401350e-08,5.50654992e-01,4.49345008e-01
1.000000e-07,100.000000,2.000000e+00,5.000000e-08,1.21130283e+00,6.05651413e-08,5.50516038e-01,4.49483962e-01
1.000000e-07,100.000000,2.000000e+00,5.000000e-08,1.21180295e+00,6.05901475e-08,5.50376760e-01,4.49623240e-01
1.000000e-07,100.000000,2.000000e+00,5.000000e-08,1.21230308e+00,6.06151538e-08,5.50237159e-01,4.49762841e-01
1.000000e-07,100.000000,2.000000e+00,5.000000e-08,1.21280320e+00,6.06401600e-08,5.50097234e-01,4.49902766e-01
1.000000e-07,100.000000,2.000000e+00,5.000000e-08,1.21330333e+00,6.06651663e-08,5.49956986e-01,4.50043014e-01
1.000000e-07,100.000000,2.000000e+00,5.000000e-08,1.21380345e+00,6.06901725e-08,5.49816414e-01,4.50183586e-01
1.000000e-07,100.000000,2.000000e+00,5.000000e-08,1.21430358e+00,6.07151788e-08,5.49675519e-01,4.50324481e-01
1.000000e-07,100.000000,2.000000e+00,5.000000e-08,1.21480370e+00,6.07401850e-08,5.49534300e-01,4.50465700e-01
1.000000e-07,100.000000,2.000000e+00,5.000000e-08,1.21530383e+00,6.07651913e-08,5.49392758e-01,4.50607242e-01
1.000000e-07,100.000000,2.000000e+00,5.000000e-08,1.21580395e+00,6.07901975e-08,5.49250893e-01,4.50749107e-01
1.000000e-07,100.000000,2.000000e+00,5.000000e-08,1.21630408e+00,6.08152038e-08,5.49108704e-01,4.50891296e-01
1.000000e-07,100.000000,2.000000e+00,5.000000e-08,1.21680420e+00,6.08402101e-08,5.48966192e-01,4.51033808e-01
1.000000e-07,100.000000,2.000000e+00,5.000000e-08,1.21730433e+00,6.08652163e-08,5.48823357e-01,4.51176643e-01
1.000000e-07,100.000000,2.000000e+00,5.000000e-08,1.21780445e+00,6.08902226e-08,5.48680199e-01,4.51319801e-01
1.000000e-07,100.000000,2.000000e+00,5.000000e-08,1.21830458e+00,6.09152288e-08,5.48536717e-01,4.51463283e-01
1.000000e-07,100.000000,2.000000e+00,5.000000e-08,1.21880470e+00,6.09402351e-08,5.48392913e-01,4.51607087e-01
1.000000e-07,100.000000,2.000000e+00,5.000000e-08,1.21930483e+00,6.09652413e-08,5.48248785e-01,4.51751215e-01
1.000000e-07,100.000000,2.000000e+00,5.000000e-08,1.21980495e+00,6.09902476e-08,5.48104334e-01,4.51895666e-01
1.000000e-07,100.000000,2.000000e+00,5.000000e-08,1.22030508e+00,6.10152538e-08,5.47959561e-01,4.52040439e-01
1.000000e-07,100.000000,2.000000e+00,5.000000e-08,1.22080520e+00,6.10402601e-08,5.47814464e-01,4.52185536e-01
1.000000e-07,100.000000,2.000000e+00,5.000000e-08,1.22130533e+00,6.10652663e-08,5.47669045e-01,4.52330955e-01
1.000000e-07,100.000000,2.000000e+00,5.000000e-08,1.22180545e+00,6.10902726e-08,5.47523303e-01,4.52476697e-01
1.000000e-07,100.000000,2.000000e+00,5.000000e-08,1.22230558e+00,6.11152788e-08,5.47377238e-01,4.52622762e-01
1.000000e-07,100.000000,2.000000e+00,5.000000e-08,1.22280570e+00,6.11402851e-08,5.47230851e-01,4.52769149e-01
1.000000e-07,100.000000,2.000000e+00,5.000000e-08,1.22330583e+00,6.11652913e-08,5.47084140e-01,4.52915860e-01
1.000000e-07,100.000000,2.000000e+00,5.000000e-08,1.22380595e+00,6.11902976e-08,5.46937107e-01,4.53062893e-01
1.000000e-07,100.000000,2.000000e+00,5.000000e-08,1.22430608e+00,6.12153038e-08,5.46789752e-01,4.53210248e-01
1.000000e-07,100.000000,2.000000e+00,5.000000e-08,1.22480620e+00,6.12403101e-08,5.46642074e-01,4.53357926e-01
1.000000e-07,100.000000,2.000000e+00,5.000000e-08,1.22530633e+00,6.12653163e-08,5.46494073e-01,4.53505927e-01
1.000000e-07,100.000000,2.000000e+00,5.000000e-08,1.22580645e+00,6.12903226e-08,5.46345750e-01,4.53654250e-01
1.000000e-07,100.000000,2.000000e+00,5.000000e-08,1.22630658e+00,6.13153288e-08,5.46197105e-01,4.53802895e-01
1.000000e-07,100.000000,2.000000e+00,5.000000e-08,1.22680670e+00,6.13403351e-08,5.46048137e-01,4.53951863e-01
1.000000e-07,100.000000,2.000000e+00,5.000000e-08,1.22730683e+00,6.13653413e-08,5.45898847e-01,4.54101153e-01
1.000000e-07,100.000000,2.000000e+00,5.000000e-08,1.22780695e+00,6.13903476e-08,5.45749234e-01,4.54250766e-01
1.000000e-07,100.000000,2.000000e+00,5.000000e-08,1.22830708e+00,6.14153538e-08,5.45599300e-01,4.54400700e-01
1.000000e-07,100.000000,2.000000e+00,5.000000e-08,1.22880720e+00,6.14403601e-08,5.45449043e-01,4.54550957e-01
1.000000e-07,100.000000,2.000000e+00,5.000000e-08,1.22930733e+00,6.14653663e-08,5.45298464e-01,4.54701536e-01
1.000000e-07,100.000000,2.000000e+00,5.000000e-08,1.22980745e+00,6.14903726e-08,5.45147563e-01,4.54852437e-01
1.000000e-07,100.000000,2.000000e+00,5.000000e-08,1.23030758e+00,6.15153788e-08,5.44996340e-01,4.55003660e-01
1.000000e-07,100.000000,2.000000e+00,5.000000e-08,1.23080770e+00,6.15403851e-08,5.44844795e-01,4.55155205e-01
1.000000e-07,100.000000,2.000000e+00,5.000000e-08,1.23130783e+00,6.15653913e-08,5.44692928e-01,4.55307072e-01
1.000000e-07,100.000000,2.000000e+00,5.000000e-08,1.23180795e+00,6.15903976e-08,5.44540739e-01,4.55459261e-01
1.000000e-07,100.000000,2.000000e+00,5.000000e-08,1.23230808e+00,6.16154039e-08,5.44388228e-01,4.55611772e-01
1.000000e-07,100.000000,2.000000e+00,5.000000e-08,1.23280820e+00,6.16404101e-08,5.44235395e-01,4.55764605e-01
1.000000e-07,100.000000,2.000000e+00,5.000000e-08,1.23330833e+00,6.16654164e-08,5.44082241e-01,4.55917759e-01
1.000000e-07,100.000000,2.000000e+00,5.000000e-08,1.23380845e+00,6.16904226e-08,5.43928765e-01,4.56071235e-01
1.000000e-07,100.000000,2.000000e+00,5.000000e-08,1.23430858e+00,6.17154289e-08,5.43774967e-01,4.56225033e-01
1.000000e-07,100.000000,2.000000e+00,5.000000e-08,1.23480870e+00,6.17404351e-08,5.43620848e-01,4.56379152e-01
1.000000e-07,100.000000,2.000000e+00,5.000000e-08,1.23530883e+00,6.17654414e-08,5.43466407e-01,4.56533593e-01
1.000000e-07,100.000000,2.000000e+00,5.000000e-08,1.23580895e+00,6.17904476e-08,5.43311644e-01,4.56688356e-01
1.000000e-07,100.000000,2.000000e+00,5.000000e-08,1.23630908e+00,6.18154539e-08,5.43156560e-01,4.56843440e-01
1.000000e-07,100.000000,2.000000e+00,5.000000e-08,1.23680920e+00,6.18404601e-08,5.43001155e-01,4.56998845e-01
1.000000e-07,100.000000,2.000000e+00,5.000000e-08,1.23730933e+00,6.18654664e-08,5.42845428e-01,4.57154572e-01
1.000000e-07,100.000000,2.000000e+00,5.000000e-08,1.23780945e+00,6.18904726e-08,5.42689380e-01,4.57310620e-01
1.000000e-07,100.000000,2.000000e+00,5.000000e-08,1.23830958e+00,6.19154789e-08,5.42533010e-01,4.57466990e-01
1.000000e-07,100.000000,2.000000e+00,5.000000e-08,1.23880970e+00,6.19404851e-08,5.42376320e-01,4.57623680e-01
1.000000e-07,100.000000,2.000000e+00,5.000000e-08,1.23930983e+00,6.19654914e-08,5.42219308e-01,4.57780692e-01
1.000000e-07,100.000000,2.000000e+00,5.000000e-08,1.23980995e+00,6.19904976e-08,5.42061975e-01,4.57938025e-01
1.000000e-07,100.000000,2.000000e+00,5.000000e-08,1.24031008e+00,6.20155039e-08,5.41904321e-01,4.58095679e-01
1.000000e-07,100.000000,2.000000e+00,5.000000e-08,1.24081020e+00,6.20405101e-08,5.41746346e-01,4.58253654e-01
1.000000e-07,100.000000,2.000000e+00,5.000000e-08,1.24131033e+00,6.20655164e-08,5.41588050e-01,4.58411950e-01
1.000000e-07,100.000000,2.000000e+00,5.000000e-08,1.24181045e+00,6.20905226e-08,5.41429433e-01,4.58570567e-01
1.000000e-07,100.000000,2.000000e+00,5.000000e-08,1.24231058e+00,6.21155289e-08,5.41270495e-01,4.58729505e-01
1.000000e-07,100.000000,2.000000e+00,5.000000e-08,1.24281070e+00,6.21405351e-08,5.41111236e-01,4.58888764e-01
1.000000e-07,100.000000,2.000000e+00,5.000000e-08,1.24331083e+00,6.21655414e-08,5.40951656e-01,4.59048344e-01
1.000000e-07,100.000000,2.000000e+00,5.000000e-08,1.24381095e+00,6.21905476e-08,5.40791756e-01,4.59208244e-01
1.000000e-07,100.000000,2.000000e+00,5.000000e-08,1.24431108e+00,6.22155539e-08,5.40631535e-01,4.59368465e-01
1.000000e-07,100.000000,2.000000e+00,5.000000e-08,1.24481120e+00,6.22405601e-08,5.40470993e-01,4.59529007e-01
1.000000e-07,100.000000,2.000000e+00,5.000000e-08,1.24531133e+00,6.22655664e-08,5.40310131e-01,4.59689869e-01
1.000000e-07,100.000000,2.000000e+00,5.000000e-08,1.24581145e+00,6.22905726e-08,5.40148948e-01,4.59851052e-01
1.000000e-07,100.000000,2.000000e+00,5.000000e-08,1.24631158e+00,6.23155789e-08,5.39987445e-01,4.60012555e-01
1.000000e-07,100.000000,2.000000e+00,5.000000e-08,1.24681170e+00,6.23405851e-08,5.39825621e-01,4.60174379e-01
1.000000e-07,100.000000,2.000000e+00,5.000000e-08,1.24731183e+00,6.23655914e-08,5.39663477e-01,4.60336523e-01
1.000000e-07,100.000000,2.000000e+00,5.000000e-08,1.24781195e+00,6.23905976e-08,5.39501013e-01,4.60498987e-01
1.000000e-07,100.000000,2.000000e+00,5.000000e-08,1.24831208e+00,6.24156039e-08,5.39338228e-01,4.60661772e-01
1.000000e-07,100.000000,2.000000e+00,5.000000e-08,1.24881220e+00,6.24406102e-08,5.39175123e-01,4.60824877e-01
1.000000e-07,100.000000,2.000000e+00,5.000000e-08,1.24931233e+00,6.24656164e-08,5.39011698e-01,4.60988302e-01
1.000000e-07,100.000000,2.000000e+00,5.000000e-08,1.24981245e+00,6.24906227e-08,5.38847952e-01,4.61152048e-01
1.000000e-07,100.000000,2.000000e+00,5.000000e-08,1.25031258e+00,6.25156289e-08,5.38683887e-01,4.61316113e-01
1.000000e-07,100.000000,2.000000e+00,5.000000e-08,1.25081270e+00,6.25406352e-08,5.38519501e-01,4.61480499e-01
1.000000e-07,100.000000,2.000000e+00,5.000000e-08,1.25131283e+00,6.25656414e-08,5.38354796e-01,4.61645204e-01
1.000000e-07,100.000000,2.000000e+00,5.000000e-08,1.25181295e+00,6.25906477e-08,5.38189771e-01,4.61810229e-01
1.000000e-07,100.000000,2.000000e+00,5.000000e-08,1.25231308e+00,6.26156539e-08,5.38024425e-01,4.61975575e-01
1.000000e-07,100.000000,2.000000e+00,5.000000e-08,1.25281320e+00,6.26406602e-08,5.37858760e-01,4.62141240e-01
1.000000e-07,100.000000,2.000000e+00,5.000000e-08,1.25331333e+00,6.26656664e-08,5.37692776e-01,4.62307224e-01
1.000000e-07,100.000000,2.000000e+00,5.000000e-08,1.25381345e+00,6.26906727e-08,5.37526471e-01,4.62473529e-01
1.000000e-07,100.000000,2.000000e+00,5.000000e-08,1.25431358e+00,6.27156789e-08,5.37359847e-01,4.62640153e-01
1.000000e-07,100.000000,2.000000e+00,5.000000e-08,1.25481370e+00,6.27406852e-08,5.37192903e-01,4.62807097e-01
1.000000e-07,100.000000,2.000000e+00,5.000000e-08,1.25531383e+00,6.27656914e-08,5.37025640e-01,4.62974360e-01
1.000000e-07,100.000000,2.000000e+00,5.000000e-08,1.25581395e+00,6.27906977e-08,5.36858057e-01,4.63141943e-01
1.000000e-07,100.000000,2.000000e+00,5.000000e-08,1.25631408e+00,6.28157039e-08,5.36690155e-01,4.63309845e-01
1.000000e-07,100.000000,2.000000e+00,5.000000e-08,1.25681420e+00,6.28407102e-08,5.36521933e-01,4.63478067e-01
1.000000e-07,100.000000,2.000000e+00,5.000000e-08,1.25731433e+00,6.28657164e-08,5.36353392e-01,4.63646608e-01
1.000000e-07,100.000000,2.000000e+00,5.000000e-08,1.25781445e+00,6.28907227e-08,5.36184531e-01,4.63815469e-01
1.000000e-07,100.000000,2.000000e+00,5.000000e-08,1.25831458e+00,6.29157289e-08,5.36015352e-01,4.63984648e-01
1.000000e-07,100.000000,2.000000e+00,5.000000e-08,1.25881470e+00,6.29407352e-08,5.35845853e-01,4.64154147e-01
1.000000e-07,100.000000,2.000000e+00,5.000000e-08,1.25931483e+00,6.29657414e-08,5.35676035e-01,4.64323965e-01
1.000000e-07,100.000000,2.000000e+00,5.000000e-08,1.25981495e+00,6.29907477e-08,5.35505898e-01,4.64494102e-01
1.000000e-07,100.000000,2.000000e+00,5.000000e-08,1.26031508e+00,6.30157539e-08,5.35335442e-01,4.64664558e-01
1.000000e-07,100.000000,2.000000e+00,5.000000e-08,1.26081520e+00,6.30407602e-08,5.35164667e-01,4.64835333e-01
1.000000e-07,100.000000,2.000000e+00,5.000000e-08,1.26131533e+00,6.30657664e-08,5.34993573e-01,4.65006427e-01
1.000000e-07,100.000000,2.000000e+00,5.000000e-08,1.26181545e+00,6.30907727e-08,5.34822161e-01,4.65177839e-01
1.000000e-07,100.000000,2.000000e+00,5.000000e-08,1.26231558e+00,6.31157789e-08,5.34650429e-01,4.65349571e-01
1.000000e-07,100.000000,2.000000e+00,5.000000e-08,1.26281570e+00,6.31407852e-08,5.34478379e-01,4.65521621e-01
1.000000e-07,100.000000,2.000000e+00,5.000000e-08,1.26331583e+00,6.31657914e-08,5.34306010e-01,4.65693990e-01
1.000000e-07,100.000000,2.000000e+00,5.000000e-08,1.26381595e+00,6.31907977e-08,5.34133322e-01,4.65866678e-01
1.000000e-07,100.000000,2.000000e+00,5.000000e-08,1.26431608e+00,6.32158040e-08,5.33960316e-01,4.66039684e-01
1.000000e-07,100.000000,2.000000e+00,5.000000e-08,1.26481620e+00,6.32408102e-08,5.33786991e-01,4.66213009e-01
1.000000e-07,100.000000,2.000000e+00,5.000000e-08,1.26531633e+00,6.32658165e-08,5.33613348e-01,4.66386652e-01
1.000000e-07,100.000000,2.000000e+00,5.000000e-08,1.26581645e+00,6.32908227e-08,5.33439386e-01,4.66560614e-01
1.000000e-07,100.000000,2.000000e+00,5.000000e-08,1.26631658e+00,6.33158290e-08,5.33265106e-01,4.66734894e-01
1.000000e-07,100.000000,2.000000e+00,5.000000e-08,1.26681670e+00,6.33408352e-08,5.33090508e-01,4.66909492e-01
1.000000e-07,100.000000,2.000000e+00,5.000000e-08,1.26731683e+00,6.33658415e-08,5.32915592e-01,4.67084408e-01
1.000000e-07,100.000000,2.000000e+00,5.000000e-08,1.26781695e+00,6.33908477e-08,5.32740357e-01,4.67259643e-01
1.000000e-07,100.000000,2.000000e+00,5.000000e-08,1.26831708e+00,6.34158540e-08,5.32564804e-01,4.67435196e-01
1.000000e-07,100.000000,2.000000e+00,5.000000e-08,1.26881720e+00,6.34408602e-08,5.32388933e-01,4.67611067e-01
1.000000e-07,100.000000,2.000000e+00,5.000000e-08,1.26931733e+00,6.34658665e-08,5.32212744e-01,4.67787256e-01
1.000000e-07,100.000000,2.000000e+00,5.000000e-08,1.26981745e+00,6.34908727e-08,5.32036237e-01,4.67963763e-01
1.000000e-07,100.000000,2.000000e+00,5.000000e-08,1.27031758e+00,6.35158790e-08,5.31859413e-01,4.68140587e-01
1.000000e-07,100.000000,2.000000e+00,5.000000e-08,1.27081770e+00,6.35408852e-08,5.31682270e-01,4.68317730e-01
1.000000e-07,100.000000,2.000000e+00,5.000000e-08,1.27131783e+00,6.35658915e-08,5.31504810e-01,4.68495190e-01
1.000000e-07,100.000000,2.000000e+00,5.000000e-08,1.27181795e+00,6.35908977e-08,5.31327031e-01,4.68672969e-01
1.000000e-07,100.000000,2.000000e+00,5.000000e-08,1.27231808e+00,6.36159040e-08,5.31148936e-01,4.68851064e-01
1.000000e-07,100.000000,2.000000e+00,5.000000e-08,1.27281820e+00,6.36409102e-08,5.30970522e-01,4.69029478e-01
1.000000e-07,100.000000,2.000000e+00,5.000000e-08,1.27331833e+00,6.36659165e-08,5.30791791e-01,4.69208209e-01
1.000000e-07,100.000000,2.000000e+00,5.000000e-08,1.27381845e+00,6.36909227e-08,5.30612743e-01,4.69387257e-01
1.000000e-07,100.000000,2.000000e+00,5.000000e-08,1.27431858e+00,6.37159290e-08,5.30433377e-01,4.69566623e-01
1.000000e-07,100.000000,2.000000e+00,5.000000e-08,1.27481870e+00,6.37409352e-08,5.30253693e-01,4.69746307e-01
1.000000e-07,100.000000,2.000000e+00,5.000000e-08,1.27531883e+00,6.37659415e-08,5.30073693e-01,4.69926307e-01
1.000000e-07,100.000000,2.000000e+00,5.000000e-08,1.27581895e+00,6.37909477e-08,5.29893375e-01,4.70106625e-01
1.000000e-07,100.000000,2.000000e+00,5.000000e-08,1.27631908e+00,6.38159540e-08,5.29712740e-01,4.70287260e-01
1.000000e-07,100.000000,2.000000e+00,5.000000e-08,1.27681920e+00,6.38409602e-08,5.29531787e-01,4.70468213e-01
1.000000e-07,100.000000,2.000000e+00,5.000000e-08,1.27731933e+00,6.38659665e-08,5.29350518e-01,4.70649482e-01
1.000000e-07,100.000000,2.000000e+00,5.000000e-08,1.27781945e+00,6.38909727e-08,5.29168932e-01,4.70831068e-01
1.000000e-07,100.000000,2.000000e+00,5.000000e-08,1.27831958e+00,6.39159790e-08,5.28987028e-01,4.71012972e-01
1.000000e-07,100.000000,2.000000e+00,5.000000e-08,1.27881970e+00,6.39409852e-08,5.28804808e-01,4.71195192e-01
1.000000e-07,100.000000,2.000000e+00,5.000000e-08,1.27931983e+00,6.39659915e-08,5.28622271e-01,4.71377729e-01
1.000000e-07,100.000000,2.000000e+00,5.000000e-08,1.27981995e+00,6.39909977e-08,5.28439417e-01,4.71560583e-01
1.000000e-07,100.000000,2.000000e+00,5.000000e-08,1.28032008e+00,6.40160040e-08,5.28256246e-01,4.71743754e-01
1.000000e-07,100.000000,2.000000e+00,5.000000e-08,1.28082021e+00,6.40410103e-08,5.28072759e-01,4.71927241e-01
1.000000e-07,100.000000,2.000000e+00,5.000000e-08,1.28132033e+00,6.40660165e-08,5.27888955e-01,4.72111045e-01
1.000000e-07,100.000000,2.000000e+00,5.000000e-08,1.28182046e+00,6.40910228e-08,5.27704835e-01,4.72295165e-01
1.000000e-07,100.000000,2.000000e+00,5.000000e-08,1.28232058e+00,6.41160290e-08,5.27520398e-01,4.72479602e-01
1.000000e-07,100.000000,2.000000e+00,5.000000e-08,1.28282071e+00,6.41410353e-08,5.27335644e-01,4.72664356e-01
1.000000e-07,100.000000,2.000000e+00,5.000000e-08,1.28332083e+00,6.41660415e-08,5.27150575e-01,4.72849425e-01
1.000000e-07,100.000000,2.000000e+00,5.000000e-08,1.28382096e+00,6.41910478e-08,5.26965189e-01,4.73034811e-01
1.000000e-07,100.000000,2.000000e+00,5.000000e-08,1.28432108e+00,6.42160540e-08,5.26779486e-01,4.73220514e-01
1.000000e-07,100.000000,2.000000e+00,5.000000e-08,1.28482121e+00,6.42410603e-08,5.26593468e-01,4.73406532e-01
1.000000e-07,100.000000,2.000000e+00,5.000000e-08,1.28532133e+00,6.42660665e-08,5.26407133e-01,4.73592867e-01
1.000000e-07,100.000000,2.000000e+00,5.000000e-08,1.28582146e+00,6.42910728e-08,5.26220483e-01,4.73779517e-01
1.000000e-07,100.000000,2.000000e+00,5.000000e-08,1.28632158e+00,6.43160790e-08,5.26033516e-01,4.73966484e-01
1.000000e-07,100.000000,2.000000e+00,5.000000e-08,1.28682171e+00,6.43410853e-08,5.25846234e-01,4.74153766e-01
1.000000e-07,100.000000,2.000000e+00,5.000000e-08,1.28732183e+00,6.43660915e-08,5.25658635e-01,4.74341365e-01
1.000000e-07,100.000000,2.000000e+00,5.000000e-08,1.28782196e+00,6.43910978e-08,5.25470721e-01,4.74529279e-01
1.000000e-07,100.000000,2.000000e+00,5.000000e-08,1.28832208e+00,6.44161040e-08,5.25282491e-01,4.74717509e-01
1.000000e-07,100.000000,2.000000e+00,5.000000e-08,1.28882221e+00,6.44411103e-08,5.25093945e-01,4.74906055e-01
1.000000e-07,100.000000,2.000000e+00,5.000000e-08,1.28932233e+00,6.44661165e-08,5.24905084e-01,4.75094916e-01
1.000000e-07,100.000000,2.000000e+00,5.000000e-08,1.28982246e+00,6.44911228e-08,5.24715907e-01,4.75284093e-01
1.000000e-07,100.000000,2.000000e+00,5.000000e-08,1.29032258e+00,6.45161290e-08,5.24526415e-01,4.75473585e-01
1.000000e-07,100.000000,2.000000e+00,5.000000e-08,1.29082271e+00,6.45411353e-08,5.24336607e-01,4.75663393e-01
1.000000e-07,100.000000,2.000000e+00,5.000000e-08,1.29132283e+00,6.45661415e-08,5.24146484e-01,4.75853516e-01
1.000000e-07,100.000000,2.000000e+00,5.000000e-08,1.29182296e+00,6.45911478e-08,5.23956045e-01,4.76043955e-01
1.000000e-07,100.000000,2.000000e+00,5.000000e-08,1.29232308e+00,6.46161540e-08,5.23765292e-01,4.76234708e-01
1.000000e-07,100.000000,2.000000e+00,5.000000e-08,1.29282321e+00,6.46411603e-08,5.23574223e-01,4.76425777e-01
1.000000e-07,100.000000,2.000000e+00,5.000000e-08,1.29332333e+00,6.46661665e-08,5.23382839e-01,4.76617161e-01
1.000000e-07,100.000000,2.000000e+00,5.000000e-08,1.29382346e+00,6.46911728e-08,5.23191140e-01,4.76808860e-01
1.000000e-07,100.000000,2.000000e+00,5.000000e-08,1.29432358e+00,6.47161790e-08,5.22999126e-01,4.77000874e-01
1.000000e-07,100.000000,2.000000e+00,5.000000e-08,1.29482371e+00,6.47411853e-08,5.22806797e-01,4.77193203e-01
1.000000e-07,100.000000,2.000000e+00,5.000000e-08,1.29532383e+00,6.47661915e-08,5.22614153e-01,4.77385847e-01
1.000000e-07,100.000000,2.000000e+00,5.000000e-08,1.29582396e+00,6.47911978e-08,5.22421194e-01,4.77578806e-01
1.000000e-07,100.000000,2.000000e+00,5.000000e-08,1.29632408e+00,6.48162041e-08,5.22227921e-01,4.77772079e-01
1.000000e-07,100.000000,2.000000e+00,5.000000e-08,1.29682421e+00,6.48412103e-08,5.22034333e-01,4.77965667e-01
1.000000e-07,100.000000,2.000000e+00,5.000000e-08,1.29732433e+00,6.48662166e-08,5.21840430e-01,4.78159570e-01
1.000000e-07,100.000000,2.000000e+00,5.000000e-08,1.29782446e+00,6.48912228e-08,5.21646213e-01,4.78353787e-01
1.000000e-07,100.000000,2.000000e+00,5.000000e-08,1.29832458e+00,6.49162291e-08,5.21451682e-01,4.78548318e-01
1.000000e-07,100.000000,2.000000e+00,5.000000e-08,1.29882471e+00,6.49412353e-08,5.21256836e-01,4.78743164e-01
1.000000e-07,100.000000,2.000000e+00,5.000000e-08,1.29932483e+00,6.49662416e-08,5.21061675e-01,4.78938325e-01
1.000000e-07,100.000000,2.000000e+00,5.000000e-08,1.29982496e+00,6.49912478e-08,5.20866201e-01,4.79133799e-01
1.000000e-07,100.000000,2.000000e+00,5.000000e-08,1.30032508e+00,6.50162541e-08,5.20670412e-01,4.79329588e-01
1.000000e-07,100.000000,2.000000e+00,5.000000e-08,1.30082521e+00,6.50412603e-08,5.20474309e-01,4.79525691e-01
1.000000e-07,100.000000,2.000000e+00,5.000000e-08,1.30132533e+00,6.50662666e-08,5.20277892e-01,4.79722108e-01
1.000000e-07,100.000000,2.000000e+00,5.000000e-08,1.30182546e+00,6.50912728e-08,5.20081161e-01,4.79918839e-01
1.000000e-07,100.000000,2.000000e+00,5.000000e-08,1.30232558e+00,6.51162791e-08,5.19884116e-01,4.80115884e-01
1.000000e-07,100.000000,2.000000e+00,5.000000e-08,1.30282571e+00,6.51412853e-08,5.19686757e-01,4.80313243e-01
1.000000e-07,100.000000,2.000000e+00,5.000000e-08,1.30332583e+00,6.51662916e-08,5.19489085e-01,4.80510915e-01
1.000000e-07,100.000000,2.000000e+00,5.000000e-08,1.30382596e+00,6.51912978e-08,5.19291098e-01,4.80708902e-01
1.000000e-07,100.000000,2.000000e+00,5.000000e-08,1.30432608e+00,6.52163041e-08,5.19092798e-01,4.80907202e-01
1.000000e-07,100.000000,2.000000e+00,5.000000e-08,1.30482621e+00,6.52413103e-08,5.18894185e-01,4.81105815e-01
1.000000e-07,100.000000,2.000000e+00,5.000000e-08,1.30532633e+00,6.52663166e-08,5.18695257e-01,4.81304743e-01
1.000000e-07,100.000000,2.000000e+00,5.000000e-08,1.30582646e+00,6.52913228e-08,5.18496017e-01,4.81503983e-01
1.000000e-07,100.000000,2.000000e+00,5.000000e-08,1.30632658e+00,6.53163291e-08,5.18296463e-01,4.81703537e-01
1.000000e-07,100.000000,2.000000e+00,5.000000e-08,1.30682671e+00,6.53413353e-08,5.18096595e-01,4.81903405e-01
1.000000e-07,100.000000,2.000000e+00,5.000000e-08,1.30732683e+00,6.53663416e-08,5.17896415e-01,4.82103585e-01
1.000000e-07,100.000000,2.000000e+00,5.000000e-08,1.30782696e+00,6.53913478e-08,5.17695921e-01,4.82304079e-01
1.000000e-07,100.000000,2.000000e+00,5.000000e-08,1.30832708e+00,6.54163541e-08,5.17495114e-01,4.82504886e-01
1.000000e-07,100.000000,2.000000e+00,5.000000e-08,1.30882721e+00,6.54413603e-08,5.17293994e-01,4.82706006e-01
1.000000e-07,100.000000,2.000000e+00,5.000000e-08,1.30932733e+00,6.54663666e-08,5.17092561e-01,4.82907439e-01
1.000000e-07,100.000000,2.000000e+00,5.000000e-08,1.30982746e+00,6.54913728e-08,5.16890815e-01,4.83109185e-01
1.000000e-07,100.000000,2.000000e+00,5.000000e-08,1.31032758e+00,6.55163791e-08,5.16688757e-01,4.83311243e-01
1.000000e-07,100.000000,2.000000e+00,5.000000e-08,1.31082771e+00,6.55413853e-08,5.16486385e-01,4.83513615e-01
1.000000e-07,100.000000,2.000000e+00,5.000000e-08,1.31132783e+00,6.55663916e-08,5.16283701e-01,4.83716299e-01
1.000000e-07,100.000000,2.000000e+00,5.000000e-08,1.31182796e+00,6.55913978e-08,5.16080704e-01,4.83919296e-01
1.000000e-07,100.000000,2.000000e+00,5.000000e-08,1.31232808e+00,6.56164041e-08,5.15877395e-01,4.84122605e-01
1.000000e-07,100.000000,2.000000e+00,5.000000e-08,1.31282821e+00,6.56414104e-08,5.15673773e-01,4.84326227e-01
1.000000e-07,100.000000,2.000000e+00,5.000000e-08,1.31332833e+00,6.56664166e-08,5.15469838e-01,4.84530162e-01
1.000000e-07,100.000000,2.000000e+00,5.000000e-08,1.31382846e+00,6.56914229e-08,5.15265592e-01,4.84734408e-01
1.000000e-07,100.000000,2.000000e+00,5.000000e-08,1.31432858e+00,6.57164291e-08,5.15061033e-01,4.84938967e-01
1.000000e-07,100.000000,2.000000e+00,5.000000e-08,1.31482871e+00,6.57414354e-08,5.14856161e-01,4.85143839e-01
1.000000e-07,100.000000,2.000000e+00,5.000000e-08,1.31532883e+00,6.57664416e-08,5.14650978e-01,4.85349022e-01
1.000000e-07,100.000000,2.000000e+00,5.000000e-08,1.31582896e+00,6.57914479e-08,5.14445483e-01,4.85554517e-01
1.000000e-07,100.000000,2.000000e+00,5.000000e-08,1.31632908e+00,6.58164541e-08,5.14239675e-01,4.85760325e-01
1.000000e-07,100.000000,2.000000e+00,5.000000e-08,1.31682921e+00,6.58414604e-08,5.14033556e-01,4.85966444e-01
1.000000e-07,100.000000,2.000000e+00,5.000000e-08,1.31732933e+00,6.58664666e-08,5.13827125e-01,4.86172875e-01
1.000000e-07,100.000000,2.000000e+00,5.000000e-08,1.31782946e+00,6.58914729e-08,5.13620382e-01,4.86379618e-01
1.000000e-07,100.000000,2.000000e+00,5.000000e-08,1.31832958e+00,6.59164791e-08,5.13413327e-01,4.86586673e-01
1.000000e-07,100.000000,2.000000e+00,5.000000e-08,1.31882971e+00,6.59414854e-08,5.13205960e-01,4.86794040e-01
1.000000e-07,100.000000,2.000000e+00,5.000000e-08,1.31932983e+00,6.59664916e-08,5.12998282e-01,4.87001718e-01
1.000000e-07,100.000000,2.000000e+00,5.000000e-08,1.31982996e+00,6.59914979e-08,5.12790293e-01,4.87209707e-01
1.000000e-07,100.000000,2.000000e+00,5.000000e-08,1.32033008e+00,6.60165041e-08,5.12581992e-01,4.87418008e-01
1.000000e-07,100.000000,2.000000e+00,5.000000e-08,1.32083021e+00,6.60415104e-08,5.12373380e-01,4.87626620e-01
1.000000e-07,100.000000,2.000000e+00,5.000000e-08,1.32133033e+00,6.60665166e-08,5.12164456e-01,4.87835544e-01
1.000000e-07,100.000000,2.000000e+00,5.000000e-08,1.32183046e+00,6.60915229e-08,5.11955221e-01,4.88044779e-01
1.000000e-07,100.000000,2.000000e+00,5.000000e-08,1.32233058e+00,6.61165291e-08,5.11745676e-01,4.88254324e-01
1.000000e-07,100.000000,2.000000e+00,5.000000e-08,1.32283071e+00,6.61415354e-08,5.11535819e-01,4.88464181e-01
1.000000e-07,100.000000,2.000000e+00,5.000000e-08,1.32333083e+00,6.61665416e-08,5.11325651e-01,4.88674349e-01
1.000000e-07,100.000000,2.000000e+00,5.000000e-08,1.32383096e+00,6.61915479e-08,5.11115172e-01,4.88884828e-01
1.000000e-07,100.000000,2.000000e+00,5.000000e-08,1.32433108e+00,6.62165541e-08,5.10904382e-01,4.89095618e-01
1.000000e-07,100.000000,2.000000e+00,5.000000e-08,1.32483121e+00,6.62415604e-08,5.10693282e-01,4.89306718e-01
1.000000e-07,100.000000,2.000000e+00,5.000000e-08,1.32533133e+00,6.62665666e-08,5.10481870e-01,4.89518130e-01
1.000000e-07,100.000000,2.000000e+00,5.000000e-08,1.32583146e+00,6.62915729e-08,5.10270149e-01,4.89729851e-01
1.000000e-07,100.000000,2.000000e+00,5.000000e-08,1.32633158e+00,6.63165791e-08,5.10058116e-01,4.89941884e-01
1.000000e-07,100.000000,2.000000e+00,5.000000e-08,1.32683171e+00,6.63415854e-08,5.09845773e-01,4.90154227e-01
1.000000e-07,100.000000,2.000000e+00,5.000000e-08,1.32733183e+00,6.63665916e-08,5.09633120e-01,4.90366880e-01
1.000000e-07,100.000000,2.000000e+00,5.000000e-08,1.32783196e+00,6.63915979e-08,5.09420157e-01,4.90579843e-01
1.000000e-07,100.000000,2.000000e+00,5.000000e-08,1.32833208e+00,6.64166042e-08,5.09206883e-01,4.90793117e-01
1.000000e-07,100.000000,2.000000e+00,5.000000e-08,1.32883221e+00,6.64416104e-08,5.08993299e-01,4.91006701e-01
1.000000e-07,100.000000,2.000000e+00,5.000000e-08,1.32933233e+00,6.64666167e-08,5.08779405e-01,4.91220595e-01
1.000000e-07,100.000000,2.000000e+00,5.000000e-08,1.32983246e+00,6.64916229e-08,5.08565201e-01,4.91434799e-01
1.000000e-07,100.000000,2.000000e+00,5.000000e-08,1.33033258e+00,6.65166292e-08,5.08350687e-01,4.91649313e-01
1.000000e-07,100.000000,2.000000e+00,5.000000e-08,1.33083271e+00,6.65416354e-08,5.08135863e-01,4.91864137e-01
1.000000e-07,100.000000,2.000000e+00,5.000000e-08,1.33133283e+00,6.65666417e-08,5.07920729e-01,4.92079271e-01
1.000000e-07,100.000000,2.000000e+00,5.000000e-08,1.33183296e+00,6.65916479e-08,5.07705286e-01,4.92294714e-01
1.000000e-07,100.000000,2.000000e+00,5.000000e-08,1.33233308e+00,6.66166542e-08,5.07489533e-01,4.92510467e-01
1.000000e-07,100.000000,2.000000e+00,5.000000e-08,1.33283321e+00,6.66416604e-08,5.07273470e-01,4.92726530e-01
1.000000e-07,100.000000,2.000000e+00,5.000000e-08,1.33333333e+00,6.66666667e-08,5.07057098e-01,4.92942902e-01
1.000000e-07,100.000000,2.000000e+00,5.000000e-08,1.33383346e+00,6.66916729e-08,5.06840416e-01,4.93159584e-01
1.000000e-07,100.000000,2.000000e+00,5.000000e-08,1.33433358e+00,6.67166792e-08,5.06623425e-01,4.93376575e-01
1.000000e-07,100.000000,2.000000e+00,5.000000e-08,1.33483371e+00,6.67416854e-08,5.06406125e-01,4.93593875e-01
1.000000e-07,100.000000,2.000000e+00,5.000000e-08,1.33533383e+00,6.67666917e-08,5.06188516e-01,4.93811484e-01
1.000000e-07,100.000000,2.000000e+00,5.000000e-08,1.33583396e+00,6.67916979e-08,5.05970598e-01,4.94029402e-01
1.000000e-07,100.000000,2.000000e+00,5.000000e-08,1.33633408e+00,6.68167042e-08,5.05752370e-01,4.94247630e-01
1.000000e-07,100.000000,2.000000e+00,5.000000e-08,1.33683421e+00,6.68417104e-08,5.05533834e-01,4.94466166e-01
1.000000e-07,100.000000,2.000000e+00,5.000000e-08,1.33733433e+00,6.68667167e-08,5.05314988e-01,4.94685012e-01
1.000000e-07,100.000000,2.000000e+00,5.000000e-08,1.33783446e+00,6.68917229e-08,5.05095834e-01,4.94904166e-01
1.000000e-07,100.000000,2.000000e+00,5.000000e-08,1.33833458e+00,6.69167292e-08,5.04876372e-01,4.95123628e-01
1.000000e-07,100.000000,2.000000e+00,5.000000e-08,1.33883471e+00,6.69417354e-08,5.04656600e-01,4.95343400e-01
1.000000e-07,100.000000,2.000000e+00,5.000000e-08,1.33933483e+00,6.69667417e-08,5.04436520e-01,4.95563480e-01
1.000000e-07,100.000000,2.000000e+00,5.000000e-08,1.33983496e+00,6.69917479e-08,5.04216132e-01,4.95783868e-01
1.000000e-07,100.000000,2.000000e+00,5.000000e-08,1.34033508e+00,6.70167542e-08,5.03995435e-01,4.96004565e-01
1.000000e-07,100.000000,2.000000e+00,5.000000e-08,1.34083521e+00,6.70417604e-08,5.03774430e-01,4.96225570e-01
1.000000e-07,100.000000,2.000000e+00,5.000000e-08,1.34133533e+00,6.70667667e-08,5.03553116e-01,4.96446884e-01
1.000000e-07,100.000000,2.000000e+00,5.000000e-08,1.34183546e+00,6.70917729e-08,5.03331495e-01,4.96668505e-01
1.000000e-07,100.000000,2.000000e+00,5.000000e-08,1.34233558e+00,6.71167792e-08,5.03109565e-01,4.96890435e-01
1.000000e-07,100.000000,2.000000e+00,5.000000e-08,1.34283571e+00,6.71417854e-08,5.02887328e-01,4.97112672e-01
1.000000e-07,100.000000,2.000000e+00,5.000000e-08,1.34333583e+00,6.71667917e-08,5.02664782e-01,4.97335218e-01
1.000000e-07,100.000000,2.000000e+00,5.000000e-08,1.34383596e+00,6.71917979e-08,5.02441929e-01,4.97558071e-01
1.000000e-07,100.000000,2.000000e+00,5.000000e-08,1.34433608e+00,6.72168042e-08,5.02218767e-01,4.97781233e-01
1.000000e-07,100.000000,2.000000e+00,5.000000e-08,1.34483621e+00,6.72418105e-08,5.01995299e-01,4.98004701e-01
1.000000e-07,100.000000,2.000000e+00,5.000000e-08,1.34533633e+00,6.72668167e-08,5.01771522e-01,4.98228478e-01
1.000000e-07,100.000000,2.000000e+00,5.000000e-08,1.34583646e+00,6.72918230e-08,5.01547438e-01,4.98452562e-01
1.000000e-07,100.000000,2.000000e+00,5.000000e-08,1.34633658e+00,6.73168292e-08,5.01323047e-01,4.98676953e-01
1.000000e-07,100.000000,2.000000e+00,5.000000e-08,1.34683671e+00,6.73418355e-08,5.01098348e-01,4.98901652e-01
1.000000e-07,100.000000,2.000000e+00,5.000000e-08,1.34733683e+00,6.73668417e-08,5.00873342e-01,4.99126658e-01
1.000000e-07,100.000000,2.000000e+00,5.000000e-08,1.34783696e+00,6.73918480e-08,5.00648029e-01,4.99351971e-01
1.000000e-07,100.000000,2.000000e+00,5.000000e-08,1.34833708e+00,6.74168542e-08,5.00422408e-01,4.99577592e-01
1.000000e-07,100.000000,2.000000e+00,5.000000e-08,1.34883721e+00,6.74418605e-08,5.00196481e-01,4.99803519e-01
1.000000e-07,100.000000,2.000000e+00,5.000000e-08,1.34933733e+00,6.74668667e-08,4.99970247e-01,5.00029753e-01
1.000000e-07,100.000000,2.000000e+00,5.000000e-08,1.34983746e+00,6.74918730e-08,4.99743705e-01,5.00256295e-01
1.000000e-07,100.000000,2.000000e+00,5.000000e-08,1.35033758e+00,6.75168792e-08,4.99516857e-01,5.00483143e-01
1.000000e-07,100.000000,2.000000e+00,5.000000e-08,1.35083771e+00,6.75418855e-08,4.99289703e-01,5.00710297e-01
1.000000e-07,100.000000,2.000000e+00,5.000000e-08,1.35133783e+00,6.75668917e-08,4.99062241e-01,5.00937759e-01
1.000000e-07,100.000000,2.000000e+00,5.000000e-08,1.35183796e+00,6.75918980e-08,4.98834474e-01,5.01165526e-01
1.000000e-07,100.000000,2.000000e+00,5.000000e-08,1.35233808e+00,6.76169042e-08,4.98606399e-01,5.01393601e-01
1.000000e-07,100.000000,2.000000e+00,5.000000e-08,1.35283821e+00,6.76419105e-08,4.98378019e-01,5.01621981e-01
1.000000e-07,100.000000,2.000000e+00,5.000000e-08,1.35333833e+00,6.76669167e-08,4.98149332e-01,5.01850668e-01
1.000000e-07,100.000000,2.000000e+00,5.000000e-08,1.35383846e+00,6.76919230e-08,4.97920339e-01,5.02079661e-01
1.000000e-07,100.000000,2.000000e+00,5.000000e-08,1.35433858e+00,6.77169292e-08,4.97691039e-01,5.02308961e-01
1.000000e-07,100.000000,2.000000e+00,5.000000e-08,1.35483871e+00,6.77419355e-08,4.97461434e-01,5.02538566e-01
1.000000e-07,100.000000,2.000000e+00,5.000000e-08,1.35533883e+00,6.77669417e-08,4.97231523e-01,5.02768477e-01
1.000000e-07,100.000000,2.000000e+00,5.000000e-08,1.35583896e+00,6.77919480e-08,4.97001306e-01,5.02998694e-01
1.000000e-07,100.000000,2.000000e+00,5.000000e-08,1.35633908e+00,6.78169542e-08,4.96770783e-01,5.03229217e-01
1.000000e-07,100.000000,2.000000e+00,5.000000e-08,1.35683921e+00,6.78419605e-08,4.96539954e-01,5.03460046e-01
1.000000e-07,100.000000,2.000000e+00,5.000000e-08,1.35733933e+00,6.78669667e-08,4.96308820e-01,5.03691180e-01
1.000000e-07,100.000000,2.000000e+00,5.000000e-08,1.35783946e+00,6.78919730e-08,4.96077380e-01,5.03922620e-01
1.000000e-07,100.000000,2.000000e+00,5.000000e-08,1.35833958e+00,6.79169792e-08,4.95845635e-01,5.04154365e-01
1.000000e-07,100.000000,2.000000e+00,5.000000e-08,1.35883971e+00,6.79419855e-08,4.95613585e-01,5.04386415e-01
1.000000e-07,100.000000,2.000000e+00,5.000000e-08,1.35933983e+00,6.79669917e-08,4.95381229e-01,5.04618771e-01
1.000000e-07,100.000000,2.000000e+00,5.000000e-08,1.35983996e+00,6.79919980e-08,4.95148568e-01,5.04851432e-01
1.000000e-07,100.000000,2.000000e+00,5.000000e-08,1.36034009e+00,6.80170043e-08,4.94915602e-01,5.05084398e-01
1.000000e-07,100.000000,2.000000e+00,5.000000e-08,1.36084021e+00,6.80420105e-08,4.94682331e-01,5.05317669e-01
1.000000e-07,100.000000,2.000000e+00,5.000000e-08,1.36134034e+00,6.80670168e-08,4.94448755e-01,5.05551245e-01
1.000000e-07,100.000000,2.000000e+00,5.000000e-08,1.36184046e+00,6.80920230e-08,4.94214874e-01,5.05785126e-01
1.000000e-07,100.000000,2.000000e+00,5.000000e-08,1.36234059e+00,6.81170293e-08,4.93980688e-01,5.06019312e-01
1.000000e-07,100.000000,2.000000e+00,5.000000e-08,1.36284071e+00,6.81420355e-08,4.93746198e-01,5.06253802e-01
1.000000e-07,100.000000,2.000000e+00,5.000000e-08,1.36334084e+00,6.81670418e-08,4.93511403e-01,5.06488597e-01
1.000000e-07,100.000000,2.000000e+00,5.000000e-08,1.36384096e+00,6.81920480e-08,4.93276304e-01,5.06723696e-01
1.000000e-07,100.000000,2.000000e+00,5.000000e-08,1.36434109e+00,6.82170543e-08,4.93040900e-01,5.06959100e-01
1.000000e-07,100.000000,2.000000e+00,5.000000e-08,1.36484121e+00,6.82420605e-08,4.92805192e-01,5.07194808e-01
1.000000e-07,100.000000,2.000000e+00,5.000000e-08,1.36534134e+00,6.82670668e-08,4.92569180e-01,5.07430820e-01
1.000000e-07,100.000000,2.000000e+00,5.000000e-08,1.36584146e+00,6.82920730e-08,4.92332863e-01,5.07667137e-01
1.000000e-07,100.000000,2.000000e+00,5.000000e-08,1.36634159e+00,6.83170793e-08,4.92096243e-01,5.07903757e-01
1.000000e-07,100.000000,2.000000e+00,5.000000e-08,1.36684171e+00,6.83420855e-08,4.91859318e-01,5.08140682e-01
1.000000e-07,100.000000,2.000000e+00,5.000000e-08,1.36734184e+00,6.83670918e-08,4.91622090e-01,5.08377910e-01
1.000000e-07,100.000000,2.000000e+00,5.000000e-08,1.36784196e+00,6.83920980e-08,4.91384558e-01,5.08615442e-01
1.000000e-07,100.000000,2.000000e+00,5.000000e-08,1.36834209e+00,6.84171043e-08,4.91146722e-01,5.08853278e-01
1.000000e-07,100.000000,2.000000e+00,5.000000e-08,1.36884221e+00,6.84421105e-08,4.90908583e-01,5.09091417e-01
1.000000e-07,100.000000,2.000000e+00,5.000000e-08,1.36934234e+00,6.84671168e-08,4.90670140e-01,5.09329860e-01
1.000000e-07,100.000000,2.000000e+00,5.000000e-08,1.36984246e+00,6.84921230e-08,4.90431393e-01,5.09568607e-01
1.000000e-07,100.000000,2.000000e+00,5.000000e-08,1.37034259e+00,6.85171293e-08,4.90192344e-01,5.09807656e-01
1.000000e-07,100.000000,2.000000e+00,5.000000e-08,1.37084271e+00,6.85421355e-08,4.89952991e-01,5.10047009e-01
1.000000e-07,100.000000,2.000000e+00,5.000000e-08,1.37134284e+00,6.85671418e-08,4.89713334e-01,5.10286666e-01
1.000000e-07,100.000000,2.000000e+00,5.000000e-08,1.37184296e+00,6.85921480e-08,4.89473375e-01,5.10526625e-01
1.000000e-07,100.000000,2.000000e+00,5.000000e-08,1.37234309e+00,6.86171543e-08,4.89233113e-01,5.10766887e-01
1.000000e-07,100.000000,2.000000e+00,5.000000e-08,1.37284321e+00,6.86421605e-08,4.88992548e-01,5.11007452e-01
1.000000e-07,100.000000,2.000000e+00,5.000000e-08,1.37334334e+00,6.86671668e-08,4.88751680e-01,5.11248320e-01
1.000000e-07,100.000000,2.000000e+00,5.000000e-08,1.37384346e+00,6.86921730e-08,4.88510509e-01,5.11489491e-01
1.000000e-07,100.000000,2.000000e+00,5.000000e-08,1.37434359e+00,6.87171793e-08,4.88269036e-01,5.11730964e-01
1.000000e-07,100.000000,2.000000e+00,5.000000e-08,1.37484371e+00,6.87421855e-08,4.88027260e-01,5.11972740e-01
1.000000e-07,100.000000,2.000000e+00,5.000000e-08,1.37534384e+00,6.87671918e-08,4.87785182e-01,5.12214818e-01
1.000000e-07,100.000000,2.000000e+00,5.000000e-08,1.37584396e+00,6.87921980e-08,4.87542802e-01,5.12457198e-01
1.000000e-07,100.000000,2.000000e+00,5.000000e-08,1.37634409e+00,6.88172043e-08,4.87300119e-01,5.12699881e-01
1.000000e-07,100.000000,2.000000e+00,5.000000e-08,1.37684421e+00,6.88422106e-08,4.87057134e-01,5.12942866e-01
1.000000e-07,100.000000,2.000000e+00,5.000000e-08,1.37734434e+00,6.88672168e-08,4.86813847e-01,5.13186153e-01
1.000000e-07,100.000000,2.000000e+00,5.000000e-08,1.37784446e+00,6.88922231e-08,4.86570258e-01,5.13429742e-01
1.000000e-07,100.000000,2.000000e+00,5.000000e-08,1.37834459e+00,6.89172293e-08,4.86326367e-01,5.13673633e-01
1.000000e-07,100.000000,2.000000e+00,5.000000e-08,1.37884471e+00,6.89422356e-08,4.86082174e-01,5.13917826e-01
1.000000e-07,100.000000,2.000000e+00,5.000000e-08,1.37934484e+00,6.89672418e-08,4.85837680e-01,5.14162320e-01
1.000000e-07,100.000000,2.000000e+00,5.000000e-08,1.37984496e+00,6.89922481e-08,4.85592884e-01,5.14407116e-01
1.000000e-07,100.000000,2.000000e+00,5.000000e-08,1.38034509e+00,6.90172543e-08,4.85347786e-01,5.14652214e-01
1.000000e-07,100.000000,2.000000e+00,5.000000e-08,1.38084521e+00,6.90422606e-08,4.85102387e-01,5.14897613e-01
1.000000e-07,100.000000,2.000000e+00,5.000000e-08,1.38134534e+00,6.90672668e-08,4.84856687e-01,5.15143313e-01
1.000000e-07,100.000000,2.000000e+00,5.000000e-08,1.38184546e+00,6.90922731e-08,4.84610685e-01,5.15389315e-01
1.000000e-07,100.000000,2.000000e+00,5.000000e-08,1.38234559e+00,6.91172793e-08,4.84364383e-01,5.15635617e-01
1.000000e-07,100.000000,2.000000e+00,5.000000e-08,1.38284571e+00,6.91422856e-08,4.84117779e-01,5.15882221e-01
1.000000e-07,100.000000,2.000000e+00,5.000000e-08,1.38334584e+00,6.91672918e-08,4.83870874e-01,5.16129126e-01
1.000000e-07,100.000000,2.000000e+00,5.000000e-08,1.38384596e+00,6.91922981e-08,4.83623669e-01,5.16376331e-01
1.000000e-07,100.000000,2.000000e+00,5.000000e-08,1.38434609e+00,6.92173043e-08,4.83376162e-01,5.16623838e-01
1.000000e-07,100.000000,2.000000e+00,5.000000e-08,1.38484621e+00,6.92423106e-08,4.83128355e-01,5.16871645e-01
1.000000e-07,100.000000,2.000000e+00,5.000000e-08,1.38534634e+00,6.92673168e-08,4.82880248e-01,5.17119752e-01
1.000000e-07,100.000000,2.000000e+00,5.000000e-08,1.38584646e+00,6.92923231e-08,4.82631840e-01,5.17368160e-01
1.000000e-07,100.000000,2.000000e+00,5.000000e-08,1.38634659e+00,6.93173293e-08,4.82383131e-01,5.17616869e-01
1.000000e-07,100.000000,2.000000e+00,5.000000e-08,1.38684671e+00,6.93423356e-08,4.82134123e-01,5.17865877e-01
1.000000e-07,100.000000,2.000000e+00,5.000000e-08,1.38734684e+00,6.93673418e-08,4.81884814e-01,5.18115186e-01
1.000000e-07,100.000000,2.000000e+00,5.000000e-08,1.38784696e+00,6.93923481e-08,4.81635205e-01,5.18364795e-01
1.000000e-07,100.000000,2.000000e+00,5.000000e-08,1.38834709e+00,6.94173543e-08,4.81385296e-01,5.18614704e-01
1.000000e-07,100.000000,2.000000e+00,5.000000e-08,1.38884721e+00,6.94423606e-08,4.81135087e-01,5.18864913e-01
1.000000e-07,100.000000,2.000000e+00,5.000000e-08,1.38934734e+00,6.94673668e-08,4.80884578e-01,5.19115422e-01
1.000000e-07,100.000000,2.000000e+00,5.000000e-08,1.38984746e+00,6.94923731e-08,4.80633770e-01,5.19366230e-01
1.000000e-07,100.000000,2.000000e+00,5.000000e-08,1.39034759e+00,6.95173793e-08,4.80382662e-01,5.19617338e-01
1.000000e-07,100.000000,2.000000e+00,5.000000e-08,1.39084771e+00,6.95423856e-08,4.80131254e-01,5.19868746e-01
1.000000e-07,100.000000,2.000000e+00,5.000000e-08,1.39134784e+00,6.95673918e-08,4.79879547e-01,5.20120453e-01
1.000000e-07,100.000000,2.000000e+00,5.000000e-08,1.39184796e+00,6.95923981e-08,4.79627541e-01,5.20372459e-01
1.000000e-07,100.000000,2.000000e+00,5.000000e-08,1.39234809e+00,6.96174044e-08,4.79375235e-01,5.20624765e-01
1.000000e-07,100.000000,2.000000e+00,5.000000e-08,1.39284821e+00,6.96424106e-08,4.79122631e-01,5.20877369e-01
1.000000e-07,100.000000,2.000000e+00,5.000000e-08,1.39334834e+00,6.96674169e-08,4.78869727e-01,5.21130273e-01
1.000000e-07,100.000000,2.000000e+00,5.000000e-08,1.39384846e+00,6.96924231e-08,4.78616524e-01,5.21383476e-01
1.000000e-07,100.000000,2.000000e+00,5.000000e-08,1.39434859e+00,6.97174294e-08,4.78363023e-01,5.21636977e-01
1.000000e-07,100.000000,2.000000e+00,5.000000e-08,1.39484871e+00,6.97424356e-08,4.78109223e-01,5.21890777e-01
1.000000e-07,100.000000,2.000000e+00,5.000000e-08,1.39534884e+00,6.97674419e-08,4.77855124e-01,5.22144876e-01
1.000000e-07,100.000000,2.000000e+00,5.000000e-08,1.39584896e+00,6.97924481e-08,4.77600726e-01,5.22399274e-01
1.000000e-07,100.000000,2.000000e+00,5.000000e-08,1.39634909e+00,6.98174544e-08,4.77346031e-01,5.22653969e-01
1.000000e-07,100.000000,2.000000e+00,5.000000e-08,1.39684921e+00,6.98424606e-08,4.77091037e-01,5.22908963e-01
1.000000e-07,100.000000,2.000000e+00,5.000000e-08,1.39734934e+00,6.98674669e-08,4.76835744e-01,5.23164256e-01
1.000000e-07,100.000000,2.000000e+00,5.000000e-08,1.39784946e+00,6.98924731e-08,4.76580154e-01,5.23419846e-01
1.000000e-07,100.000000,2.000000e+00,5.000000e-08,1.39834959e+00,6.99174794e-08,4.76324265e-01,5.23675735e-01
1.000000e-07,100.000000,2.000000e+00,5.000000e-08,1.39884971e+00,6.99424856e-08,4.76068078e-01,5.23931922e-01
1.000000e-07,100.000000,2.000000e+00,5.000000e-08,1.39934984e+00,6.99674919e-08,4.75811594e-01,5.24188406e-01
1.000000e-07,100.000000,2.000000e+00,5.000000e-08,1.39984996e+00,6.99924981e-08,4.75554812e-01,5.24445188e-01
1.000000e-07,100.000000,2.000000e+00,5.000000e-08,1.40035009e+00,7.00175044e-08,4.75297732e-01,5.24702268e-01
1.000000e-07,100.000000,2.000000e+00,5.000000e-08,1.40085021e+00,7.00425106e-08,4.75040355e-01,5.24959645e-01
1.000000e-07,100.000000,2.000000e+00,5.000000e-08,1.40135034e+00,7.00675169e-08,4.74782680e-01,5.25217320e-01
1.000000e-07,100.000000,2.000000e+00,5.000000e-08,1.40185046e+00,7.00925231e-08,4.74524708e-01,5.25475292e-01
1.000000e-07,100.000000,2.000000e+00,5.000000e-08,1.40235059e+00,7.01175294e-08,4.74266439e-01,5.25733561e-01
1.000000e-07,100.000000,2.000000e+00,5.000000e-08,1.40285071e+00,7.01425356e-08,4.74007872e-01,5.25992128e-01
1.000000e-07,100.000000,2.000000e+00,5.000000e-08,1.40335084e+00,7.01675419e-08,4.73749009e-01,5.26250991e-01
1.000000e-07,100.000000,2.000000e+00,5.000000e-08,1.40385096e+00,7.01925481e-08,4.73489849e-01,5.26510151e-01
1.000000e-07,100.000000,2.000000e+00,5.000000e-08,1.40435109e+00,7.02175544e-08,4.73230391e-01,5.26769609e-01
1.000000e-07,100.000000,2.000000e+00,5.000000e-08,1.40485121e+00,7.02425606e-08,4.72970637e-01,5.27029363e-01
1.000000e-07,100.000000,2.000000e+00,5.000000e-08,1.40535134e+00,7.02675669e-08,4.72710587e-01,5.27289413e-01
1.000000e-07,100.000000,2.000000e+00,5.000000e-08,1.40585146e+00,7.02925731e-08,4.72450240e-01,5.27549760e-01
1.000000e-07,100.000000,2.000000e+00,5.000000e-08,1.40635159e+00,7.03175794e-08,4.72189596e-01,5.27810404e-01
1.000000e-07,100.000000,2.000000e+00,5.000000e-08,1.40685171e+00,7.03425856e-08,4.71928656e-01,5.28071344e-01
1.000000e-07,100.000000,2.000000e+00,5.000000e-08,1.40735184e+00,7.03675919e-08,4.71667420e-01,5.28332580e-01
1.000000e-07,100.000000,2.000000e+00,5.000000e-08,1.40785196e+00,7.03925981e-08,4.71405888e-01,5.28594112e-01
1.000000e-07,100.000000,2.000000e+00,5.000000e-08,1.40835209e+00,7.04176044e-08,4.71144060e-01,5.28855940e-01
1.000000e-07,100.000000,2.000000e+00,5.000000e-08,1.40885221e+00,7.04426107e-08,4.70881936e-01,5.29118064e-01
1.000000e-07,100.000000,2.000000e+00,5.000000e-08,1.40935234e+00,7.04676169e-08,4.70619516e-01,5.29380484e-01
1.000000e-07,100.000000,2.000000e+00,5.000000e-08,1.40985246e+00,7.04926232e-08,4.70356800e-01,5.29643200e-01
1.000000e-07,100.000000,2.000000e+00,5.000000e-08,1.41035259e+00,7.05176294e-08,4.70093789e-01,5.29906211e-01
1.000000e-07,100.000000,2.000000e+00,5.000000e-08,1.41085271e+00,7.05426357e-08,4.69830482e-01,5.30169518e-01
1.000000e-07,100.000000,2.000000e+00,5.000000e-08,1.41135284e+00,7.05676419e-08,4.69566880e-01,5.30433120e-01
1.000000e-07,100.000000,2.000000e+00,5.000000e-08,1.41185296e+00,7.05926482e-08,4.69302983e-01,5.30697017e-01
1.000000e-07,100.000000,2.000000e+00,5.000000e-08,1.41235309e+00,7.06176544e-08,4.69038791e-01,5.30961209e-01
1.000000e-07,100.000000,2.000000e+00,5.000000e-08,1.41285321e+00,7.06426607e-08,4.68774303e-01,5.31225697e-01
1.000000e-07,100.000000,2.000000e+00,5.000000e-08,1.41335334e+00,7.06676669e-08,4.68509521e-01,5.31490479e-01
1.000000e-07,100.000000,2.000000e+00,5.000000e-08,1.41385346e+00,7.06926732e-08,4.68244443e-01,5.31755557e-01
1.000000e-07,100.000000,2.000000e+00,5.000000e-08,1.41435359e+00,7.07176794e-08,4.67979071e-01,5.32020929e-01
1.000000e-07,100.000000,2.000000e+00,5.000000e-08,1.41485371e+00,7.07426857e-08,4.67713404e-01,5.32286596e-01
1.000000e-07,100.000000,2.000000e+00,5.000000e-08,1.41535384e+00,7.07676919e-08,4.67447443e-01,5.32552557e-01
1.000000e-07,100.000000,2.000000e+00,5.000000e-08,1.41585396e+00,7.07926982e-08,4.67181187e-01,5.32818813e-01
1.000000e-07,100.000000,2.000000e+00,5.000000e-08,1.41635409e+00,7.08177044e-08,4.66914637e-01,5.33085363e-01
1.000000e-07,100.000000,2.000000e+00,5.000000e-08,1.41685421e+00,7.08427107e-08,4.66647793e-01,5.33352207e-01
1.000000e-07,100.000000,2.000000e+00,5.000000e-08,1.41735434e+00,7.08677169e-08,4.66380655e-01,5.33619345e-01
1.000000e-07,100.000000,2.000000e+00,5.000000e-08,1.41785446e+00,7.08927232e-08,4.66113222e-01,5.33886778e-01
1.000000e-07,100.000000,2.000000e+00,5.000000e-08,1.41835459e+00,7.09177294e-08,4.65845496e-01,5.34154504e-01
1.000000e-07,100.000000,2.000000e+00,5.000000e-08,1.41885471e+00,7.09427357e-08,4.65577476e-01,5.34422524e-01
1.000000e-07,100.000000,2.000000e+00,5.000000e-08,1.41935484e+00,7.09677419e-08,4.65309162e-01,5.34690838e-01
1.000000e-07,100.000000,2.000000e+00,5.000000e-08,1.41985496e+00,7.09927482e-08,4.65040555e-01,5.34959445e-01
1.000000e-07,100.000000,2.000000e+00,5.000000e-08,1.42035509e+00,7.10177544e-08,4.64771654e-01,5.35228346e-01
1.000000e-07,100.000000,2.000000e+00,5.000000e-08,1.42085521e+00,7.10427607e-08,4.64502460e-01,5.35497540e-01
1.000000e-07,100.000000,2.000000e+00,5.000000e-08,1.42135534e+00,7.10677669e-08,4.64232973e-01,5.35767027e-01
1.000000e-07,100.000000,2.000000e+00,5.000000e-08,1.42185546e+00,7.10927732e-08,4.63963192e-01,5.36036808e-01
1.000000e-07,100.000000,2.000000e+00,5.000000e-08,1.42235559e+00,7.11177794e-08,4.63693119e-01,5.36306881e-01
1.000000e-07,100.000000,2.000000e+00,5.000000e-08,1.42285571e+00,7.11427857e-08,4.63422752e-01,5.36577248e-01
1.000000e-07,100.000000,2.000000e+00,5.000000e-08,1.42335584e+00,7.11677919e-08,4.63152093e-01,5.36847907e-01
1.000000e-07,100.000000,2.000000e+00,5.000000e-08,1.42385596e+00,7.11927982e-08,4.62881141e-01,5.37118859e-01
1.000000e-07,100.000000,2.000000e+00,5.000000e-08,1.42435609e+00,7.12178045e-08,4.62609897e-01,5.37390103e-01
1.000000e-07,100.000000,2.000000e+00,5.000000e-08,1.42485621e+00,7.12428107e-08,4.62338360e-01,5.37661640e-01
1.000000e-07,100.000000,2.000000e+00,5.000000e-08,1.42535634e+00,7.12678170e-08,4.62066530e-01,5.37933470e-01
1.000000e-07,100.000000,2.000000e+00,5.000000e-08,1.42585646e+00,7.12928232e-08,4.61794409e-01,5.38205591e-01
1.000000e-07,100.000000,2.000000e+00,5.000000e-08,1.42635659e+00,7.13178295e-08,4.61521995e-01,5.38478005e-01
1.000000e-07,100.000000,2.000000e+00,5.000000e-08,1.42685671e+00,7.13428357e-08,4.61249289e-01,5.38750711e-01
1.000000e-07,100.000000,2.000000e+00,5.000000e-08,1.42735684e+00,7.13678420e-08,4.60976292e-01,5.39023708e-01
1.000000e-07,100.000000,2.000000e+00,5.000000e-08,1.42785696e+00,7.13928482e-08,4.60703002e-01,5.39296998e-01
1.000000e-07,100.000000,2.000000e+00,5.000000e-08,1.42835709e+00,7.14178545e-08,4.60429421e-01,5.39570579e-01
1.000000e-07,100.000000,2.000000e+00,5.000000e-08,1.42885721e+00,7.14428607e-08,4.60155548e-01,5.39844452e-01
1.000000e-07,100.000000,2.000000e+00,5.000000e-08,1.42935734e+00,7.14678670e-08,4.59881384e-01,5.40118616e-01
1.000000e-07,100.000000,2.000000e+00,5.000000e-08,1.42985746e+00,7.14928732e-08,4.59606928e-01,5.40393072e-01
1.000000e-07,100.000000,2.000000e+00,5.000000e-08,1.43035759e+00,7.15178795e-08,4.59332181e-01,5.40667819e-01
1.000000e-07,100.000000,2.000000e+00,5.000000e-08,1.43085771e+00,7.15428857e-08,4.59057143e-01,5.40942857e-01
1.000000e-07,100.000000,2.000000e+00,5.000000e-08,1.43135784e+00,7.15678920e-08,4.58781814e-01,5.41218186e-01
1.000000e-07,100.000000,2.000000e+00,5.000000e-08,1.43185796e+00,7.15928982e-08,4.58506194e-01,5.41493806e-01
1.000000e-07,100.000000,2.000000e+00,5.000000e-08,1.43235809e+00,7.16179045e-08,4.58230283e-01,5.41769717e-01
1.000000e-07,100.000000,2.000000e+00,5.000000e-08,1.43285821e+00,7.16429107e-08,4.57954081e-01,5.42045919e-01
1.000000e-07,100.000000,2.000000e+00,5.000000e-08,1.43335834e+00,7.16679170e-08,4.57677589e-01,5.42322411e-01
1.000000e-07,100.000000,2.000000e+00,5.000000e-08,1.43385846e+00,7.16929232e-08,4.57400807e-01,5.42599193e-01
1.000000e-07,100.000000,2.000000e+00,5.000000e-08,1.43435859e+00,7.17179295e-08,4.57123734e-01,5.42876266e-01
1.000000e-07,100.000000,2.000000e+00,5.000000e-08,1.43485871e+00,7.17429357e-08,4.56846371e-01,5.43153629e-01
1.000000e-07,100.000000,2.000000e+00,5.000000e-08,1.43535884e+00,7.17679420e-08,4.56568717e-01,5.43431283e-01
1.000000e-07,100.000000,2.000000e+00,5.000000e-08,1.43585896e+00,7.17929482e-08,4.56290774e-01,5.43709226e-01
1.000000e-07,100.000000,2.000000e+00,5.000000e-08,1.43635909e+00,7.18179545e-08,4.56012541e-01,5.43987459e-01
1.000000e-07,100.000000,2.000000e+00,5.000000e-08,1.43685921e+00,7.18429607e-08,4.55734018e-01,5.44265982e-01
1.000000e-07,100.000000,2.000000e+00,5.000000e-08,1.43735934e+00,7.18679670e-08,4.55455205e-01,5.44544795e-01
1.000000e-07,100.000000,2.000000e+00,5.000000e-08,1.43785946e+00,7.18929732e-08,4.55176103e-01,5.44823897e-01
1.000000e-07,100.000000,2.000000e+00,5.000000e-08,1.43835959e+00,7.19179795e-08,4.54896712e-01,5.45103288e-01
1.000000e-07,100.000000,2.000000e+00,5.000000e-08,1.43885971e+00,7.19429857e-08,4.54617031e-01,5.45382969e-01
1.000000e-07,100.000000,2.000000e+00,5.000000e-08,1.43935984e+00,7.19679920e-08,4.54337061e-01,5.45662939e-01
1.000000e-07,100.000000,2.000000e+00,5.000000e-08,1.43985996e+00,7.19929982e-08,4.54056802e-01,5.45943198e-01
1.000000e-07,100.000000,2.000000e+00,5.000000e-08,1.44036009e+00,7.20180045e-08,4.53776253e-01,5.46223747e-01
1.000000e-07,100.000000,2.000000e+00,5.000000e-08,1.44086022e+00,7.20430108e-08,4.53495416e-01,5.46504584e-01
1.000000e-07,100.000000,2.000000e+00,5.000000e-08,1.44136034e+00,7.20680170e-08,4.53214291e-01,5.46785709e-01
1.000000e-07,100.000000,2.000000e+00,5.000000e-08,1.44186047e+00,7.20930233e-08,4.52932876e-01,5.47067124e-01
1.000000e-07,100.000000,2.000000e+00,5.000000e-08,1.44236059e+00,7.21180295e-08,4.52651174e-01,5.47348826e-01
1.000000e-07,100.000000,2.000000e+00,5.000000e-08,1.44286072e+00,7.21430358e-08,4.52369182e-01,5.47630818e-01
1.000000e-07,100.000000,2.000000e+00,5.000000e-08,1.44336084e+00,7.21680420e-08,4.52086903e-01,5.47913097e-01
1.000000e-07,100.000000,2.000000e+00,5.000000e-08,1.44386097e+00,7.21930483e-08,4.51804335e-01,5.48195665e-01
1.000000e-07,100.000000,2.000000e+00,5.000000e-08,1.44436109e+00,7.22180545e-08,4.51521480e-01,5.48478520e-01
1.000000e-07,100.000000,2.000000e+00,5.000000e-08,1.44486122e+00,7.22430608e-08,4.51238336e-01,5.48761664e-01
1.000000e-07,100.000000,2.000000e+00,5.000000e-08,1.44536134e+00,7.22680670e-08,4.50954905e-01,5.49045095e-01
1.000000e-07,100.000000,2.000000e+00,5.000000e-08,1.44586147e+00,7.22930733e-08,4.50671185e-01,5.49328815e-01
1.000000e-07,100.000000,2.000000e+00,5.000000e-08,1.44636159e+00,7.23180795e-08,4.50387179e-01,5.49612821e-01
1.000000e-07,100.000000,2.000000e+00,5.000000e-08,1.44686172e+00,7.23430858e-08,4.50102885e-01,5.49897115e-01
1.000000e-07,100.000000,2.000000e+00,5.000000e-08,1.44736184e+00,7.23680920e-08,4.49818303e-01,5.50181697e-01
1.000000e-07,100.000000,2.000000e+00,5.000000e-08,1.44786197e+00,7.23930983e-08,4.49533435e-01,5.50466565e-01
1.000000e-07,100.000000,2.000000e+00,5.000000e-08,1.44836209e+00,7.24181045e-08,4.49248279e-01,5.50751721e-01
1.000000e-07,100.000000,2.000000e+00,5.000000e-08,1.44886222e+00,7.24431108e-08,4.48962837e-01,5.51037163e-01
1.000000e-07,100.000000,2.000000e+00,5.000000e-08,1.44936234e+00,7.24681170e-08,4.48677107e-01,5.51322893e-01
1.000000e-07,100.000000,2.000000e+00,5.000000e-08,1.44986247e+00,7.24931233e-08,4.48391091e-01,5.51608909e-01
1.000000e-07,100.000000,2.000000e+00,5.000000e-08,1.45036259e+00,7.25181295e-08,4.48104788e-01,5.51895212e-01
1.000000e-07,100.000000,2.000000e+00,5.000000e-08,1.45086272e+00,7.25431358e-08,4.47818199e-01,5.52181801e-01
1.000000e-07,100.000000,2.000000e+00,5.000000e-08,1.45136284e+00,7.25681420e-08,4.47531323e-01,5.52468677e-01
1.000000e-07,100.000000,2.000000e+00,5.000000e-08,1.45186297e+00,7.25931483e-08,4.47244162e-01,5.52755838e-01
1.000000e-07,100.000000,2.000000e+00,5.000000e-08,1.45236309e+00,7.26181545e-08,4.46956714e-01,5.53043286e-01
1.000000e-07,100.000000,2.000000e+00,5.000000e-08,1.45286322e+00,7.26431608e-08,4.46668980e-01,5.53331020e-01
1.000000e-07,100.000000,2.000000e+00,5.000000e-08,1.45336334e+00,7.26681670e-08,4.46380960e-01,5.53619040e-01
1.000000e-07,100.000000,2.000000e+00,5.000000e-08,1.45386347e+00,7.26931733e-08,4.46092654e-01,5.53907346e-01
1.000000e-07,100.000000,2.000000e+00,5.000000e-08,1.45436359e+00,7.27181795e-08,4.45804063e-01,5.54195937e-01
1.000000e-07,100.000000,2.000000e+00,5.000000e-08,1.45486372e+00,7.27431858e-08,4.45515186e-01,5.54484814e-01
1.000000e-07,100.000000,2.000000e+00,5.000000e-08,1.45536384e+00,7.27681920e-08,4.45226024e-01,5.54773976e-01
1.000000e-07,100.000000,2.000000e+00,5.000000e-08,1.45586397e+00,7.27931983e-08,4.44936577e-01,5.55063423e-01
1.000000e-07,100.000000,2.000000e+00,5.000000e-08,1.45636409e+00,7.28182046e-08,4.44646845e-01,5.55353155e-01
1.000000e-07,100.000000,2.000000e+00,5.000000e-08,1.45686422e+00,7.28432108e-08,4.44356827e-01,5.55643173e-01
1.000000e-07,100.000000,2.000000e+00,5.000000e-08,1.45736434e+00,7.28682171e-08,4.44066525e-01,5.55933475e-01
1.000000e-07,100.000000,2.000000e+00,5.000000e-08,1.45786447e+00,7.28932233e-08,4.43775937e-01,5.56224063e-01
1.000000e-07,100.000000,2.000000e+00,5.000000e-08,1.45836459e+00,7.29182296e-08,4.43485066e-01,5.56514934e-01
1.000000e-07,100.000000,2.000000e+00,5.000000e-08,1.45886472e+00,7.29432358e-08,4.43193909e-01,5.56806091e-01
1.000000e-07,100.000000,2.000000e+00,5.000000e-08,1.45936484e+00,7.29682421e-08,4.42902469e-01,5.57097531e-01
1.000000e-07,100.000000,2.000000e+00,5.000000e-08,1.45986497e+00,7.29932483e-08,4.42610744e-01,5.57389256e-01
1.000000e-07,100.000000,2.000000e+00,5.000000e-08,1.46036509e+00,7.30182546e-08,4.42318734e-01,5.57681266e-01
1.000000e-07,100.000000,2.000000e+00,5.000000e-08,1.46086522e+00,7.30432608e-08,4.42026441e-01,5.57973559e-01
1.000000e-07,100.000000,2.000000e+00,5.000000e-08,1.46136534e+00,7.30682671e-08,4.41733864e-01,5.58266136e-01
1.000000e-07,100.000000,2.000000e+00,5.000000e-08,1.46186547e+00,7.30932733e-08,4.41441003e-01,5.58558997e-01
1.000000e-07,100.000000,2.000000e+00,5.000000e-08,1.46236559e+00,7.31182796e-08,4.41147859e-01,5.58852141e-01
1.000000e-07,100.000000,2.000000e+00,5.000000e-08,1.46286572e+00,7.31432858e-08,4.40854431e-01,5.59145569e-01
1.000000e-07,100.000000,2.000000e+00,5.000000e-08,1.46336584e+00,7.31682921e-08,4.40560719e-01,5.59439281e-01
1.000000e-07,100.000000,2.000000e+00,5.000000e-08,1.46386597e+00,7.31932983e-08,4.40266725e-01,5.59733275e-01
1.000000e-07,100.000000,2.000000e+00,5.000000e-08,1.46436609e+00,7.32183046e-08,4.39972447e-01,5.60027553e-01
1.000000e-07,100.000000,2.000000e+00,5.000000e-08,1.46486622e+00,7.32433108e-08,4.39677886e-01,5.60322114e-01
1.000000e-07,100.000000,2.000000e+00,5.000000e-08,1.46536634e+00,7.32683171e-08,4.39383042e-01,5.60616958e-01
1.000000e-07,100.000000,2.000000e+00,5.000000e-08,1.46586647e+00,7.32933233e-08,4.39087916e-01,5.60912084e-01
1.000000e-07,100.000000,2.000000e+00,5.000000e-08,1.46636659e+00,7.33183296e-08,4.38792507e-01,5.61207493e-01
1.000000e-07,100.000000,2.000000e+00,5.000000e-08,1.46686672e+00,7.33433358e-08,4.38496815e-01,5.61503185e-01
1.000000e-07,100.000000,2.000000e+00,5.000000e-08,1.46736684e+00,7.33683421e-08,4.38200841e-01,5.61799159e-01
1.000000e-07,100.000000,2.000000e+00,5.000000e-08,1.46786697e+00,7.33933483e-08,4.37904585e-01,5.62095415e-01
1.000000e-07,100.000000,2.000000e+00,5.000000e-08,1.46836709e+00,7.34183546e-08,4.37608046e-01,5.62391954e-01
1.000000e-07,100.000000,2.000000e+00,5.000000e-08,1.46886722e+00,7.34433608e-08,4.37311226e-01,5.62688774e-01
1.000000e-07,100.000000,2.000000e+00,5.000000e-08,1.46936734e+00,7.34683671e-08,4.37014124e-01,5.62985876e-01
1.000000e-07,100.000000,2.000000e+00,5.000000e-08,1.46986747e+00,7.34933733e-08,4.36716740e-01,5.63283260e-01
1.000000e-07,100.000000,2.000000e+00,5.000000e-08,1.47036759e+00,7.35183796e-08,4.36419074e-01,5.63580926e-01
1.000000e-07,100.000000,2.000000e+00,5.000000e-08,1.47086772e+00,7.35433858e-08,4.36121127e-01,5.63878873e-01
1.000000e-07,100.000000,2.000000e+00,5.000000e-08,1.47136784e+00,7.35683921e-08,4.35822898e-01,5.64177102e-01
1.000000e-07,100.000000,2.000000e+00,5.000000e-08,1.47186797e+00,7.35933983e-08,4.35524388e-01,5.64475612e-01
1.000000e-07,100.000000,2.000000e+00,5.000000e-08,1.47236809e+00,7.36184046e-08,4.35225598e-01,5.64774402e-01
1.000000e-07,100.000000,2.000000e+00,5.000000e-08,1.47286822e+00,7.36434109e-08,4.34926526e-01,5.65073474e-01
1.000000e-07,100.000000,2.000000e+00,5.000000e-08,1.47336834e+00,7.36684171e-08,4.34627173e-01,5.65372827e-01
1.000000e-07,100.000000,2.000000e+00,5.000000e-08,1.47386847e+00,7.36934234e-08,4.34327540e-01,5.65672460e-01
1.000000e-07,100.000000,2.000000e+00,5.000000e-08,1.47436859e+00,7.37184296e-08,4.34027626e-01,5.65972374e-01
1.000000e-07,100.000000,2.000000e+00,5.000000e-08,1.47486872e+00,7.37434359e-08,4.33727432e-01,5.66272568e-01
1.000000e-07,100.000000,2.000000e+00,5.000000e-08,1.47536884e+00,7.37684421e-08,4.33426957e-01,5.66573043e-01
1.000000e-07,100.000000,2.000000e+00,5.000000e-08,1.47586897e+00,7.37934484e-08,4.33126202e-01,5.66873798e-01
1.000000e-07,100.000000,2.000000e+00,5.000000e-08,1.47636909e+00,7.38184546e-08,4.32825167e-01,5.67174833e-01
1.000000e-07,100.000000,2.000000e+00,5.000000e-08,1.47686922e+00,7.38434609e-08,4.32523852e-01,5.67476148e-01
1.000000e-07,100.000000,2.000000e+00,5.000000e-08,1.47736934e+00,7.38684671e-08,4.32222258e-01,5.67777742e-01
1.000000e-07,100.000000,2.000000e+00,5.000000e-08,1.47786947e+00,7.38934734e-08,4.31920383e-01,5.68079617e-01
1.000000e-07,100.000000,2.000000e+00,5.000000e-08,1.47836959e+00,7.39184796e-08,4.31618230e-01,5.68381770e-01
1.000000e-07,100.000000,2.000000e+00,5.000000e-08,1.47886972e+00,7.39434859e-08,4.31315796e-01,5.68684204e-01
1.000000e-07,100.000000,2.000000e+00,5.000000e-08,1.47936984e+00,7.39684921e-08,4.31013084e-01,5.68986916e-01
1.000000e-07,100.000000,2.000000e+00,5.000000e-08,1.47986997e+00,7.39934984e-08,4.30710092e-01,5.69289908e-01
1.000000e-07,100.000000,2.000000e+00,5.000000e-08,1.48037009e+00,7.40185046e-08,4.30406822e-01,5.69593178e-01
1.000000e-07,100.000000,2.000000e+00,5.000000e-08,1.48087022e+00,7.40435109e-08,4.30103272e-01,5.69896728e-01
1.000000e-07,100.000000,2.000000e+00,5.000000e-08,1.48137034e+00,7.40685171e-08,4.29799444e-01,5.70200556e-01
1.000000e-07,100.000000,2.000000e+00,5.000000e-08,1.48187047e+00,7.40935234e-08,4.29495337e-01,5.70504663e-01
1.000000e-07,100.000000,2.000000e+00,5.000000e-08,1.48237059e+00,7.41185296e-08,4.29190952e-01,5.70809048e-01
1.000000e-07,100.000000,2.000000e+00,5.000000e-08,1.48287072e+00,7.41435359e-08,4.28886288e-01,5.71113712e-01
1.000000e-07,100.000000,2.000000e+00,5.000000e-08,1.48337084e+00,7.41685421e-08,4.28581347e-01,5.71418653e-01
1.000000e-07,100.000000,2.000000e+00,5.000000e-08,1.48387097e+00,7.41935484e-08,4.28276127e-01,5.71723873e-01
1.000000e-07,100.000000,2.000000e+00,5.000000e-08,1.48437109e+00,7.42185546e-08,4.27970629e-01,5.72029371e-01
1.000000e-07,100.000000,2.000000e+00,5.000000e-08,1.48487122e+00,7.42435609e-08,4.27664853e-01,5.72335147e-01
1.000000e-07,100.000000,2.000000e+00,5.000000e-08,1.48537134e+00,7.42685671e-08,4.27358800e-01,5.72641200e-01
1.000000e-07,100.000000,2.000000e+00,5.000000e-08,1.48587147e+00,7.42935734e-08,4.27052470e-01,5.72947530e-01
1.000000e-07,100.000000,2.000000e+00,5.000000e-08,1.48637159e+00,7.43185796e-08,4.26745861e-01,5.73254139e-01
1.000000e-07,100.000000,2.000000e+00,5.000000e-08,1.48687172e+00,7.43435859e-08,4.26438976e-01,5.73561024e-01
1.000000e-07,100.000000,2.000000e+00,5.000000e-08,1.48737184e+00,7.43685921e-08,4.26131814e-01,5.73868186e-01
1.000000e-07,100.000000,2.000000e+00,5.000000e-08,1.48787197e+00,7.43935984e-08,4.25824374e-01,5.74175626e-01
1.000000e-07,100.000000,2.000000e+00,5.000000e-08,1.48837209e+00,7.44186047e-08,4.25516658e-01,5.74483342e-01
1.000000e-07,100.000000,2.000000e+00,5.000000e-08,1.48887222e+00,7.44436109e-08,4.25208665e-01,5.74791335e-01
1.000000e-07,100.000000,2.000000e+00,5.000000e-08,1.48937234e+00,7.44686172e-08,4.24900395e-01,5.75099605e-01
1.000000e-07,100.000000,2.000000e+00,5.000000e-08,1.48987247e+00,7.44936234e-08,4.24591849e-01,5.75408151e-01
1.000000e-07,100.000000,2.000000e+00,5.000000e-08,1.49037259e+00,7.45186297e-08,4.24283027e-01,5.75716973e-01
1.000000e-07,100.000000,2.000000e+00,5.000000e-08,1.49087272e+00,7.45436359e-08,4.23973929e-01,5.76026071e-01
1.000000e-07,100.000000,2.000000e+00,5.000000e-08,1.49137284e+00,7.45686422e-08,4.23664554e-01,5.76335446e-01
1.000000e-07,100.000000,2.000000e+00,5.000000e-08,1.49187297e+00,7.45936484e-08,4.23354904e-01,5.76645096e-01
1.000000e-07,100.000000,2.000000e+00,5.000000e-08,1.49237309e+00,7.46186547e-08,4.23044978e-01,5.76955022e-01
1.000000e-07,100.000000,2.000000e+00,5.000000e-08,1.49287322e+00,7.46436609e-08,4.22734776e-01,5.77265224e-01
1.000000e-07,100.000000,2.000000e+00,5.000000e-08,1.49337334e+00,7.46686672e-08,4.22424299e-01,5.77575701e-01
1.000000e-07,100.000000,2.000000e+00,5.000000e-08,1.49387347e+00,7.46936734e-08,4.22113546e-01,5.77886454e-01
1.000000e-07,100.000000,2.000000e+00,5.000000e-08,1.49437359e+00,7.47186797e-08,4.21802519e-01,5.78197481e-01
1.000000e-07,100.000000,2.000000e+00,5.000000e-08,1.49487372e+00,7.47436859e-08,4.21491216e-01,5.78508784e-01
1.000000e-07,100.000000,2.000000e+00,5.000000e-08,1.49537384e+00,7.47686922e-08,4.21179638e-01,5.78820362e-01
1.000000e-07,100.000000,2.000000e+00,5.000000e-08,1.49587397e+00,7.47936984e-08,4.20867786e-01,5.79132214e-01
1.000000e-07,100.000000,2.000000e+00,5.000000e-08,1.49637409e+00,7.48187047e-08,4.20555659e-01,5.79444341e-01
1.000000e-07,100.000000,2.000000e+00,5.000000e-08,1.49687422e+00,7.48437109e-08,4.20243257e-01,5.79756743e-01
1.000000e-07,100.000000,2.000000e+00,5.000000e-08,1.49737434e+00,7.48687172e-08,4.19930582e-01,5.80069418e-01
1.000000e-07,100.000000,2.000000e+00,5.000000e-08,1.49787447e+00,7.48937234e-08,4.19617632e-01,5.80382368e-01
1.000000e-07,100.000000,2.000000e+00,5.000000e-08,1.49837459e+00,7.49187297e-08,4.19304407e-01,5.80695593e-01
1.000000e-07,100.000000,2.000000e+00,5.000000e-08,1.49887472e+00,7.49437359e-08,4.18990909e-01,5.81009091e-01
1.000000e-07,100.000000,2.000000e+00,5.000000e-08,1.49937484e+00,7.49687422e-08,4.18677137e-01,5.81322863e-01
1.000000e-07,100.000000,2.000000e+00,5.000000e-08,1.49987497e+00,7.49937484e-08,4.18363092e-01,5.81636908e-01
1.000000e-07,100.000000,2.000000e+00,5.000000e-08,1.50037509e+00,7.50187547e-08,4.18048773e-01,5.81951227e-01
1.000000e-07,100.000000,2.000000e+00,5.000000e-08,1.50087522e+00,7.50437609e-08,4.17734181e-01,5.82265819e-01
1.000000e-07,100.000000,2.000000e+00,5.000000e-08,1.50137534e+00,7.50687672e-08,4.17419315e-01,5.82580685e-01
1.000000e-07,100.000000,2.000000e+00,5.000000e-08,1.50187547e+00,7.50937734e-08,4.17104176e-01,5.82895824e-01
1.000000e-07,100.000000,2.000000e+00,5.000000e-08,1.50237559e+00,7.51187797e-08,4.16788765e-01,5.83211235e-01
1.000000e-07,100.000000,2.000000e+00,5.000000e-08,1.50287572e+00,7.51437859e-08,4.16473080e-01,5.83526920e-01
1.000000e-07,100.000000,2.000000e+00,5.000000e-08,1.50337584e+00,7.51687922e-08,4.16157123e-01,5.83842877e-01
1.000000e-07,100.000000,2.000000e+00,5.000000e-08,1.50387597e+00,7.51937984e-08,4.15840894e-01,5.84159106e-01
1.000000e-07,100.000000,2.000000e+00,5.000000e-08,1.50437609e+00,7.52188047e-08,4.15524392e-01,5.84475608e-01
1.000000e-07,100.000000,2.000000e+00,5.000000e-08,1.50487622e+00,7.52438110e-08,4.15207618e-01,5.84792382e-01
1.000000e-07,100.000000,2.000000e+00,5.000000e-08,1.50537634e+00,7.52688172e-08,4.14890572e-01,5.85109428e-01
1.000000e-07,100.000000,2.000000e+00,5.000000e-08,1.50587647e+00,7.52938235e-08,4.14573254e-01,5.85426746e-01
1.000000e-07,100.000000,2.000000e+00,5.000000e-08,1.50637659e+00,7.53188297e-08,4.14255664e-01,5.85744336e-01
1.000000e-07,100.000000,2.000000e+00,5.000000e-08,1.50687672e+00,7.53438360e-08,4.13937802e-01,5.86062198e-01
1.000000e-07,100.000000,2.000000e+00,5.000000e-08,1.50737684e+00,7.53688422e-08,4.13619669e-01,5.86380331e-01
1.000000e-07,100.000000,2.000000e+00,5.000000e-08,1.50787697e+00,7.53938485e-08,4.13301265e-01,5.86698735e-01
1.000000e-07,100.000000,2.000000e+00,5.000000e-08,1.50837709e+00,7.54188547e-08,4.12982589e-01,5.87017411e-01
1.000000e-07,100.000000,2.000000e+00,5.000000e-08,1.50887722e+00,7.54438610e-08,4.12663642e-01,5.87336358e-01
1.000000e-07,100.000000,2.000000e+00,5.000000e-08,1.50937734e+00,7.54688672e-08,4.12344425e-01,5.87655575e-01
1.000000e-07,100.000000,2.000000e+00,5.000000e-08,1.50987747e+00,7.54938735e-08,4.12024936e-01,5.87975064e-01
1.000000e-07,100.000000,2.000000e+00,5.000000e-08,1.51037759e+00,7.55188797e-08,4.11705177e-01,5.88294823e-01
1.000000e-07,100.000000,2.000000e+00,5.000000e-08,1.51087772e+00,7.55438860e-08,4.11385148e-01,5.88614852e-01
1.000000e-07,100.000000,2.000000e+00,5.000000e-08,1.51137784e+00,7.55688922e-08,4.11064848e-01,5.88935152e-01
1.000000e-07,100.000000,2.000000e+00,5.000000e-08,1.51187797e+00,7.55938985e-08,4.10744278e-01,5.89255722e-01
1.000000e-07,100.000000,2.000000e+00,5.000000e-08,1.51237809e+00,7.56189047e-08,4.10423438e-01,5.89576562e-01
1.000000e-07,100.000000,2.000000e+00,5.000000e-08,1.51287822e+00,7.56439110e-08,4.10102328e-01,5.89897672e-01
1.000000e-07,100.000000,2.000000e+00,5.000000e-08,1.51337834e+00,7.56689172e-08,4.09780948e-01,5.90219052e-01
1.000000e-07,100.000000,2.000000e+00,5.000000e-08,1.51387847e+00,7.56939235e-08,4.09459299e-01,5.90540701e-01
1.000000e-07,100.000000,2.000000e+00,5.000000e-08,1.51437859e+00,7.57189297e-08,4.09137380e-01,5.90862620e-01
1.000000e-07,100.000000,2.000000e+00,5.000000e-08,1.51487872e+00,7.57439360e-08,4.08815192e-01,5.91184808e-01
1.000000e-07,100.000000,2.000000e+00,5.000000e-08,1.51537884e+00,7.57689422e-08,4.08492735e-01,5.91507265e-01
1.000000e-07,100.000000,2.000000e+00,5.000000e-08,1.51587897e+00,7.57939485e-08,4.08170009e-01,5.91829991e-01
1.000000e-07,100.000000,2.000000e+00,5.000000e-08,1.51637909e+00,7.58189547e-08,4.07847014e-01,5.92152986e-01
1.000000e-07,100.000000,2.000000e+00,5.000000e-08,1.51687922e+00,7.58439610e-08,4.07523750e-01,5.92476250e-01
1.000000e-07,100.000000,2.000000e+00,5.000000e-08,1.51737934e+00,7.58689672e-08,4.07200218e-01,5.92799782e-01
1.000000e-07,100.000000,2.000000e+00,5.000000e-08,1.51787947e+00,7.58939735e-08,4.06876417e-01,5.93123583e-01
1.000000e-07,100.000000,2.000000e+00,5.000000e-08,1.51837959e+00,7.59189797e-08,4.06552348e-01,5.93447652e-01
1.000000e-07,100.000000,2.000000e+00,5.000000e-08,1.51887972e+00,7.59439860e-08,4.06228011e-01,5.93771989e-01
1.000000e-07,100.000000,2.000000e+00,5.000000e-08,1.51937984e+00,7.59689922e-08,4.05903406e-01,5.94096594e-01
1.000000e-07,100.000000,2.000000e+00,5.000000e-08,1.51987997e+00,7.59939985e-08,4.05578533e-01,5.94421467e-01
1.000000e-07,100.000000,2.000000e+00,5.000000e-08,1.52038010e+00,7.60190048e-08,4.05253393e-01,5.94746607e-01
1.000000e-07,100.000000,2.000000e+00,5.000000e-08,1.52088022e+00,7.60440110e-08,4.04927984e-01,5.95072016e-01
1.000000e-07,100.000000,2.000000e+00,5.000000e-08,1.52138035e+00,7.60690173e-08,4.04602309e-01,5.95397691e-01
1.000000e-07,100.000000,2.000000e+00,5.000000e-08,1.52188047e+00,7.60940235e-08,4.04276366e-01,5.95723634e-01
1.000000e-07,100.000000,2.000000e+00,5.000000e-08,1.52238060e+00,7.61190298e-08,4.03950157e-01,5.96049843e-01
1.000000e-07,100.000000,2.000000e+00,5.000000e-08,1.52288072e+00,7.61440360e-08,4.03623680e-01,5.96376320e-01
1.000000e-07,100.000000,2.000000e+00,5.000000e-08,1.52338085e+00,7.61690423e-08,4.03296937e-01,5.96703063e-01
1.000000e-07,100.000000,2.000000e+00,5.000000e-08,1.52388097e+00,7.61940485e-08,4.02969927e-01,5.97030073e-01
1.000000e-07,100.000000,2.000000e+00,5.000000e-08,1.52438110e+00,7.62190548e-08,4.02642650e-01,5.97357350e-01
1.000000e-07,100.000000,2.000000e+00,5.000000e-08,1.52488122e+00,7.62440610e-08,4.02315108e-01,5.97684892e-01
1.000000e-07,100.000000,2.000000e+00,5.000000e-08,1.52538135e+00,7.62690673e-08,4.01987299e-01,5.98012701e-01
1.000000e-07,100.000000,2.000000e+00,5.000000e-08,1.52588147e+00,7.62940735e-08,4.01659224e-01,5.98340776e-01
1.000000e-07,100.000000,2.000000e+00,5.000000e-08,1.52638160e+00,7.63190798e-08,4.01330883e-01,5.98669117e-01
1.000000e-07,100.000000,2.000000e+00,5.000000e-08,1.52688172e+00,7.63440860e-08,4.01002277e-01,5.98997723e-01
1.000000e-07,100.000000,2.000000e+00,5.000000e-08,1.52738185e+00,7.63690923e-08,4.00673405e-01,5.99326595e-01
1.000000e-07,100.000000,2.000000e+00,5.000000e-08,1.52788197e+00,7.63940985e-08,4.00344268e-01,5.99655732e-01
1.000000e-07,100.000000,2.000000e+00,5.000000e-08,1.52838210e+00,7.64191048e-08,4.00014865e-01,5.99985135e-01
1.000000e-07,100.000000,2.000000e+00,5.000000e-08,1.52888222e+00,7.64441110e-08,3.99685198e-01,6.00314802e-01
1.000000e-07,100.000000,2.000000e+00,5.000000e-08,1.52938235e+00,7.64691173e-08,3.99355265e-01,6.00644735e-01
1.000000e-07,100.000000,2.000000e+00,5.000000e-08,1.52988247e+00,7.64941235e-08,3.99025068e-01,6.00974932e-01
1.000000e-07,100.000000,2.000000e+00,5.000000e-08,1.53038260e+00,7.65191298e-08,3.98694606e-01,6.01305394e-01
1.000000e-07,100.000000,2.000000e+00,5.000000e-08,1.53088272e+00,7.65441360e-08,3.98363880e-01,6.01636120e-01
1.000000e-07,100.000000,2.000000e+00,5.000000e-08,1.53138285e+00,7.65691423e-08,3.98032889e-01,6.01967111e-01
1.000000e-07,100.000000,2.000000e+00,5.000000e-08,1.53188297e+00,7.65941485e-08,3.97701634e-01,6.02298366e-01
1.000000e-07,100.000000,2.000000e+00,5.000000e-08,1.53238310e+00,7.66191548e-08,3.97370116e-01,6.02629884e-01
1.000000e-07,100.000000,2.000000e+00,5.000000e-08,1.53288322e+00,7.66441610e-08,3.97038333e-01,6.02961667e-01
1.000000e-07,100.000000,2.000000e+00,5.000000e-08,1.53338335e+00,7.66691673e-08,3.96706287e-01,6.03293713e-01
1.000000e-07,100.000000,2.000000e+00,5.000000e-08,1.53388347e+00,7.66941735e-08,3.96373977e-01,6.03626023e-01
1.000000e-07,100.000000,2.000000e+00,5.000000e-08,1.53438360e+00,7.67191798e-08,3.96041404e-01,6.03958596e-01
1.000000e-07,100.000000,2.000000e+00,5.000000e-08,1.53488372e+00,7.67441860e-08,3.95708568e-01,6.04291432e-01
1.000000e-07,100.000000,2.000000e+00,5.000000e-08,1.53538385e+00,7.67691923e-08,3.95375468e-01,6.04624532e-01
1.000000e-07,100.000000,2.000000e+00,5.000000e-08,1.53588397e+00,7.67941985e-08,3.95042106e-01,6.04957894e-01
1.000000e-07,100.000000,2.000000e+00,5.000000e-08,1.53638410e+00,7.68192048e-08,3.94708481e-01,6.05291519e-01
1.000000e-07,100.000000,2.000000e+00,5.000000e-08,1.53688422e+00,7.68442111e-08,3.94374593e-01,6.05625407e-01
1.000000e-07,100.000000,2.000000e+00,5.000000e-08,1.53738435e+00,7.68692173e-08,3.94040443e-01,6.05959557e-01
1.000000e-07,100.000000,2.000000e+00,5.000000e-08,1.53788447e+00,7.68942236e-08,3.93706031e-01,6.06293969e-01
1.000000e-07,100.000000,2.000000e+00,5.000000e-08,1.53838460e+00,7.69192298e-08,3.93371357e-01,6.06628643e-01
1.000000e-07,100.000000,2.000000e+00,5.000000e-08,1.53888472e+00,7.69442361e-08,3.93036420e-01,6.06963580e-01
1.000000e-07,100.000000,2.000000e+00,5.000000e-08,1.53938485e+00,7.69692423e-08,3.92701222e-01,6.07298778e-01
1.000000e-07,100.000000,2.000000e+00,5.000000e-08,1.53988497e+00,7.69942486e-08,3.92365762e-01,6.07634238e-01
1.000000e-07,100.000000,2.000000e+00,5.000000e-08,1.54038510e+00,7.70192548e-08,3.92030041e-01,6.07969959e-01
1.000000e-07,100.000000,2.000000e+00,5.000000e-08,1.54088522e+00,7.70442611e-08,3.91694059e-01,6.08305941e-01
1.000000e-07,100.000000,2.000000e+00,5.000000e-08,1.54138535e+00,7.70692673e-08,3.91357815e-01,6.08642185e-01
1.000000e-07,100.000000,2.000000e+00,5.000000e-08,1.54188547e+00,7.70942736e-08,3.91021310e-01,6.08978690e-01
1.000000e-07,100.000000,2.000000e+00,5.000000e-08,1.54238560e+00,7.71192798e-08,3.90684545e-01,6.09315455e-01
1.000000e-07,100.000000,2.000000e+00,5.000000e-08,1.54288572e+00,7.71442861e-08,3.90347519e-01,6.09652481e-01
1.000000e-07,100.000000,2.000000e+00,5.000000e-08,1.54338585e+00,7.71692923e-08,3.90010232e-01,6.09989768e-01
1.000000e-07,100.000000,2.000000e+00,5.000000e-08,1.54388597e+00,7.71942986e-08,3.89672685e-01,6.10327315e-01
1.000000e-07,100.000000,2.000000e+00,5.000000e-08,1.54438610e+00,7.72193048e-08,3.89334878e-01,6.10665122e-01
1.000000e-07,100.000000,2.000000e+00,5.000000e-08,1.54488622e+00,7.72443111e-08,3.88996811e-01,6.11003189e-01
1.000000e-07,100.000000,2.000000e+00,5.000000e-08,1.54538635e+00,7.72693173e-08,3.88658484e-01,6.11341516e-01
1.000000e-07,100.000000,2.000000e+00,5.000000e-08,1.54588647e+00,7.72943236e-08,3.88319897e-01,6.11680103e-01
1.000000e-07,100.000000,2.000000e+00,5.000000e-08,1.54638660e+00,7.73193298e-08,3.87981051e-01,6.12018949e-01
1.000000e-07,100.000000,2.000000e+00,5.000000e-08,1.54688672e+00,7.73443361e-08,3.87641945e-01,6.12358055e-01
1.000000e-07,100.000000,2.000000e+00,5.000000e-08,1.54738685e+00,7.73693423e-08,3.87302580e-01,6.12697420e-01
1.000000e-07,100.000000,2.000000e+00,5.000000e-08,1.54788697e+00,7.73943486e-08,3.86962956e-01,6.13037044e-01
1.000000e-07,100.000000,2.000000e+00,5.000000e-08,1.54838710e+00,7.74193548e-08,3.86623073e-01,6.13376927e-01
1.000000e-07,100.000000,2.000000e+00,5.000000e-08,1.54888722e+00,7.74443611e-08,3.86282932e-01,6.13717068e-01
1.000000e-07,100.000000,2.000000e+00,5.000000e-08,1.54938735e+00,7.74693673e-08,3.85942532e-01,6.14057468e-01
1.000000e-07,100.000000,2.000000e+00,5.000000e-08,1.54988747e+00,7.74943736e-08,3.85601873e-01,6.14398127e-01
1.000000e-07,100.000000,2.000000e+00,5.000000e-08,1.55038760e+00,7.75193798e-08,3.85260956e-01,6.14739044e-01
1.000000e-07,100.000000,2.000000e+00,5.000000e-08,1.55088772e+00,7.75443861e-08,3.84919781e-01,6.15080219e-01
1.000000e-07,100.000000,2.000000e+00,5.000000e-08,1.55138785e+00,7.75693923e-08,3.84578349e-01,6.15421651e-01
1.000000e-07,100.000000,2.000000e+00,5.000000e-08,1.55188797e+00,7.75943986e-08,3.84236658e-01,6.15763342e-01
1.000000e-07,100.000000,2.000000e+00,5.000000e-08,1.55238810e+00,7.76194049e-08,3.83894710e-01,6.16105290e-01
1.000000e-07,100.000000,2.000000e+00,5.000000e-08,1.55288822e+00,7.76444111e-08,3.83552505e-01,6.16447495e-01
1.000000e-07,100.000000,2.000000e+00,5.000000e-08,1.55338835e+00,7.76694174e-08,3.83210042e-01,6.16789958e-01
1.000000e-07,100.000000,2.000000e+00,5.000000e-08,1.55388847e+00,7.76944236e-08,3.82867322e-01,6.17132678e-01
1.000000e-07,100.000000,2.000000e+00,5.000000e-08,1.55438860e+00,7.77194299e-08,3.82524345e-01,6.17475655e-01
1.000000e-07,100.000000,2.000000e+00,5.000000e-08,1.55488872e+00,7.77444361e-08,3.82181112e-01,6.17818888e-01
1.000000e-07,100.000000,2.000000e+00,5.000000e-08,1.55538885e+00,7.77694424e-08,3.81837622e-01,6.18162378e-01
1.000000e-07,100.000000,2.000000e+00,5.000000e-08,1.55588897e+00,7.77944486e-08,3.81493875e-01,6.18506125e-01
1.000000e-07,100.000000,2.000000e+00,5.000000e-08,1.55638910e+00,7.78194549e-08,3.81149873e-01,6.18850127e-01
1.000000e-07,100.000000,2.000000e+00,5.000000e-08,1.55688922e+00,7.78444611e-08,3.80805614e-01,6.19194386e-01
1.000000e-07,100.000000,2.000000e+00,5.000000e-08,1.55738935e+00,7.78694674e-08,3.80461099e-01,6.19538901e-01
1.000000e-07,100.000000,2.000000e+00,5.000000e-08,1.55788947e+00,7.78944736e-08,3.80116329e-01,6.19883671e-01
1.000000e-07,100.000000,2.000000e+00,5.000000e-08,1.55838960e+00,7.79194799e-08,3.79771303e-01,6.20228697e-01
1.000000e-07,100.000000,2.000000e+00,5.000000e-08,1.55888972e+00,7.79444861e-08,3.79426021e-01,6.20573979e-01
1.000000e-07,100.000000,2.000000e+00,5.000000e-08,1.55938985e+00,7.79694924e-08,3.79080484e-01,6.20919516e-01
1.000000e-07,100.000000,2.000000e+00,5.000000e-08,1.55988997e+00,7.79944986e-08,3.78734692e-01,6.21265308e-01
1.000000e-07,100.000000,2.000000e+00,5.000000e-08,1.56039010e+00,7.80195049e-08,3.78388646e-01,6.21611354e-01
1.000000e-07,100.000000,2.000000e+00,5.000000e-08,1.56089022e+00,7.80445111e-08,3.78042344e-01,6.21957656e-01
1.000000e-07,100.000000,2.000000e+00,5.000000e-08,1.56139035e+00,7.80695174e-08,3.77695788e-01,6.22304212e-01
1.000000e-07,100.000000,2.000000e+00,5.000000e-08,1.56189047e+00,7.80945236e-08,3.77348978e-01,6.22651022e-01
1.000000e-07,100.000000,2.000000e+00,5.000000e-08,1.56239060e+00,7.81195299e-08,3.77001913e-01,6.22998087e-01
1.000000e-07,100.000000,2.000000e+00,5.000000e-08,1.56289072e+00,7.81445361e-08,3.76654594e-01,6.23345406e-01
1.000000e-07,100.000000,2.000000e+00,5.000000e-08,1.56339085e+00,7.81695424e-08,3.76307021e-01,6.23692979e-01
1.000000e-07,100.000000,2.000000e+00,5.000000e-08,1.56389097e+00,7.81945486e-08,3.75959195e-01,6.24040805e-01
1.000000e-07,100.000000,2.000000e+00,5.000000e-08,1.56439110e+00,7.82195549e-08,3.75611115e-01,6.24388885e-01
1.000000e-07,100.000000,2.000000e+00,5.000000e-08,1.56489122e+00,7.82445611e-08,3.75262782e-01,6.24737218e-01
1.000000e-07,100.000000,2.000000e+00,5.000000e-08,1.56539135e+00,7.82695674e-08,3.74914195e-01,6.25085805e-01
1.000000e-07,100.000000,2.000000e+00,5.000000e-08,1.56589147e+00,7.82945736e-08,3.74565355e-01,6.25434645e-01
1.000000e-07,100.000000,2.000000e+00,5.000000e-08,1.56639160e+00,7.83195799e-08,3.74216263e-01,6.25783737e-01
1.000000e-07,100.000000,2.000000e+00,5.000000e-08,1.56689172e+00,7.83445861e-08,3.73866918e-01,6.26133082e-01
1.000000e-07,100.000000,2.000000e+00,5.000000e-08,1.56739185e+00,7.83695924e-08,3.73517320e-01,6.26482680e-01
1.000000e-07,100.000000,2.000000e+00,5.000000e-08,1.56789197e+00,7.83945986e-08,3.73167470e-01,6.26832530e-01
1.000000e-07,100.000000,2.000000e+00,5.000000e-08,1.56839210e+00,7.84196049e-08,3.72817367e-01,6.27182633e-01
1.000000e-07,100.000000,2.000000e+00,5.000000e-08,1.56889222e+00,7.84446112e-08,3.72467013e-01,6.27532987e-01
1.000000e-07,100.000000,2.000000e+00,5.000000e-08,1.56939235e+00,7.84696174e-08,3.72116407e-01,6.27883593e-01
1.000000e-07,100.000000,2.000000e+00,5.000000e-08,1.56989247e+00,7.84946237e-08,3.71765549e-01,6.28234451e-01
1.000000e-07,100.000000,2.000000e+00,5.000000e-08,1.57039260e+00,7.85196299e-08,3.71414440e-01,6.28585560e-01
1.000000e-07,100.000000,2.000000e+00,5.000000e-08,1.57089272e+00,7.85446362e-08,3.71063079e-01,6.28936921e-01
1.000000e-07,100.000000,2.000000e+00,5.000000e-08,1.57139285e+00,7.85696424e-08,3.70711467e-01,6.29288533e-01
1.000000e-07,100.000000,2.000000e+00,5.000000e-08,1.57189297e+00,7.85946487e-08,3.70359604e-01,6.29640396e-01
1.000000e-07,100.000000,2.000000e+00,5.000000e-08,1.57239310e+00,7.86196549e-08,3.70007491e-01,6.29992509e-01
1.000000e-07,100.000000,2.000000e+00,5.000000e-08,1.57289322e+00,7.86446612e-08,3.69655126e-01,6.30344874e-01
1.000000e-07,100.000000,2.000000e+00,5.000000e-08,1.57339335e+00,7.86696674e-08,3.69302512e-01,6.30697488e-01
1.000000e-07,100.000000,2.000000e+00,5.000000e-08,1.57389347e+00,7.86946737e-08,3.68949646e-01,6.31050354e-01
1.000000e-07,100.000000,2.000000e+00,5.000000e-08,1.57439360e+00,7.87196799e-08,3.68596531e-01,6.31403469e-01
1.000000e-07,100.000000,2.000000e+00,5.000000e-08,1.57489372e+00,7.87446862e-08,3.68243166e-01,6.31756834e-01
1.000000e-07,100.000000,2.000000e+00,5.000000e-08,1.57539385e+00,7.87696924e-08,3.67889551e-01,6.32110449e-01
1.000000e-07,100.000000,2.000000e+00,5.000000e-08,1.57589397e+00,7.87946987e-08,3.67535687e-01,6.32464313e-01
1.000000e-07,100.000000,2.000000e+00,5.000000e-08,1.57639410e+00,7.88197049e-08,3.67181573e-01,6.32818427e-01
1.000000e-07,100.000000,2.000000e+00,5.000000e-08,1.57689422e+00,7.88447112e-08,3.66827210e-01,6.33172790e-01
1.000000e-07,100.000000,2.000000e+00,5.000000e-08,1.57739435e+00,7.88697174e-08,3.66472598e-01,6.33527402e-01
1.000000e-07,100.000000,2.000000e+00,5.000000e-08,1.57789447e+00,7.88947237e-08,3.66117737e-01,6.33882263e-01
1.000000e-07,100.000000,2.000000e+00,5.000000e-08,1.57839460e+00,7.89197299e-08,3.65762627e-01,6.34237373e-01
1.000000e-07,100.000000,2.000000e+00,5.000000e-08,1.57889472e+00,7.89447362e-08,3.65407269e-01,6.34592731e-01
1.000000e-07,100.000000,2.000000e+00,5.000000e-08,1.57939485e+00,7.89697424e-08,3.65051662e-01,6.34948338e-01
1.000000e-07,100.000000,2.000000e+00,5.000000e-08,1.57989497e+00,7.89947487e-08,3.64695807e-01,6.35304193e-01
1.000000e-07,100.000000,2.000000e+00,5.000000e-08,1.58039510e+00,7.90197549e-08,3.64339704e-01,6.35660296e-01
1.000000e-07,100.000000,2.000000e+00,5.000000e-08,1.58089522e+00,7.90447612e-08,3.63983354e-01,6.36016646e-01
1.000000e-07,100.000000,2.000000e+00,5.000000e-08,1.58139535e+00,7.90697674e-08,3.63626755e-01,6.36373245e-01
1.000000e-07,100.000000,2.000000e+00,5.000000e-08,1.58189547e+00,7.90947737e-08,3.63269910e-01,6.36730090e-01
1.000000e-07,100.000000,2.000000e+00,5.000000e-08,1.58239560e+00,7.91197799e-08,3.62912817e-01,6.37087183e-01
1.000000e-07,100.000000,2.000000e+00,5.000000e-08,1.58289572e+00,7.91447862e-08,3.62555476e-01,6.37444524e-01
1.000000e-07,100.000000,2.000000e+00,5.000000e-08,1.58339585e+00,7.91697924e-08,3.62197889e-01,6.37802111e-01
1.000000e-07,100.000000,2.000000e+00,5.000000e-08,1.58389597e+00,7.91947987e-08,3.61840055e-01,6.38159945e-01
1.000000e-07,100.000000,2.000000e+00,5.000000e-08,1.58439610e+00,7.92198050e-08,3.61481975e-01,6.38518025e-01
1.000000e-07,100.000000,2.000000e+00,5.000000e-08,1.58489622e+00,7.92448112e-08,3.61123648e-01,6.38876352e-01
1.000000e-07,100.000000,2.000000e+00,5.000000e-08,1.58539635e+00,7.92698175e-08,3.60765075e-01,6.39234925e-01
1.000000e-07,100.000000,2.000000e+00,5.000000e-08,1.58589647e+00,7.92948237e-08,3.60406256e-01,6.39593744e-01
1.000000e-07,100.000000,2.000000e+00,5.000000e-08,1.58639660e+00,7.93198300e-08,3.60047191e-01,6.39952809e-01
1.000000e-07,100.000000,2.000000e+00,5.000000e-08,1.58689672e+00,7.93448362e-08,3.59687880e-01,6.40312120e-01
1.000000e-07,100.000000,2.000000e+00,5.000000e-08,1.58739685e+00,7.93698425e-08,3.59328324e-01,6.40671676e-01
1.000000e-07,100.000000,2.000000e+00,5.000000e-08,1.58789697e+00,7.93948487e-08,3.58968523e-01,6.41031477e-01
1.000000e-07,100.000000,2.000000e+00,5.000000e-08,1.58839710e+00,7.94198550e-08,3.58608476e-01,6.41391524e-01
1.000000e-07,100.000000,2.000000e+00,5.000000e-08,1.58889722e+00,7.94448612e-08,3.58248185e-01,6.41751815e-01
1.000000e-07,100.000000,2.000000e+00,5.000000e-08,1.58939735e+00,7.94698675e-08,3.57887648e-01,6.42112352e-01
1.000000e-07,100.000000,2.000000e+00,5.000000e-08,1.58989747e+00,7.94948737e-08,3.57526868e-01,6.42473132e-01
1.000000e-07,100.000000,2.000000e+00,5.000000e-08,1.59039760e+00,7.95198800e-08,3.57165842e-01,6.42834158e-01
1.000000e-07,100.000000,2.000000e+00,5.000000e-08,1.59089772e+00,7.95448862e-08,3.56804573e-01,6.43195427e-01
1.000000e-07,100.000000,2.000000e+00,5.000000e-08,1.59139785e+00,7.95698925e-08,3.56443059e-01,6.43556941e-01
1.000000e-07,100.000000,2.000000e+00,5.000000e-08,1.59189797e+00,7.95948987e-08,3.56081302e-01,6.43918698e-01
1.000000e-07,100.000000,2.000000e+00,5.000000e-08,1.59239810e+00,7.96199050e-08,3.55719300e-01,6.44280700e-01
1.000000e-07,100.000000,2.000000e+00,5.000000e-08,1.59289822e+00,7.96449112e-08,3.55357056e-01,6.44642944e-01
1.000000e-07,100.000000,2.000000e+00,5.000000e-08,1.59339835e+00,7.96699175e-08,3.54994568e-01,6.45005432e-01
1.000000e-07,100.000000,2.000000e+00,5.000000e-08,1.59389847e+00,7.96949237e-08,3.54631837e-01,6.45368163e-01
1.000000e-07,100.000000,2.000000e+00,5.000000e-08,1.59439860e+00,7.97199300e-08,3.54268863e-01,6.45731137e-01
1.000000e-07,100.000000,2.000000e+00,5.000000e-08,1.59489872e+00,7.97449362e-08,3.53905646e-01,6.46094354e-01
1.000000e-07,100.000000,2.000000e+00,5.000000e-08,1.59539885e+00,7.97699425e-08,3.53542187e-01,6.46457813e-01
1.000000e-07,100.000000,2.000000e+00,5.000000e-08,1.59589897e+00,7.97949487e-08,3.53178485e-01,6.46821515e-01
1.000000e-07,100.000000,2.000000e+00,5.000000e-08,1.59639910e+00,7.98199550e-08,3.52814541e-01,6.47185459e-01
1.000000e-07,100.000000,2.000000e+00,5.000000e-08,1.59689922e+00,7.98449612e-08,3.52450355e-01,6.47549645e-01
1.000000e-07,100.000000,2.000000e+00,5.000000e-08,1.59739935e+00,7.98699675e-08,3.52085927e-01,6.47914073e-01
1.000000e-07,100.000000,2.000000e+00,5.000000e-08,1.59789947e+00,7.98949737e-08,3.51721257e-01,6.48278743e-01
1.000000e-07,100.000000,2.000000e+00,5.000000e-08,1.59839960e+00,7.99199800e-08,3.51356346e-01,6.48643654e-01
1.000000e-07,100.000000,2.000000e+00,5.000000e-08,1.59889972e+00,7.99449862e-08,3.50991194e-01,6.49008806e-01
1.000000e-07,100.000000,2.000000e+00,5.000000e-08,1.59939985e+00,7.99699925e-08,3.50625801e-01,6.49374199e-01
1.000000e-07,100.000000,2.000000e+00,5.000000e-08,1.59989997e+00,7.99949987e-08,3.50260167e-01,6.49739833e-01
1.000000e-07,100.000000,2.000000e+00,5.000000e-08,1.60040010e+00,8.00200050e-08,3.49894292e-01,6.50105708e-01
1.000000e-07,100.000000,2.000000e+00,5.000000e-08,1.60090023e+00,8.00450113e-08,3.49528176e-01,6.50471824e-01
1.000000e-07,100.000000,2.000000e+00,5.000000e-08,1.60140035e+00,8.00700175e-08,3.49161820e-01,6.50838180e-01
1.000000e-07,100.000000,2.000000e+00,5.000000e-08,1.60190048e+00,8.00950238e-08,3.48795224e-01,6.51204776e-01
1.000000e-07,100.000000,2.000000e+00,5.000000e-08,1.60240060e+00,8.01200300e-08,3.48428388e-01,6.51571612e-01
1.000000e-07,100.000000,2.000000e+00,5.000000e-08,1.60290073e+00,8.01450363e-08,3.48061312e-01,6.51938688e-01
1.000000e-07,100.000000,2.000000e+00,5.000000e-08,1.60340085e+00,8.01700425e-08,3.47693997e-01,6.52306003e-01
1.000000e-07,100.000000,2.000000e+00,5.000000e-08,1.60390098e+00,8.01950488e-08,3.47326442e-01,6.52673558e-01
1.000000e-07,100.000000,2.000000e+00,5.000000e-08,1.60440110e+00,8.02200550e-08,3.46958648e-01,6.53041352e-01
1.000000e-07,100.000000,2.000000e+00,5.000000e-08,1.60490123e+00,8.02450613e-08,3.46590614e-01,6.53409386e-01
1.000000e-07,100.000000,2.000000e+00,5.000000e-08,1.60540135e+00,8.02700675e-08,3.46222342e-01,6.53777658e-01
1.000000e-07,100.000000,2.000000e+00,5.000000e-08,1.60590148e+00,8.02950738e-08,3.45853832e-01,6.54146168e-01
1.000000e-07,100.000000,2.000000e+00,5.000000e-08,1.60640160e+00,8.03200800e-08,3.45485082e-01,6.54514918e-01
1.000000e-07,100.000000,2.000000e+00,5.000000e-08,1.60690173e+00,8.03450863e-08,3.45116095e-01,6.54883905e-01
1.000000e-07,100.000000,2.000000e+00,5.000000e-08,1.60740185e+00,8.03700925e-08,3.44746869e-01,6.55253131e-01
1.000000e-07,100.000000,2.000000e+00,5.000000e-08,1.60790198e+00,8.03950988e-08,3.44377406e-01,6.55622594e-01
1.000000e-07,100.000000,2.000000e+00,5.000000e-08,1.60840210e+00,8.04201050e-08,3.44007705e-01,6.55992295e-01
1.000000e-07,100.000000,2.000000e+00,5.000000e-08,1.60890223e+00,8.04451113e-08,3.43637766e-01,6.56362234e-01
1.000000e-07,100.000000,2.000000e+00,5.000000e-08,1.60940235e+00,8.04701175e-08,3.43267590e-01,6.56732410e-01
1.000000e-07,100.000000,2.000000e+00,5.000000e-08,1.60990248e+00,8.04951238e-08,3.42897177e-01,6.57102823e-01
1.000000e-07,100.000000,2.000000e+00,5.000000e-08,1.61040260e+00,8.05201300e-08,3.42526527e-01,6.57473473e-01
1.000000e-07,100.000000,2.000000e+00,5.000000e-08,1.61090273e+00,8.05451363e-08,3.42155640e-01,6.57844360e-01
1.000000e-07,100.000000,2.000000e+00,5.000000e-08,1.61140285e+00,8.05701425e-08,3.41784516e-01,6.58215484e-01
1.000000e-07,100.000000,2.000000e+00,5.000000e-08,1.61190298e+00,8.05951488e-08,3.41413156e-01,6.58586844e-01
1.000000e-07,100.000000,2.000000e+00,5.000000e-08,1.61240310e+00,8.06201550e-08,3.41041560e-01,6.58958440e-01
1.000000e-07,100.000000,2.000000e+00,5.000000e-08,1.61290323e+00,8.06451613e-08,3.40669728e-01,6.59330272e-01
1.000000e-07,100.000000,2.000000e+00,5.000000e-08,1.61340335e+00,8.06701675e-08,3.40297660e-01,6.59702340e-01
1.000000e-07,100.000000,2.000000e+00,5.000000e-08,1.61390348e+00,8.06951738e-08,3.39925357e-01,6.60074643e-01
1.000000e-07,100.000000,2.000000e+00,5.000000e-08,1.61440360e+00,8.07201800e-08,3.39552818e-01,6.60447182e-01
1.000000e-07,100.000000,2.000000e+00,5.000000e-08,1.61490373e+00,8.07451863e-08,3.39180044e-01,6.60819956e-01
1.000000e-07,100.000000,2.000000e+00,5.000000e-08,1.61540385e+00,8.07701925e-08,3.38807035e-01,6.61192965e-01
1.000000e-07,100.000000,2.000000e+00,5.000000e-08,1.61590398e+00,8.07951988e-08,3.38433791e-01,6.61566209e-01
1.000000e-07,100.000000,2.000000e+00,5.000000e-08,1.61640410e+00,8.08202051e-08,3.38060312e-01,6.61939688e-01
1.000000e-07,100.000000,2.000000e+00,5.000000e-08,1.61690423e+00,8.08452113e-08,3.37686599e-01,6.62313401e-01
1.000000e-07,100.000000,2.000000e+00,5.000000e-08,1.61740435e+00,8.08702176e-08,3.37312651e-01,6.62687349e-01
1.000000e-07,100.000000,2.000000e+00,5.000000e-08,1.61790448e+00,8.08952238e-08,3.36938470e-01,6.63061530e-01
1.000000e-07,100.000000,2.000000e+00,5.000000e-08,1.61840460e+00,8.09202301e-08,3.36564055e-01,6.63435945e-01
1.000000e-07,100.000000,2.000000e+00,5.000000e-08,1.61890473e+00,8.09452363e-08,3.36189406e-01,6.63810594e-01
1.000000e-07,100.000000,2.000000e+00,5.000000e-08,1.61940485e+00,8.09702426e-08,3.35814523e-01,6.64185477e-01
1.000000e-07,100.000000,2.000000e+00,5.000000e-08,1.61990498e+00,8.09952488e-08,3.35439407e-01,6.64560593e-01
1.000000e-07,100.000000,2.000000e+00,5.000000e-08,1.62040510e+00,8.10202551e-08,3.35064058e-01,6.64935942e-01
1.000000e-07,100.000000,2.000000e+00,5.000000e-08,1.62090523e+00,8.10452613e-08,3.34688477e-01,6.65311523e-01
1.000000e-07,100.000000,2.000000e+00,5.000000e-08,1.62140535e+00,8.10702676e-08,3.34312662e-01,6.65687338e-01
1.000000e-07,100.000000,2.000000e+00,5.000000e-08,1.62190548e+00,8.10952738e-08,3.33936615e-01,6.66063385e-01
1.000000e-07,100.000000,2.000000e+00,5.000000e-08,1.62240560e+00,8.11202801e-08,3.33560336e-01,6.66439664e-01
1.000000e-07,100.000000,2.000000e+00,5.000000e-08,1.62290573e+00,8.11452863e-08,3.33183824e-01,6.66816176e-01
1.000000e-07,100.000000,2.000000e+00,5.000000e-08,1.62340585e+00,8.11702926e-08,3.32807081e-01,6.67192919e-01
1.000000e-07,100.000000,2.000000e+00,5.000000e-08,1.62390598e+00,8.11952988e-08,3.32430106e-01,6.67569894e-01
1.000000e-07,100.000000,2.000000e+00,5.000000e-08,1.62440610e+00,8.12203051e-08,3.32052899e-01,6.67947101e-01
1.000000e-07,100.000000,2.000000e+00,5.000000e-08,1.62490623e+00,8.12453113e-08,3.31675461e-01,6.68324539e-01
1.000000e-07,100.000000,2.000000e+00,5.000000e-08,1.62540635e+00,8.12703176e-08,3.31297792e-01,6.68702208e-01
1.000000e-07,100.000000,2.000000e+00,5.000000e-08,1.62590648e+00,8.12953238e-08,3.30919892e-01,6.69080108e-01
1.000000e-07,100.000000,2.000000e+00,5.000000e-08,1.62640660e+00,8.13203301e-08,3.30541761e-01,6.69458239e-01
1.000000e-07,100.000000,2.000000e+00,5.000000e-08,1.62690673e+00,8.13453363e-08,3.30163400e-01,6.69836600e-01
1.000000e-07,100.000000,2.000000e+00,5.000000e-08,1.62740685e+00,8.13703426e-08,3.29784808e-01,6.70215192e-01
1.000000e-07,100.000000,2.000000e+00,5.000000e-08,1.62790698e+00,8.13953488e-08,3.29405987e-01,6.70594013e-01
1.000000e-07,100.000000,2.000000e+00,5.000000e-08,1.62840710e+00,8.14203551e-08,3.29026935e-01,6.70973065e-01
1.000000e-07,100.000000,2.000000e+00,5.000000e-08,1.62890723e+00,8.14453613e-08,3.28647654e-01,6.71352346e-01
1.000000e-07,100.000000,2.000000e+00,5.000000e-08,1.62940735e+00,8.14703676e-08,3.28268142e-01,6.71731858e-01
1.000000e-07,100.000000,2.000000e+00,5.000000e-08,1.62990748e+00,8.14953738e-08,3.27888402e-01,6.72111598e-01
1.000000e-07,100.000000,2.000000e+00,5.000000e-08,1.63040760e+00,8.15203801e-08,3.27508433e-01,6.72491567e-01
1.000000e-07,100.000000,2.000000e+00,5.000000e-08,1.63090773e+00,8.15453863e-08,3.27128234e-01,6.72871766e-01
1.000000e-07,100.000000,2.000000e+00,5.000000e-08,1.63140785e+00,8.15703926e-08,3.26747807e-01,6.73252193e-01
1.000000e-07,100.000000,2.000000e+00,5.000000e-08,1.63190798e+00,8.15953988e-08,3.26367151e-01,6.73632849e-01
1.000000e-07,100.000000,2.000000e+00,5.000000e-08,1.63240810e+00,8.16204051e-08,3.25986267e-01,6.74013733e-01
1.000000e-07,100.000000,2.000000e+00,5.000000e-08,1.63290823e+00,8.16454114e-08,3.25605155e-01,6.74394845e-01
1.000000e-07,100.000000,2.000000e+00,5.000000e-08,1.63340835e+00,8.16704176e-08,3.25223815e-01,6.74776185e-01
1.000000e-07,100.000000,2.000000e+00,5.000000e-08,1.63390848e+00,8.16954239e-08,3.24842247e-01,6.75157753e-01
1.000000e-07,100.000000,2.000000e+00,5.000000e-08,1.63440860e+00,8.17204301e-08,3.24460451e-01,6.75539549e-01
1.000000e-07,100.000000,2.000000e+00,5.000000e-08,1.63490873e+00,8.17454364e-08,3.24078429e-01,6.75921571e-01
1.000000e-07,100.000000,2.000000e+00,5.000000e-08,1.63540885e+00,8.17704426e-08,3.23696179e-01,6.76303821e-01
1.000000e-07,100.000000,2.000000e+00,5.000000e-08,1.63590898e+00,8.17954489e-08,3.23313702e-01,6.76686298e-01
1.000000e-07,100.000000,2.000000e+00,5.000000e-08,1.63640910e+00,8.18204551e-08,3.22930998e-01,6.77069002e-01
1.000000e-07,100.000000,2.000000e+00,5.000000e-08,1.63690923e+00,8.18454614e-08,3.22548068e-01,6.77451932e-01
1.000000e-07,100.000000,2.000000e+00,5.000000e-08,1.63740935e+00,8.18704676e-08,3.22164912e-01,6.77835088e-01
1.000000e-07,100.000000,2.000000e+00,5.000000e-08,1.63790948e+00,8.18954739e-08,3.21781529e-01,6.78218471e-01
1.000000e-07,100.000000,2.000000e+00,5.000000e-08,1.63840960e+00,8.19204801e-08,3.21397921e-01,6.78602079e-01
1.000000e-07,100.000000,2.000000e+00,5.000000e-08,1.63890973e+00,8.19454864e-08,3.21014086e-01,6.78985914e-01
1.000000e-07,100.000000,2.000000e+00,5.000000e-08,1.63940985e+00,8.19704926e-08,3.20630027e-01,6.79369973e-01
1.000000e-07,100.000000,2.000000e+00,5.000000e-08,1.63990998e+00,8.19954989e-08,3.20245742e-01,6.79754258e-01
1.000000e-07,100.000000,2.000000e+00,5.000000e-08,1.64041010e+00,8.20205051e-08,3.19861232e-01,6.80138768e-01
1.000000e-07,100.000000,2.000000e+00,5.000000e-08,1.64091023e+00,8.20455114e-08,3.19476497e-01,6.80523503e-01
1.000000e-07,100.000000,2.000000e+00,5.000000e-08,1.64141035e+00,8.20705176e-08,3.19091537e-01,6.80908463e-01
1.000000e-07,100.000000,2.000000e+00,5.000000e-08,1.64191048e+00,8.20955239e-08,3.18706353e-01,6.81293647e-01
1.000000e-07,100.000000,2.000000e+00,5.000000e-08,1.64241060e+00,8.21205301e-08,3.18320944e-01,6.81679056e-01
1.000000e-07,100.000000,2.000000e+00,5.000000e-08,1.64291073e+00,8.21455364e-08,3.17935311e-01,6.82064689e-01
1.000000e-07,100.000000,2.000000e+00,5.000000e-08,1.64341085e+00,8.21705426e-08,3.17549455e-01,6.82450545e-01
1.000000e-07,100.000000,2.000000e+00,5.000000e-08,1.64391098e+00,8.21955489e-08,3.17163375e-01,6.82836625e-01
1.000000e-07,100.000000,2.000000e+00,5.000000e-08,1.64441110e+00,8.22205551e-08,3.16777071e-01,6.83222929e-01
1.000000e-07,100.000000,2.000000e+00,5.000000e-08,1.64491123e+00,8.22455614e-08,3.16390544e-01,6.83609456e-01
1.000000e-07,100.000000,2.000000e+00,5.000000e-08,1.64541135e+00,8.22705676e-08,3.16003794e-01,6.83996206e-01
1.000000e-07,100.000000,2.000000e+00,5.000000e-08,1.64591148e+00,8.22955739e-08,3.15616822e-01,6.84383178e-01
1.000000e-07,100.000000,2.000000e+00,5.000000e-08,1.64641160e+00,8.23205801e-08,3.15229626e-01,6.84770374e-01
1.000000e-07,100.000000,2.000000e+00,5.000000e-08,1.64691173e+00,8.23455864e-08,3.14842208e-01,6.85157792e-01
1.000000e-07,100.000000,2.000000e+00,5.000000e-08,1.64741185e+00,8.23705926e-08,3.14454568e-01,6.85545432e-01
1.000000e-07,100.000000,2.000000e+00,5.000000e-08,1.64791198e+00,8.23955989e-08,3.14066706e-01,6.85933294e-01
1.000000e-07,100.000000,2.000000e+00,5.000000e-08,1.64841210e+00,8.24206052e-08,3.13678622e-01,6.86321378e-01
1.000000e-07,100.000000,2.000000e+00,5.000000e-08,1.64891223e+00,8.24456114e-08,3.13290317e-01,6.86709683e-01
1.000000e-07,100.000000,2.000000e+00,5.000000e-08,1.64941235e+00,8.24706177e-08,3.12901790e-01,6.87098210e-01
1.000000e-07,100.000000,2.000000e+00,5.000000e-08,1.64991248e+00,8.24956239e-08,3.12513042e-01,6.87486958e-01
1.000000e-07,100.000000,2.000000e+00,5.000000e-08,1.65041260e+00,8.25206302e-08,3.12124073e-01,6.87875927e-01
1.000000e-07,100.000000,2.000000e+00,5.000000e-08,1.65091273e+00,8.25456364e-08,3.11734883e-01,6.88265117e-01
1.000000e-07,100.000000,2.000000e+00,5.000000e-08,1.65141285e+00,8.25706427e-08,3.11345472e-01,6.88654528e-01
1.000000e-07,100.000000,2.000000e+00,5.000000e-08,1.65191298e+00,8.25956489e-08,3.10955842e-01,6.89044158e-01
1.000000e-07,100.000000,2.000000e+00,5.000000e-08,1.65241310e+00,8.26206552e-08,3.10565991e-01,6.89434009e-01
1.000000e-07,100.000000,2.000000e+00,5.000000e-08,1.65291323e+00,8.26456614e-08,3.10175920e-01,6.89824080e-01
1.000000e-07,100.000000,2.000000e+00,5.000000e-08,1.65341335e+00,8.26706677e-08,3.09785629e-01,6.90214371e-01
1.000000e-07,100.000000,2.000000e+00,5.000000e-08,1.65391348e+00,8.26956739e-08,3.09395119e-01,6.90604881e-01
1.000000e-07,100.000000,2.000000e+00,5.000000e-08,1.65441360e+00,8.27206802e-08,3.09004390e-01,6.90995610e-01
1.000000e-07,100.000000,2.000000e+00,5.000000e-08,1.65491373e+00,8.27456864e-08,3.08613441e-01,6.91386559e-01
1.000000e-07,100.000000,2.000000e+00,5.000000e-08,1.65541385e+00,8.27706927e-08,3.08222274e-01,6.91777726e-01
1.000000e-07,100.000000,2.000000e+00,5.000000e-08,1.65591398e+00,8.27956989e-08,3.07830888e-01,6.92169112e-01
1.000000e-07,100.000000,2.000000e+00,5.000000e-08,1.65641410e+00,8.28207052e-08,3.07439283e-01,6.92560717e-01
1.000000e-07,100.000000,2.000000e+00,5.000000e-08,1.65691423e+00,8.28457114e-08,3.07047461e-01,6.92952539e-01
1.000000e-07,100.000000,2.000000e+00,5.000000e-08,1.65741435e+00,8.28707177e-08,3.06655420e-01,6.93344580e-01
1.000000e-07,100.000000,2.000000e+00,5.000000e-08,1.65791448e+00,8.28957239e-08,3.06263161e-01,6.93736839e-01
1.000000e-07,100.000000,2.000000e+00,5.000000e-08,1.65841460e+00,8.29207302e-08,3.05870685e-01,6.94129315e-01
1.000000e-07,100.000000,2.000000e+00,5.000000e-08,1.65891473e+00,8.29457364e-08,3.05477992e-01,6.94522008e-01
1.000000e-07,100.000000,2.000000e+00,5.000000e-08,1.65941485e+00,8.29707427e-08,3.05085081e-01,6.94914919e-01
1.000000e-07,100.000000,2.000000e+00,5.000000e-08,1.65991498e+00,8.29957489e-08,3.04691953e-01,6.95308047e-01
1.000000e-07,100.000000,2.000000e+00,5.000000e-08,1.66041510e+00,8.30207552e-08,3.04298608e-01,6.95701392e-01
1.000000e-07,100.000000,2.000000e+00,5.000000e-08,1.66091523e+00,8.30457614e-08,3.03905047e-01,6.96094953e-01
1.000000e-07,100.000000,2.000000e+00,5.000000e-08,1.66141535e+00,8.30707677e-08,3.03511270e-01,6.96488730e-01
1.000000e-07,100.000000,2.000000e+00,5.000000e-08,1.66191548e+00,8.30957739e-08,3.03117276e-01,6.96882724e-01
1.000000e-07,100.000000,2.000000e+00,5.000000e-08,1.66241560e+00,8.31207802e-08,3.02723067e-01,6.97276933e-01
1.000000e-07,100.000000,2.000000e+00,5.000000e-08,1.66291573e+00,8.31457864e-08,3.02328642e-01,6.97671358e-01
1.000000e-07,100.000000,2.000000e+00,5.000000e-08,1.66341585e+00,8.31707927e-08,3.01934001e-01,6.98065999e-01
1.000000e-07,100.000000,2.000000e+00,5.000000e-08,1.66391598e+00,8.31957989e-08,3.01539145e-01,6.98460855e-01
1.000000e-07,100.000000,2.000000e+00,5.000000e-08,1.66441610e+00,8.32208052e-08,3.01144074e-01,6.98855926e-01
1.000000e-07,100.000000,2.000000e+00,5.000000e-08,1.66491623e+00,8.32458115e-08,3.00748788e-01,6.99251212e-01
1.000000e-07,100.000000,2.000000e+00,5.000000e-08,1.66541635e+00,8.32708177e-08,3.00353288e-01,6.99646712e-01
1.000000e-07,100.000000,2.000000e+00,5.000000e-08,1.66591648e+00,8.32958240e-08,2.99957573e-01,7.00042427e-01
1.000000e-07,100.000000,2.000000e+00,5.000000e-08,1.66641660e+00,8.33208302e-08,2.99561644e-01,7.00438356e-01
1.000000e-07,100.000000,2.000000e+00,5.000000e-08,1.66691673e+00,8.33458365e-08,2.99165501e-01,7.00834499e-01
1.000000e-07,100.000000,2.000000e+00,5.000000e-08,1.66741685e+00,8.33708427e-08,2.98769144e-01,7.01230856e-01
1.000000e-07,100.000000,2.000000e+00,5.000000e-08,1.66791698e+00,8.33958490e-08,2.98372574e-01,7.01627426e-01
1.000000e-07,100.000000,2.000000e+00,5.000000e-08,1.66841710e+00,8.34208552e-08,2.97975790e-01,7.02024210e-01
1.000000e-07,100.000000,2.000000e+00,5.000000e-08,1.66891723e+00,8.34458615e-08,2.97578793e-01,7.02421207e-01
1.000000e-07,100.000000,2.000000e+00,5.000000e-08,1.66941735e+00,8.34708677e-08,2.97181584e-01,7.02818416e-01
1.000000e-07,100.000000,2.000000e+00,5.000000e-08,1.66991748e+00,8.34958740e-08,2.96784161e-01,7.03215839e-01
1.000000e-07,100.000000,2.000000e+00,5.000000e-08,1.67041760e+00,8.35208802e-08,2.96386527e-01,7.03613473e-01
1.000000e-07,100.000000,2.000000e+00,5.000000e-08,1.67091773e+00,8.35458865e-08,2.95988680e-01,7.04011320e-01
1.000000e-07,100.000000,2.000000e+00,5.000000e-08,1.67141785e+00,8.35708927e-08,2.95590620e-01,7.04409380e-01
1.000000e-07,100.000000,2.000000e+00,5.000000e-08,1.67191798e+00,8.35958990e-08,2.95192350e-01,7.04807650e-01
1.000000e-07,100.000000,2.000000e+00,5.000000e-08,1.67241810e+00,8.36209052e-08,2.94793867e-01,7.05206133e-01
1.000000e-07,100.000000,2.000000e+00,5.000000e-08,1.67291823e+00,8.36459115e-08,2.94395173e-01,7.05604827e-01
1.000000e-07,100.000000,2.000000e+00,5.000000e-08,1.67341835e+00,8.36709177e-08,2.93996268e-01,7.06003732e-01
1.000000e-07,100.000000,2.000000e+00,5.000000e-08,1.67391848e+00,8.36959240e-08,2.93597152e-01,7.06402848e-01
1.000000e-07,100.000000,2.000000e+00,5.000000e-08,1.67441860e+00,8.37209302e-08,2.93197826e-01,7.06802174e-01
1.000000e-07,100.000000,2.000000e+00,5.000000e-08,1.67491873e+00,8.37459365e-08,2.92798288e-01,7.07201712e-01
1.000000e-07,100.000000,2.000000e+00,5.000000e-08,1.67541885e+00,8.37709427e-08,2.92398541e-01,7.07601459e-01
1.000000e-07,100.000000,2.000000e+00,5.000000e-08,1.67591898e+00,8.37959490e-08,2.91998583e-01,7.08001417e-01
1.000000e-07,100.000000,2.000000e+00,5.000000e-08,1.67641910e+00,8.38209552e-08,2.91598416e-01,7.08401584e-01
1.000000e-07,100.000000,2.000000e+00,5.000000e-08,1.67691923e+00,8.38459615e-08,2.91198039e-01,7.08801961e-01
1.000000e-07,100.000000,2.000000e+00,5.000000e-08,1.67741935e+00,8.38709677e-08,2.90797453e-01,7.09202547e-01
1.000000e-07,100.000000,2.000000e+00,5.000000e-08,1.67791948e+00,8.38959740e-08,2.90396657e-01,7.09603343e-01
1.000000e-07,100.000000,2.000000e+00,5.000000e-08,1.67841960e+00,8.39209802e-08,2.89995653e-01,7.10004347e-01
1.000000e-07,100.000000,2.000000e+00,5.000000e-08,1.67891973e+00,8.39459865e-08,2.89594439e-01,7.10405561e-01
1.000000e-07,100.000000,2.000000e+00,5.000000e-08,1.67941985e+00,8.39709927e-08,2.89193018e-01,7.10806982e-01
1.000000e-07,100.000000,2.000000e+00,5.000000e-08,1.67991998e+00,8.39959990e-08,2.88791387e-01,7.11208613e-01
1.000000e-07,100.000000,2.000000e+00,5.000000e-08,1.68042011e+00,8.40210053e-08,2.88389549e-01,7.11610451e-01
1.000000e-07,100.000000,2.000000e+00,5.000000e-08,1.68092023e+00,8.40460115e-08,2.87987503e-01,7.12012497e-01
1.000000e-07,100.000000,2.000000e+00,5.000000e-08,1.68142036e+00,8.40710178e-08,2.87585250e-01,7.12414750e-01
1.000000e-07,100.000000,2.000000e+00,5.000000e-08,1.68192048e+00,8.40960240e-08,2.87182789e-01,7.12817211e-01
1.000000e-07,100.000000,2.000000e+00,5.000000e-08,1.68242061e+00,8.41210303e-08,2.86780120e-01,7.13219880e-01
1.000000e-07,100.000000,2.000000e+00,5.000000e-08,1.68292073e+00,8.41460365e-08,2.86377245e-01,7.13622755e-01
1.000000e-07,100.000000,2.000000e+00,5.000000e-08,1.68342086e+00,8.41710428e-08,2.85974163e-01,7.14025837e-01
1.000000e-07,100.000000,2.000000e+00,5.000000e-08,1.68392098e+00,8.41960490e-08,2.85570875e-01,7.14429125e-01
1.000000e-07,100.000000,2.000000e+00,5.000000e-08,1.68442111e+00,8.42210553e-08,2.85167380e-01,7.14832620e-01
1.000000e-07,100.000000,2.000000e+00,5.000000e-08,1.68492123e+00,8.42460615e-08,2.84763679e-01,7.15236321e-01
1.000000e-07,100.000000,2.000000e+00,5.000000e-08,1.68542136e+00,8.42710678e-08,2.84359772e-01,7.15640228e-01
1.000000e-07,100.000000,2.000000e+00,5.000000e-08,1.68592148e+00,8.42960740e-08,2.83955660e-01,7.16044340e-01
1.000000e-07,100.000000,2.000000e+00,5.000000e-08,1.68642161e+00,8.43210803e-08,2.83551342e-01,7.16448658e-01
1.000000e-07,100.000000,2.000000e+00,5.000000e-08,1.68692173e+00,8.43460865e-08,2.83146819e-01,7.16853181e-01
1.000000e-07,100.000000,2.000000e+00,5.000000e-08,1.68742186e+00,8.43710928e-08,2.82742091e-01,7.17257909e-01
1.000000e-07,100.000000,2.000000e+00,5.000000e-08,1.68792198e+00,8.43960990e-08,2.82337159e-01,7.17662841e-01
1.000000e-07,100.000000,2.000000e+00,5.000000e-08,1.68842211e+00,8.44211053e-08,2.81932022e-01,7.18067978e-01
1.000000e-07,100.000000,2.000000e+00,5.000000e-08,1.68892223e+00,8.44461115e-08,2.81526680e-01,7.18473320e-01
1.000000e-07,100.000000,2.000000e+00,5.000000e-08,1.68942236e+00,8.44711178e-08,2.81121135e-01,7.18878865e-01
1.000000e-07,100.000000,2.000000e+00,5.000000e-08,1.68992248e+00,8.44961240e-08,2.80715386e-01,7.19284614e-01
1.000000e-07,100.000000,2.000000e+00,5.000000e-08,1.69042261e+00,8.45211303e-08,2.80309433e-01,7.19690567e-01
1.000000e-07,100.000000,2.000000e+00,5.000000e-08,1.69092273e+00,8.45461365e-08,2.79903276e-01,7.20096724e-01
1.000000e-07,100.000000,2.000000e+00,5.000000e-08,1.69142286e+00,8.45711428e-08,2.79496917e-01,7.20503083e-01
1.000000e-07,100.000000,2.000000e+00,5.000000e-08,1.69192298e+00,8.45961490e-08,2.79090355e-01,7.20909645e-01
1.000000e-07,100.000000,2.000000e+00,5.000000e-08,1.69242311e+00,8.46211553e-08,2.78683590e-01,7.21316410e-01
1.000000e-07,100.000000,2.000000e+00,5.000000e-08,1.69292323e+00,8.46461615e-08,2.78276622e-01,7.21723378e-01
1.000000e-07,100.000000,2.000000e+00,5.000000e-08,1.69342336e+00,8.46711678e-08,2.77869452e-01,7.22130548e-01
1.000000e-07,100.000000,2.000000e+00,5.000000e-08,1.69392348e+00,8.46961740e-08,2.77462080e-01,7.22537920e-01
1.000000e-07,100.000000,2.000000e+00,5.000000e-08,1.69442361e+00,8.47211803e-08,2.77054507e-01,7.22945493e-01
1.000000e-07,100.000000,2.000000e+00,5.000000e-08,1.69492373e+00,8.47461865e-08,2.76646732e-01,7.23353268e-01
1.000000e-07,100.000000,2.000000e+00,5.000000e-08,1.69542386e+00,8.47711928e-08,2.76238755e-01,7.23761245e-01
1.000000e-07,100.000000,2.000000e+00,5.000000e-08,1.69592398e+00,8.47961990e-08,2.75830578e-01,7.24169422e-01
1.000000e-07,100.000000,2.000000e+00,5.000000e-08,1.69642411e+00,8.48212053e-08,2.75422199e-01,7.24577801e-01
1.000000e-07,100.000000,2.000000e+00,5.000000e-08,1.69692423e+00,8.48462116e-08,2.75013620e-01,7.24986380e-01
1.000000e-07,100.000000,2.000000e+00,5.000000e-08,1.69742436e+00,8.48712178e-08,2.74604840e-01,7.25395160e-01
1.000000e-07,100.000000,2.000000e+00,5.000000e-08,1.69792448e+00,8.48962241e-08,2.74195861e-01,7.25804139e-01
1.000000e-07,100.000000,2.000000e+00,5.000000e-08,1.69842461e+00,8.49212303e-08,2.73786681e-01,7.26213319e-01
1.000000e-07,100.000000,2.000000e+00,5.000000e-08,1.69892473e+00,8.49462366e-08,2.73377301e-01,7.26622699e-01
1.000000e-07,100.000000,2.000000e+00,5.000000e-08,1.69942486e+00,8.49712428e-08,2.72967722e-01,7.27032278e-01
1.000000e-07,100.000000,2.000000e+00,5.000000e-08,1.69992498e+00,8.49962491e-08,2.72557944e-01,7.27442056e-01
1.000000e-07,100.000000,2.000000e+00,5.000000e-08,1.70042511e+00,8.50212553e-08,2.72147967e-01,7.27852033e-01
1.000000e-07,100.000000,2.000000e+00,5.000000e-08,1.70092523e+00,8.50462616e-08,2.71737790e-01,7.28262210e-01
1.000000e-07,100.000000,2.000000e+00,5.000000e-08,1.70142536e+00,8.50712678e-08,2.71327416e-01,7.28672584e-01
1.000000e-07,100.000000,2.000000e+00,5.000000e-08,1.70192548e+00,8.50962741e-08,2.70916843e-01,7.29083157e-01
1.000000e-07,100.000000,2.000000e+00,5.000000e-08,1.70242561e+00,8.51212803e-08,2.70506071e-01,7.29493929e-01
1.000000e-07,100.000000,2.000000e+00,5.000000e-08,1.70292573e+00,8.51462866e-08,2.70095102e-01,7.29904898e-01
1.000000e-07,100.000000,2.000000e+00,5.000000e-08,1.70342586e+00,8.51712928e-08,2.69683935e-01,7.30316065e-01
1.000000e-07,100.000000,2.000000e+00,5.000000e-08,1.70392598e+00,8.51962991e-08,2.69272571e-01,7.30727429e-01
1.000000e-07,100.000000,2.000000e+00,5.000000e-08,1.70442611e+00,8.52213053e-08,2.68861010e-01,7.31138990e-01
1.000000e-07,100.000000,2.000000e+00,5.000000e-08,1.70492623e+00,8.52463116e-08,2.68449251e-01,7.31550749e-01
1.000000e-07,100.000000,2.000000e+00,5.000000e-08,1.70542636e+00,8.52713178e-08,2.68037296e-01,7.31962704e-01
1.000000e-07,100.000000,2.000000e+00,5.000000e-08,1.70592648e+00,8.52963241e-08,2.67625144e-01,7.32374856e-01
1.000000e-07,100.000000,2.000000e+00,5.000000e-08,1.70642661e+00,8.53213303e-08,2.67212796e-01,7.32787204e-01
1.000000e-07,100.000000,2.000000e+00,5.000000e-08,1.70692673e+00,8.53463366e-08,2.66800252e-01,7.33199748e-01
1.000000e-07,100.000000,2.000000e+00,5.000000e-08,1.70742686e+00,8.53713428e-08,2.66387512e-01,7.33612488e-01
1.000000e-07,100.000000,2.000000e+00,5.000000e-08,1.70792698e+00,8.53963491e-08,2.65974577e-01,7.34025423e-01
1.000000e-07,100.000000,2.000000e+00,5.000000e-08,1.70842711e+00,8.54213553e-08,2.65561446e-01,7.34438554e-01
1.000000e-07,100.000000,2.000000e+00,5.000000e-08,1.70892723e+00,8.54463616e-08,2.65148120e-01,7.34851880e-01
1.000000e-07,100.000000,2.000000e+00,5.000000e-08,1.70942736e+00,8.54713678e-08,2.64734599e-01,7.35265401e-01
1.000000e-07,100.000000,2.000000e+00,5.000000e-08,1.70992748e+00,8.54963741e-08,2.64320884e-01,7.35679116e-01
1.000000e-07,100.000000,2.000000e+00,5.000000e-08,1.71042761e+00,8.55213803e-08,2.63906974e-01,7.36093026e-01
1.000000e-07,100.000000,2.000000e+00,5.000000e-08,1.71092773e+00,8.55463866e-08,2.63492870e-01,7.36507130e-01
1.000000e-07,100.000000,2.000000e+00,5.000000e-08,1.71142786e+00,8.55713928e-08,2.63078572e-01,7.36921428e-01
1.000000e-07,100.000000,2.000000e+00,5.000000e-08,1.71192798e+00,8.55963991e-08,2.62664080e-01,7.37335920e-01
1.000000e-07,100.000000,2.000000e+00,5.000000e-08,1.71242811e+00,8.56214054e-08,2.62249395e-01,7.37750605e-01
1.000000e-07,100.000000,2.000000e+00,5.000000e-08,1.71292823e+00,8.56464116e-08,2.61834517e-01,7.38165483e-01
1.000000e-07,100.000000,2.000000e+00,5.000000e-08,1.71342836e+00,8.56714179e-08,2.61419445e-01,7.38580555e-01
1.000000e-07,100.000000,2.000000e+00,5.000000e-08,1.71392848e+00,8.56964241e-08,2.61004181e-01,7.38995819e-01
1.000000e-07,100.000000,2.000000e+00,5.000000e-08,1.71442861e+00,8.57214304e-08,2.60588724e-01,7.39411276e-01
1.000000e-07,100.000000,2.000000e+00,5.000000e-08,1.71492873e+00,8.57464366e-08,2.60173075e-01,7.39826925e-01
1.000000e-07,100.000000,2.000000e+00,5.000000e-08,1.71542886e+00,8.57714429e-08,2.59757234e-01,7.40242766e-01
1.000000e-07,100.000000,2.000000e+00,5.000000e-08,1.71592898e+00,8.57964491e-08,2.59341201e-01,7.40658799e-01
1.000000e-07,100.000000,2.000000e+00,5.000000e-08,1.71642911e+00,8.58214554e-08,2.58924977e-01,7.41075023e-01
1.000000e-07,100.000000,2.000000e+00,5.000000e-08,1.71692923e+00,8.58464616e-08,2.58508561e-01,7.41491439e-01
1.000000e-07,100.000000,2.000000e+00,5.000000e-08,1.71742936e+00,8.58714679e-08,2.58091954e-01,7.41908046e-01
1.000000e-07,100.000000,2.000000e+00,5.000000e-08,1.71792948e+00,8.58964741e-08,2.57675156e-01,7.42324844e-01
1.000000e-07,100.000000,2.000000e+00,5.000000e-08,1.71842961e+00,8.59214804e-08,2.57258167e-01,7.42741833e-01
1.000000e-07,100.000000,2.000000e+00,5.000000e-08,1.71892973e+00,8.59464866e-08,2.56840988e-01,7.43159012e-01
1.000000e-07,100.000000,2.000000e+00,5.000000e-08,1.71942986e+00,8.59714929e-08,2.56423619e-01,7.43576381e-01
1.000000e-07,100.000000,2.000000e+00,5.000000e-08,1.71992998e+00,8.59964991e-08,2.56006060e-01,7.43993940e-01
1.000000e-07,100.000000,2.000000e+00,5.000000e-08,1.72043011e+00,8.60215054e-08,2.55588311e-01,7.44411689e-01
1.000000e-07,100.000000,2.000000e+00,5.000000e-08,1.72093023e+00,8.60465116e-08,2.55170372e-01,7.44829628e-01
1.000000e-07,100.000000,2.000000e+00,5.000000e-08,1.72143036e+00,8.60715179e-08,2.54752245e-01,7.45247755e-01
1.000000e-07,100.000000,2.000000e+00,5.000000e-08,1.72193048e+00,8.60965241e-08,2.54333928e-01,7.45666072e-01
1.000000e-07,100.000000,2.000000e+00,5.000000e-08,1.72243061e+00,8.61215304e-08,2.53915423e-01,7.46084577e-01
1.000000e-07,100.000000,2.000000e+00,5.000000e-08,1.72293073e+00,8.61465366e-08,2.53496729e-01,7.46503271e-01
1.000000e-07,100.000000,2.000000e+00,5.000000e-08,1.72343086e+00,8.61715429e-08,2.53077847e-01,7.46922153e-01
1.000000e-07,100.000000,2.000000e+00,5.000000e-08,1.72393098e+00,8.61965491e-08,2.52658777e-01,7.47341223e-01
1.000000e-07,100.000000,2.000000e+00,5.000000e-08,1.72443111e+00,8.62215554e-08,2.52239519e-01,7.47760481e-01
1.000000e-07,100.000000,2.000000e+00,5.000000e-08,1.72493123e+00,8.62465616e-08,2.51820074e-01,7.48179926e-01
1.000000e-07,100.000000,2.000000e+00,5.000000e-08,1.72543136e+00,8.62715679e-08,2.51400441e-01,7.48599559e-01
1.000000e-07,100.000000,2.000000e+00,5.000000e-08,1.72593148e+00,8.62965741e-08,2.50980621e-01,7.49019379e-01
1.000000e-07,100.000000,2.000000e+00,5.000000e-08,1.72643161e+00,8.63215804e-08,2.50560615e-01,7.49439385e-01
1.000000e-07,100.000000,2.000000e+00,5.000000e-08,1.72693173e+00,8.63465866e-08,2.50140421e-01,7.49859579e-01
1.000000e-07,100.000000,2.000000e+00,5.000000e-08,1.72743186e+00,8.63715929e-08,2.49720042e-01,7.50279958e-01
1.000000e-07,100.000000,2.000000e+00,5.000000e-08,1.72793198e+00,8.63965991e-08,2.49299476e-01,7.50700524e-01
1.000000e-07,100.000000,2.000000e+00,5.000000e-08,1.72843211e+00,8.64216054e-08,2.48878724e-01,7.51121276e-01
1.000000e-07,100.000000,2.000000e+00,5.000000e-08,1.72893223e+00,8.64466117e-08,2.48457787e-01,7.51542213e-01
1.000000e-07,100.000000,2.000000e+00,5.000000e-08,1.72943236e+00,8.64716179e-08,2.48036664e-01,7.51963336e-01
1.000000e-07,100.000000,2.000000e+00,5.000000e-08,1.72993248e+00,8.64966242e-08,2.47615357e-01,7.52384643e-01
1.000000e-07,100.000000,2.000000e+00,5.000000e-08,1.73043261e+00,8.65216304e-08,2.47193864e-01,7.52806136e-01
1.000000e-07,100.000000,2.000000e+00,5.000000e-08,1.73093273e+00,8.65466367e-08,2.46772187e-01,7.53227813e-01
1.000000e-07,100.000000,2.000000e+00,5.000000e-08,1.73143286e+00,8.65716429e-08,2.46350325e-01,7.53649675e-01
1.000000e-07,100.000000,2.000000e+00,5.000000e-08,1.73193298e+00,8.65966492e-08,2.45928279e-01,7.54071721e-01
1.000000e-07,100.000000,2.000000e+00,5.000000e-08,1.73243311e+00,8.66216554e-08,2.45506049e-01,7.54493951e-01
1.000000e-07,100.000000,2.000000e+00,5.000000e-08,1.73293323e+00,8.66466617e-08,2.45083635e-01,7.54916365e-01
1.000000e-07,100.000000,2.000000e+00,5.000000e-08,1.73343336e+00,8.66716679e-08,2.44661038e-01,7.55338962e-01
1.000000e-07,100.000000,2.000000e+00,5.000000e-08,1.73393348e+00,8.66966742e-08,2.44238258e-01,7.55761742e-01
1.000000e-07,100.000000,2.000000e+00,5.000000e-08,1.73443361e+00,8.67216804e-08,2.43815295e-01,7.56184705e-01
1.000000e-07,100.000000,2.000000e+00,5.000000e-08,1.73493373e+00,8.67466867e-08,2.43392149e-01,7.56607851e-01
1.000000e-07,100.000000,2.000000e+00,5.000000e-08,1.73543386e+00,8.67716929e-08,2.42968820e-01,7.57031180e-01
1.000000e-07,100.000000,2.000000e+00,5.000000e-08,1.73593398e+00,8.67966992e-08,2.42545309e-01,7.57454691e-01
1.000000e-07,100.000000,2.000000e+00,5.000000e-08,1.73643411e+00,8.68217054e-08,2.42121617e-01,7.57878383e-01
1.000000e-07,100.000000,2.000000e+00,5.000000e-08,1.73693423e+00,8.68467117e-08,2.41697742e-01,7.58302258e-01
1.000000e-07,100.000000,2.000000e+00,5.000000e-08,1.73743436e+00,8.68717179e-08,2.41273686e-01,7.58726314e-01
1.000000e-07,100.000000,2.000000e+00,5.000000e-08,1.73793448e+00,8.68967242e-08,2.40849449e-01,7.59150551e-01
1.000000e-07,100.000000,2.000000e+00,5.000000e-08,1.73843461e+00,8.69217304e-08,2.40425031e-01,7.59574969e-01
1.000000e-07,100.000000,2.000000e+00,5.000000e-08,1.73893473e+00,8.69467367e-08,2.40000432e-01,7.59999568e-01
1.000000e-07,100.000000,2.000000e+00,5.000000e-08,1.73943486e+00,8.69717429e-08,2.39575652e-01,7.60424348e-01
1.000000e-07,100.000000,2.000000e+00,5.000000e-08,1.73993498e+00,8.69967492e-08,2.39150692e-01,7.60849308e-01
1.000000e-07,100.000000,2.000000e+00,5.000000e-08,1.74043511e+00,8.70217554e-08,2.38725552e-01,7.61274448e-01
1.000000e-07,100.000000,2.000000e+00,5.000000e-08,1.74093523e+00,8.70467617e-08,2.38300233e-01,7.61699767e-01
1.000000e-07,100.000000,2.000000e+00,5.000000e-08,1.74143536e+00,8.70717679e-08,2.37874733e-01,7.62125267e-01
1.000000e-07,100.000000,2.000000e+00,5.000000e-08,1.74193548e+00,8.70967742e-08,2.37449055e-01,7.62550945e-01
1.000000e-07,100.000000,2.000000e+00,5.000000e-08,1.74243561e+00,8.71217804e-08,2.37023197e-01,7.62976803e-01
1.000000e-07,100.000000,2.000000e+00,5.000000e-08,1.74293573e+00,8.71467867e-08,2.36597161e-01,7.63402839e-01
1.000000e-07,100.000000,2.000000e+00,5.000000e-08,1.74343586e+00,8.71717929e-08,2.36170946e-01,7.63829054e-01
1.000000e-07,100.000000,2.000000e+00,5.000000e-08,1.74393598e+00,8.71967992e-08,2.35744553e-01,7.64255447e-01
1.000000e-07,100.000000,2.000000e+00,5.000000e-08,1.74443611e+00,8.72218055e-08,2.35317981e-01,7.64682019e-01
1.000000e-07,100.000000,2.000000e+00,5.000000e-08,1.74493623e+00,8.72468117e-08,2.34891232e-01,7.65108768e-01
1.000000e-07,100.000000,2.000000e+00,5.000000e-08,1.74543636e+00,8.72718180e-08,2.34464305e-01,7.65535695e-01
1.000000e-07,100.000000,2.000000e+00,5.000000e-08,1.74593648e+00,8.72968242e-08,2.34037201e-01,7.65962799e-01
1.000000e-07,100.000000,2.000000e+00,5.000000e-08,1.74643661e+00,8.73218305e-08,2.33609920e-01,7.66390080e-01
1.000000e-07,100.000000,2.000000e+00,5.000000e-08,1.74693673e+00,8.73468367e-08,2.33182462e-01,7.66817538e-01
1.000000e-07,100.000000,2.000000e+00,5.000000e-08,1.74743686e+00,8.73718430e-08,2.32754827e-01,7.67245173e-01
1.000000e-07,100.000000,2.000000e+00,5.000000e-08,1.74793698e+00,8.73968492e-08,2.32327016e-01,7.67672984e-01
1.000000e-07,100.000000,2.000000e+00,5.000000e-08,1.74843711e+00,8.74218555e-08,2.31899029e-01,7.68100971e-01
1.000000e-07,100.000000,2.000000e+00,5.000000e-08,1.74893723e+00,8.74468617e-08,2.31470867e-01,7.68529133e-01
1.000000e-07,100.000000,2.000000e+00,5.000000e-08,1.74943736e+00,8.74718680e-08,2.31042528e-01,7.68957472e-01
1.000000e-07,100.000000,2.000000e+00,5.000000e-08,1.74993748e+00,8.74968742e-08,2.30614014e-01,7.69385986e-01
1.000000e-07,100.000000,2.000000e+00,5.000000e-08,1.75043761e+00,8.75218805e-08,2.30185325e-01,7.69814675e-01
1.000000e-07,100.000000,2.000000e+00,5.000000e-08,1.75093773e+00,8.75468867e-08,2.29756462e-01,7.70243538e-01
1.000000e-07,100.000000,2.000000e+00,5.000000e-08,1.75143786e+00,8.75718930e-08,2.29327423e-01,7.70672577e-01
1.000000e-07,100.000000,2.000000e+00,5.000000e-08,1.75193798e+00,8.75968992e-08,2.28898210e-01,7.71101790e-01
1.000000e-07,100.000000,2.000000e+00,5.000000e-08,1.75243811e+00,8.76219055e-08,2.28468824e-01,7.71531176e-01
1.000000e-07,100.000000,2.000000e+00,5.000000e-08,1.75293823e+00,8.76469117e-08,2.28039263e-01,7.71960737e-01
1.000000e-07,100.000000,2.000000e+00,5.000000e-08,1.75343836e+00,8.76719180e-08,2.27609529e-01,7.72390471e-01
1.000000e-07,100.000000,2.000000e+00,5.000000e-08,1.75393848e+00,8.76969242e-08,2.27179621e-01,7.72820379e-01
1.000000e-07,100.000000,2.000000e+00,5.000000e-08,1.75443861e+00,8.77219305e-08,2.26749540e-01,7.73250460e-01
1.000000e-07,100.000000,2.000000e+00,5.000000e-08,1.75493873e+00,8.77469367e-08,2.26319287e-01,7.73680713e-01
1.000000e-07,100.000000,2.000000e+00,5.000000e-08,1.75543886e+00,8.77719430e-08,2.25888861e-01,7.74111139e-01
1.000000e-07,100.000000,2.000000e+00,5.000000e-08,1.75593898e+00,8.77969492e-08,2.25458262e-01,7.74541738e-01
1.000000e-07,100.000000,2.000000e+00,5.000000e-08,1.75643911e+00,8.78219555e-08,2.25027492e-01,7.74972508e-01
1.000000e-07,100.000000,2.000000e+00,5.000000e-08,1.75693923e+00,8.78469617e-08,2.24596549e-01,7.75403451e-01
1.000000e-07,100.000000,2.000000e+00,5.000000e-08,1.75743936e+00,8.78719680e-08,2.24165435e-01,7.75834565e-01
1.000000e-07,100.000000,2.000000e+00,5.000000e-08,1.75793948e+00,8.78969742e-08,2.23734150e-01,7.76265850e-01
1.000000e-07,100.000000,2.000000e+00,5.000000e-08,1.75843961e+00,8.79219805e-08,2.23302693e-01,7.76697307e-01
1.000000e-07,100.000000,2.000000e+00,5.000000e-08,1.75893973e+00,8.79469867e-08,2.22871066e-01,7.77128934e-01
1.000000e-07,100.000000,2.000000e+00,5.000000e-08,1.75943986e+00,8.79719930e-08,2.22439268e-01,7.77560732e-01
1.000000e-07,100.000000,2.000000e+00,5.000000e-08,1.75993998e+00,8.79969992e-08,2.22007300e-01,7.77992700e-01
1.000000e-07,100.000000,2.000000e+00,5.000000e-08,1.76044011e+00,8.80220055e-08,2.21575162e-01,7.78424838e-01
1.000000e-07,100.000000,2.000000e+00,5.000000e-08,1.76094024e+00,8.80470118e-08,2.21142854e-01,7.78857146e-01
1.000000e-07,100.000000,2.000000e+00,5.000000e-08,1.76144036e+00,8.80720180e-08,2.20710376e-01,7.79289624e-01
1.000000e-07,100.000000,2.000000e+00,5.000000e-08,1.76194049e+00,8.80970243e-08,2.20277729e-01,7.79722271e-01
1.000000e-07,100.000000,2.000000e+00,5.000000e-08,1.76244061e+00,8.81220305e-08,2.19844913e-01,7.80155087e-01
1.000000e-07,100.000000,2.000000e+00,5.000000e-08,1.76294074e+00,8.81470368e-08,2.19411928e-01,7.80588072e-01
1.000000e-07,100.000000,2.000000e+00,5.000000e-08,1.76344086e+00,8.81720430e-08,2.18978774e-01,7.81021226e-01
1.000000e-07,100.000000,2.000000e+00,5.000000e-08,1.76394099e+00,8.81970493e-08,2.18545453e-01,7.81454547e-01
1.000000e-07,100.000000,2.000000e+00,5.000000e-08,1.76444111e+00,8.82220555e-08,2.18111963e-01,7.81888037e-01
1.000000e-07,100.000000,2.000000e+00,5.000000e-08,1.76494124e+00,8.82470618e-08,2.17678305e-01,7.82321695e-01
1.000000e-07,100.000000,2.000000e+00,5.000000e-08,1.76544136e+00,8.82720680e-08,2.17244480e-01,7.82755520e-01
1.000000e-07,100.000000,2.000000e+00,5.000000e-08,1.76594149e+00,8.82970743e-08,2.16810488e-01,7.83189512e-01
1.000000e-07,100.000000,2.000000e+00,5.000000e-08,1.76644161e+00,8.83220805e-08,2.16376328e-01,7.83623672e-01
1.000000e-07,100.000000,2.000000e+00,5.000000e-08,1.76694174e+00,8.83470868e-08,2.15942002e-01,7.84057998e-01
1.000000e-07,100.000000,2.000000e+00,5.000000e-08,1.76744186e+00,8.83720930e-08,2.15507509e-01,7.84492491e-01
1.000000e-07,100.000000,2.000000e+00,5.000000e-08,1.76794199e+00,8.83970993e-08,2.15072850e-01,7.84927150e-01
1.000000e-07,100.000000,2.000000e+00,5.000000e-08,1.76844211e+00,8.84221055e-08,2.14638025e-01,7.85361975e-01
1.000000e-07,100.000000,2.000000e+00,5.000000e-08,1.76894224e+00,8.84471118e-08,2.14203034e-01,7.85796966e-01
1.000000e-07,100.000000,2.000000e+00,5.000000e-08,1.76944236e+00,8.84721180e-08,2.13767877e-01,7.86232123e-01
1.000000e-07,100.000000,2.000000e+00,5.000000e-08,1.76994249e+00,8.84971243e-08,2.13332556e-01,7.86667444e-01
1.000000e-07,100.000000,2.000000e+00,5.000000e-08,1.77044261e+00,8.85221305e-08,2.12897069e-01,7.87102931e-01
1.000000e-07,100.000000,2.000000e+00,5.000000e-08,1.77094274e+00,8.85471368e-08,2.12461418e-01,7.87538582e-01
1.000000e-07,100.000000,2.000000e+00,5.000000e-08,1.77144286e+00,8.85721430e-08,2.12025602e-01,7.87974398e-01
1.000000e-07,100.000000,2.000000e+00,5.000000e-08,1.77194299e+00,8.85971493e-08,2.11589622e-01,7.88410378e-01
1.000000e-07,100.000000,2.000000e+00,5.000000e-08,1.77244311e+00,8.86221555e-08,2.11153478e-01,7.88846522e-01
1.000000e-07,100.000000,2.000000e+00,5.000000e-08,1.77294324e+00,8.86471618e-08,2.10717170e-01,7.89282830e-01
1.000000e-07,100.000000,2.000000e+00,5.000000e-08,1.77344336e+00,8.86721680e-08,2.10280699e-01,7.89719301e-01
1.000000e-07,100.000000,2.000000e+00,5.000000e-08,1.77394349e+00,8.86971743e-08,2.09844065e-01,7.90155935e-01
1.000000e-07,100.000000,2.000000e+00,5.000000e-08,1.77444361e+00,8.87221805e-08,2.09407267e-01,7.90592733e-01
1.000000e-07,100.000000,2.000000e+00,5.000000e-08,1.77494374e+00,8.87471868e-08,2.08970307e-01,7.91029693e-01
1.000000e-07,100.000000,2.000000e+00,5.000000e-08,1.77544386e+00,8.87721930e-08,2.08533185e-01,7.91466815e-01
1.000000e-07,100.000000,2.000000e+00,5.000000e-08,1.77594399e+00,8.87971993e-08,2.08095900e-01,7.91904100e-01
1.000000e-07,100.000000,2.000000e+00,5.000000e-08,1.77644411e+00,8.88222056e-08,2.07658454e-01,7.92341546e-01
1.000000e-07,100.000000,2.000000e+00,5.000000e-08,1.77694424e+00,8.88472118e-08,2.07220846e-01,7.92779154e-01
1.000000e-07,100.000000,2.000000e+00,5.000000e-08,1.77744436e+00,8.88722181e-08,2.06783076e-01,7.93216924e-01
1.000000e-07,100.000000,2.000000e+00,5.000000e-08,1.77794449e+00,8.88972243e-08,2.06345145e-01,7.93654855e-01
1.000000e-07,100.000000,2.000000e+00,5.000000e-08,1.77844461e+00,8.89222306e-08,2.05907054e-01,7.94092946e-01
1.000000e-07,100.000000,2.000000e+00,5.000000e-08,1.77894474e+00,8.89472368e-08,2.05468802e-01,7.94531198e-01
1.000000e-07,100.000000,2.000000e+00,5.000000e-08,1.77944486e+00,8.89722431e-08,2.05030389e-01,7.94969611e-01
1.000000e-07,100.000000,2.000000e+00,5.000000e-08,1.77994499e+00,8.89972493e-08,2.04591816e-01,7.95408184e-01
1.000000e-07,100.000000,2.000000e+00,5.000000e-08,1.78044511e+00,8.90222556e-08,2.04153084e-01,7.95846916e-01
1.000000e-07,100.000000,2.000000e+00,5.000000e-08,1.78094524e+00,8.90472618e-08,2.03714192e-01,7.96285808e-01
1.000000e-07,100.000000,2.000000e+00,5.000000e-08,1.78144536e+00,8.90722681e-08,2.03275141e-01,7.96724859e-01
1.000000e-07,100.000000,2.000000e+00,5.000000e-08,1.78194549e+00,8.90972743e-08,2.02835930e-01,7.97164070e-01
1.000000e-07,100.000000,2.000000e+00,5.000000e-08,1.78244561e+00,8.91222806e-08,2.02396561e-01,7.97603439e-01
1.000000e-07,100.000000,2.000000e+00,5.000000e-08,1.78294574e+00,8.91472868e-08,2.01957033e-01,7.98042967e-01
1.000000e-07,100.000000,2.000000e+00,5.000000e-08,1.78344586e+00,8.91722931e-08,2.01517347e-01,7.98482653e-01
1.000000e-07,100.000000,2.000000e+00,5.000000e-08,1.78394599e+00,8.91972993e-08,2.01077503e-01,7.98922497e-01
1.000000e-07,100.000000,2.000000e+00,5.000000e-08,1.78444611e+00,8.92223056e-08,2.00637501e-01,7.99362499e-01
1.000000e-07,100.000000,2.000000e+00,5.000000e-08,1.78494624e+00,8.92473118e-08,2.00197342e-01,7.99802658e-01
1.000000e-07,100.000000,2.000000e+00,5.000000e-08,1.78544636e+00,8.92723181e-08,1.99757025e-01,8.00242975e-01
1.000000e-07,100.000000,2.000000e+00,5.000000e-08,1.78594649e+00,8.92973243e-08,1.99316552e-01,8.00683448e-01
1.000000e-07,100.000000,2.000000e+00,5.000000e-08,1.78644661e+00,8.93223306e-08,1.98875921e-01,8.01124079e-01
1.000000e-07,100.000000,2.000000e+00,5.000000e-08,1.78694674e+00,8.93473368e-08,1.98435135e-01,8.01564865e-01
1.000000e-07,100.000000,2.000000e+00,5.000000e-08,1.78744686e+00,8.93723431e-08,1.97994192e-01,8.02005808e-01
1.000000e-07,100.000000,2.000000e+00,5.000000e-08,1.78794699e+00,8.93973493e-08,1.97553093e-01,8.02446907e-01
1.000000e-07,100.000000,2.000000e+00,5.000000e-08,1.78844711e+00,8.94223556e-08,1.97111838e-01,8.02888162e-01
1.000000e-07,100.000000,2.000000e+00,5.000000e-08,1.78894724e+00,8.94473618e-08,1.96670428e-01,8.03329572e-01
1.000000e-07,100.000000,2.000000e+00,5.000000e-08,1.78944736e+00,8.94723681e-08,1.96228863e-01,8.03771137e-01
1.000000e-07,100.000000,2.000000e+00,5.000000e-08,1.78994749e+00,8.94973743e-08,1.95787143e-01,8.04212857e-01
1.000000e-07,100.000000,2.000000e+00,5.000000e-08,1.79044761e+00,8.95223806e-08,1.95345269e-01,8.04654731e-01
1.000000e-07,100.000000,2.000000e+00,5.000000e-08,1.79094774e+00,8.95473868e-08,1.94903240e-01,8.05096760e-01
1.000000e-07,100.000000,2.000000e+00,5.000000e-08,1.79144786e+00,8.95723931e-08,1.94461057e-01,8.05538943e-01
1.000000e-07,100.000000,2.000000e+00,5.000000e-08,1.79194799e+00,8.95973993e-08,1.94018720e-01,8.05981280e-01
1.000000e-07,100.000000,2.000000e+00,5.000000e-08,1.79244811e+00,8.96224056e-08,1.93576230e-01,8.06423770e-01
1.000000e-07,100.000000,2.000000e+00,5.000000e-08,1.79294824e+00,8.96474119e-08,1.93133586e-01,8.06866414e-01
1.000000e-07,100.000000,2.000000e+00,5.000000e-08,1.79344836e+00,8.96724181e-08,1.92690789e-01,8.07309211e-01
1.000000e-07,100.000000,2.000000e+00,5.000000e-08,1.79394849e+00,8.96974244e-08,1.92247840e-01,8.07752160e-01
1.000000e-07,100.000000,2.000000e+00,5.000000e-08,1.79444861e+00,8.97224306e-08,1.91804737e-01,8.08195263e-01
1.000000e-07,100.000000,2.000000e+00,5.000000e-08,1.79494874e+00,8.97474369e-08,1.91361483e-01,8.08638517e-01
1.000000e-07,100.000000,2.000000e+00,5.000000e-08,1.79544886e+00,8.97724431e-08,1.90918077e-01,8.09081923e-01
1.000000e-07,100.000000,2.000000e+00,5.000000e-08,1.79594899e+00,8.97974494e-08,1.90474519e-01,8.09525481e-01
1.000000e-07,100.000000,2.000000e+00,5.000000e-08,1.79644911e+00,8.98224556e-08,1.90030809e-01,8.09969191e-01
1.000000e-07,100.000000,2.000000e+00,5.000000e-08,1.79694924e+00,8.98474619e-08,1.89586949e-01,8.10413051e-01
1.000000e-07,100.000000,2.000000e+00,5.000000e-08,1.79744936e+00,8.98724681e-08,1.89142937e-01,8.10857063e-01
1.000000e-07,100.000000,2.000000e+00,5.000000e-08,1.79794949e+00,8.98974744e-08,1.88698775e-01,8.11301225e-01
1.000000e-07,100.000000,2.000000e+00,5.000000e-08,1.79844961e+00,8.99224806e-08,1.88254462e-01,8.11745538e-01
1.000000e-07,100.000000,2.000000e+00,5.000000e-08,1.79894974e+00,8.99474869e-08,1.87809999e-01,8.12190001e-01
1.000000e-07,100.000000,2.000000e+00,5.000000e-08,1.79944986e+00,8.99724931e-08,1.87365387e-01,8.12634613e-01
1.000000e-07,100.000000,2.000000e+00,5.000000e-08,1.79994999e+00,8.99974994e-08,1.86920624e-01,8.13079376e-01
1.000000e-07,100.000000,2.000000e+00,5.000000e-08,1.80045011e+00,9.00225056e-08,1.86475713e-01,8.13524287e-01
1.000000e-07,100.000000,2.000000e+00,5.000000e-08,1.80095024e+00,9.00475119e-08,1.86030652e-01,8.13969348e-01
1.000000e-07,100.000000,2.000000e+00,5.000000e-08,1.80145036e+00,9.00725181e-08,1.85585443e-01,8.14414557e-01
1.000000e-07,100.000000,2.000000e+00,5.000000e-08,1.80195049e+00,9.00975244e-08,1.85140085e-01,8.14859915e-01
1.000000e-07,100.000000,2.000000e+00,5.000000e-08,1.80245061e+00,9.01225306e-08,1.84694578e-01,8.15305422e-01
1.000000e-07,100.000000,2.000000e+00,5.000000e-08,1.80295074e+00,9.01475369e-08,1.84248924e-01,8.15751076e-01
1.000000e-07,100.000000,2.000000e+00,5.000000e-08,1.80345086e+00,9.01725431e-08,1.83803122e-01,8.16196878e-01
1.000000e-07,100.000000,2.000000e+00,5.000000e-08,1.80395099e+00,9.01975494e-08,1.83357172e-01,8.16642828e-01
1.000000e-07,100.000000,2.000000e+00,5.000000e-08,1.80445111e+00,9.02225556e-08,1.82911076e-01,8.17088924e-01
1.000000e-07,100.000000,2.000000e+00,5.000000e-08,1.80495124e+00,9.02475619e-08,1.82464832e-01,8.17535168e-01
1.000000e-07,100.000000,2.000000e+00,5.000000e-08,1.80545136e+00,9.02725681e-08,1.82018442e-01,8.17981558e-01
1.000000e-07,100.000000,2.000000e+00,5.000000e-08,1.80595149e+00,9.02975744e-08,1.81571905e-01,8.18428095e-01
1.000000e-07,100.000000,2.000000e+00,5.000000e-08,1.80645161e+00,9.03225806e-08,1.81125222e-01,8.18874778e-01
1.000000e-07,100.000000,2.000000e+00,5.000000e-08,1.80695174e+00,9.03475869e-08,1.80678393e-01,8.19321607e-01
1.000000e-07,100.000000,2.000000e+00,5.000000e-08,1.80745186e+00,9.03725931e-08,1.80231419e-01,8.19768581e-01
1.000000e-07,100.000000,2.000000e+00,5.000000e-08,1.80795199e+00,9.03975994e-08,1.79784299e-01,8.20215701e-01
1.000000e-07,100.000000,2.000000e+00,5.000000e-08,1.80845211e+00,9.04226057e-08,1.79337034e-01,8.20662966e-01
1.000000e-07,100.000000,2.000000e+00,5.000000e-08,1.80895224e+00,9.04476119e-08,1.78889625e-01,8.21110375e-01
1.000000e-07,100.000000,2.000000e+00,5.000000e-08,1.80945236e+00,9.04726182e-08,1.78442071e-01,8.21557929e-01
1.000000e-07,100.000000,2.000000e+00,5.000000e-08,1.80995249e+00,9.04976244e-08,1.77994372e-01,8.22005628e-01
1.000000e-07,100.000000,2.000000e+00,5.000000e-08,1.81045261e+00,9.05226307e-08,1.77546530e-01,8.22453470e-01
1.000000e-07,100.000000,2.000000e+00,5.000000e-08,1.81095274e+00,9.05476369e-08,1.77098544e-01,8.22901456e-01
1.000000e-07,100.000000,2.000000e+00,5.000000e-08,1.81145286e+00,9.05726432e-08,1.76650414e-01,8.23349586e-01
1.000000e-07,100.000000,2.000000e+00,5.000000e-08,1.81195299e+00,9.05976494e-08,1.76202142e-01,8.23797858e-01
1.000000e-07,100.000000,2.000000e+00,5.000000e-08,1.81245311e+00,9.06226557e-08,1.75753726e-01,8.24246274e-01
1.000000e-07,100.000000,2.000000e+00,5.000000e-08,1.81295324e+00,9.06476619e-08,1.75305168e-01,8.24694832e-01
1.000000e-07,100.000000,2.000000e+00,5.000000e-08,1.81345336e+00,9.06726682e-08,1.74856467e-01,8.25143533e-01
1.000000e-07,100.000000,2.000000e+00,5.000000e-08,1.81395349e+00,9.06976744e-08,1.74407624e-01,8.25592376e-01
1.000000e-07,100.000000,2.000000e+00,5.000000e-08,1.81445361e+00,9.07226807e-08,1.73958640e-01,8.26041360e-01
1.000000e-07,100.000000,2.000000e+00,5.000000e-08,1.81495374e+00,9.07476869e-08,1.73509513e-01,8.26490487e-01
1.000000e-07,100.000000,2.000000e+00,5.000000e-08,1.81545386e+00,9.07726932e-08,1.73060246e-01,8.26939754e-01
1.000000e-07,100.000000,2.000000e+00,5.000000e-08,1.81595399e+00,9.07976994e-08,1.72610837e-01,8.27389163e-01
1.000000e-07,100.000000,2.000000e+00,5.000000e-08,1.81645411e+00,9.08227057e-08,1.72161288e-01,8.27838712e-01
1.000000e-07,100.000000,2.000000e+00,5.000000e-08,1.81695424e+00,9.08477119e-08,1.71711598e-01,8.28288402e-01
1.000000e-07,100.000000,2.000000e+00,5.000000e-08,1.81745436e+00,9.08727182e-08,1.71261768e-01,8.28738232e-01
1.000000e-07,100.000000,2.000000e+00,5.000000e-08,1.81795449e+00,9.08977244e-08,1.70811798e-01,8.29188202e-01
1.000000e-07,100.000000,2.000000e+00,5.000000e-08,1.81845461e+00,9.09227307e-08,1.70361689e-01,8.29638311e-01
1.000000e-07,100.000000,2.000000e+00,5.000000e-08,1.81895474e+00,9.09477369e-08,1.69911440e-01,8.30088560e-01
1.000000e-07,100.000000,2.000000e+00,5.000000e-08,1.81945486e+00,9.09727432e-08,1.69461051e-01,8.30538949e-01
1.000000e-07,100.000000,2.000000e+00,5.000000e-08,1.81995499e+00,9.09977494e-08,1.69010524e-01,8.30989476e-01
1.000000e-07,100.000000,2.000000e+00,5.000000e-08,1.82045511e+00,9.10227557e-08,1.68559859e-01,8.31440141e-01
1.000000e-07,100.000000,2.000000e+00,5.000000e-08,1.82095524e+00,9.10477619e-08,1.68109055e-01,8.31890945e-01
1.000000e-07,100.000000,2.000000e+00,5.000000e-08,1.82145536e+00,9.10727682e-08,1.67658113e-01,8.32341887e-01
1.000000e-07,100.000000,2.000000e+00,5.000000e-08,1.82195549e+00,9.10977744e-08,1.67207033e-01,8.32792967e-01
1.000000e-07,100.000000,2.000000e+00,5.000000e-08,1.82245561e+00,9.11227807e-08,1.66755816e-01,8.33244184e-01
1.000000e-07,100.000000,2.000000e+00,5.000000e-08,1.82295574e+00,9.11477869e-08,1.66304461e-01,8.33695539e-01
1.000000e-07,100.000000,2.000000e+00,5.000000e-08,1.82345586e+00,9.11727932e-08,1.65852970e-01,8.34147030e-01
1.000000e-07,100.000000,2.000000e+00,5.000000e-08,1.82395599e+00,9.11977994e-08,1.65401341e-01,8.34598659e-01
1.000000e-07,100.000000,2.000000e+00,5.000000e-08,1.82445611e+00,9.12228057e-08,1.64949577e-01,8.35050423e-01
1.000000e-07,100.000000,2.000000e+00,5.000000e-08,1.82495624e+00,9.12478120e-08,1.64497676e-01,8.35502324e-01
1.000000e-07,100.000000,2.000000e+00,5.000000e-08,1.82545636e+00,9.12728182e-08,1.64045639e-01,8.35954361e-01
1.000000e-07,100.000000,2.000000e+00,5.000000e-08,1.82595649e+00,9.12978245e-08,1.63593467e-01,8.36406533e-01
1.000000e-07,100.000000,2.000000e+00,5.000000e-08,1.82645661e+00,9.13228307e-08,1.63141159e-01,8.36858841e-01
1.000000e-07,100.000000,2.000000e+00,5.000000e-08,1.82695674e+00,9.13478370e-08,1.62688717e-01,8.37311283e-01
1.000000e-07,100.000000,2.000000e+00,5.000000e-08,1.82745686e+00,9.13728432e-08,1.62236139e-01,8.37763861e-01
1.000000e-07,100.000000,2.000000e+00,5.000000e-08,1.82795699e+00,9.13978495e-08,1.61783427e-01,8.38216573e-01
1.000000e-07,100.000000,2.000000e+00,5.000000e-08,1.82845711e+00,9.14228557e-08,1.61330581e-01,8.38669419e-01
1.000000e-07,100.000000,2.000000e+00,5.000000e-08,1.82895724e+00,9.14478620e-08,1.60877601e-01,8.39122399e-01
1.000000e-07,100.000000,2.000000e+00,5.000000e-08,1.82945736e+00,9.14728682e-08,1.60424487e-01,8.39575513e-01
1.000000e-07,100.000000,2.000000e+00,5.000000e-08,1.82995749e+00,9.14978745e-08,1.59971240e-01,8.40028760e-01
1.000000e-07,100.000000,2.000000e+00,5.000000e-08,1.83045761e+00,9.15228807e-08,1.59517860e-01,8.40482140e-01
1.000000e-07,100.000000,2.000000e+00,5.000000e-08,1.83095774e+00,9.15478870e-08,1.59064347e-01,8.40935653e-01
1.000000e-07,100.000000,2.000000e+00,5.000000e-08,1.83145786e+00,9.15728932e-08,1.58610701e-01,8.41389299e-01
1.000000e-07,100.000000,2.000000e+00,5.000000e-08,1.83195799e+00,9.15978995e-08,1.58156923e-01,8.41843077e-01
1.000000e-07,100.000000,2.000000e+00,5.000000e-08,1.83245811e+00,9.16229057e-08,1.57703012e-01,8.42296988e-01
1.000000e-07,100.000000,2.000000e+00,5.000000e-08,1.83295824e+00,9.16479120e-08,1.57248970e-01,8.42751030e-01
1.000000e-07,100.000000,2.000000e+00,5.000000e-08,1.83345836e+00,9.16729182e-08,1.56794797e-01,8.43205203e-01
1.000000e-07,100.000000,2.000000e+00,5.000000e-08,1.83395849e+00,9.16979245e-08,1.56340492e-01,8.43659508e-01
1.000000e-07,100.000000,2.000000e+00,5.000000e-08,1.83445861e+00,9.17229307e-08,1.55886057e-01,8.44113943e-01
1.000000e-07,100.000000,2.000000e+00,5.000000e-08,1.83495874e+00,9.17479370e-08,1.55431490e-01,8.44568510e-01
1.000000e-07,100.000000,2.000000e+00,5.000000e-08,1.83545886e+00,9.17729432e-08,1.54976794e-01,8.45023206e-01
1.000000e-07,100.000000,2.000000e+00,5.000000e-08,1.83595899e+00,9.17979495e-08,1.54521967e-01,8.45478033e-01
1.000000e-07,100.000000,2.000000e+00,5.000000e-08,1.83645911e+00,9.18229557e-08,1.54067010e-01,8.45932990e-01
1.000000e-07,100.000000,2.000000e+00,5.000000e-08,1.83695924e+00,9.18479620e-08,1.53611924e-01,8.46388076e-01
1.000000e-07,100.000000,2.000000e+00,5.000000e-08,1.83745936e+00,9.18729682e-08,1.53156709e-01,8.46843291e-01
1.000000e-07,100.000000,2.000000e+00,5.000000e-08,1.83795949e+00,9.18979745e-08,1.52701364e-01,8.47298636e-01
1.000000e-07,100.000000,2.000000e+00,5.000000e-08,1.83845961e+00,9.19229807e-08,1.52245891e-01,8.47754109e-01
1.000000e-07,100.000000,2.000000e+00,5.000000e-08,1.83895974e+00,9.19479870e-08,1.51790289e-01,8.48209711e-01
1.000000e-07,100.000000,2.000000e+00,5.000000e-08,1.83945986e+00,9.19729932e-08,1.51334559e-01,8.48665441e-01
1.000000e-07,100.000000,2.000000e+00,5.000000e-08,1.83995999e+00,9.19979995e-08,1.50878702e-01,8.49121298e-01
1.000000e-07,100.000000,2.000000e+00,5.000000e-08,1.84046012e+00,9.20230058e-08,1.50422716e-01,8.49577284e-01
1.000000e-07,100.000000,2.000000e+00,5.000000e-08,1.84096024e+00,9.20480120e-08,1.49966603e-01,8.50033397e-01
1.000000e-07,100.000000,2.000000e+00,5.000000e-08,1.84146037e+00,9.20730183e-08,1.49510363e-01,8.50489637e-01
1.000000e-07,100.000000,2.000000e+00,5.000000e-08,1.84196049e+00,9.20980245e-08,1.49053997e-01,8.50946003e-01
1.000000e-07,100.000000,2.000000e+00,5.000000e-08,1.84246062e+00,9.21230308e-08,1.48597503e-01,8.51402497e-01
1.000000e-07,100.000000,2.000000e+00,5.000000e-08,1.84296074e+00,9.21480370e-08,1.48140884e-01,8.51859116e-01
1.000000e-07,100.000000,2.000000e+00,5.000000e-08,1.84346087e+00,9.21730433e-08,1.47684139e-01,8.52315861e-01
1.000000e-07,100.000000,2.000000e+00,5.000000e-08,1.84396099e+00,9.21980495e-08,1.47227267e-01,8.52772733e-01
1.000000e-07,100.000000,2.000000e+00,5.000000e-08,1.84446112e+00,9.22230558e-08,1.46770271e-01,8.53229729e-01
1.000000e-07,100.000000,2.000000e+00,5.000000e-08,1.84496124e+00,9.22480620e-08,1.46313149e-01,8.53686851e-01
1.000000e-07,100.000000,2.000000e+00,5.000000e-08,1.84546137e+00,9.22730683e-08,1.45855903e-01,8.54144097e-01
1.000000e-07,100.000000,2.000000e+00,5.000000e-08,1.84596149e+00,9.22980745e-08,1.45398531e-01,8.54601469e-01
1.000000e-07,100.000000,2.000000e+00,5.000000e-08,1.84646162e+00,9.23230808e-08,1.44941036e-01,8.55058964e-01
1.000000e-07,100.000000,2.000000e+00,5.000000e-08,1.84696174e+00,9.23480870e-08,1.44483417e-01,8.55516583e-01
1.000000e-07,100.000000,2.000000e+00,5.000000e-08,1.84746187e+00,9.23730933e-08,1.44025673e-01,8.55974327e-01
1.000000e-07,100.000000,2.000000e+00,5.000000e-08,1.84796199e+00,9.23980995e-08,1.43567807e-01,8.56432193e-01
1.000000e-07,100.000000,2.000000e+00,5.000000e-08,1.84846212e+00,9.24231058e-08,1.43109817e-01,8.56890183e-01
1.000000e-07,100.000000,2.000000e+00,5.000000e-08,1.84896224e+00,9.24481120e-08,1.42651704e-01,8.57348296e-01
1.000000e-07,100.000000,2.000000e+00,5.000000e-08,1.84946237e+00,9.24731183e-08,1.42193468e-01,8.57806532e-01
1.000000e-07,100.000000,2.000000e+00,5.000000e-08,1.84996249e+00,9.24981245e-08,1.41735111e-01,8.58264889e-01
1.000000e-07,100.000000,2.000000e+00,5.000000e-08,1.85046262e+00,9.25231308e-08,1.41276631e-01,8.58723369e-01
1.000000e-07,100.000000,2.000000e+00,5.000000e-08,1.85096274e+00,9.25481370e-08,1.40818029e-01,8.59181971e-01
1.000000e-07,100.000000,2.000000e+00,5.000000e-08,1.85146287e+00,9.25731433e-08,1.40359306e-01,8.59640694e-01
1.000000e-07,100.000000,2.000000e+00,5.000000e-08,1.85196299e+00,9.25981495e-08,1.39900461e-01,8.60099539e-01
1.000000e-07,100.000000,2.000000e+00,5.000000e-08,1.85246312e+00,9.26231558e-08,1.39441496e-01,8.60558504e-01
1.000000e-07,100.000000,2.000000e+00,5.000000e-08,1.85296324e+00,9.26481620e-08,1.38982410e-01,8.61017590e-01
1.000000e-07,100.000000,2.000000e+00,5.000000e-08,1.85346337e+00,9.26731683e-08,1.38523203e-01,8.61476797e-01
1.000000e-07,100.000000,2.000000e+00,5.000000e-08,1.85396349e+00,9.26981745e-08,1.38063877e-01,8.61936123e-01
1.000000e-07,100.000000,2.000000e+00,5.000000e-08,1.85446362e+00,9.27231808e-08,1.37604430e-01,8.62395570e-01
1.000000e-07,100.000000,2.000000e+00,5.000000e-08,1.85496374e+00,9.27481870e-08,1.37144864e-01,8.62855136e-01
1.000000e-07,100.000000,2.000000e+00,5.000000e-08,1.85546387e+00,9.27731933e-08,1.36685179e-01,8.63314821e-01
1.000000e-07,100.000000,2.000000e+00,5.000000e-08,1.85596399e+00,9.27981995e-08,1.36225374e-01,8.63774626e-01
1.000000e-07,100.000000,2.000000e+00,5.000000e-08,1.85646412e+00,9.28232058e-08,1.35765451e-01,8.64234549e-01
1.000000e-07,100.000000,2.000000e+00,5.000000e-08,1.85696424e+00,9.28482121e-08,1.35305410e-01,8.64694590e-01
1.000000e-07,100.000000,2.000000e+00,5.000000e-08,1.85746437e+00,9.28732183e-08,1.34845250e-01,8.65154750e-01
1.000000e-07,100.000000,2.000000e+00,5.000000e-08,1.85796449e+00,9.28982246e-08,1.34384973e-01,8.65615027e-01
1.000000e-07,100.000000,2.000000e+00,5.000000e-08,1.85846462e+00,9.29232308e-08,1.33924577e-01,8.66075423e-01
1.000000e-07,100.000000,2.000000e+00,5.000000e-08,1.85896474e+00,9.29482371e-08,1.33464065e-01,8.66535935e-01
1.000000e-07,100.000000,2.000000e+00,5.000000e-08,1.85946487e+00,9.29732433e-08,1.33003435e-01,8.66996565e-01
1.000000e-07,100.000000,2.000000e+00,5.000000e-08,1.85996499e+00,9.29982496e-08,1.32542689e-01,8.67457311e-01
1.000000e-07,100.000000,2.000000e+00,5.000000e-08,1.86046512e+00,9.30232558e-08,1.32081826e-01,8.67918174e-01
1.000000e-07,100.000000,2.000000e+00,5.000000e-08,1.86096524e+00,9.30482621e-08,1.31620847e-01,8.68379153e-01
1.000000e-07,100.000000,2.000000e+00,5.000000e-08,1.86146537e+00,9.30732683e-08,1.31159752e-01,8.68840248e-01
1.000000e-07,100.000000,2.000000e+00,5.000000e-08,1.86196549e+00,9.30982746e-08,1.30698542e-01,8.69301458e-01
1.000000e-07,100.000000,2.000000e+00,5.000000e-08,1.86246562e+00,9.31232808e-08,1.30237216e-01,8.69762784e-01
1.000000e-07,100.000000,2.000000e+00,5.000000e-08,1.86296574e+00,9.31482871e-08,1.29775775e-01,8.70224225e-01
1.000000e-07,100.000000,2.000000e+00,5.000000e-08,1.86346587e+00,9.31732933e-08,1.29314219e-01,8.70685781e-01
1.000000e-07,100.000000,2.000000e+00,5.000000e-08,1.86396599e+00,9.31982996e-08,1.28852549e-01,8.71147451e-01
1.000000e-07,100.000000,2.000000e+00,5.000000e-08,1.86446612e+00,9.32233058e-08,1.28390764e-01,8.71609236e-01
1.000000e-07,100.000000,2.000000e+00,5.000000e-08,1.86496624e+00,9.32483121e-08,1.27928866e-01,8.72071134e-01
1.000000e-07,100.000000,2.000000e+00,5.000000e-08,1.86546637e+00,9.32733183e-08,1.27466854e-01,8.72533146e-01
1.000000e-07,100.000000,2.000000e+00,5.000000e-08,1.86596649e+00,9.32983246e-08,1.27004728e-01,8.72995272e-01
1.000000e-07,100.000000,2.000000e+00,5.000000e-08,1.86646662e+00,9.33233308e-08,1.26542490e-01,8.73457510e-01
1.000000e-07,100.000000,2.000000e+00,5.000000e-08,1.86696674e+00,9.33483371e-08,1.26080138e-01,8.73919862e-01
1.000000e-07,100.000000,2.000000e+00,5.000000e-08,1.86746687e+00,9.33733433e-08,1.25617674e-01,8.74382326e-01
1.000000e-07,100.000000,2.000000e+00,5.000000e-08,1.86796699e+00,9.33983496e-08,1.25155098e-01,8.74844902e-01
1.000000e-07,100.000000,2.000000e+00,5.000000e-08,1.86846712e+00,9.34233558e-08,1.24692410e-01,8.75307590e-01
1.000000e-07,100.000000,2.000000e+00,5.000000e-08,1.86896724e+00,9.34483621e-08,1.24229610e-01,8.75770390e-01
1.000000e-07,100.000000,2.000000e+00,5.000000e-08,1.86946737e+00,9.34733683e-08,1.23766699e-01,8.76233301e-01
1.000000e-07,100.000000,2.000000e+00,5.000000e-08,1.86996749e+00,9.34983746e-08,1.23303676e-01,8.76696324e-01
1.000000e-07,100.000000,2.000000e+00,5.000000e-08,1.87046762e+00,9.35233808e-08,1.22840543e-01,8.77159457e-01
1.000000e-07,100.000000,2.000000e+00,5.000000e-08,1.87096774e+00,9.35483871e-08,1.22377299e-01,8.77622701e-01
1.000000e-07,100.000000,2.000000e+00,5.000000e-08,1.87146787e+00,9.35733933e-08,1.21913945e-01,8.78086055e-01
1.000000e-07,100.000000,2.000000e+00,5.000000e-08,1.87196799e+00,9.35983996e-08,1.21450481e-01,8.78549519e-01
1.000000e-07,100.000000,2.000000e+00,5.000000e-08,1.87246812e+00,9.36234059e-08,1.20986907e-01,8.79013093e-01
1.000000e-07,100.000000,2.000000e+00,5.000000e-08,1.87296824e+00,9.36484121e-08,1.20523224e-01,8.79476776e-01
1.000000e-07,100.000000,2.000000e+00,5.000000e-08,1.87346837e+00,9.36734184e-08,1.20059432e-01,8.79940568e-01
1.000000e-07,100.000000,2.000000e+00,5.000000e-08,1.87396849e+00,9.36984246e-08,1.19595531e-01,8.80404469e-01
1.000000e-07,100.000000,2.000000e+00,5.000000e-08,1.87446862e+00,9.37234309e-08,1.19131521e-01,8.80868479e-01
1.000000e-07,100.000000,2.000000e+00,5.000000e-08,1.87496874e+00,9.37484371e-08,1.18667403e-01,8.81332597e-01
1.000000e-07,100.000000,2.000000e+00,5.000000e-08,1.87546887e+00,9.37734434e-08,1.18203177e-01,8.81796823e-01
1.000000e-07,100.000000,2.000000e+00,5.000000e-08,1.87596899e+00,9.37984496e-08,1.17738843e-01,8.82261157e-01
1.000000e-07,100.000000,2.000000e+00,5.000000e-08,1.87646912e+00,9.38234559e-08,1.17274402e-01,8.82725598e-01
1.000000e-07,100.000000,2.000000e+00,5.000000e-08,1.87696924e+00,9.38484621e-08,1.16809853e-01,8.83190147e-01
1.000000e-07,100.000000,2.000000e+00,5.000000e-08,1.87746937e+00,9.38734684e-08,1.16345198e-01,8.83654802e-01
1.000000e-07,100.000000,2.000000e+00,5.000000e-08,1.87796949e+00,9.38984746e-08,1.15880436e-01,8.84119564e-01
1.000000e-07,100.000000,2.000000e+00,5.000000e-08,1.87846962e+00,9.39234809e-08,1.15415568e-01,8.84584432e-01
1.000000e-07,100.000000,2.000000e+00,5.000000e-08,1.87896974e+00,9.39484871e-08,1.14950594e-01,8.85049406e-01
1.000000e-07,100.000000,2.000000e+00,5.000000e-08,1.87946987e+00,9.39734934e-08,1.14485514e-01,8.85514486e-01
1.000000e-07,100.000000,2.000000e+00,5.000000e-08,1.87996999e+00,9.39984996e-08,1.14020329e-01,8.85979671e-01
1.000000e-07,100.000000,2.000000e+00,5.000000e-08,1.88047012e+00,9.40235059e-08,1.13555039e-01,8.86444961e-01
1.000000e-07,100.000000,2.000000e+00,5.000000e-08,1.88097024e+00,9.40485121e-08,1.13089643e-01,8.86910357e-01
1.000000e-07,100.000000,2.000000e+00,5.000000e-08,1.88147037e+00,9.40735184e-08,1.12624143e-01,8.87375857e-01
1.000000e-07,100.000000,2.000000e+00,5.000000e-08,1.88197049e+00,9.40985246e-08,1.12158539e-01,8.87841461e-01
1.000000e-07,100.000000,2.000000e+00,5.000000e-08,1.88247062e+00,9.41235309e-08,1.11692831e-01,8.88307169e-01
1.000000e-07,100.000000,2.000000e+00,5.000000e-08,1.88297074e+00,9.41485371e-08,1.11227019e-01,8.88772981e-01
1.000000e-07,100.000000,2.000000e+00,5.000000e-08,1.88347087e+00,9.41735434e-08,1.10761103e-01,8.89238897e-01
1.000000e-07,100.000000,2.000000e+00,5.000000e-08,1.88397099e+00,9.41985496e-08,1.10295085e-01,8.89704915e-01
1.000000e-07,100.000000,2.000000e+00,5.000000e-08,1.88447112e+00,9.42235559e-08,1.09828963e-01,8.90171037e-01
1.000000e-07,100.000000,2.000000e+00,5.000000e-08,1.88497124e+00,9.42485621e-08,1.09362739e-01,8.90637261e-01
1.000000e-07,100.000000,2.000000e+00,5.000000e-08,1.88547137e+00,9.42735684e-08,1.08896413e-01,8.91103587e-01
1.000000e-07,100.000000,2.000000e+00,5.000000e-08,1.88597149e+00,9.42985746e-08,1.08429984e-01,8.91570016e-01
1.000000e-07,100.000000,2.000000e+00,5.000000e-08,1.88647162e+00,9.43235809e-08,1.07963454e-01,8.92036546e-01
1.000000e-07,100.000000,2.000000e+00,5.000000e-08,1.88697174e+00,9.43485871e-08,1.07496823e-01,8.92503177e-01
1.000000e-07,100.000000,2.000000e+00,5.000000e-08,1.88747187e+00,9.43735934e-08,1.07030090e-01,8.92969910e-01
1.000000e-07,100.000000,2.000000e+00,5.000000e-08,1.88797199e+00,9.43985996e-08,1.06563256e-01,8.93436744e-01
1.000000e-07,100.000000,2.000000e+00,5.000000e-08,1.88847212e+00,9.44236059e-08,1.06096322e-01,8.93903678e-01
1.000000e-07,100.000000,2.000000e+00,5.000000e-08,1.88897224e+00,9.44486122e-08,1.05629287e-01,8.94370713e-01
1.000000e-07,100.000000,2.000000e+00,5.000000e-08,1.88947237e+00,9.44736184e-08,1.05162153e-01,8.94837847e-01
1.000000e-07,100.000000,2.000000e+00,5.000000e-08,1.88997249e+00,9.44986247e-08,1.04694919e-01,8.95305081e-01
1.000000e-07,100.000000,2.000000e+00,5.000000e-08,1.89047262e+00,9.45236309e-08,1.04227585e-01,8.95772415e-01
1.000000e-07,100.000000,2.000000e+00,5.000000e-08,1.89097274e+00,9.45486372e-08,1.03760152e-01,8.96239848e-01
1.000000e-07,100.000000,2.000000e+00,5.000000e-08,1.89147287e+00,9.45736434e-08,1.03292620e-01,8.96707380e-01
1.000000e-07,100.000000,2.000000e+00,5.000000e-08,1.89197299e+00,9.45986497e-08,1.02824990e-01,8.97175010e-01
1.000000e-07,100.000000,2.000000e+00,5.000000e-08,1.89247312e+00,9.46236559e-08,1.02357261e-01,8.97642739e-01
1.000000e-07,100.000000,2.000000e+00,5.000000e-08,1.89297324e+00,9.46486622e-08,1.01889435e-01,8.98110565e-01
1.000000e-07,100.000000,2.000000e+00,5.000000e-08,1.89347337e+00,9.46736684e-08,1.01421510e-01,8.98578490e-01
1.000000e-07,100.000000,2.000000e+00,5.000000e-08,1.89397349e+00,9.46986747e-08,1.00953488e-01,8.99046512e-01
1.000000e-07,100.000000,2.000000e+00,5.000000e-08,1.89447362e+00,9.47236809e-08,1.00485369e-01,8.99514631e-01
1.000000e-07,100.000000,2.000000e+00,5.000000e-08,1.89497374e+00,9.47486872e-08,1.00017153e-01,8.99982847e-01
1.000000e-07,100.000000,2.000000e+00,5.000000e-08,1.89547387e+00,9.47736934e-08,9.95488410e-02,9.00451159e-01
1.000000e-07,100.000000,2.000000e+00,5.000000e-08,1.89597399e+00,9.47986997e-08,9.90804323e-02,9.00919568e-01
1.000000e-07,100.000000,2.000000e+00,5.000000e-08,1.89647412e+00,9.48237059e-08,9.86119276e-02,9.01388072e-01
1.000000e-07,100.000000,2.000000e+00,5.000000e-08,1.89697424e+00,9.48487122e-08,9.81433272e-02,9.01856673e-01
1.000000e-07,100.000000,2.000000e+00,5.000000e-08,1.89747437e+00,9.48737184e-08,9.76746313e-02,9.02325369e-01
1.000000e-07,100.000000,2.000000e+00,5.000000e-08,1.89797449e+00,9.48987247e-08,9.72058403e-02,9.02794160e-01
1.000000e-07,100.000000,2.000000e+00,5.000000e-08,1.89847462e+00,9.49237309e-08,9.67369545e-02,9.03263045e-01
1.000000e-07,100.000000,2.000000e+00,5.000000e-08,1.89897474e+00,9.49487372e-08,9.62679741e-02,9.03732026e-01
1.000000e-07,100.000000,2.000000e+00,5.000000e-08,1.89947487e+00,9.49737434e-08,9.57988994e-02,9.04201101e-01
1.000000e-07,100.000000,2.000000e+00,5.000000e-08,1.89997499e+00,9.49987497e-08,9.53297307e-02,9.04670269e-01
1.000000e-07,100.000000,2.000000e+00,5.000000e-08,1.90047512e+00,9.50237559e-08,9.48604684e-02,9.05139532e-01
1.000000e-07,100.000000,2.000000e+00,5.000000e-08,1.90097524e+00,9.50487622e-08,9.43911126e-02,9.05608887e-01
1.000000e-07,100.000000,2.000000e+00,5.000000e-08,1.90147537e+00,9.50737684e-08,9.39216637e-02,9.06078336e-01
1.000000e-07,100.000000,2.000000e+00,5.000000e-08,1.90197549e+00,9.50987747e-08,9.34521219e-02,9.06547878e-01
1.000000e-07,100.000000,2.000000e+00,5.000000e-08,1.90247562e+00,9.51237809e-08,9.29824876e-02,9.07017512e-01
1.000000e-07,100.000000,2.000000e+00,5.000000e-08,1.90297574e+00,9.51487872e-08,9.25127611e-02,9.07487239e-01
1.000000e-07,100.000000,2.000000e+00,5.000000e-08,1.90347587e+00,9.51737934e-08,9.20429425e-02,9.07957057e-01
1.000000e-07,100.000000,2.000000e+00,5.000000e-08,1.90397599e+00,9.51987997e-08,9.15730323e-02,9.08426968e-01
1.000000e-07,100.000000,2.000000e+00,5.000000e-08,1.90447612e+00,9.52238060e-08,9.11030307e-02,9.08896969e-01
1.000000e-07,100.000000,2.000000e+00,5.000000e-08,1.90497624e+00,9.52488122e-08,9.06329380e-02,9.09367062e-01
1.000000e-07,100.000000,2.000000e+00,5.000000e-08,1.90547637e+00,9.52738185e-08,9.01627545e-02,9.09837246e-01
1.000000e-07,100.000000,2.000000e+00,5.000000e-08,1.90597649e+00,9.52988247e-08,8.96924804e-02,9.10307520e-01
1.000000e-07,100.000000,2.000000e+00,5.000000e-08,1.90647662e+00,9.53238310e-08,8.92221162e-02,9.10777884e-01
1.000000e-07,100.000000,2.000000e+00,5.000000e-08,1.90697674e+00,9.53488372e-08,8.87516619e-02,9.11248338e-01
1.000000e-07,100.000000,2.000000e+00,5.000000e-08,1.90747687e+00,9.53738435e-08,8.82811180e-02,9.11718882e-01
1.000000e-07,100.000000,2.000000e+00,5.000000e-08,1.90797699e+00,9.53988497e-08,8.78104847e-02,9.12189515e-01
1.000000e-07,100.000000,2.000000e+00,5.000000e-08,1.90847712e+00,9.54238560e-08,8.73397624e-02,9.12660238e-01
1.000000e-07,100.000000,2.000000e+00,5.000000e-08,1.90897724e+00,9.54488622e-08,8.68689512e-02,9.13131049e-01
1.000000e-07,100.000000,2.000000e+00,5.000000e-08,1.90947737e+00,9.54738685e-08,8.63980516e-02,9.13601948e-01
1.000000e-07,100.000000,2.000000e+00,5.000000e-08,1.90997749e+00,9.54988747e-08,8.59270637e-02,9.14072936e-01
1.000000e-07,100.000000,2.000000e+00,5.000000e-08,1.91047762e+00,9.55238810e-08,8.54559879e-02,9.14544012e-01
1.000000e-07,100.000000,2.000000e+00,5.000000e-08,1.91097774e+00,9.55488872e-08,8.49848244e-02,9.15015176e-01
1.000000e-07,100.000000,2.000000e+00,5.000000e-08,1.91147787e+00,9.55738935e-08,8.45135737e-02,9.15486426e-01
1.000000e-07,100.000000,2.000000e+00,5.000000e-08,1.91197799e+00,9.55988997e-08,8.40422358e-02,9.15957764e-01
1.000000e-07,100.000000,2.000000e+00,5.000000e-08,1.91247812e+00,9.56239060e-08,8.35708112e-02,9.16429189e-01
1.000000e-07,100.000000,2.000000e+00,5.000000e-08,1.91297824e+00,9.56489122e-08,8.30993001e-02,9.16900700e-01
1.000000e-07,100.000000,2.000000e+00,5.000000e-08,1.91347837e+00,9.56739185e-08,8.26277028e-02,9.17372297e-01
1.000000e-07,100.000000,2.000000e+00,5.000000e-08,1.91397849e+00,9.56989247e-08,8.21560196e-02,9.17843980e-01
1.000000e-07,100.000000,2.000000e+00,5.000000e-08,1.91447862e+00,9.57239310e-08,8.16842508e-02,9.18315749e-01
1.000000e-07,100.000000,2.000000e+00,5.000000e-08,1.91497874e+00,9.57489372e-08,8.12123967e-02,9.18787603e-01
1.000000e-07,100.000000,2.000000e+00,5.000000e-08,1.91547887e+00,9.57739435e-08,8.07404576e-02,9.19259542e-01
1.000000e-07,100.000000,2.000000e+00,5.000000e-08,1.91597899e+00,9.57989497e-08,8.02684337e-02,9.19731566e-01
1.000000e-07,100.000000,2.000000e+00,5.000000e-08,1.91647912e+00,9.58239560e-08,7.97963254e-02,9.20203675e-01
1.000000e-07,100.000000,2.000000e+00,5.000000e-08,1.91697924e+00,9.58489622e-08,7.93241329e-02,9.20675867e-01
1.000000e-07,100.000000,2.000000e+00,5.000000e-08,1.91747937e+00,9.58739685e-08,7.88518565e-02,9.21148144e-01
1.000000e-07,100.000000,2.000000e+00,5.000000e-08,1.91797949e+00,9.58989747e-08,7.83794965e-02,9.21620503e-01
1.000000e-07,100.000000,2.000000e+00,5.000000e-08,1.91847962e+00,9.59239810e-08,7.79070533e-02,9.22092947e-01
1.000000e-07,100.000000,2.000000e+00,5.000000e-08,1.91897974e+00,9.59489872e-08,7.74345270e-02,9.22565473e-01
1.000000e-07,100.000000,2.000000e+00,5.000000e-08,1.91947987e+00,9.59739935e-08,7.69619181e-02,9.23038082e-01
1.000000e-07,100.000000,2.000000e+00,5.000000e-08,1.91997999e+00,9.59989997e-08,7.64892267e-02,9.23510773e-01
1.000000e-07,100.000000,2.000000e+00,5.000000e-08,1.92048012e+00,9.60240060e-08,7.60164532e-02,9.23983547e-01
1.000000e-07,100.000000,2.000000e+00,5.000000e-08,1.92098025e+00,9.60490123e-08,7.55435979e-02,9.24456402e-01
1.000000e-07,100.000000,2.000000e+00,5.000000e-08,1.92148037e+00,9.60740185e-08,7.50706610e-02,9.24929339e-01
1.000000e-07,100.000000,2.000000e+00,5.000000e-08,1.92198050e+00,9.60990248e-08,7.45976429e-02,9.25402357e-01
1.000000e-07,100.000000,2.000000e+00,5.000000e-08,1.92248062e+00,9.61240310e-08,7.41245437e-02,9.25875456e-01
1.000000e-07,100.000000,2.000000e+00,5.000000e-08,1.92298075e+00,9.61490373e-08,7.36513640e-02,9.26348636e-01
1.000000e-07,100.000000,2.000000e+00,5.000000e-08,1.92348087e+00,9.61740435e-08,7.31781038e-02,9.26821896e-01
1.000000e-07,100.000000,2.000000e+00,5.000000e-08,1.92398100e+00,9.61990498e-08,7.27047635e-02,9.27295236e-01
1.000000e-07,100.000000,2.000000e+00,5.000000e-08,1.92448112e+00,9.62240560e-08,7.22313434e-02,9.27768657e-01
1.000000e-07,100.000000,2.000000e+00,5.000000e-08,1.92498125e+00,9.62490623e-08,7.17578439e-02,9.28242156e-01
1.000000e-07,100.000000,2.000000e+00,5.000000e-08,1.92548137e+00,9.62740685e-08,7.12842650e-02,9.28715735e-01
1.000000e-07,100.000000,2.000000e+00,5.000000e-08,1.92598150e+00,9.62990748e-08,7.08106073e-02,9.29189393e-01
1.000000e-07,100.000000,2.000000e+00,5.000000e-08,1.92648162e+00,9.63240810e-08,7.03368709e-02,9.29663129e-01
1.000000e-07,100.000000,2.000000e+00,5.000000e-08,1.92698175e+00,9.63490873e-08,6.98630562e-02,9.30136944e-01
1.000000e-07,100.000000,2.000000e+00,5.000000e-08,1.92748187e+00,9.63740935e-08,6.93891634e-02,9.30610837e-01
1.000000e-07,100.000000,2.000000e+00,5.000000e-08,1.92798200e+00,9.63990998e-08,6.89151928e-02,9.31084807e-01
1.000000e-07,100.000000,2.000000e+00,5.000000e-08,1.92848212e+00,9.64241060e-08,6.84411448e-02,9.31558855e-01
1.000000e-07,100.000000,2.000000e+00,5.000000e-08,1.92898225e+00,9.64491123e-08,6.79670196e-02,9.32032980e-01
1.000000e-07,100.000000,2.000000e+00,5.000000e-08,1.92948237e+00,9.64741185e-08,6.74928175e-02,9.32507183e-01
1.000000e-07,100.000000,2.000000e+00,5.000000e-08,1.92998250e+00,9.64991248e-08,6.70185388e-02,9.32981461e-01
1.000000e-07,100.000000,2.000000e+00,5.000000e-08,1.93048262e+00,9.65241310e-08,6.65441837e-02,9.33455816e-01
1.000000e-07,100.000000,2.000000e+00,5.000000e-08,1.93098275e+00,9.65491373e-08,6.60697527e-02,9.33930247e-01
1.000000e-07,100.000000,2.000000e+00,5.000000e-08,1.93148287e+00,9.65741435e-08,6.55952459e-02,9.34404754e-01
1.000000e-07,100.000000,2.000000e+00,5.000000e-08,1.93198300e+00,9.65991498e-08,6.51206637e-02,9.34879336e-01
1.000000e-07,100.000000,2.000000e+00,5.000000e-08,1.93248312e+00,9.66241560e-08,6.46460063e-02,9.35353994e-01
1.000000e-07,100.000000,2.000000e+00,5.000000e-08,1.93298325e+00,9.66491623e-08,6.41712741e-02,9.35828726e-01
1.000000e-07,100.000000,2.000000e+00,5.000000e-08,1.93348337e+00,9.66741685e-08,6.36964674e-02,9.36303533e-01
1.000000e-07,100.000000,2.000000e+00,5.000000e-08,1.93398350e+00,9.66991748e-08,6.32215863e-02,9.36778414e-01
1.000000e-07,100.000000,2.000000e+00,5.000000e-08,1.93448362e+00,9.67241810e-08,6.27466313e-02,9.37253369e-01
1.000000e-07,100.000000,2.000000e+00,5.000000e-08,1.93498375e+00,9.67491873e-08,6.22716026e-02,9.37728397e-01
1.000000e-07,100.000000,2.000000e+00,5.000000e-08,1.93548387e+00,9.67741935e-08,6.17965005e-02,9.38203500e-01
1.000000e-07,100.000000,2.000000e+00,5.000000e-08,1.93598400e+00,9.67991998e-08,6.13213253e-02,9.38678675e-01
1.000000e-07,100.000000,2.000000e+00,5.000000e-08,1.93648412e+00,9.68242061e-08,6.08460772e-02,9.39153923e-01
1.000000e-07,100.000000,2.000000e+00,5.000000e-08,1.93698425e+00,9.68492123e-08,6.03707567e-02,9.39629243e-01
1.000000e-07,100.000000,2.000000e+00,5.000000e-08,1.93748437e+00,9.68742186e-08,5.98953639e-02,9.40104636e-01
1.000000e-07,100.000000,2.000000e+00,5.000000e-08,1.93798450e+00,9.68992248e-08,5.94198992e-02,9.40580101e-01
1.000000e-07,100.000000,2.000000e+00,5.000000e-08,1.93848462e+00,9.69242311e-08,5.89443628e-02,9.41055637e-01
1.000000e-07,100.000000,2.000000e+00,5.000000e-08,1.93898475e+00,9.69492373e-08,5.84687551e-02,9.41531245e-01
1.000000e-07,100.000000,2.000000e+00,5.000000e-08,1.93948487e+00,9.69742436e-08,5.79930764e-02,9.42006924e-01
1.000000e-07,100.000000,2.000000e+00,5.000000e-08,1.93998500e+00,9.69992498e-08,5.75173268e-02,9.42482673e-01
1.000000e-07,100.000000,2.000000e+00,5.000000e-08,1.94048512e+00,9.70242561e-08,5.70415068e-02,9.42958493e-01
1.000000e-07,100.000000,2.000000e+00,5.000000e-08,1.94098525e+00,9.70492623e-08,5.65656166e-02,9.43434383e-01
1.000000e-07,100.000000,2.000000e+00,5.000000e-08,1.94148537e+00,9.70742686e-08,5.60896565e-02,9.43910343e-01
1.000000e-07,100.000000,2.000000e+00,5.000000e-08,1.94198550e+00,9.70992748e-08,5.56136268e-02,9.44386373e-01
1.000000e-07,100.000000,2.000000e+00,5.000000e-08,1.94248562e+00,9.71242811e-08,5.51375278e-02,9.44862472e-01
1.000000e-07,100.000000,2.000000e+00,5.000000e-08,1.94298575e+00,9.71492873e-08,5.46613598e-02,9.45338640e-01
1.000000e-07,100.000000,2.000000e+00,5.000000e-08,1.94348587e+00,9.71742936e-08,5.41851230e-02,9.45814877e-01
1.000000e-07,100.000000,2.000000e+00,5.000000e-08,1.94398600e+00,9.71992998e-08,5.37088179e-02,9.46291182e-01
1.000000e-07,100.000000,2.000000e+00,5.000000e-08,1.94448612e+00,9.72243061e-08,5.32324446e-02,9.46767555e-01
1.000000e-07,100.000000,2.000000e+00,5.000000e-08,1.94498625e+00,9.72493123e-08,5.27560034e-02,9.47243997e-01
1.000000e-07,100.000000,2.000000e+00,5.000000e-08,1.94548637e+00,9.72743186e-08,5.22794947e-02,9.47720505e-01
1.000000e-07,100.000000,2.000000e+00,5.000000e-08,1.94598650e+00,9.72993248e-08,5.18029187e-02,9.48197081e-01
1.000000e-07,100.000000,2.000000e+00,5.000000e-08,1.94648662e+00,9.73243311e-08,5.13262757e-02,9.48673724e-01
1.000000e-07,100.000000,2.000000e+00,5.000000e-08,1.94698675e+00,9.73493373e-08,5.08495661e-02,9.49150434e-01
1.000000e-07,100.000000,2.000000e+00,5.000000e-08,1.94748687e+00,9.73743436e-08,5.03727901e-02,9.49627210e-01
1.000000e-07,100.000000,2.000000e+00,5.000000e-08,1.94798700e+00,9.73993498e-08,4.98959480e-02,9.50104052e-01
1.000000e-07,100.000000,2.000000e+00,5.000000e-08,1.94848712e+00,9.74243561e-08,4.94190401e-02,9.50580960e-01
1.000000e-07,100.000000,2.000000e+00,5.000000e-08,1.94898725e+00,9.74493623e-08,4.89420667e-02,9.51057933e-01
1.000000e-07,100.000000,2.000000e+00,5.000000e-08,1.94948737e+00,9.74743686e-08,4.84650281e-02,9.51534972e-01
1.000000e-07,100.000000,2.000000e+00,5.000000e-08,1.94998750e+00,9.74993748e-08,4.79879245e-02,9.52012075e-01
1.000000e-07,100.000000,2.000000e+00,5.000000e-08,1.95048762e+00,9.75243811e-08,4.75107563e-02,9.52489244e-01
1.000000e-07,100.000000,2.000000e+00,5.000000e-08,1.95098775e+00,9.75493873e-08,4.70335238e-02,9.52966476e-01
1.000000e-07,100.000000,2.000000e+00,5.000000e-08,1.95148787e+00,9.75743936e-08,4.65562273e-02,9.53443773e-01
1.000000e-07,100.000000,2.000000e+00,5.000000e-08,1.95198800e+00,9.75993998e-08,4.60788669e-02,9.53921133e-01
1.000000e-07,100.000000,2.000000e+00,5.000000e-08,1.95248812e+00,9.76244061e-08,4.56014432e-02,9.54398557e-01
1.000000e-07,100.000000,2.000000e+00,5.000000e-08,1.95298825e+00,9.76494124e-08,4.51239562e-02,9.54876044e-01
1.000000e-07,100.000000,2.000000e+00,5.000000e-08,1.95348837e+00,9.76744186e-08,4.46464064e-02,9.55353594e-01
1.000000e-07,100.000000,2.000000e+00,5.000000e-08,1.95398850e+00,9.76994249e-08,4.41687940e-02,9.55831206e-01
1.000000e-07,100.000000,2.000000e+00,5.000000e-08,1.95448862e+00,9.77244311e-08,4.36911193e-02,9.56308881e-01
1.000000e-07,100.000000,2.000000e+00,5.000000e-08,1.95498875e+00,9.77494374e-08,4.32133826e-02,9.56786617e-01
1.000000e-07,100.000000,2.000000e+00,5.000000e-08,1.95548887e+00,9.77744436e-08,4.27355843e-02,9.57264416e-01
1.000000e-07,100.000000,2.000000e+00,5.000000e-08,1.95598900e+00,9.77994499e-08,4.22577245e-02,9.57742276e-01
1.000000e-07,100.000000,2.000000e+00,5.000000e-08,1.95648912e+00,9.78244561e-08,4.17798036e-02,9.58220196e-01
1.000000e-07,100.000000,2.000000e+00,5.000000e-08,1.95698925e+00,9.78494624e-08,4.13018218e-02,9.58698178e-01
1.000000e-07,100.000000,2.000000e+00,5.000000e-08,1.95748937e+00,9.78744686e-08,4.08237796e-02,9.59176220e-01
1.000000e-07,100.000000,2.000000e+00,5.000000e-08,1.95798950e+00,9.78994749e-08,4.03456771e-02,9.59654323e-01
1.000000e-07,100.000000,2.000000e+00,5.000000e-08,1.95848962e+00,9.79244811e-08,3.98675146e-02,9.60132485e-01
1.000000e-07,100.000000,2.000000e+00,5.000000e-08,1.95898975e+00,9.79494874e-08,3.93892925e-02,9.60610707e-01
1.000000e-07,100.000000,2.000000e+00,5.000000e-08,1.95948987e+00,9.79744936e-08,3.89110110e-02,9.61088989e-01
1.000000e-07,100.000000,2.000000e+00,5.000000e-08,1.95999000e+00,9.79994999e-08,3.84326705e-02,9.61567329e-01
1.000000e-07,100.000000,2.000000e+00,5.000000e-08,1.96049012e+00,9.80245061e-08,3.79542712e-02,9.62045729e-01
1.000000e-07,100.000000,2.000000e+00,5.000000e-08,1.96099025e+00,9.80495124e-08,3.74758134e-02,9.62524187e-01
1.000000e-07,100.000000,2.000000e+00,5.000000e-08,1.96149037e+00,9.80745186e-08,3.69972974e-02,9.63002703e-01
1.000000e-07,100.000000,2.000000e+00,5.000000e-08,1.96199050e+00,9.80995249e-08,3.65187236e-02,9.63481276e-01
1.000000e-07,100.000000,2.000000e+00,5.000000e-08,1.96249062e+00,9.81245311e-08,3.60400921e-02,9.63959908e-01
1.000000e-07,100.000000,2.000000e+00,5.000000e-08,1.96299075e+00,9.81495374e-08,3.55614033e-02,9.64438597e-01
1.000000e-07,100.000000,2.000000e+00,5.000000e-08,1.96349087e+00,9.81745436e-08,3.50826575e-02,9.64917342e-01
1.000000e-07,100.000000,2.000000e+00,5.000000e-08,1.96399100e+00,9.81995499e-08,3.46038550e-02,9.65396145e-01
1.000000e-07,100.000000,2.000000e+00,5.000000e-08,1.96449112e+00,9.82245561e-08,3.41249960e-02,9.65875004e-01
1.000000e-07,100.000000,2.000000e+00,5.000000e-08,1.96499125e+00,9.82495624e-08,3.36460810e-02,9.66353919e-01
1.000000e-07,100.000000,2.000000e+00,5.000000e-08,1.96549137e+00,9.82745686e-08,3.31671100e-02,9.66832890e-01
1.000000e-07,100.000000,2.000000e+00,5.000000e-08,1.96599150e+00,9.82995749e-08,3.26880835e-02,9.67311916e-01
1.000000e-07,100.000000,2.000000e+00,5.000000e-08,1.96649162e+00,9.83245811e-08,3.22090018e-02,9.67790998e-01
1.000000e-07,100.000000,2.000000e+00,5.000000e-08,1.96699175e+00,9.83495874e-08,3.17298651e-02,9.68270135e-01
1.000000e-07,100.000000,2.000000e+00,5.000000e-08,1.96749187e+00,9.83745936e-08,3.12506737e-02,9.68749326e-01
1.000000e-07,100.000000,2.000000e+00,5.000000e-08,1.96799200e+00,9.83995999e-08,3.07714279e-02,9.69228572e-01
1.000000e-07,100.000000,2.000000e+00,5.000000e-08,1.96849212e+00,9.84246062e-08,3.02921281e-02,9.69707872e-01
1.000000e-07,100.000000,2.000000e+00,5.000000e-08,1.96899225e+00,9.84496124e-08,2.98127745e-02,9.70187226e-01
1.000000e-07,100.000000,2.000000e+00,5.000000e-08,1.96949237e+00,9.84746187e-08,2.93333673e-02,9.70666633e-01
1.000000e-07,100.000000,2.000000e+00,5.000000e-08,1.96999250e+00,9.84996249e-08,2.88539070e-02,9.71146093e-01
1.000000e-07,100.000000,2.000000e+00,5.000000e-08,1.97049262e+00,9.85246312e-08,2.83743937e-02,9.71625606e-01
1.000000e-07,100.000000,2.000000e+00,5.000000e-08,1.97099275e+00,9.85496374e-08,2.78948278e-02,9.72105172e-01
1.000000e-07,100.000000,2.000000e+00,5.000000e-08,1.97149287e+00,9.85746437e-08,2.74152096e-02,9.72584790e-01
1.000000e-07,100.000000,2.000000e+00,5.000000e-08,1.97199300e+00,9.85996499e-08,2.69355394e-02,9.73064461e-01
1.000000e-07,100.000000,2.000000e+00,5.000000e-08,1.97249312e+00,9.86246562e-08,2.64558174e-02,9.73544183e-01
1.000000e-07,100.000000,2.000000e+00,5.000000e-08,1.97299325e+00,9.86496624e-08,2.59760440e-02,9.74023956e-01
1.000000e-07,100.000000,2.000000e+00,5.000000e-08,1.97349337e+00,9.86746687e-08,2.54962194e-02,9.74503781e-01
1.000000e-07,100.000000,2.000000e+00,5.000000e-08,1.97399350e+00,9.86996749e-08,2.50163439e-02,9.74983656e-01
1.000000e-07,100.000000,2.000000e+00,5.000000e-08,1.97449362e+00,9.87246812e-08,2.45364179e-02,9.75463582e-01
1.000000e-07,100.000000,2.000000e+00,5.000000e-08,1.97499375e+00,9.87496874e-08,2.40564416e-02,9.75943558e-01
1.000000e-07,100.000000,2.000000e+00,5.000000e-08,1.97549387e+00,9.87746937e-08,2.35764153e-02,9.76423585e-01
1.000000e-07,100.000000,2.000000e+00,5.000000e-08,1.97599400e+00,9.87996999e-08,2.30963394e-02,9.76903661e-01
1.000000e-07,100.000000,2.000000e+00,5.000000e-08,1.97649412e+00,9.88247062e-08,2.26162140e-02,9.77383786e-01
1.000000e-07,100.000000,2.000000e+00,5.000000e-08,1.97699425e+00,9.88497124e-08,2.21360395e-02,9.77863960e-01
1.000000e-07,100.000000,2.000000e+00,5.000000e-08,1.97749437e+00,9.88747187e-08,2.16558163e-02,9.78344184e-01
1.000000e-07,100.000000,2.000000e+00,5.000000e-08,1.97799450e+00,9.88997249e-08,2.11755445e-02,9.78824456e-01
1.000000e-07,100.000000,2.000000e+00,5.000000e-08,1.97849462e+00,9.89247312e-08,2.06952245e-02,9.79304776e-01
1.000000e-07,100.000000,2.000000e+00,5.000000e-08,1.97899475e+00,9.89497374e-08,2.02148565e-02,9.79785143e-01
1.000000e-07,100.000000,2.000000e+00,5.000000e-08,1.97949487e+00,9.89747437e-08,1.97344409e-02,9.80265559e-01
1.000000e-07,100.000000,2.000000e+00,5.000000e-08,1.97999500e+00,9.89997499e-08,1.92539780e-02,9.80746022e-01
1.000000e-07,100.000000,2.000000e+00,5.000000e-08,1.98049512e+00,9.90247562e-08,1.87734680e-02,9.81226532e-01
1.000000e-07,100.000000,2.000000e+00,5.000000e-08,1.98099525e+00,9.90497624e-08,1.82929112e-02,9.81707089e-01
1.000000e-07,100.000000,2.000000e+00,5.000000e-08,1.98149537e+00,9.90747687e-08,1.78123080e-02,9.82187692e-01
1.000000e-07,100.000000,2.000000e+00,5.000000e-08,1.98199550e+00,9.90997749e-08,1.73316586e-02,9.82668341e-01
1.000000e-07,100.000000,2.000000e+00,5.000000e-08,1.98249562e+00,9.91247812e-08,1.68509634e-02,9.83149037e-01
1.000000e-07,100.000000,2.000000e+00,5.000000e-08,1.98299575e+00,9.91497874e-08,1.63702225e-02,9.83629777e-01
1.000000e-07,100.000000,2.000000e+00,5.000000e-08,1.98349587e+00,9.91747937e-08,1.58894364e-02,9.84110564e-01
1.000000e-07,100.000000,2.000000e+00,5.000000e-08,1.98399600e+00,9.91997999e-08,1.54086052e-02,9.84591395e-01
1.000000e-07,100.000000,2.000000e+00,5.000000e-08,1.98449612e+00,9.92248062e-08,1.49277294e-02,9.85072271e-01
1.000000e-07,100.000000,2.000000e+00,5.000000e-08,1.98499625e+00,9.92498125e-08,1.44468091e-02,9.85553191e-01
1.000000e-07,100.000000,2.000000e+00,5.000000e-08,1.98549637e+00,9.92748187e-08,1.39658447e-02,9.86034155e-01
1.000000e-07,100.000000,2.000000e+00,5.000000e-08,1.98599650e+00,9.92998250e-08,1.34848365e-02,9.86515164e-01
1.000000e-07,100.000000,2.000000e+00,5.000000e-08,1.98649662e+00,9.93248312e-08,1.30037847e-02,9.86996215e-01
1.000000e-07,100.000000,2.000000e+00,5.000000e-08,1.98699675e+00,9.93498375e-08,1.25226897e-02,9.87477310e-01
1.000000e-07,100.000000,2.000000e+00,5.000000e-08,1.98749687e+00,9.93748437e-08,1.20415517e-02,9.87958448e-01
1.000000e-07,100.000000,2.000000e+00,5.000000e-08,1.98799700e+00,9.93998500e-08,1.15603711e-02,9.88439629e-01
1.000000e-07,100.000000,2.000000e+00,5.000000e-08,1.98849712e+00,9.94248562e-08,1.10791481e-02,9.88920852e-01
1.000000e-07,100.000000,2.000000e+00,5.000000e-08,1.98899725e+00,9.94498625e-08,1.05978831e-02,9.89402117e-01
1.000000e-07,100.000000,2.000000e+00,5.000000e-08,1.98949737e+00,9.94748687e-08,1.01165763e-02,9.89883424e-01
1.000000e-07,100.000000,2.000000e+00,5.000000e-08,1.98999750e+00,9.94998750e-08,9.63522794e-03,9.90364772e-01
1.000000e-07,100.000000,2.000000e+00,5.000000e-08,1.99049762e+00,9.95248812e-08,9.15383842e-03,9.90846162e-01
1.000000e-07,100.000000,2.000000e+00,5.000000e-08,1.99099775e+00,9.95498875e-08,8.67240801e-03,9.91327592e-01
1.000000e-07,100.000000,2.000000e+00,5.000000e-08,1.99149787e+00,9.95748937e-08,8.19093698e-03,9.91809063e-01
1.000000e-07,100.000000,2.000000e+00,5.000000e-08,1.99199800e+00,9.95999000e-08,7.70942564e-03,9.92290574e-01
1.000000e-07,100.000000,2.000000e+00,5.000000e-08,1.99249812e+00,9.96249062e-08,7.22787428e-03,9.92772126e-01
1.000000e-07,100.000000,2.000000e+00,5.000000e-08,1.99299825e+00,9.96499125e-08,6.74628318e-03,9.93253717e-01
1.000000e-07,100.000000,2.000000e+00,5.000000e-08,1.99349837e+00,9.96749187e-08,6.26465265e-03,9.93735347e-01
1.000000e-07,100.000000,2.000000e+00,5.000000e-08,1.99399850e+00,9.96999250e-08,5.78298297e-03,9.94217017e-01
1.000000e-07,100.000000,2.000000e+00,5.000000e-08,1.99449862e+00,9.97249312e-08,5.30127444e-03,9.94698726e-01
1.000000e-07,100.000000,2.000000e+00,5.000000e-08,1.99499875e+00,9.97499375e-08,4.81952735e-03,9.95180473e-01
1.000000e-07,100.000000,2.000000e+00,5.000000e-08,1.99549887e+00,9.97749437e-08,4.33774199e-03,9.95662258e-01
1.000000e-07,100.000000,2.000000e+00,5.000000e-08,1.99599900e+00,9.97999500e-08,3.85591866e-03,9.96144081e-01
1.000000e-07,100.000000,2.000000e+00,5.000000e-08,1.99649912e+00,9.98249562e-08,3.37405765e-03,9.96625942e-01
1.000000e-07,100.000000,2.000000e+00,5.000000e-08,1.99699925e+00,9.98499625e-08,2.89215924e-03,9.97107841e-01
1.000000e-07,100.000000,2.000000e+00,5.000000e-08,1.99749937e+00,9.98749687e-08,2.41022374e-03,9.97589776e-01
1.000000e-07,100.000000,2.000000e+00,5.000000e-08,1.99799950e+00,9.98999750e-08,1.92825143e-03,9.98071749e-01
1.000000e-07,100.000000,2.000000e+00,5.000000e-08,1.99849962e+00,9.99249812e-08,1.44624261e-03,9.98553757e-01
1.000000e-07,100.000000,2.000000e+00,5.000000e-08,1.99899975e+00,9.99499875e-08,9.64197571e-04,9.99035802e-01
1.000000e-07,100.000000,2.000000e+00,5.000000e-08,1.99949987e+00,9.99749937e-08,4.82116603e-04,9.99517883e-01
1.000000e-07,100.000000,2.000000e+00,5.000000e-08,2.00000000e+00,1.00000000e-07,0.00000000e+00,1.00000000e+00
