d_m,d_nm,d_hat,xi_m,z_hat,z_m,rho_norm,depletion
4.000000e-08,40.000000,8.000000e-01,5.000000e-08,0.00000000e+00,0.00000000e+00,0.00000000e+00,1.00000000e+00
4.000000e-08,40.000000,8.000000e-01,5.000000e-08,2.00050013e-04,1.00025006e-11,1.32818186e-04,9.99867182e-01
4.000000e-08,40.000000,8.000000e-01,5.000000e-08,4.00100025e-04,2.00050013e-11,2.65591597e-04,9.99734408e-01
4.000000e-08,40.000000,8.000000e-01,5.000000e-08,6.00150038e-04,3.00075019e-11,3.98320204e-04,9.99601680e-01
4.000000e-08,40.000000,8.000000e-01,5.000000e-08,8.00200050e-04,4.00100025e-11,5.31003979e-04,9.99468996e-01
4.000000e-08,40.000000,8.000000e-01,5.000000e-08,1.00025006e-03,5.00125031e-11,6.63642893e-04,9.99336357e-01
4.000000e-08,40.000000,8.000000e-01,5.000000e-08,1.20030008e-03,6.00150038e-11,7.96236919e-04,9.99203763e-01
4.000000e-08,40.000000,8.000000e-01,5.000000e-08,1.40035009e-03,7.00175044e-11,9.28786026e-04,9.99071214e-01
4.000000e-08,40.000000,8.000000e-01,5.000000e-08,1.60040010e-03,8.00200050e-11,1.06129019e-03,9.98938710e-01
4.000000e-08,40.000000,8.000000e-01,5.000000e-08,1.80045011e-03,9.00225056e-11,1.19374938e-03,9.98806251e-01
4.000000e-08,40.000000,8.000000e-01,5.000000e-08,2.00050013e-03,1.00025006e-10,1.32616356e-03,9.98673836e-01
4.000000e-08,40.000000,8.000000e-01,5.000000e-08,2.20055014e-03,1.10027507e-10,1.45853271e-03,9.98541467e-01
4.000000e-08,40.000000,8.000000e-01,5.000000e-08,2.40060015e-03,1.20030008e-10,1.59085681e-03,9.98409143e-01
4.000000e-08,40.000000,8.000000e-01,5.000000e-08,2.60065016e-03,1.30032508e-10,1.72313581e-03,9.98276864e-01
4.000000e-08,40.000000,8.000000e-01,5.000000e-08,2.80070018e-03,1.40035009e-10,1.85536970e-03,9.98144630e-01
4.000000e-08,40.000000,8.000000e-01,5.000000e-08,3.00075019e-03,1.50037509e-10,1.98755845e-03,9.98012442e-01
4.000000e-08,40.000000,8.000000e-01,5.000000e-08,3.20080020e-03,1.60040010e-10,2.11970202e-03,9.97880298e-01
4.000000e-08,40.000000,8.000000e-01,5.000000e-08,3.40085021e-03,1.70042511e-10,2.25180039e-03,9.97748200e-01
4.000000e-08,40.000000,8.000000e-01,5.000000e-08,3.60090023e-03,1.80045011e-10,2.38385353e-03,9.97616146e-01
4.000000e-08,40.000000,8.000000e-01,5.000000e-08,3.80095024e-03,1.90047512e-10,2.51586141e-03,9.97484139e-01
4.000000e-08,40.000000,8.000000e-01,5.000000e-08,4.00100025e-03,2.00050013e-10,2.64782401e-03,9.97352176e-01
4.000000e-08,40.000000,8.000000e-01,5.000000e-08,4.20105026e-03,2.10052513e-10,2.77974129e-03,9.97220259e-01
4.000000e-08,40.000000,8.000000e-01,5.000000e-08,4.40110028e-03,2.20055014e-10,2.91161322e-03,9.97088387e-01
4.000000e-08,40.000000,8.000000e-01,5.000000e-08,4.60115029e-03,2.30057514e-10,3.04343979e-03,9.96956560e-01
4.000000e-08,40.000000,8.000000e-01,5.000000e-08,4.80120030e-03,2.40060015e-10,3.17522095e-03,9.96824779e-01
4.000000e-08,40.000000,8.000000e-01,5.000000e-08,5.00125031e-03,2.50062516e-10,3.30695669e-03,9.96693043e-01
4.000000e-08,40.000000,8.000000e-01,5.000000e-08,5.20130033e-03,2.60065016e-10,3.43864697e-03,9.96561353e-01
4.000000e-08,40.000000,8.000000e-01,5.000000e-08,5.40135034e-03,2.70067517e-10,3.57029176e-03,9.96429708e-01
4.000000e-08,40.000000,8.000000e-01,5.000000e-08,5.60140035e-03,2.80070018e-10,3.70189104e-03,9.96298109e-01
4.000000e-08,40.000000,8.000000e-01,5.000000e-08,5.80145036e-03,2.90072518e-10,3.83344478e-03,9.96166555e-01
4.000000e-08,40.000000,8.000000e-01,5.000000e-08,6.00150038e-03,3.00075019e-10,3.96495295e-03,9.96035047e-01
4.000000e-08,40.000000,8.000000e-01,5.000000e-08,6.20155039e-03,3.10077519e-10,4.09641552e-03,9.95903584e-01
4.000000e-08,40.000000,8.000000e-01,5.000000e-08,6.40160040e-03,3.20080020e-10,4.22783246e-03,9.95772168e-01
4.000000e-08,40.000000,8.000000e-01,5.000000e-08,6.60165041e-03,3.30082521e-10,4.35920375e-03,9.95640796e-01
4.000000e-08,40.000000,8.000000e-01,5.000000e-08,6.80170043e-03,3.40085021e-10,4.49052935e-03,9.95509471e-01
4.000000e-08,40.000000,8.000000e-01,5.000000e-08,7.00175044e-03,3.50087522e-10,4.62180924e-03,9.95378191e-01
4.000000e-08,40.000000,8.000000e-01,5.000000e-08,7.20180045e-03,3.60090023e-10,4.75304340e-03,9.95246957e-01
4.000000e-08,40.000000,8.000000e-01,5.000000e-08,7.40185046e-03,3.70092523e-10,4.88423178e-03,9.95115768e-01
4.000000e-08,40.000000,8.000000e-01,5.000000e-08,7.60190048e-03,3.80095024e-10,5.01537437e-03,9.94984626e-01
4.000000e-08,40.000000,8.000000e-01,5.000000e-08,7.80195049e-03,3.90097524e-10,5.14647113e-03,9.94853529e-01
4.000000e-08,40.000000,8.000000e-01,5.000000e-08,8.00200050e-03,4.00100025e-10,5.27752204e-03,9.94722478e-01
4.000000e-08,40.000000,8.000000e-01,5.000000e-08,8.20205051e-03,4.10102526e-10,5.40852707e-03,9.94591473e-01
4.000000e-08,40.000000,8.000000e-01,5.000000e-08,8.40210053e-03,4.20105026e-10,5.53948619e-03,9.94460514e-01
4.000000e-08,40.000000,8.000000e-01,5.000000e-08,8.60215054e-03,4.30107527e-10,5.67039937e-03,9.94329601e-01
4.000000e-08,40.000000,8.000000e-01,5.000000e-08,8.80220055e-03,4.40110028e-10,5.80126658e-03,9.94198733e-01
4.000000e-08,40.000000,8.000000e-01,5.000000e-08,9.00225056e-03,4.50112528e-10,5.93208780e-03,9.94067912e-01
4.000000e-08,40.000000,8.000000e-01,5.000000e-08,9.20230058e-03,4.60115029e-10,6.06286300e-03,9.93937137e-01
4.000000e-08,40.000000,8.000000e-01,5.000000e-08,9.40235059e-03,4.70117529e-10,6.19359215e-03,9.93806408e-01
4.000000e-08,40.000000,8.000000e-01,5.000000e-08,9.60240060e-03,4.80120030e-10,6.32427521e-03,9.93675725e-01
4.000000e-08,40.000000,8.000000e-01,5.000000e-08,9.80245061e-03,4.90122531e-10,6.45491217e-03,9.93545088e-01
4.000000e-08,40.000000,8.000000e-01,5.000000e-08,1.00025006e-02,5.00125031e-10,6.58550300e-03,9.93414497e-01
4.000000e-08,40.000000,8.000000e-01,5.000000e-08,1.02025506e-02,5.10127532e-10,6.71604766e-03,9.93283952e-01
4.000000e-08,40.000000,8.000000e-01,5.000000e-08,1.04026007e-02,5.20130033e-10,6.84654613e-03,9.93153454e-01
4.000000e-08,40.000000,8.000000e-01,5.000000e-08,1.06026507e-02,5.30132533e-10,6.97699838e-03,9.93023002e-01
4.000000e-08,40.000000,8.000000e-01,5.000000e-08,1.08027007e-02,5.40135034e-10,7.10740438e-03,9.92892596e-01
4.000000e-08,40.000000,8.000000e-01,5.000000e-08,1.10027507e-02,5.50137534e-10,7.23776410e-03,9.92762236e-01
4.000000e-08,40.000000,8.000000e-01,5.000000e-08,1.12028007e-02,5.60140035e-10,7.36807752e-03,9.92631922e-01
4.000000e-08,40.000000,8.000000e-01,5.000000e-08,1.14028507e-02,5.70142536e-10,7.49834461e-03,9.92501655e-01
4.000000e-08,40.000000,8.000000e-01,5.000000e-08,1.16029007e-02,5.80145036e-10,7.62856533e-03,9.92371435e-01
4.000000e-08,40.000000,8.000000e-01,5.000000e-08,1.18029507e-02,5.90147537e-10,7.75873967e-03,9.92241260e-01
4.000000e-08,40.000000,8.000000e-01,5.000000e-08,1.20030008e-02,6.00150038e-10,7.88886759e-03,9.92111132e-01
4.000000e-08,40.000000,8.000000e-01,5.000000e-08,1.22030508e-02,6.10152538e-10,8.01894906e-03,9.91981051e-01
4.000000e-08,40.000000,8.000000e-01,5.000000e-08,1.24031008e-02,6.20155039e-10,8.14898406e-03,9.91851016e-01
4.000000e-08,40.000000,8.000000e-01,5.000000e-08,1.26031508e-02,6.30157539e-10,8.27897256e-03,9.91721027e-01
4.000000e-08,40.000000,8.000000e-01,5.000000e-08,1.28032008e-02,6.40160040e-10,8.40891453e-03,9.91591085e-01
4.000000e-08,40.000000,8.000000e-01,5.000000e-08,1.30032508e-02,6.50162541e-10,8.53880994e-03,9.91461190e-01
4.000000e-08,40.000000,8.000000e-01,5.000000e-08,1.32033008e-02,6.60165041e-10,8.66865876e-03,9.91331341e-01
4.000000e-08,40.000000,8.000000e-01,5.000000e-08,1.34033508e-02,6.70167542e-10,8.79846097e-03,9.91201539e-01
4.000000e-08,40.000000,8.000000e-01,5.000000e-08,1.36034009e-02,6.80170043e-10,8.92821654e-03,9.91071783e-01
4.000000e-08,40.000000,8.000000e-01,5.000000e-08,1.38034509e-02,6.90172543e-10,9.05792543e-03,9.90942075e-01
4.000000e-08,40.000000,8.000000e-01,5.000000e-08,1.40035009e-02,7.00175044e-10,9.18758763e-03,9.90812412e-01
4.000000e-08,40.000000,8.000000e-01,5.000000e-08,1.42035509e-02,7.10177544e-10,9.31720310e-03,9.90682797e-01
4.000000e-08,40.000000,8.000000e-01,5.000000e-08,1.44036009e-02,7.20180045e-10,9.44677181e-03,9.90553228e-01
4.000000e-08,40.000000,8.000000e-01,5.000000e-08,1.46036509e-02,7.30182546e-10,9.57629375e-03,9.90423706e-01
4.000000e-08,40.000000,8.000000e-01,5.000000e-08,1.48037009e-02,7.40185046e-10,9.70576887e-03,9.90294231e-01
4.000000e-08,40.000000,8.000000e-01,5.000000e-08,1.50037509e-02,7.50187547e-10,9.83519715e-03,9.90164803e-01
4.000000e-08,40.000000,8.000000e-01,5.000000e-08,1.52038010e-02,7.60190048e-10,9.96457857e-03,9.90035421e-01
4.000000e-08,40.000000,8.000000e-01,5.000000e-08,1.54038510e-02,7.70192548e-10,1.00939131e-02,9.89906087e-01
4.000000e-08,40.000000,8.000000e-01,5.000000e-08,1.56039010e-02,7.80195049e-10,1.02232007e-02,9.89776799e-01
4.000000e-08,40.000000,8.000000e-01,5.000000e-08,1.58039510e-02,7.90197549e-10,1.03524413e-02,9.89647559e-01
4.000000e-08,40.000000,8.000000e-01,5.000000e-08,1.60040010e-02,8.00200050e-10,1.04816350e-02,9.89518365e-01
4.000000e-08,40.000000,8.000000e-01,5.000000e-08,1.62040510e-02,8.10202551e-10,1.06107817e-02,9.89389218e-01
4.000000e-08,40.000000,8.000000e-01,5.000000e-08,1.64041010e-02,8.20205051e-10,1.07398813e-02,9.89260119e-01
4.000000e-08,40.000000,8.000000e-01,5.000000e-08,1.66041510e-02,8.30207552e-10,1.08689338e-02,9.89131066e-01
4.000000e-08,40.000000,8.000000e-01,5.000000e-08,1.68042011e-02,8.40210053e-10,1.09979393e-02,9.89002061e-01
4.000000e-08,40.000000,8.000000e-01,5.000000e-08,1.70042511e-02,8.50212553e-10,1.11268976e-02,9.88873102e-01
4.000000e-08,40.000000,8.000000e-01,5.000000e-08,1.72043011e-02,8.60215054e-10,1.12558088e-02,9.88744191e-01
4.000000e-08,40.000000,8.000000e-01,5.000000e-08,1.74043511e-02,8.70217554e-10,1.13846729e-02,9.88615327e-01
4.000000e-08,40.000000,8.000000e-01,5.000000e-08,1.76044011e-02,8.80220055e-10,1.15134897e-02,9.88486510e-01
4.000000e-08,40.000000,8.000000e-01,5.000000e-08,1.78044511e-02,8.90222556e-10,1.16422593e-02,9.88357741e-01
4.000000e-08,40.000000,8.000000e-01,5.000000e-08,1.80045011e-02,9.00225056e-10,1.17709816e-02,9.88229018e-01
4.000000e-08,40.000000,8.000000e-01,5.000000e-08,1.82045511e-02,9.10227557e-10,1.18996567e-02,9.88100343e-01
4.000000e-08,40.000000,8.000000e-01,5.000000e-08,1.84046012e-02,9.20230058e-10,1.20282844e-02,9.87971716e-01
4.000000e-08,40.000000,8.000000e-01,5.000000e-08,1.86046512e-02,9.30232558e-10,1.21568648e-02,9.87843135e-01
4.000000e-08,40.000000,8.000000e-01,5.000000e-08,1.88047012e-02,9.40235059e-10,1.22853978e-02,9.87714602e-01
4.000000e-08,40.000000,8.000000e-01,5.000000e-08,1.90047512e-02,9.50237559e-10,1.24138834e-02,9.87586117e-01
4.000000e-08,40.000000,8.000000e-01,5.000000e-08,1.92048012e-02,9.60240060e-10,1.25423216e-02,9.87457678e-01
4.000000e-08,40.000000,8.000000e-01,5.000000e-08,1.94048512e-02,9.70242561e-10,1.26707123e-02,9.87329288e-01
4.000000e-08,40.000000,8.000000e-01,5.000000e-08,1.96049012e-02,9.80245061e-10,1.27990555e-02,9.87200944e-01
4.000000e-08,40.000000,8.000000e-01,5.000000e-08,1.98049512e-02,9.90247562e-10,1.29273513e-02,9.87072649e-01
4.000000e-08,40.000000,8.000000e-01,5.000000e-08,2.00050013e-02,1.00025006e-09,1.30555995e-02,9.86944401e-01
4.000000e-08,40.000000,8.000000e-01,5.000000e-08,2.02050513e-02,1.01025256e-09,1.31838001e-02,9.86816200e-01
4.000000e-08,40.000000,8.000000e-01,5.000000e-08,2.04051013e-02,1.02025506e-09,1.33119531e-02,9.86688047e-01
4.000000e-08,40.000000,8.000000e-01,5.000000e-08,2.06051513e-02,1.03025756e-09,1.34400585e-02,9.86559941e-01
4.000000e-08,40.000000,8.000000e-01,5.000000e-08,2.08052013e-02,1.04026007e-09,1.35681163e-02,9.86431884e-01
4.000000e-08,40.000000,8.000000e-01,5.000000e-08,2.10052513e-02,1.05026257e-09,1.36961264e-02,9.86303874e-01
4.000000e-08,40.000000,8.000000e-01,5.000000e-08,2.12053013e-02,1.06026507e-09,1.38240888e-02,9.86175911e-01
4.000000e-08,40.000000,8.000000e-01,5.000000e-08,2.14053513e-02,1.07026757e-09,1.39520034e-02,9.86047997e-01
4.000000e-08,40.000000,8.000000e-01,5.000000e-08,2.16054014e-02,1.08027007e-09,1.40798703e-02,9.85920130e-01
4.000000e-08,40.000000,8.000000e-01,5.000000e-08,2.18054514e-02,1.09027257e-09,1.42076894e-02,9.85792311e-01
4.000000e-08,40.000000,8.000000e-01,5.000000e-08,2.20055014e-02,1.10027507e-09,1.43354606e-02,9.85664539e-01
4.000000e-08,40.000000,8.000000e-01,5.000000e-08,2.22055514e-02,1.11027757e-09,1.44631840e-02,9.85536816e-01
4.000000e-08,40.000000,8.000000e-01,5.000000e-08,2.24056014e-02,1.12028007e-09,1.45908596e-02,9.85409140e-01
4.000000e-08,40.000000,8.000000e-01,5.000000e-08,2.26056514e-02,1.13028257e-09,1.47184872e-02,9.85281513e-01
4.000000e-08,40.000000,8.000000e-01,5.000000e-08,2.28057014e-02,1.14028507e-09,1.48460670e-02,9.85153933e-01
4.000000e-08,40.000000,8.000000e-01,5.000000e-08,2.30057514e-02,1.15028757e-09,1.49735987e-02,9.85026401e-01
4.000000e-08,40.000000,8.000000e-01,5.000000e-08,2.32058015e-02,1.16029007e-09,1.51010825e-02,9.84898918e-01
4.000000e-08,40.000000,8.000000e-01,5.000000e-08,2.34058515e-02,1.17029257e-09,1.52285182e-02,9.84771482e-01
4.000000e-08,40.000000,8.000000e-01,5.000000e-08,2.36059015e-02,1.18029507e-09,1.53559060e-02,9.84644094e-01
4.000000e-08,40.000000,8.000000e-01,5.000000e-08,2.38059515e-02,1.19029757e-09,1.54832456e-02,9.84516754e-01
4.000000e-08,40.000000,8.000000e-01,5.000000e-08,2.40060015e-02,1.20030008e-09,1.56105372e-02,9.84389463e-01
4.000000e-08,40.000000,8.000000e-01,5.000000e-08,2.42060515e-02,1.21030258e-09,1.57377806e-02,9.84262219e-01
4.000000e-08,40.000000,8.000000e-01,5.000000e-08,2.44061015e-02,1.22030508e-09,1.58649759e-02,9.84135024e-01
4.000000e-08,40.000000,8.000000e-01,5.000000e-08,2.46061515e-02,1.23030758e-09,1.59921230e-02,9.84007877e-01
4.000000e-08,40.000000,8.000000e-01,5.000000e-08,2.48062016e-02,1.24031008e-09,1.61192219e-02,9.83880778e-01
4.000000e-08,40.000000,8.000000e-01,5.000000e-08,2.50062516e-02,1.25031258e-09,1.62462725e-02,9.83753727e-01
4.000000e-08,40.000000,8.000000e-01,5.000000e-08,2.52063016e-02,1.26031508e-09,1.63732749e-02,9.83626725e-01
4.000000e-08,40.000000,8.000000e-01,5.000000e-08,2.54063516e-02,1.27031758e-09,1.65002290e-02,9.83499771e-01
4.000000e-08,40.000000,8.000000e-01,5.000000e-08,2.56064016e-02,1.28032008e-09,1.66271348e-02,9.83372865e-01
4.000000e-08,40.000000,8.000000e-01,5.000000e-08,2.58064516e-02,1.29032258e-09,1.67539922e-02,9.83246008e-01
4.000000e-08,40.000000,8.000000e-01,5.000000e-08,2.60065016e-02,1.30032508e-09,1.68808013e-02,9.83119199e-01
4.000000e-08,40.000000,8.000000e-01,5.000000e-08,2.62065516e-02,1.31032758e-09,1.70075619e-02,9.82992438e-01
4.000000e-08,40.000000,8.000000e-01,5.000000e-08,2.64066017e-02,1.32033008e-09,1.71342742e-02,9.82865726e-01
4.000000e-08,40.000000,8.000000e-01,5.000000e-08,2.66066517e-02,1.33033258e-09,1.72609379e-02,9.82739062e-01
4.000000e-08,40.000000,8.000000e-01,5.000000e-08,2.68067017e-02,1.34033508e-09,1.73875532e-02,9.82612447e-01
4.000000e-08,40.000000,8.000000e-01,5.000000e-08,2.70067517e-02,1.35033758e-09,1.75141200e-02,9.82485880e-01
4.000000e-08,40.000000,8.000000e-01,5.000000e-08,2.72068017e-02,1.36034009e-09,1.76406382e-02,9.82359362e-01
4.000000e-08,40.000000,8.000000e-01,5.000000e-08,2.74068517e-02,1.37034259e-09,1.77671079e-02,9.82232892e-01
4.000000e-08,40.000000,8.000000e-01,5.000000e-08,2.76069017e-02,1.38034509e-09,1.78935290e-02,9.82106471e-01
4.000000e-08,40.000000,8.000000e-01,5.000000e-08,2.78069517e-02,1.39034759e-09,1.80199014e-02,9.81980099e-01
4.000000e-08,40.000000,8.000000e-01,5.000000e-08,2.80070018e-02,1.40035009e-09,1.81462252e-02,9.81853775e-01
4.000000e-08,40.000000,8.000000e-01,5.000000e-08,2.82070518e-02,1.41035259e-09,1.82725003e-02,9.81727500e-01
4.000000e-08,40.000000,8.000000e-01,5.000000e-08,2.84071018e-02,1.42035509e-09,1.83987267e-02,9.81601273e-01
4.000000e-08,40.000000,8.000000e-01,5.000000e-08,2.86071518e-02,1.43035759e-09,1.85249044e-02,9.81475096e-01
4.000000e-08,40.000000,8.000000e-01,5.000000e-08,2.88072018e-02,1.44036009e-09,1.86510333e-02,9.81348967e-01
4.000000e-08,40.000000,8.000000e-01,5.000000e-08,2.90072518e-02,1.45036259e-09,1.87771134e-02,9.81222887e-01
4.000000e-08,40.000000,8.000000e-01,5.000000e-08,2.92073018e-02,1.46036509e-09,1.89031447e-02,9.81096855e-01
4.000000e-08,40.000000,8.000000e-01,5.000000e-08,2.94073518e-02,1.47036759e-09,1.90291272e-02,9.80970873e-01
4.000000e-08,40.000000,8.000000e-01,5.000000e-08,2.96074019e-02,1.48037009e-09,1.91550608e-02,9.80844939e-01
4.000000e-08,40.000000,8.000000e-01,5.000000e-08,2.98074519e-02,1.49037259e-09,1.92809454e-02,9.80719055e-01
4.000000e-08,40.000000,8.000000e-01,5.000000e-08,3.00075019e-02,1.50037509e-09,1.94067812e-02,9.80593219e-01
4.000000e-08,40.000000,8.000000e-01,5.000000e-08,3.02075519e-02,1.51037759e-09,1.95325680e-02,9.80467432e-01
4.000000e-08,40.000000,8.000000e-01,5.000000e-08,3.04076019e-02,1.52038010e-09,1.96583058e-02,9.80341694e-01
4.000000e-08,40.000000,8.000000e-01,5.000000e-08,3.06076519e-02,1.53038260e-09,1.97839946e-02,9.80216005e-01
4.000000e-08,40.000000,8.000000e-01,5.000000e-08,3.08077019e-02,1.54038510e-09,1.99096344e-02,9.80090366e-01
4.000000e-08,40.000000,8.000000e-01,5.000000e-08,3.10077519e-02,1.55038760e-09,2.00352251e-02,9.79964775e-01
4.000000e-08,40.000000,8.000000e-01,5.000000e-08,3.12078020e-02,1.56039010e-09,2.01607667e-02,9.79839233e-01
4.000000e-08,40.000000,8.000000e-01,5.000000e-08,3.14078520e-02,1.57039260e-09,2.02862592e-02,9.79713741e-01
4.000000e-08,40.000000,8.000000e-01,5.000000e-08,3.16079020e-02,1.58039510e-09,2.04117025e-02,9.79588297e-01
4.000000e-08,40.000000,8.000000e-01,5.000000e-08,3.18079520e-02,1.59039760e-09,2.05370967e-02,9.79462903e-01
4.000000e-08,40.000000,8.000000e-01,5.000000e-08,3.20080020e-02,1.60040010e-09,2.06624416e-02,9.79337558e-01
4.000000e-08,40.000000,8.000000e-01,5.000000e-08,3.22080520e-02,1.61040260e-09,2.07877374e-02,9.79212263e-01
4.000000e-08,40.000000,8.000000e-01,5.000000e-08,3.24081020e-02,1.62040510e-09,2.09129838e-02,9.79087016e-01
4.000000e-08,40.000000,8.000000e-01,5.000000e-08,3.26081520e-02,1.63040760e-09,2.10381810e-02,9.78961819e-01
4.000000e-08,40.000000,8.000000e-01,5.000000e-08,3.28082021e-02,1.64041010e-09,2.11633289e-02,9.78836671e-01
4.000000e-08,40.000000,8.000000e-01,5.000000e-08,3.30082521e-02,1.65041260e-09,2.12884274e-02,9.78711573e-01
4.000000e-08,40.000000,8.000000e-01,5.000000e-08,3.32083021e-02,1.66041510e-09,2.14134766e-02,9.78586523e-01
4.000000e-08,40.000000,8.000000e-01,5.000000e-08,3.34083521e-02,1.67041760e-09,2.15384763e-02,9.78461524e-01
4.000000e-08,40.000000,8.000000e-01,5.000000e-08,3.36084021e-02,1.68042011e-09,2.16634267e-02,9.78336573e-01
4.000000e-08,40.000000,8.000000e-01,5.000000e-08,3.38084521e-02,1.69042261e-09,2.17883276e-02,9.78211672e-01
4.000000e-08,40.000000,8.000000e-01,5.000000e-08,3.40085021e-02,1.70042511e-09,2.19131790e-02,9.78086821e-01
4.000000e-08,40.000000,8.000000e-01,5.000000e-08,3.42085521e-02,1.71042761e-09,2.20379809e-02,9.77962019e-01
4.000000e-08,40.000000,8.000000e-01,5.000000e-08,3.44086022e-02,1.72043011e-09,2.21627332e-02,9.77837267e-01
4.000000e-08,40.000000,8.000000e-01,5.000000e-08,3.46086522e-02,1.73043261e-09,2.22874360e-02,9.77712564e-01
4.000000e-08,40.000000,8.000000e-01,5.000000e-08,3.48087022e-02,1.74043511e-09,2.24120893e-02,9.77587911e-01
4.000000e-08,40.000000,8.000000e-01,5.000000e-08,3.50087522e-02,1.75043761e-09,2.25366929e-02,9.77463307e-01
4.000000e-08,40.000000,8.000000e-01,5.000000e-08,3.52088022e-02,1.76044011e-09,2.26612468e-02,9.77338753e-01
4.000000e-08,40.000000,8.000000e-01,5.000000e-08,3.54088522e-02,1.77044261e-09,2.27857511e-02,9.77214249e-01
4.000000e-08,40.000000,8.000000e-01,5.000000e-08,3.56089022e-02,1.78044511e-09,2.29102057e-02,9.77089794e-01
4.000000e-08,40.000000,8.000000e-01,5.000000e-08,3.58089522e-02,1.79044761e-09,2.30346105e-02,9.76965389e-01
4.000000e-08,40.000000,8.000000e-01,5.000000e-08,3.60090023e-02,1.80045011e-09,2.31589657e-02,9.76841034e-01
4.000000e-08,40.000000,8.000000e-01,5.000000e-08,3.62090523e-02,1.81045261e-09,2.32832710e-02,9.76716729e-01
4.000000e-08,40.000000,8.000000e-01,5.000000e-08,3.64091023e-02,1.82045511e-09,2.34075265e-02,9.76592474e-01
4.000000e-08,40.000000,8.000000e-01,5.000000e-08,3.66091523e-02,1.83045761e-09,2.35317322e-02,9.76468268e-01
4.000000e-08,40.000000,8.000000e-01,5.000000e-08,3.68092023e-02,1.84046012e-09,2.36558880e-02,9.76344112e-01
4.000000e-08,40.000000,8.000000e-01,5.000000e-08,3.70092523e-02,1.85046262e-09,2.37799939e-02,9.76220006e-01
4.000000e-08,40.000000,8.000000e-01,5.000000e-08,3.72093023e-02,1.86046512e-09,2.39040499e-02,9.76095950e-01
4.000000e-08,40.000000,8.000000e-01,5.000000e-08,3.74093523e-02,1.87046762e-09,2.40280560e-02,9.75971944e-01
4.000000e-08,40.000000,8.000000e-01,5.000000e-08,3.76094024e-02,1.88047012e-09,2.41520121e-02,9.75847988e-01
4.000000e-08,40.000000,8.000000e-01,5.000000e-08,3.78094524e-02,1.89047262e-09,2.42759182e-02,9.75724082e-01
4.000000e-08,40.000000,8.000000e-01,5.000000e-08,3.80095024e-02,1.90047512e-09,2.43997743e-02,9.75600226e-01
4.000000e-08,40.000000,8.000000e-01,5.000000e-08,3.82095524e-02,1.91047762e-09,2.45235803e-02,9.75476420e-01
4.000000e-08,40.000000,8.000000e-01,5.000000e-08,3.84096024e-02,1.92048012e-09,2.46473362e-02,9.75352664e-01
4.000000e-08,40.000000,8.000000e-01,5.000000e-08,3.86096524e-02,1.93048262e-09,2.47710420e-02,9.75228958e-01
4.000000e-08,40.000000,8.000000e-01,5.000000e-08,3.88097024e-02,1.94048512e-09,2.48946977e-02,9.75105302e-01
4.000000e-08,40.000000,8.000000e-01,5.000000e-08,3.90097524e-02,1.95048762e-09,2.50183032e-02,9.74981697e-01
4.000000e-08,40.000000,8.000000e-01,5.000000e-08,3.92098025e-02,1.96049012e-09,2.51418585e-02,9.74858141e-01
4.000000e-08,40.000000,8.000000e-01,5.000000e-08,3.94098525e-02,1.97049262e-09,2.52653637e-02,9.74734636e-01
4.000000e-08,40.000000,8.000000e-01,5.000000e-08,3.96099025e-02,1.98049512e-09,2.53888185e-02,9.74611181e-01
4.000000e-08,40.000000,8.000000e-01,5.000000e-08,3.98099525e-02,1.99049762e-09,2.55122231e-02,9.74487777e-01
4.000000e-08,40.000000,8.000000e-01,5.000000e-08,4.00100025e-02,2.00050013e-09,2.56355774e-02,9.74364423e-01
4.000000e-08,40.000000,8.000000e-01,5.000000e-08,4.02100525e-02,2.01050263e-09,2.57588814e-02,9.74241119e-01
4.000000e-08,40.000000,8.000000e-01,5.000000e-08,4.04101025e-02,2.02050513e-09,2.58821350e-02,9.74117865e-01
4.000000e-08,40.000000,8.000000e-01,5.000000e-08,4.06101525e-02,2.03050763e-09,2.60053382e-02,9.73994662e-01
4.000000e-08,40.000000,8.000000e-01,5.000000e-08,4.08102026e-02,2.04051013e-09,2.61284910e-02,9.73871509e-01
4.000000e-08,40.000000,8.000000e-01,5.000000e-08,4.10102526e-02,2.05051263e-09,2.62515934e-02,9.73748407e-01
4.000000e-08,40.000000,8.000000e-01,5.000000e-08,4.12103026e-02,2.06051513e-09,2.63746453e-02,9.73625355e-01
4.000000e-08,40.000000,8.000000e-01,5.000000e-08,4.14103526e-02,2.07051763e-09,2.64976467e-02,9.73502353e-01
4.000000e-08,40.000000,8.000000e-01,5.000000e-08,4.16104026e-02,2.08052013e-09,2.66205977e-02,9.73379402e-01
4.000000e-08,40.000000,8.000000e-01,5.000000e-08,4.18104526e-02,2.09052263e-09,2.67434980e-02,9.73256502e-01
4.000000e-08,40.000000,8.000000e-01,5.000000e-08,4.20105026e-02,2.10052513e-09,2.68663478e-02,9.73133652e-01
4.000000e-08,40.000000,8.000000e-01,5.000000e-08,4.22105526e-02,2.11052763e-09,2.69891470e-02,9.73010853e-01
4.000000e-08,40.000000,8.000000e-01,5.000000e-08,4.24106027e-02,2.12053013e-09,2.71118956e-02,9.72888104e-01
4.000000e-08,40.000000,8.000000e-01,5.000000e-08,4.26106527e-02,2.13053263e-09,2.72345935e-02,9.72765407e-01
4.000000e-08,40.000000,8.000000e-01,5.000000e-08,4.28107027e-02,2.14053513e-09,2.73572407e-02,9.72642759e-01
4.000000e-08,40.000000,8.000000e-01,5.000000e-08,4.30107527e-02,2.15053763e-09,2.74798372e-02,9.72520163e-01
4.000000e-08,40.000000,8.000000e-01,5.000000e-08,4.32108027e-02,2.16054014e-09,2.76023830e-02,9.72397617e-01
4.000000e-08,40.000000,8.000000e-01,5.000000e-08,4.34108527e-02,2.17054264e-09,2.77248780e-02,9.72275122e-01
4.000000e-08,40.000000,8.000000e-01,5.000000e-08,4.36109027e-02,2.18054514e-09,2.78473222e-02,9.72152678e-01
4.000000e-08,40.000000,8.000000e-01,5.000000e-08,4.38109527e-02,2.19054764e-09,2.79697156e-02,9.72030284e-01
4.000000e-08,40.000000,8.000000e-01,5.000000e-08,4.40110028e-02,2.20055014e-09,2.80920582e-02,9.71907942e-01
4.000000e-08,40.000000,8.000000e-01,5.000000e-08,4.42110528e-02,2.21055264e-09,2.82143499e-02,9.71785650e-01
4.000000e-08,40.000000,8.000000e-01,5.000000e-08,4.44111028e-02,2.22055514e-09,2.83365907e-02,9.71663409e-01
4.000000e-08,40.000000,8.000000e-01,5.000000e-08,4.46111528e-02,2.23055764e-09,2.84587806e-02,9.71541219e-01
4.000000e-08,40.000000,8.000000e-01,5.000000e-08,4.48112028e-02,2.24056014e-09,2.85809195e-02,9.71419081e-01
4.000000e-08,40.000000,8.000000e-01,5.000000e-08,4.50112528e-02,2.25056264e-09,2.87030074e-02,9.71296993e-01
4.000000e-08,40.000000,8.000000e-01,5.000000e-08,4.52113028e-02,2.26056514e-09,2.88250444e-02,9.71174956e-01
4.000000e-08,40.000000,8.000000e-01,5.000000e-08,4.54113528e-02,2.27056764e-09,2.89470303e-02,9.71052970e-01
4.000000e-08,40.000000,8.000000e-01,5.000000e-08,4.56114029e-02,2.28057014e-09,2.90689651e-02,9.70931035e-01
4.000000e-08,40.000000,8.000000e-01,5.000000e-08,4.58114529e-02,2.29057264e-09,2.91908488e-02,9.70809151e-01
4.000000e-08,40.000000,8.000000e-01,5.000000e-08,4.60115029e-02,2.30057514e-09,2.93126815e-02,9.70687319e-01
4.000000e-08,40.000000,8.000000e-01,5.000000e-08,4.62115529e-02,2.31057764e-09,2.94344630e-02,9.70565537e-01
4.000000e-08,40.000000,8.000000e-01,5.000000e-08,4.64116029e-02,2.32058015e-09,2.95561933e-02,9.70443807e-01
4.000000e-08,40.000000,8.000000e-01,5.000000e-08,4.66116529e-02,2.33058265e-09,2.96778724e-02,9.70322128e-01
4.000000e-08,40.000000,8.000000e-01,5.000000e-08,4.68117029e-02,2.34058515e-09,2.97995003e-02,9.70200500e-01
4.000000e-08,40.000000,8.000000e-01,5.000000e-08,4.70117529e-02,2.35058765e-09,2.99210770e-02,9.70078923e-01
4.000000e-08,40.000000,8.000000e-01,5.000000e-08,4.72118030e-02,2.36059015e-09,3.00426023e-02,9.69957398e-01
4.000000e-08,40.000000,8.000000e-01,5.000000e-08,4.74118530e-02,2.37059265e-09,3.01640764e-02,9.69835924e-01
4.000000e-08,40.000000,8.000000e-01,5.000000e-08,4.76119030e-02,2.38059515e-09,3.02854991e-02,9.69714501e-01
4.000000e-08,40.000000,8.000000e-01,5.000000e-08,4.78119530e-02,2.39059765e-09,3.04068705e-02,9.69593129e-01
4.000000e-08,40.000000,8.000000e-01,5.000000e-08,4.80120030e-02,2.40060015e-09,3.05281905e-02,9.69471809e-01
4.000000e-08,40.000000,8.000000e-01,5.000000e-08,4.82120530e-02,2.41060265e-09,3.06494591e-02,9.69350541e-01
4.000000e-08,40.000000,8.000000e-01,5.000000e-08,4.84121030e-02,2.42060515e-09,3.07706762e-02,9.69229324e-01
4.000000e-08,40.000000,8.000000e-01,5.000000e-08,4.86121530e-02,2.43060765e-09,3.08918419e-02,9.69108158e-01
4.000000e-08,40.000000,8.000000e-01,5.000000e-08,4.88122031e-02,2.44061015e-09,3.10129561e-02,9.68987044e-01
4.000000e-08,40.000000,8.000000e-01,5.000000e-08,4.90122531e-02,2.45061265e-09,3.11340187e-02,9.68865981e-01
4.000000e-08,40.000000,8.000000e-01,5.000000e-08,4.92123031e-02,2.46061515e-09,3.12550299e-02,9.68744970e-01
4.000000e-08,40.000000,8.000000e-01,5.000000e-08,4.94123531e-02,2.47061765e-09,3.13759894e-02,9.68624011e-01
4.000000e-08,40.000000,8.000000e-01,5.000000e-08,4.96124031e-02,2.48062016e-09,3.14968973e-02,9.68503103e-01
4.000000e-08,40.000000,8.000000e-01,5.000000e-08,4.98124531e-02,2.49062266e-09,3.16177536e-02,9.68382246e-01
4.000000e-08,40.000000,8.000000e-01,5.000000e-08,5.00125031e-02,2.50062516e-09,3.17385583e-02,9.68261442e-01
4.000000e-08,40.000000,8.000000e-01,5.000000e-08,5.02125531e-02,2.51062766e-09,3.18593113e-02,9.68140689e-01
4.000000e-08,40.000000,8.000000e-01,5.000000e-08,5.04126032e-02,2.52063016e-09,3.19800125e-02,9.68019987e-01
4.000000e-08,40.000000,8.000000e-01,5.000000e-08,5.06126532e-02,2.53063266e-09,3.21006621e-02,9.67899338e-01
4.000000e-08,40.000000,8.000000e-01,5.000000e-08,5.08127032e-02,2.54063516e-09,3.22212598e-02,9.67778740e-01
4.000000e-08,40.000000,8.000000e-01,5.000000e-08,5.10127532e-02,2.55063766e-09,3.23418058e-02,9.67658194e-01
4.000000e-08,40.000000,8.000000e-01,5.000000e-08,5.12128032e-02,2.56064016e-09,3.24623000e-02,9.67537700e-01
4.000000e-08,40.000000,8.000000e-01,5.000000e-08,5.14128532e-02,2.57064266e-09,3.25827423e-02,9.67417258e-01
4.000000e-08,40.000000,8.000000e-01,5.000000e-08,5.16129032e-02,2.58064516e-09,3.27031327e-02,9.67296867e-01
4.000000e-08,40.000000,8.000000e-01,5.000000e-08,5.18129532e-02,2.59064766e-09,3.28234713e-02,9.67176529e-01
4.000000e-08,40.000000,8.000000e-01,5.000000e-08,5.20130033e-02,2.60065016e-09,3.29437579e-02,9.67056242e-01
4.000000e-08,40.000000,8.000000e-01,5.000000e-08,5.22130533e-02,2.61065266e-09,3.30639926e-02,9.66936007e-01
4.000000e-08,40.000000,8.000000e-01,5.000000e-08,5.24131033e-02,2.62065516e-09,3.31841753e-02,9.66815825e-01
4.000000e-08,40.000000,8.000000e-01,5.000000e-08,5.26131533e-02,2.63065766e-09,3.33043060e-02,9.66695694e-01
4.000000e-08,40.000000,8.000000e-01,5.000000e-08,5.28132033e-02,2.64066017e-09,3.34243846e-02,9.66575615e-01
4.000000e-08,40.000000,8.000000e-01,5.000000e-08,5.30132533e-02,2.65066267e-09,3.35444113e-02,9.66455589e-01
4.000000e-08,40.000000,8.000000e-01,5.000000e-08,5.32133033e-02,2.66066517e-09,3.36643858e-02,9.66335614e-01
4.000000e-08,40.000000,8.000000e-01,5.000000e-08,5.34133533e-02,2.67066767e-09,3.37843082e-02,9.66215692e-01
4.000000e-08,40.000000,8.000000e-01,5.000000e-08,5.36134034e-02,2.68067017e-09,3.39041785e-02,9.66095822e-01
4.000000e-08,40.000000,8.000000e-01,5.000000e-08,5.38134534e-02,2.69067267e-09,3.40239966e-02,9.65976003e-01
4.000000e-08,40.000000,8.000000e-01,5.000000e-08,5.40135034e-02,2.70067517e-09,3.41437625e-02,9.65856238e-01
4.000000e-08,40.000000,8.000000e-01,5.000000e-08,5.42135534e-02,2.71067767e-09,3.42634762e-02,9.65736524e-01
4.000000e-08,40.000000,8.000000e-01,5.000000e-08,5.44136034e-02,2.72068017e-09,3.43831376e-02,9.65616862e-01
4.000000e-08,40.000000,8.000000e-01,5.000000e-08,5.46136534e-02,2.73068267e-09,3.45027468e-02,9.65497253e-01
4.000000e-08,40.000000,8.000000e-01,5.000000e-08,5.48137034e-02,2.74068517e-09,3.46223037e-02,9.65377696e-01
4.000000e-08,40.000000,8.000000e-01,5.000000e-08,5.50137534e-02,2.75068767e-09,3.47418083e-02,9.65258192e-01
4.000000e-08,40.000000,8.000000e-01,5.000000e-08,5.52138035e-02,2.76069017e-09,3.48612605e-02,9.65138740e-01
4.000000e-08,40.000000,8.000000e-01,5.000000e-08,5.54138535e-02,2.77069267e-09,3.49806603e-02,9.65019340e-01
4.000000e-08,40.000000,8.000000e-01,5.000000e-08,5.56139035e-02,2.78069517e-09,3.51000077e-02,9.64899992e-01
4.000000e-08,40.000000,8.000000e-01,5.000000e-08,5.58139535e-02,2.79069767e-09,3.52193027e-02,9.64780697e-01
4.000000e-08,40.000000,8.000000e-01,5.000000e-08,5.60140035e-02,2.80070018e-09,3.53385453e-02,9.64661455e-01
4.000000e-08,40.000000,8.000000e-01,5.000000e-08,5.62140535e-02,2.81070268e-09,3.54577353e-02,9.64542265e-01
4.000000e-08,40.000000,8.000000e-01,5.000000e-08,5.64141035e-02,2.82070518e-09,3.55768728e-02,9.64423127e-01
4.000000e-08,40.000000,8.000000e-01,5.000000e-08,5.66141535e-02,2.83070768e-09,3.56959578e-02,9.64304042e-01
4.000000e-08,40.000000,8.000000e-01,5.000000e-08,5.68142036e-02,2.84071018e-09,3.58149903e-02,9.64185010e-01
4.000000e-08,40.000000,8.000000e-01,5.000000e-08,5.70142536e-02,2.85071268e-09,3.59339701e-02,9.64066030e-01
4.000000e-08,40.000000,8.000000e-01,5.000000e-08,5.72143036e-02,2.86071518e-09,3.60528973e-02,9.63947103e-01
4.000000e-08,40.000000,8.000000e-01,5.000000e-08,5.74143536e-02,2.87071768e-09,3.61717719e-02,9.63828228e-01
4.000000e-08,40.000000,8.000000e-01,5.000000e-08,5.76144036e-02,2.88072018e-09,3.62905938e-02,9.63709406e-01
4.000000e-08,40.000000,8.000000e-01,5.000000e-08,5.78144536e-02,2.89072268e-09,3.64093630e-02,9.63590637e-01
4.000000e-08,40.000000,8.000000e-01,5.000000e-08,5.80145036e-02,2.90072518e-09,3.65280795e-02,9.63471920e-01
4.000000e-08,40.000000,8.000000e-01,5.000000e-08,5.82145536e-02,2.91072768e-09,3.66467432e-02,9.63353257e-01
4.000000e-08,40.000000,8.000000e-01,5.000000e-08,5.84146037e-02,2.92073018e-09,3.67653542e-02,9.63234646e-01
4.000000e-08,40.000000,8.000000e-01,5.000000e-08,5.86146537e-02,2.93073268e-09,3.68839123e-02,9.63116088e-01
4.000000e-08,40.000000,8.000000e-01,5.000000e-08,5.88147037e-02,2.94073518e-09,3.70024176e-02,9.62997582e-01
4.000000e-08,40.000000,8.000000e-01,5.000000e-08,5.90147537e-02,2.95073768e-09,3.71208701e-02,9.62879130e-01
4.000000e-08,40.000000,8.000000e-01,5.000000e-08,5.92148037e-02,2.96074019e-09,3.72392697e-02,9.62760730e-01
4.000000e-08,40.000000,8.000000e-01,5.000000e-08,5.94148537e-02,2.97074269e-09,3.73576163e-02,9.62642384e-01
4.000000e-08,40.000000,8.000000e-01,5.000000e-08,5.96149037e-02,2.98074519e-09,3.74759101e-02,9.62524090e-01
4.000000e-08,40.000000,8.000000e-01,5.000000e-08,5.98149537e-02,2.99074769e-09,3.75941508e-02,9.62405849e-01
4.000000e-08,40.000000,8.000000e-01,5.000000e-08,6.00150038e-02,3.00075019e-09,3.77123386e-02,9.62287661e-01
4.000000e-08,40.000000,8.000000e-01,5.000000e-08,6.02150538e-02,3.01075269e-09,3.78304734e-02,9.62169527e-01
4.000000e-08,40.000000,8.000000e-01,5.000000e-08,6.04151038e-02,3.02075519e-09,3.79485551e-02,9.62051445e-01
4.000000e-08,40.000000,8.000000e-01,5.000000e-08,6.06151538e-02,3.03075769e-09,3.80665837e-02,9.61933416e-01
4.000000e-08,40.000000,8.000000e-01,5.000000e-08,6.08152038e-02,3.04076019e-09,3.81845593e-02,9.61815441e-01
4.000000e-08,40.000000,8.000000e-01,5.000000e-08,6.10152538e-02,3.05076269e-09,3.83024817e-02,9.61697518e-01
4.000000e-08,40.000000,8.000000e-01,5.000000e-08,6.12153038e-02,3.06076519e-09,3.84203510e-02,9.61579649e-01
4.000000e-08,40.000000,8.000000e-01,5.000000e-08,6.14153538e-02,3.07076769e-09,3.85381671e-02,9.61461833e-01
4.000000e-08,40.000000,8.000000e-01,5.000000e-08,6.16154039e-02,3.08077019e-09,3.86559300e-02,9.61344070e-01
4.000000e-08,40.000000,8.000000e-01,5.000000e-08,6.18154539e-02,3.09077269e-09,3.87736396e-02,9.61226360e-01
4.000000e-08,40.000000,8.000000e-01,5.000000e-08,6.20155039e-02,3.10077519e-09,3.88912960e-02,9.61108704e-01
4.000000e-08,40.000000,8.000000e-01,5.000000e-08,6.22155539e-02,3.11077769e-09,3.90088992e-02,9.60991101e-01
4.000000e-08,40.000000,8.000000e-01,5.000000e-08,6.24156039e-02,3.12078020e-09,3.91264490e-02,9.60873551e-01
4.000000e-08,40.000000,8.000000e-01,5.000000e-08,6.26156539e-02,3.13078270e-09,3.92439455e-02,9.60756055e-01
4.000000e-08,40.000000,8.000000e-01,5.000000e-08,6.28157039e-02,3.14078520e-09,3.93613886e-02,9.60638611e-01
4.000000e-08,40.000000,8.000000e-01,5.000000e-08,6.30157539e-02,3.15078770e-09,3.94787784e-02,9.60521222e-01
4.000000e-08,40.000000,8.000000e-01,5.000000e-08,6.32158040e-02,3.16079020e-09,3.95961147e-02,9.60403885e-01
4.000000e-08,40.000000,8.000000e-01,5.000000e-08,6.34158540e-02,3.17079270e-09,3.97133976e-02,9.60286602e-01
4.000000e-08,40.000000,8.000000e-01,5.000000e-08,6.36159040e-02,3.18079520e-09,3.98306270e-02,9.60169373e-01
4.000000e-08,40.000000,8.000000e-01,5.000000e-08,6.38159540e-02,3.19079770e-09,3.99478029e-02,9.60052197e-01
4.000000e-08,40.000000,8.000000e-01,5.000000e-08,6.40160040e-02,3.20080020e-09,4.00649254e-02,9.59935075e-01
4.000000e-08,40.000000,8.000000e-01,5.000000e-08,6.42160540e-02,3.21080270e-09,4.01819942e-02,9.59818006e-01
4.000000e-08,40.000000,8.000000e-01,5.000000e-08,6.44161040e-02,3.22080520e-09,4.02990095e-02,9.59700990e-01
4.000000e-08,40.000000,8.000000e-01,5.000000e-08,6.46161540e-02,3.23080770e-09,4.04159712e-02,9.59584029e-01
4.000000e-08,40.000000,8.000000e-01,5.000000e-08,6.48162041e-02,3.24081020e-09,4.05328793e-02,9.59467121e-01
4.000000e-08,40.000000,8.000000e-01,5.000000e-08,6.50162541e-02,3.25081270e-09,4.06497337e-02,9.59350266e-01
4.000000e-08,40.000000,8.000000e-01,5.000000e-08,6.52163041e-02,3.26081520e-09,4.07665345e-02,9.59233466e-01
4.000000e-08,40.000000,8.000000e-01,5.000000e-08,6.54163541e-02,3.27081770e-09,4.08832815e-02,9.59116718e-01
4.000000e-08,40.000000,8.000000e-01,5.000000e-08,6.56164041e-02,3.28082021e-09,4.09999748e-02,9.59000025e-01
4.000000e-08,40.000000,8.000000e-01,5.000000e-08,6.58164541e-02,3.29082271e-09,4.11166144e-02,9.58883386e-01
4.000000e-08,40.000000,8.000000e-01,5.000000e-08,6.60165041e-02,3.30082521e-09,4.12332002e-02,9.58766800e-01
4.000000e-08,40.000000,8.000000e-01,5.000000e-08,6.62165541e-02,3.31082771e-09,4.13497321e-02,9.58650268e-01
4.000000e-08,40.000000,8.000000e-01,5.000000e-08,6.64166042e-02,3.32083021e-09,4.14662103e-02,9.58533790e-01
4.000000e-08,40.000000,8.000000e-01,5.000000e-08,6.66166542e-02,3.33083271e-09,4.15826345e-02,9.58417365e-01
4.000000e-08,40.000000,8.000000e-01,5.000000e-08,6.68167042e-02,3.34083521e-09,4.16990049e-02,9.58300995e-01
4.000000e-08,40.000000,8.000000e-01,5.000000e-08,6.70167542e-02,3.35083771e-09,4.18153214e-02,9.58184679e-01
4.000000e-08,40.000000,8.000000e-01,5.000000e-08,6.72168042e-02,3.36084021e-09,4.19315839e-02,9.58068416e-01
4.000000e-08,40.000000,8.000000e-01,5.000000e-08,6.74168542e-02,3.37084271e-09,4.20477925e-02,9.57952207e-01
4.000000e-08,40.000000,8.000000e-01,5.000000e-08,6.76169042e-02,3.38084521e-09,4.21639471e-02,9.57836053e-01
4.000000e-08,40.000000,8.000000e-01,5.000000e-08,6.78169542e-02,3.39084771e-09,4.22800476e-02,9.57719952e-01
4.000000e-08,40.000000,8.000000e-01,5.000000e-08,6.80170043e-02,3.40085021e-09,4.23960942e-02,9.57603906e-01
4.000000e-08,40.000000,8.000000e-01,5.000000e-08,6.82170543e-02,3.41085271e-09,4.25120866e-02,9.57487913e-01
4.000000e-08,40.000000,8.000000e-01,5.000000e-08,6.84171043e-02,3.42085521e-09,4.26280250e-02,9.57371975e-01
4.000000e-08,40.000000,8.000000e-01,5.000000e-08,6.86171543e-02,3.43085771e-09,4.27439092e-02,9.57256091e-01
4.000000e-08,40.000000,8.000000e-01,5.000000e-08,6.88172043e-02,3.44086022e-09,4.28597393e-02,9.57140261e-01
4.000000e-08,40.000000,8.000000e-01,5.000000e-08,6.90172543e-02,3.45086272e-09,4.29755152e-02,9.57024485e-01
4.000000e-08,40.000000,8.000000e-01,5.000000e-08,6.92173043e-02,3.46086522e-09,4.30912369e-02,9.56908763e-01
4.000000e-08,40.000000,8.000000e-01,5.000000e-08,6.94173543e-02,3.47086772e-09,4.32069044e-02,9.56793096e-01
4.000000e-08,40.000000,8.000000e-01,5.000000e-08,6.96174044e-02,3.48087022e-09,4.33225176e-02,9.56677482e-01
4.000000e-08,40.000000,8.000000e-01,5.000000e-08,6.98174544e-02,3.49087272e-09,4.34380765e-02,9.56561923e-01
4.000000e-08,40.000000,8.000000e-01,5.000000e-08,7.00175044e-02,3.50087522e-09,4.35535812e-02,9.56446419e-01
4.000000e-08,40.000000,8.000000e-01,5.000000e-08,7.02175544e-02,3.51087772e-09,4.36690315e-02,9.56330969e-01
4.000000e-08,40.000000,8.000000e-01,5.000000e-08,7.04176044e-02,3.52088022e-09,4.37844274e-02,9.56215573e-01
4.000000e-08,40.000000,8.000000e-01,5.000000e-08,7.06176544e-02,3.53088272e-09,4.38997690e-02,9.56100231e-01
4.000000e-08,40.000000,8.000000e-01,5.000000e-08,7.08177044e-02,3.54088522e-09,4.40150562e-02,9.55984944e-01
4.000000e-08,40.000000,8.000000e-01,5.000000e-08,7.10177544e-02,3.55088772e-09,4.41302889e-02,9.55869711e-01
4.000000e-08,40.000000,8.000000e-01,5.000000e-08,7.12178045e-02,3.56089022e-09,4.42454671e-02,9.55754533e-01
4.000000e-08,40.000000,8.000000e-01,5.000000e-08,7.14178545e-02,3.57089272e-09,4.43605909e-02,9.55639409e-01
4.000000e-08,40.000000,8.000000e-01,5.000000e-08,7.16179045e-02,3.58089522e-09,4.44756602e-02,9.55524340e-01
4.000000e-08,40.000000,8.000000e-01,5.000000e-08,7.18179545e-02,3.59089772e-09,4.45906749e-02,9.55409325e-01
4.000000e-08,40.000000,8.000000e-01,5.000000e-08,7.20180045e-02,3.60090023e-09,4.47056351e-02,9.55294365e-01
4.000000e-08,40.000000,8.000000e-01,5.000000e-08,7.22180545e-02,3.61090273e-09,4.48205406e-02,9.55179459e-01
4.000000e-08,40.000000,8.000000e-01,5.000000e-08,7.24181045e-02,3.62090523e-09,4.49353916e-02,9.55064608e-01
4.000000e-08,40.000000,8.000000e-01,5.000000e-08,7.26181545e-02,3.63090773e-09,4.50501879e-02,9.54949812e-01
4.000000e-08,40.000000,8.000000e-01,5.000000e-08,7.28182046e-02,3.64091023e-09,4.51649295e-02,9.54835070e-01
4.000000e-08,40.000000,8.000000e-01,5.000000e-08,7.30182546e-02,3.65091273e-09,4.52796165e-02,9.54720384e-01
4.000000e-08,40.000000,8.000000e-01,5.000000e-08,7.32183046e-02,3.66091523e-09,4.53942487e-02,9.54605751e-01
4.000000e-08,40.000000,8.000000e-01,5.000000e-08,7.34183546e-02,3.67091773e-09,4.55088262e-02,9.54491174e-01
4.000000e-08,40.000000,8.000000e-01,5.000000e-08,7.36184046e-02,3.68092023e-09,4.56233489e-02,9.54376651e-01
4.000000e-08,40.000000,8.000000e-01,5.000000e-08,7.38184546e-02,3.69092273e-09,4.57378168e-02,9.54262183e-01
4.000000e-08,40.000000,8.000000e-01,5.000000e-08,7.40185046e-02,3.70092523e-09,4.58522298e-02,9.54147770e-01
4.000000e-08,40.000000,8.000000e-01,5.000000e-08,7.42185546e-02,3.71092773e-09,4.59665880e-02,9.54033412e-01
4.000000e-08,40.000000,8.000000e-01,5.000000e-08,7.44186047e-02,3.72093023e-09,4.60808914e-02,9.53919109e-01
4.000000e-08,40.000000,8.000000e-01,5.000000e-08,7.46186547e-02,3.73093273e-09,4.61951398e-02,9.53804860e-01
4.000000e-08,40.000000,8.000000e-01,5.000000e-08,7.48187047e-02,3.74093523e-09,4.63093334e-02,9.53690667e-01
4.000000e-08,40.000000,8.000000e-01,5.000000e-08,7.50187547e-02,3.75093773e-09,4.64234719e-02,9.53576528e-01
4.000000e-08,40.000000,8.000000e-01,5.000000e-08,7.52188047e-02,3.76094024e-09,4.65375555e-02,9.53462445e-01
4.000000e-08,40.000000,8.000000e-01,5.000000e-08,7.54188547e-02,3.77094274e-09,4.66515841e-02,9.53348416e-01
4.000000e-08,40.000000,8.000000e-01,5.000000e-08,7.56189047e-02,3.78094524e-09,4.67655576e-02,9.53234442e-01
4.000000e-08,40.000000,8.000000e-01,5.000000e-08,7.58189547e-02,3.79094774e-09,4.68794761e-02,9.53120524e-01
4.000000e-08,40.000000,8.000000e-01,5.000000e-08,7.60190048e-02,3.80095024e-09,4.69933395e-02,9.53006660e-01
4.000000e-08,40.000000,8.000000e-01,5.000000e-08,7.62190548e-02,3.81095274e-09,4.71071478e-02,9.52892852e-01
4.000000e-08,40.000000,8.000000e-01,5.000000e-08,7.64191048e-02,3.82095524e-09,4.72209010e-02,9.52779099e-01
4.000000e-08,40.000000,8.000000e-01,5.000000e-08,7.66191548e-02,3.83095774e-09,4.73345990e-02,9.52665401e-01
4.000000e-08,40.000000,8.000000e-01,5.000000e-08,7.68192048e-02,3.84096024e-09,4.74482418e-02,9.52551758e-01
4.000000e-08,40.000000,8.000000e-01,5.000000e-08,7.70192548e-02,3.85096274e-09,4.75618294e-02,9.52438171e-01
4.000000e-08,40.000000,8.000000e-01,5.000000e-08,7.72193048e-02,3.86096524e-09,4.76753617e-02,9.52324638e-01
4.000000e-08,40.000000,8.000000e-01,5.000000e-08,7.74193548e-02,3.87096774e-09,4.77888388e-02,9.52211161e-01
4.000000e-08,40.000000,8.000000e-01,5.000000e-08,7.76194049e-02,3.88097024e-09,4.79022606e-02,9.52097739e-01
4.000000e-08,40.000000,8.000000e-01,5.000000e-08,7.78194549e-02,3.89097274e-09,4.80156271e-02,9.51984373e-01
4.000000e-08,40.000000,8.000000e-01,5.000000e-08,7.80195049e-02,3.90097524e-09,4.81289383e-02,9.51871062e-01
4.000000e-08,40.000000,8.000000e-01,5.000000e-08,7.82195549e-02,3.91097774e-09,4.82421940e-02,9.51757806e-01
4.000000e-08,40.000000,8.000000e-01,5.000000e-08,7.84196049e-02,3.92098025e-09,4.83553944e-02,9.51644606e-01
4.000000e-08,40.000000,8.000000e-01,5.000000e-08,7.86196549e-02,3.93098275e-09,4.84685394e-02,9.51531461e-01
4.000000e-08,40.000000,8.000000e-01,5.000000e-08,7.88197049e-02,3.94098525e-09,4.85816289e-02,9.51418371e-01
4.000000e-08,40.000000,8.000000e-01,5.000000e-08,7.90197549e-02,3.95098775e-09,4.86946630e-02,9.51305337e-01
4.000000e-08,40.000000,8.000000e-01,5.000000e-08,7.92198050e-02,3.96099025e-09,4.88076416e-02,9.51192358e-01
4.000000e-08,40.000000,8.000000e-01,5.000000e-08,7.94198550e-02,3.97099275e-09,4.89205646e-02,9.51079435e-01
4.000000e-08,40.000000,8.000000e-01,5.000000e-08,7.96199050e-02,3.98099525e-09,4.90334321e-02,9.50966568e-01
4.000000e-08,40.000000,8.000000e-01,5.000000e-08,7.98199550e-02,3.99099775e-09,4.91462440e-02,9.50853756e-01
4.000000e-08,40.000000,8.000000e-01,5.000000e-08,8.00200050e-02,4.00100025e-09,4.92590003e-02,9.50741000e-01
4.000000e-08,40.000000,8.000000e-01,5.000000e-08,8.02200550e-02,4.01100275e-09,4.93717010e-02,9.50628299e-01
4.000000e-08,40.000000,8.000000e-01,5.000000e-08,8.04201050e-02,4.02100525e-09,4.94843461e-02,9.50515654e-01
4.000000e-08,40.000000,8.000000e-01,5.000000e-08,8.06201550e-02,4.03100775e-09,4.95969355e-02,9.50403065e-01
4.000000e-08,40.000000,8.000000e-01,5.000000e-08,8.08202051e-02,4.04101025e-09,4.97094691e-02,9.50290531e-01
4.000000e-08,40.000000,8.000000e-01,5.000000e-08,8.10202551e-02,4.05101275e-09,4.98219471e-02,9.50178053e-01
4.000000e-08,40.000000,8.000000e-01,5.000000e-08,8.12203051e-02,4.06101525e-09,4.99343693e-02,9.50065631e-01
4.000000e-08,40.000000,8.000000e-01,5.000000e-08,8.14203551e-02,4.07101775e-09,5.00467357e-02,9.49953264e-01
4.000000e-08,40.000000,8.000000e-01,5.000000e-08,8.16204051e-02,4.08102026e-09,5.01590463e-02,9.49840954e-01
4.000000e-08,40.000000,8.000000e-01,5.000000e-08,8.18204551e-02,4.09102276e-09,5.02713011e-02,9.49728699e-01
4.000000e-08,40.000000,8.000000e-01,5.000000e-08,8.20205051e-02,4.10102526e-09,5.03835001e-02,9.49616500e-01
4.000000e-08,40.000000,8.000000e-01,5.000000e-08,8.22205551e-02,4.11102776e-09,5.04956431e-02,9.49504357e-01
4.000000e-08,40.000000,8.000000e-01,5.000000e-08,8.24206052e-02,4.12103026e-09,5.06077303e-02,9.49392270e-01
4.000000e-08,40.000000,8.000000e-01,5.000000e-08,8.26206552e-02,4.13103276e-09,5.07197615e-02,9.49280238e-01
4.000000e-08,40.000000,8.000000e-01,5.000000e-08,8.28207052e-02,4.14103526e-09,5.08317368e-02,9.49168263e-01
4.000000e-08,40.000000,8.000000e-01,5.000000e-08,8.30207552e-02,4.15103776e-09,5.09436561e-02,9.49056344e-01
4.000000e-08,40.000000,8.000000e-01,5.000000e-08,8.32208052e-02,4.16104026e-09,5.10555193e-02,9.48944481e-01
4.000000e-08,40.000000,8.000000e-01,5.000000e-08,8.34208552e-02,4.17104276e-09,5.11673266e-02,9.48832673e-01
4.000000e-08,40.000000,8.000000e-01,5.000000e-08,8.36209052e-02,4.18104526e-09,5.12790778e-02,9.48720922e-01
4.000000e-08,40.000000,8.000000e-01,5.000000e-08,8.38209552e-02,4.19104776e-09,5.13907729e-02,9.48609227e-01
4.000000e-08,40.000000,8.000000e-01,5.000000e-08,8.40210053e-02,4.20105026e-09,5.15024119e-02,9.48497588e-01
4.000000e-08,40.000000,8.000000e-01,5.000000e-08,8.42210553e-02,4.21105276e-09,5.16139948e-02,9.48386005e-01
4.000000e-08,40.000000,8.000000e-01,5.000000e-08,8.44211053e-02,4.22105526e-09,5.17255215e-02,9.48274479e-01
4.000000e-08,40.000000,8.000000e-01,5.000000e-08,8.46211553e-02,4.23105776e-09,5.18369920e-02,9.48163008e-01
4.000000e-08,40.000000,8.000000e-01,5.000000e-08,8.48212053e-02,4.24106027e-09,5.19484063e-02,9.48051594e-01
4.000000e-08,40.000000,8.000000e-01,5.000000e-08,8.50212553e-02,4.25106277e-09,5.20597644e-02,9.47940236e-01
4.000000e-08,40.000000,8.000000e-01,5.000000e-08,8.52213053e-02,4.26106527e-09,5.21710662e-02,9.47828934e-01
4.000000e-08,40.000000,8.000000e-01,5.000000e-08,8.54213553e-02,4.27106777e-09,5.22823117e-02,9.47717688e-01
4.000000e-08,40.000000,8.000000e-01,5.000000e-08,8.56214054e-02,4.28107027e-09,5.23935009e-02,9.47606499e-01
4.000000e-08,40.000000,8.000000e-01,5.000000e-08,8.58214554e-02,4.29107277e-09,5.25046338e-02,9.47495366e-01
4.000000e-08,40.000000,8.000000e-01,5.000000e-08,8.60215054e-02,4.30107527e-09,5.26157103e-02,9.47384290e-01
4.000000e-08,40.000000,8.000000e-01,5.000000e-08,8.62215554e-02,4.31107777e-09,5.27267304e-02,9.47273270e-01
4.000000e-08,40.000000,8.000000e-01,5.000000e-08,8.64216054e-02,4.32108027e-09,5.28376942e-02,9.47162306e-01
4.000000e-08,40.000000,8.000000e-01,5.000000e-08,8.66216554e-02,4.33108277e-09,5.29486014e-02,9.47051399e-01
4.000000e-08,40.000000,8.000000e-01,5.000000e-08,8.68217054e-02,4.34108527e-09,5.30594522e-02,9.46940548e-01
4.000000e-08,40.000000,8.000000e-01,5.000000e-08,8.70217554e-02,4.35108777e-09,5.31702466e-02,9.46829753e-01
4.000000e-08,40.000000,8.000000e-01,5.000000e-08,8.72218055e-02,4.36109027e-09,5.32809844e-02,9.46719016e-01
4.000000e-08,40.000000,8.000000e-01,5.000000e-08,8.74218555e-02,4.37109277e-09,5.33916656e-02,9.46608334e-01
4.000000e-08,40.000000,8.000000e-01,5.000000e-08,8.76219055e-02,4.38109527e-09,5.35022904e-02,9.46497710e-01
4.000000e-08,40.000000,8.000000e-01,5.000000e-08,8.78219555e-02,4.39109777e-09,5.36128585e-02,9.46387142e-01
4.000000e-08,40.000000,8.000000e-01,5.000000e-08,8.80220055e-02,4.40110028e-09,5.37233700e-02,9.46276630e-01
4.000000e-08,40.000000,8.000000e-01,5.000000e-08,8.82220555e-02,4.41110278e-09,5.38338248e-02,9.46166175e-01
4.000000e-08,40.000000,8.000000e-01,5.000000e-08,8.84221055e-02,4.42110528e-09,5.39442230e-02,9.46055777e-01
4.000000e-08,40.000000,8.000000e-01,5.000000e-08,8.86221555e-02,4.43110778e-09,5.40545645e-02,9.45945435e-01
4.000000e-08,40.000000,8.000000e-01,5.000000e-08,8.88222056e-02,4.44111028e-09,5.41648493e-02,9.45835151e-01
4.000000e-08,40.000000,8.000000e-01,5.000000e-08,8.90222556e-02,4.45111278e-09,5.42750773e-02,9.45724923e-01
4.000000e-08,40.000000,8.000000e-01,5.000000e-08,8.92223056e-02,4.46111528e-09,5.43852486e-02,9.45614751e-01
4.000000e-08,40.000000,8.000000e-01,5.000000e-08,8.94223556e-02,4.47111778e-09,5.44953631e-02,9.45504637e-01
4.000000e-08,40.000000,8.000000e-01,5.000000e-08,8.96224056e-02,4.48112028e-09,5.46054208e-02,9.45394579e-01
4.000000e-08,40.000000,8.000000e-01,5.000000e-08,8.98224556e-02,4.49112278e-09,5.47154216e-02,9.45284578e-01
4.000000e-08,40.000000,8.000000e-01,5.000000e-08,9.00225056e-02,4.50112528e-09,5.48253656e-02,9.45174634e-01
4.000000e-08,40.000000,8.000000e-01,5.000000e-08,9.02225556e-02,4.51112778e-09,5.49352526e-02,9.45064747e-01
4.000000e-08,40.000000,8.000000e-01,5.000000e-08,9.04226057e-02,4.52113028e-09,5.50450828e-02,9.44954917e-01
4.000000e-08,40.000000,8.000000e-01,5.000000e-08,9.06226557e-02,4.53113278e-09,5.51548560e-02,9.44845144e-01
4.000000e-08,40.000000,8.000000e-01,5.000000e-08,9.08227057e-02,4.54113528e-09,5.52645722e-02,9.44735428e-01
4.000000e-08,40.000000,8.000000e-01,5.000000e-08,9.10227557e-02,4.55113778e-09,5.53742315e-02,9.44625769e-01
4.000000e-08,40.000000,8.000000e-01,5.000000e-08,9.12228057e-02,4.56114029e-09,5.54838337e-02,9.44516166e-01
4.000000e-08,40.000000,8.000000e-01,5.000000e-08,9.14228557e-02,4.57114279e-09,5.55933789e-02,9.44406621e-01
4.000000e-08,40.000000,8.000000e-01,5.000000e-08,9.16229057e-02,4.58114529e-09,5.57028670e-02,9.44297133e-01
4.000000e-08,40.000000,8.000000e-01,5.000000e-08,9.18229557e-02,4.59114779e-09,5.58122980e-02,9.44187702e-01
4.000000e-08,40.000000,8.000000e-01,5.000000e-08,9.20230058e-02,4.60115029e-09,5.59216719e-02,9.44078328e-01
4.000000e-08,40.000000,8.000000e-01,5.000000e-08,9.22230558e-02,4.61115279e-09,5.60309887e-02,9.43969011e-01
4.000000e-08,40.000000,8.000000e-01,5.000000e-08,9.24231058e-02,4.62115529e-09,5.61402483e-02,9.43859752e-01
4.000000e-08,40.000000,8.000000e-01,5.000000e-08,9.26231558e-02,4.63115779e-09,5.62494507e-02,9.43750549e-01
4.000000e-08,40.000000,8.000000e-01,5.000000e-08,9.28232058e-02,4.64116029e-09,5.63585959e-02,9.43641404e-01
4.000000e-08,40.000000,8.000000e-01,5.000000e-08,9.30232558e-02,4.65116279e-09,5.64676838e-02,9.43532316e-01
4.000000e-08,40.000000,8.000000e-01,5.000000e-08,9.32233058e-02,4.66116529e-09,5.65767145e-02,9.43423286e-01
4.000000e-08,40.000000,8.000000e-01,5.000000e-08,9.34233558e-02,4.67116779e-09,5.66856878e-02,9.43314312e-01
4.000000e-08,40.000000,8.000000e-01,5.000000e-08,9.36234059e-02,4.68117029e-09,5.67946039e-02,9.43205396e-01
4.000000e-08,40.000000,8.000000e-01,5.000000e-08,9.38234559e-02,4.69117279e-09,5.69034626e-02,9.43096537e-01
4.000000e-08,40.000000,8.000000e-01,5.000000e-08,9.40235059e-02,4.70117529e-09,5.70122640e-02,9.42987736e-01
4.000000e-08,40.000000,8.000000e-01,5.000000e-08,9.42235559e-02,4.71117779e-09,5.71210079e-02,9.42878992e-01
4.000000e-08,40.000000,8.000000e-01,5.000000e-08,9.44236059e-02,4.72118030e-09,5.72296945e-02,9.42770306e-01
4.000000e-08,40.000000,8.000000e-01,5.000000e-08,9.46236559e-02,4.73118280e-09,5.73383235e-02,9.42661676e-01
4.000000e-08,40.000000,8.000000e-01,5.000000e-08,9.48237059e-02,4.74118530e-09,5.74468952e-02,9.42553105e-01
4.000000e-08,40.000000,8.000000e-01,5.000000e-08,9.50237559e-02,4.75118780e-09,5.75554093e-02,9.42444591e-01
4.000000e-08,40.000000,8.000000e-01,5.000000e-08,9.52238060e-02,4.76119030e-09,5.76638659e-02,9.42336134e-01
4.000000e-08,40.000000,8.000000e-01,5.000000e-08,9.54238560e-02,4.77119280e-09,5.77722650e-02,9.42227735e-01
4.000000e-08,40.000000,8.000000e-01,5.000000e-08,9.56239060e-02,4.78119530e-09,5.78806065e-02,9.42119394e-01
4.000000e-08,40.000000,8.000000e-01,5.000000e-08,9.58239560e-02,4.79119780e-09,5.79888904e-02,9.42011110e-01
4.000000e-08,40.000000,8.000000e-01,5.000000e-08,9.60240060e-02,4.80120030e-09,5.80971167e-02,9.41902883e-01
4.000000e-08,40.000000,8.000000e-01,5.000000e-08,9.62240560e-02,4.81120280e-09,5.82052853e-02,9.41794715e-01
4.000000e-08,40.000000,8.000000e-01,5.000000e-08,9.64241060e-02,4.82120530e-09,5.83133963e-02,9.41686604e-01
4.000000e-08,40.000000,8.000000e-01,5.000000e-08,9.66241560e-02,4.83120780e-09,5.84214496e-02,9.41578550e-01
4.000000e-08,40.000000,8.000000e-01,5.000000e-08,9.68242061e-02,4.84121030e-09,5.85294452e-02,9.41470555e-01
4.000000e-08,40.000000,8.000000e-01,5.000000e-08,9.70242561e-02,4.85121280e-09,5.86373830e-02,9.41362617e-01
4.000000e-08,40.000000,8.000000e-01,5.000000e-08,9.72243061e-02,4.86121530e-09,5.87452631e-02,9.41254737e-01
4.000000e-08,40.000000,8.000000e-01,5.000000e-08,9.74243561e-02,4.87121780e-09,5.88530854e-02,9.41146915e-01
4.000000e-08,40.000000,8.000000e-01,5.000000e-08,9.76244061e-02,4.88122031e-09,5.89608498e-02,9.41039150e-01
4.000000e-08,40.000000,8.000000e-01,5.000000e-08,9.78244561e-02,4.89122281e-09,5.90685565e-02,9.40931444e-01
4.000000e-08,40.000000,8.000000e-01,5.000000e-08,9.80245061e-02,4.90122531e-09,5.91762052e-02,9.40823795e-01
4.000000e-08,40.000000,8.000000e-01,5.000000e-08,9.82245561e-02,4.91122781e-09,5.92837961e-02,9.40716204e-01
4.000000e-08,40.000000,8.000000e-01,5.000000e-08,9.84246062e-02,4.92123031e-09,5.93913290e-02,9.40608671e-01
4.000000e-08,40.000000,8.000000e-01,5.000000e-08,9.86246562e-02,4.93123281e-09,5.94988041e-02,9.40501196e-01
4.000000e-08,40.000000,8.000000e-01,5.000000e-08,9.88247062e-02,4.94123531e-09,5.96062211e-02,9.40393779e-01
4.000000e-08,40.000000,8.000000e-01,5.000000e-08,9.90247562e-02,4.95123781e-09,5.97135802e-02,9.40286420e-01
4.000000e-08,40.000000,8.000000e-01,5.000000e-08,9.92248062e-02,4.96124031e-09,5.98208812e-02,9.40179119e-01
4.000000e-08,40.000000,8.000000e-01,5.000000e-08,9.94248562e-02,4.97124281e-09,5.99281242e-02,9.40071876e-01
4.000000e-08,40.000000,8.000000e-01,5.000000e-08,9.96249062e-02,4.98124531e-09,6.00353092e-02,9.39964691e-01
4.000000e-08,40.000000,8.000000e-01,5.000000e-08,9.98249562e-02,4.99124781e-09,6.01424360e-02,9.39857564e-01
4.000000e-08,40.000000,8.000000e-01,5.000000e-08,1.00025006e-01,5.00125031e-09,6.02495048e-02,9.39750495e-01
4.000000e-08,40.000000,8.000000e-01,5.000000e-08,1.00225056e-01,5.01125281e-09,6.03565154e-02,9.39643485e-01
4.000000e-08,40.000000,8.000000e-01,5.000000e-08,1.00425106e-01,5.02125531e-09,6.04634678e-02,9.39536532e-01
4.000000e-08,40.000000,8.000000e-01,5.000000e-08,1.00625156e-01,5.03125781e-09,6.05703621e-02,9.39429638e-01
4.000000e-08,40.000000,8.000000e-01,5.000000e-08,1.00825206e-01,5.04126032e-09,6.06771982e-02,9.39322802e-01
4.000000e-08,40.000000,8.000000e-01,5.000000e-08,1.01025256e-01,5.05126282e-09,6.07839760e-02,9.39216024e-01
4.000000e-08,40.000000,8.000000e-01,5.000000e-08,1.01225306e-01,5.06126532e-09,6.08906955e-02,9.39109304e-01
4.000000e-08,40.000000,8.000000e-01,5.000000e-08,1.01425356e-01,5.07126782e-09,6.09973568e-02,9.39002643e-01
4.000000e-08,40.000000,8.000000e-01,5.000000e-08,1.01625406e-01,5.08127032e-09,6.11039598e-02,9.38896040e-01
4.000000e-08,40.000000,8.000000e-01,5.000000e-08,1.01825456e-01,5.09127282e-09,6.12105044e-02,9.38789496e-01
4.000000e-08,40.000000,8.000000e-01,5.000000e-08,1.02025506e-01,5.10127532e-09,6.13169907e-02,9.38683009e-01
4.000000e-08,40.000000,8.000000e-01,5.000000e-08,1.02225556e-01,5.11127782e-09,6.14234186e-02,9.38576581e-01
4.000000e-08,40.000000,8.000000e-01,5.000000e-08,1.02425606e-01,5.12128032e-09,6.15297881e-02,9.38470212e-01
4.000000e-08,40.000000,8.000000e-01,5.000000e-08,1.02625656e-01,5.13128282e-09,6.16360991e-02,9.38363901e-01
4.000000e-08,40.000000,8.000000e-01,5.000000e-08,1.02825706e-01,5.14128532e-09,6.17423517e-02,9.38257648e-01
4.000000e-08,40.000000,8.000000e-01,5.000000e-08,1.03025756e-01,5.15128782e-09,6.18485458e-02,9.38151454e-01
4.000000e-08,40.000000,8.000000e-01,5.000000e-08,1.03225806e-01,5.16129032e-09,6.19546814e-02,9.38045319e-01
4.000000e-08,40.000000,8.000000e-01,5.000000e-08,1.03425856e-01,5.17129282e-09,6.20607585e-02,9.37939241e-01
4.000000e-08,40.000000,8.000000e-01,5.000000e-08,1.03625906e-01,5.18129532e-09,6.21667770e-02,9.37833223e-01
4.000000e-08,40.000000,8.000000e-01,5.000000e-08,1.03825956e-01,5.19129782e-09,6.22727370e-02,9.37727263e-01
4.000000e-08,40.000000,8.000000e-01,5.000000e-08,1.04026007e-01,5.20130033e-09,6.23786383e-02,9.37621362e-01
4.000000e-08,40.000000,8.000000e-01,5.000000e-08,1.04226057e-01,5.21130283e-09,6.24844811e-02,9.37515519e-01
4.000000e-08,40.000000,8.000000e-01,5.000000e-08,1.04426107e-01,5.22130533e-09,6.25902651e-02,9.37409735e-01
4.000000e-08,40.000000,8.000000e-01,5.000000e-08,1.04626157e-01,5.23130783e-09,6.26959905e-02,9.37304009e-01
4.000000e-08,40.000000,8.000000e-01,5.000000e-08,1.04826207e-01,5.24131033e-09,6.28016572e-02,9.37198343e-01
4.000000e-08,40.000000,8.000000e-01,5.000000e-08,1.05026257e-01,5.25131283e-09,6.29072652e-02,9.37092735e-01
4.000000e-08,40.000000,8.000000e-01,5.000000e-08,1.05226307e-01,5.26131533e-09,6.30128144e-02,9.36987186e-01
4.000000e-08,40.000000,8.000000e-01,5.000000e-08,1.05426357e-01,5.27131783e-09,6.31183049e-02,9.36881695e-01
4.000000e-08,40.000000,8.000000e-01,5.000000e-08,1.05626407e-01,5.28132033e-09,6.32237365e-02,9.36776263e-01
4.000000e-08,40.000000,8.000000e-01,5.000000e-08,1.05826457e-01,5.29132283e-09,6.33291093e-02,9.36670891e-01
4.000000e-08,40.000000,8.000000e-01,5.000000e-08,1.06026507e-01,5.30132533e-09,6.34344233e-02,9.36565577e-01
4.000000e-08,40.000000,8.000000e-01,5.000000e-08,1.06226557e-01,5.31132783e-09,6.35396784e-02,9.36460322e-01
4.000000e-08,40.000000,8.000000e-01,5.000000e-08,1.06426607e-01,5.32133033e-09,6.36448746e-02,9.36355125e-01
4.000000e-08,40.000000,8.000000e-01,5.000000e-08,1.06626657e-01,5.33133283e-09,6.37500119e-02,9.36249988e-01
4.000000e-08,40.000000,8.000000e-01,5.000000e-08,1.06826707e-01,5.34133533e-09,6.38550903e-02,9.36144910e-01
4.000000e-08,40.000000,8.000000e-01,5.000000e-08,1.07026757e-01,5.35133783e-09,6.39601097e-02,9.36039890e-01
4.000000e-08,40.000000,8.000000e-01,5.000000e-08,1.07226807e-01,5.36134034e-09,6.40650701e-02,9.35934930e-01
4.000000e-08,40.000000,8.000000e-01,5.000000e-08,1.07426857e-01,5.37134284e-09,6.41699714e-02,9.35830029e-01
4.000000e-08,40.000000,8.000000e-01,5.000000e-08,1.07626907e-01,5.38134534e-09,6.42748138e-02,9.35725186e-01
4.000000e-08,40.000000,8.000000e-01,5.000000e-08,1.07826957e-01,5.39134784e-09,6.43795970e-02,9.35620403e-01
4.000000e-08,40.000000,8.000000e-01,5.000000e-08,1.08027007e-01,5.40135034e-09,6.44843212e-02,9.35515679e-01
4.000000e-08,40.000000,8.000000e-01,5.000000e-08,1.08227057e-01,5.41135284e-09,6.45889863e-02,9.35411014e-01
4.000000e-08,40.000000,8.000000e-01,5.000000e-08,1.08427107e-01,5.42135534e-09,6.46935922e-02,9.35306408e-01
4.000000e-08,40.000000,8.000000e-01,5.000000e-08,1.08627157e-01,5.43135784e-09,6.47981390e-02,9.35201861e-01
4.000000e-08,40.000000,8.000000e-01,5.000000e-08,1.08827207e-01,5.44136034e-09,6.49026266e-02,9.35097373e-01
4.000000e-08,40.000000,8.000000e-01,5.000000e-08,1.09027257e-01,5.45136284e-09,6.50070549e-02,9.34992945e-01
4.000000e-08,40.000000,8.000000e-01,5.000000e-08,1.09227307e-01,5.46136534e-09,6.51114241e-02,9.34888576e-01
4.000000e-08,40.000000,8.000000e-01,5.000000e-08,1.09427357e-01,5.47136784e-09,6.52157340e-02,9.34784266e-01
4.000000e-08,40.000000,8.000000e-01,5.000000e-08,1.09627407e-01,5.48137034e-09,6.53199846e-02,9.34680015e-01
4.000000e-08,40.000000,8.000000e-01,5.000000e-08,1.09827457e-01,5.49137284e-09,6.54241759e-02,9.34575824e-01
4.000000e-08,40.000000,8.000000e-01,5.000000e-08,1.10027507e-01,5.50137534e-09,6.55283078e-02,9.34471692e-01
4.000000e-08,40.000000,8.000000e-01,5.000000e-08,1.10227557e-01,5.51137784e-09,6.56323804e-02,9.34367620e-01
4.000000e-08,40.000000,8.000000e-01,5.000000e-08,1.10427607e-01,5.52138035e-09,6.57363937e-02,9.34263606e-01
4.000000e-08,40.000000,8.000000e-01,5.000000e-08,1.10627657e-01,5.53138285e-09,6.58403475e-02,9.34159653e-01
4.000000e-08,40.000000,8.000000e-01,5.000000e-08,1.10827707e-01,5.54138535e-09,6.59442419e-02,9.34055758e-01
4.000000e-08,40.000000,8.000000e-01,5.000000e-08,1.11027757e-01,5.55138785e-09,6.60480768e-02,9.33951923e-01
4.000000e-08,40.000000,8.000000e-01,5.000000e-08,1.11227807e-01,5.56139035e-09,6.61518523e-02,9.33848148e-01
4.000000e-08,40.000000,8.000000e-01,5.000000e-08,1.11427857e-01,5.57139285e-09,6.62555683e-02,9.33744432e-01
4.000000e-08,40.000000,8.000000e-01,5.000000e-08,1.11627907e-01,5.58139535e-09,6.63592247e-02,9.33640775e-01
4.000000e-08,40.000000,8.000000e-01,5.000000e-08,1.11827957e-01,5.59139785e-09,6.64628216e-02,9.33537178e-01
4.000000e-08,40.000000,8.000000e-01,5.000000e-08,1.12028007e-01,5.60140035e-09,6.65663589e-02,9.33433641e-01
4.000000e-08,40.000000,8.000000e-01,5.000000e-08,1.12228057e-01,5.61140285e-09,6.66698367e-02,9.33330163e-01
4.000000e-08,40.000000,8.000000e-01,5.000000e-08,1.12428107e-01,5.62140535e-09,6.67732548e-02,9.33226745e-01
4.000000e-08,40.000000,8.000000e-01,5.000000e-08,1.12628157e-01,5.63140785e-09,6.68766133e-02,9.33123387e-01
4.000000e-08,40.000000,8.000000e-01,5.000000e-08,1.12828207e-01,5.64141035e-09,6.69799121e-02,9.33020088e-01
4.000000e-08,40.000000,8.000000e-01,5.000000e-08,1.13028257e-01,5.65141285e-09,6.70831512e-02,9.32916849e-01
4.000000e-08,40.000000,8.000000e-01,5.000000e-08,1.13228307e-01,5.66141535e-09,6.71863306e-02,9.32813669e-01
4.000000e-08,40.000000,8.000000e-01,5.000000e-08,1.13428357e-01,5.67141785e-09,6.72894503e-02,9.32710550e-01
4.000000e-08,40.000000,8.000000e-01,5.000000e-08,1.13628407e-01,5.68142036e-09,6.73925102e-02,9.32607490e-01
4.000000e-08,40.000000,8.000000e-01,5.000000e-08,1.13828457e-01,5.69142286e-09,6.74955103e-02,9.32504490e-01
4.000000e-08,40.000000,8.000000e-01,5.000000e-08,1.14028507e-01,5.70142536e-09,6.75984506e-02,9.32401549e-01
4.000000e-08,40.000000,8.000000e-01,5.000000e-08,1.14228557e-01,5.71142786e-09,6.77013311e-02,9.32298669e-01
4.000000e-08,40.000000,8.000000e-01,5.000000e-08,1.14428607e-01,5.72143036e-09,6.78041517e-02,9.32195848e-01
4.000000e-08,40.000000,8.000000e-01,5.000000e-08,1.14628657e-01,5.73143286e-09,6.79069124e-02,9.32093088e-01
4.000000e-08,40.000000,8.000000e-01,5.000000e-08,1.14828707e-01,5.74143536e-09,6.80096132e-02,9.31990387e-01
4.000000e-08,40.000000,8.000000e-01,5.000000e-08,1.15028757e-01,5.75143786e-09,6.81122541e-02,9.31887746e-01
4.000000e-08,40.000000,8.000000e-01,5.000000e-08,1.15228807e-01,5.76144036e-09,6.82148350e-02,9.31785165e-01
4.000000e-08,40.000000,8.000000e-01,5.000000e-08,1.15428857e-01,5.77144286e-09,6.83173560e-02,9.31682644e-01
4.000000e-08,40.000000,8.000000e-01,5.000000e-08,1.15628907e-01,5.78144536e-09,6.84198170e-02,9.31580183e-01
4.000000e-08,40.000000,8.000000e-01,5.000000e-08,1.15828957e-01,5.79144786e-09,6.85222179e-02,9.31477782e-01
4.000000e-08,40.000000,8.000000e-01,5.000000e-08,1.16029007e-01,5.80145036e-09,6.86245588e-02,9.31375441e-01
4.000000e-08,40.000000,8.000000e-01,5.000000e-08,1.16229057e-01,5.81145286e-09,6.87268396e-02,9.31273160e-01
4.000000e-08,40.000000,8.000000e-01,5.000000e-08,1.16429107e-01,5.82145536e-09,6.88290603e-02,9.31170940e-01
4.000000e-08,40.000000,8.000000e-01,5.000000e-08,1.16629157e-01,5.83145786e-09,6.89312209e-02,9.31068779e-01
4.000000e-08,40.000000,8.000000e-01,5.000000e-08,1.16829207e-01,5.84146037e-09,6.90333214e-02,9.30966679e-01
4.000000e-08,40.000000,8.000000e-01,5.000000e-08,1.17029257e-01,5.85146287e-09,6.91353617e-02,9.30864638e-01
4.000000e-08,40.000000,8.000000e-01,5.000000e-08,1.17229307e-01,5.86146537e-09,6.92373418e-02,9.30762658e-01
4.000000e-08,40.000000,8.000000e-01,5.000000e-08,1.17429357e-01,5.87146787e-09,6.93392616e-02,9.30660738e-01
4.000000e-08,40.000000,8.000000e-01,5.000000e-08,1.17629407e-01,5.88147037e-09,6.94411213e-02,9.30558879e-01
4.000000e-08,40.000000,8.000000e-01,5.000000e-08,1.17829457e-01,5.89147287e-09,6.95429207e-02,9.30457079e-01
4.000000e-08,40.000000,8.000000e-01,5.000000e-08,1.18029507e-01,5.90147537e-09,6.96446598e-02,9.30355340e-01
4.000000e-08,40.000000,8.000000e-01,5.000000e-08,1.18229557e-01,5.91147787e-09,6.97463386e-02,9.30253661e-01
4.000000e-08,40.000000,8.000000e-01,5.000000e-08,1.18429607e-01,5.92148037e-09,6.98479570e-02,9.30152043e-01
4.000000e-08,40.000000,8.000000e-01,5.000000e-08,1.18629657e-01,5.93148287e-09,6.99495151e-02,9.30050485e-01
4.000000e-08,40.000000,8.000000e-01,5.000000e-08,1.18829707e-01,5.94148537e-09,7.00510128e-02,9.29948987e-01
4.000000e-08,40.000000,8.000000e-01,5.000000e-08,1.19029757e-01,5.95148787e-09,7.01524501e-02,9.29847550e-01
4.000000e-08,40.000000,8.000000e-01,5.000000e-08,1.19229807e-01,5.96149037e-09,7.02538270e-02,9.29746173e-01
4.000000e-08,40.000000,8.000000e-01,5.000000e-08,1.19429857e-01,5.97149287e-09,7.03551435e-02,9.29644857e-01
4.000000e-08,40.000000,8.000000e-01,5.000000e-08,1.19629907e-01,5.98149537e-09,7.04563994e-02,9.29543601e-01
4.000000e-08,40.000000,8.000000e-01,5.000000e-08,1.19829957e-01,5.99149787e-09,7.05575949e-02,9.29442405e-01
4.000000e-08,40.000000,8.000000e-01,5.000000e-08,1.20030008e-01,6.00150038e-09,7.06587298e-02,9.29341270e-01
4.000000e-08,40.000000,8.000000e-01,5.000000e-08,1.20230058e-01,6.01150288e-09,7.07598042e-02,9.29240196e-01
4.000000e-08,40.000000,8.000000e-01,5.000000e-08,1.20430108e-01,6.02150538e-09,7.08608180e-02,9.29139182e-01
4.000000e-08,40.000000,8.000000e-01,5.000000e-08,1.20630158e-01,6.03150788e-09,7.09617713e-02,9.29038229e-01
4.000000e-08,40.000000,8.000000e-01,5.000000e-08,1.20830208e-01,6.04151038e-09,7.10626639e-02,9.28937336e-01
4.000000e-08,40.000000,8.000000e-01,5.000000e-08,1.21030258e-01,6.05151288e-09,7.11634959e-02,9.28836504e-01
4.000000e-08,40.000000,8.000000e-01,5.000000e-08,1.21230308e-01,6.06151538e-09,7.12642672e-02,9.28735733e-01
4.000000e-08,40.000000,8.000000e-01,5.000000e-08,1.21430358e-01,6.07151788e-09,7.13649778e-02,9.28635022e-01
4.000000e-08,40.000000,8.000000e-01,5.000000e-08,1.21630408e-01,6.08152038e-09,7.14656277e-02,9.28534372e-01
4.000000e-08,40.000000,8.000000e-01,5.000000e-08,1.21830458e-01,6.09152288e-09,7.15662169e-02,9.28433783e-01
4.000000e-08,40.000000,8.000000e-01,5.000000e-08,1.22030508e-01,6.10152538e-09,7.16667453e-02,9.28333255e-01
4.000000e-08,40.000000,8.000000e-01,5.000000e-08,1.22230558e-01,6.11152788e-09,7.17672130e-02,9.28232787e-01
4.000000e-08,40.000000,8.000000e-01,5.000000e-08,1.22430608e-01,6.12153038e-09,7.18676198e-02,9.28132380e-01
4.000000e-08,40.000000,8.000000e-01,5.000000e-08,1.22630658e-01,6.13153288e-09,7.19679658e-02,9.28032034e-01
4.000000e-08,40.000000,8.000000e-01,5.000000e-08,1.22830708e-01,6.14153538e-09,7.20682510e-02,9.27931749e-01
4.000000e-08,40.000000,8.000000e-01,5.000000e-08,1.23030758e-01,6.15153788e-09,7.21684753e-02,9.27831525e-01
4.000000e-08,40.000000,8.000000e-01,5.000000e-08,1.23230808e-01,6.16154039e-09,7.22686387e-02,9.27731361e-01
4.000000e-08,40.000000,8.000000e-01,5.000000e-08,1.23430858e-01,6.17154289e-09,7.23687412e-02,9.27631259e-01
4.000000e-08,40.000000,8.000000e-01,5.000000e-08,1.23630908e-01,6.18154539e-09,7.24687827e-02,9.27531217e-01
4.000000e-08,40.000000,8.000000e-01,5.000000e-08,1.23830958e-01,6.19154789e-09,7.25687633e-02,9.27431237e-01
4.000000e-08,40.000000,8.000000e-01,5.000000e-08,1.24031008e-01,6.20155039e-09,7.26686828e-02,9.27331317e-01
4.000000e-08,40.000000,8.000000e-01,5.000000e-08,1.24231058e-01,6.21155289e-09,7.27685414e-02,9.27231459e-01
4.000000e-08,40.000000,8.000000e-01,5.000000e-08,1.24431108e-01,6.22155539e-09,7.28683389e-02,9.27131661e-01
4.000000e-08,40.000000,8.000000e-01,5.000000e-08,1.24631158e-01,6.23155789e-09,7.29680754e-02,9.27031925e-01
4.000000e-08,40.000000,8.000000e-01,5.000000e-08,1.24831208e-01,6.24156039e-09,7.30677508e-02,9.26932249e-01
4.000000e-08,40.000000,8.000000e-01,5.000000e-08,1.25031258e-01,6.25156289e-09,7.31673651e-02,9.26832635e-01
4.000000e-08,40.000000,8.000000e-01,5.000000e-08,1.25231308e-01,6.26156539e-09,7.32669182e-02,9.26733082e-01
4.000000e-08,40.000000,8.000000e-01,5.000000e-08,1.25431358e-01,6.27156789e-09,7.33664102e-02,9.26633590e-01
4.000000e-08,40.000000,8.000000e-01,5.000000e-08,1.25631408e-01,6.28157039e-09,7.34658410e-02,9.26534159e-01
4.000000e-08,40.000000,8.000000e-01,5.000000e-08,1.25831458e-01,6.29157289e-09,7.35652106e-02,9.26434789e-01
4.000000e-08,40.000000,8.000000e-01,5.000000e-08,1.26031508e-01,6.30157539e-09,7.36645190e-02,9.26335481e-01
4.000000e-08,40.000000,8.000000e-01,5.000000e-08,1.26231558e-01,6.31157789e-09,7.37637662e-02,9.26236234e-01
4.000000e-08,40.000000,8.000000e-01,5.000000e-08,1.26431608e-01,6.32158040e-09,7.38629520e-02,9.26137048e-01
4.000000e-08,40.000000,8.000000e-01,5.000000e-08,1.26631658e-01,6.33158290e-09,7.39620766e-02,9.26037923e-01
4.000000e-08,40.000000,8.000000e-01,5.000000e-08,1.26831708e-01,6.34158540e-09,7.40611399e-02,9.25938860e-01
4.000000e-08,40.000000,8.000000e-01,5.000000e-08,1.27031758e-01,6.35158790e-09,7.41601418e-02,9.25839858e-01
4.000000e-08,40.000000,8.000000e-01,5.000000e-08,1.27231808e-01,6.36159040e-09,7.42590824e-02,9.25740918e-01
4.000000e-08,40.000000,8.000000e-01,5.000000e-08,1.27431858e-01,6.37159290e-09,7.43579616e-02,9.25642038e-01
4.000000e-08,40.000000,8.000000e-01,5.000000e-08,1.27631908e-01,6.38159540e-09,7.44567794e-02,9.25543221e-01
4.000000e-08,40.000000,8.000000e-01,5.000000e-08,1.27831958e-01,6.39159790e-09,7.45555357e-02,9.25444464e-01
4.000000e-08,40.000000,8.000000e-01,5.000000e-08,1.28032008e-01,6.40160040e-09,7.46542306e-02,9.25345769e-01
4.000000e-08,40.000000,8.000000e-01,5.000000e-08,1.28232058e-01,6.41160290e-09,7.47528640e-02,9.25247136e-01
4.000000e-08,40.000000,8.000000e-01,5.000000e-08,1.28432108e-01,6.42160540e-09,7.48514359e-02,9.25148564e-01
4.000000e-08,40.000000,8.000000e-01,5.000000e-08,1.28632158e-01,6.43160790e-09,7.49499463e-02,9.25050054e-01
4.000000e-08,40.000000,8.000000e-01,5.000000e-08,1.28832208e-01,6.44161040e-09,7.50483952e-02,9.24951605e-01
4.000000e-08,40.000000,8.000000e-01,5.000000e-08,1.29032258e-01,6.45161290e-09,7.51467824e-02,9.24853218e-01
4.000000e-08,40.000000,8.000000e-01,5.000000e-08,1.29232308e-01,6.46161540e-09,7.52451081e-02,9.24754892e-01
4.000000e-08,40.000000,8.000000e-01,5.000000e-08,1.29432358e-01,6.47161790e-09,7.53433722e-02,9.24656628e-01
4.000000e-08,40.000000,8.000000e-01,5.000000e-08,1.29632408e-01,6.48162041e-09,7.54415746e-02,9.24558425e-01
4.000000e-08,40.000000,8.000000e-01,5.000000e-08,1.29832458e-01,6.49162291e-09,7.55397154e-02,9.24460285e-01
4.000000e-08,40.000000,8.000000e-01,5.000000e-08,1.30032508e-01,6.50162541e-09,7.56377945e-02,9.24362206e-01
4.000000e-08,40.000000,8.000000e-01,5.000000e-08,1.30232558e-01,6.51162791e-09,7.57358118e-02,9.24264188e-01
4.000000e-08,40.000000,8.000000e-01,5.000000e-08,1.30432608e-01,6.52163041e-09,7.58337675e-02,9.24166233e-01
4.000000e-08,40.000000,8.000000e-01,5.000000e-08,1.30632658e-01,6.53163291e-09,7.59316614e-02,9.24068339e-01
4.000000e-08,40.000000,8.000000e-01,5.000000e-08,1.30832708e-01,6.54163541e-09,7.60294935e-02,9.23970506e-01
4.000000e-08,40.000000,8.000000e-01,5.000000e-08,1.31032758e-01,6.55163791e-09,7.61272638e-02,9.23872736e-01
4.000000e-08,40.000000,8.000000e-01,5.000000e-08,1.31232808e-01,6.56164041e-09,7.62249723e-02,9.23775028e-01
4.000000e-08,40.000000,8.000000e-01,5.000000e-08,1.31432858e-01,6.57164291e-09,7.63226190e-02,9.23677381e-01
4.000000e-08,40.000000,8.000000e-01,5.000000e-08,1.31632908e-01,6.58164541e-09,7.64202038e-02,9.23579796e-01
4.000000e-08,40.000000,8.000000e-01,5.000000e-08,1.31832958e-01,6.59164791e-09,7.65177267e-02,9.23482273e-01
4.000000e-08,40.000000,8.000000e-01,5.000000e-08,1.32033008e-01,6.60165041e-09,7.66151876e-02,9.23384812e-01
4.000000e-08,40.000000,8.000000e-01,5.000000e-08,1.32233058e-01,6.61165291e-09,7.67125867e-02,9.23287413e-01
4.000000e-08,40.000000,8.000000e-01,5.000000e-08,1.32433108e-01,6.62165541e-09,7.68099238e-02,9.23190076e-01
4.000000e-08,40.000000,8.000000e-01,5.000000e-08,1.32633158e-01,6.63165791e-09,7.69071989e-02,9.23092801e-01
4.000000e-08,40.000000,8.000000e-01,5.000000e-08,1.32833208e-01,6.64166042e-09,7.70044120e-02,9.22995588e-01
4.000000e-08,40.000000,8.000000e-01,5.000000e-08,1.33033258e-01,6.65166292e-09,7.71015630e-02,9.22898437e-01
4.000000e-08,40.000000,8.000000e-01,5.000000e-08,1.33233308e-01,6.66166542e-09,7.71986521e-02,9.22801348e-01
4.000000e-08,40.000000,8.000000e-01,5.000000e-08,1.33433358e-01,6.67166792e-09,7.72956790e-02,9.22704321e-01
4.000000e-08,40.000000,8.000000e-01,5.000000e-08,1.33633408e-01,6.68167042e-09,7.73926439e-02,9.22607356e-01
4.000000e-08,40.000000,8.000000e-01,5.000000e-08,1.33833458e-01,6.69167292e-09,7.74895466e-02,9.22510453e-01
4.000000e-08,40.000000,8.000000e-01,5.000000e-08,1.34033508e-01,6.70167542e-09,7.75863872e-02,9.22413613e-01
4.000000e-08,40.000000,8.000000e-01,5.000000e-08,1.34233558e-01,6.71167792e-09,7.76831656e-02,9.22316834e-01
4.000000e-08,40.000000,8.000000e-01,5.000000e-08,1.34433608e-01,6.72168042e-09,7.77798819e-02,9.22220118e-01
4.000000e-08,40.000000,8.000000e-01,5.000000e-08,1.34633658e-01,6.73168292e-09,7.78765359e-02,9.22123464e-01
4.000000e-08,40.000000,8.000000e-01,5.000000e-08,1.34833708e-01,6.74168542e-09,7.79731277e-02,9.22026872e-01
4.000000e-08,40.000000,8.000000e-01,5.000000e-08,1.35033758e-01,6.75168792e-09,7.80696573e-02,9.21930343e-01
4.000000e-08,40.000000,8.000000e-01,5.000000e-08,1.35233808e-01,6.76169042e-09,7.81661245e-02,9.21833875e-01
4.000000e-08,40.000000,8.000000e-01,5.000000e-08,1.35433858e-01,6.77169292e-09,7.82625295e-02,9.21737470e-01
4.000000e-08,40.000000,8.000000e-01,5.000000e-08,1.35633908e-01,6.78169542e-09,7.83588722e-02,9.21641128e-01
4.000000e-08,40.000000,8.000000e-01,5.000000e-08,1.35833958e-01,6.79169792e-09,7.84551525e-02,9.21544848e-01
4.000000e-08,40.000000,8.000000e-01,5.000000e-08,1.36034009e-01,6.80170043e-09,7.85513704e-02,9.21448630e-01
4.000000e-08,40.000000,8.000000e-01,5.000000e-08,1.36234059e-01,6.81170293e-09,7.86475260e-02,9.21352474e-01
4.000000e-08,40.000000,8.000000e-01,5.000000e-08,1.36434109e-01,6.82170543e-09,7.87436191e-02,9.21256381e-01
4.000000e-08,40.000000,8.000000e-01,5.000000e-08,1.36634159e-01,6.83170793e-09,7.88396498e-02,9.21160350e-01
4.000000e-08,40.000000,8.000000e-01,5.000000e-08,1.36834209e-01,6.84171043e-09,7.89356181e-02,9.21064382e-01
4.000000e-08,40.000000,8.000000e-01,5.000000e-08,1.37034259e-01,6.85171293e-09,7.90315238e-02,9.20968476e-01
4.000000e-08,40.000000,8.000000e-01,5.000000e-08,1.37234309e-01,6.86171543e-09,7.91273671e-02,9.20872633e-01
4.000000e-08,40.000000,8.000000e-01,5.000000e-08,1.37434359e-01,6.87171793e-09,7.92231478e-02,9.20776852e-01
4.000000e-08,40.000000,8.000000e-01,5.000000e-08,1.37634409e-01,6.88172043e-09,7.93188660e-02,9.20681134e-01
4.000000e-08,40.000000,8.000000e-01,5.000000e-08,1.37834459e-01,6.89172293e-09,7.94145216e-02,9.20585478e-01
4.000000e-08,40.000000,8.000000e-01,5.000000e-08,1.38034509e-01,6.90172543e-09,7.95101147e-02,9.20489885e-01
4.000000e-08,40.000000,8.000000e-01,5.000000e-08,1.38234559e-01,6.91172793e-09,7.96056451e-02,9.20394355e-01
4.000000e-08,40.000000,8.000000e-01,5.000000e-08,1.38434609e-01,6.92173043e-09,7.97011128e-02,9.20298887e-01
4.000000e-08,40.000000,8.000000e-01,5.000000e-08,1.38634659e-01,6.93173293e-09,7.97965179e-02,9.20203482e-01
4.000000e-08,40.000000,8.000000e-01,5.000000e-08,1.38834709e-01,6.94173543e-09,7.98918604e-02,9.20108140e-01
4.000000e-08,40.000000,8.000000e-01,5.000000e-08,1.39034759e-01,6.95173793e-09,7.99871401e-02,9.20012860e-01
4.000000e-08,40.000000,8.000000e-01,5.000000e-08,1.39234809e-01,6.96174044e-09,8.00823571e-02,9.19917643e-01
4.000000e-08,40.000000,8.000000e-01,5.000000e-08,1.39434859e-01,6.97174294e-09,8.01775113e-02,9.19822489e-01
4.000000e-08,40.000000,8.000000e-01,5.000000e-08,1.39634909e-01,6.98174544e-09,8.02726028e-02,9.19727397e-01
4.000000e-08,40.000000,8.000000e-01,5.000000e-08,1.39834959e-01,6.99174794e-09,8.03676315e-02,9.19632368e-01
4.000000e-08,40.000000,8.000000e-01,5.000000e-08,1.40035009e-01,7.00175044e-09,8.04625974e-02,9.19537403e-01
4.000000e-08,40.000000,8.000000e-01,5.000000e-08,1.40235059e-01,7.01175294e-09,8.05575004e-02,9.19442500e-01
4.000000e-08,40.000000,8.000000e-01,5.000000e-08,1.40435109e-01,7.02175544e-09,8.06523406e-02,9.19347659e-01
4.000000e-08,40.000000,8.000000e-01,5.000000e-08,1.40635159e-01,7.03175794e-09,8.07471178e-02,9.19252882e-01
4.000000e-08,40.000000,8.000000e-01,5.000000e-08,1.40835209e-01,7.04176044e-09,8.08418322e-02,9.19158168e-01
4.000000e-08,40.000000,8.000000e-01,5.000000e-08,1.41035259e-01,7.05176294e-09,8.09364837e-02,9.19063516e-01
4.000000e-08,40.000000,8.000000e-01,5.000000e-08,1.41235309e-01,7.06176544e-09,8.10310722e-02,9.18968928e-01
4.000000e-08,40.000000,8.000000e-01,5.000000e-08,1.41435359e-01,7.07176794e-09,8.11255977e-02,9.18874402e-01
4.000000e-08,40.000000,8.000000e-01,5.000000e-08,1.41635409e-01,7.08177044e-09,8.12200602e-02,9.18779940e-01
4.000000e-08,40.000000,8.000000e-01,5.000000e-08,1.41835459e-01,7.09177294e-09,8.13144597e-02,9.18685540e-01
4.000000e-08,40.000000,8.000000e-01,5.000000e-08,1.42035509e-01,7.10177544e-09,8.14087962e-02,9.18591204e-01
4.000000e-08,40.000000,8.000000e-01,5.000000e-08,1.42235559e-01,7.11177794e-09,8.15030696e-02,9.18496930e-01
4.000000e-08,40.000000,8.000000e-01,5.000000e-08,1.42435609e-01,7.12178045e-09,8.15972799e-02,9.18402720e-01
4.000000e-08,40.000000,8.000000e-01,5.000000e-08,1.42635659e-01,7.13178295e-09,8.16914272e-02,9.18308573e-01
4.000000e-08,40.000000,8.000000e-01,5.000000e-08,1.42835709e-01,7.14178545e-09,8.17855113e-02,9.18214489e-01
4.000000e-08,40.000000,8.000000e-01,5.000000e-08,1.43035759e-01,7.15178795e-09,8.18795322e-02,9.18120468e-01
4.000000e-08,40.000000,8.000000e-01,5.000000e-08,1.43235809e-01,7.16179045e-09,8.19734900e-02,9.18026510e-01
4.000000e-08,40.000000,8.000000e-01,5.000000e-08,1.43435859e-01,7.17179295e-09,8.20673845e-02,9.17932615e-01
4.000000e-08,40.000000,8.000000e-01,5.000000e-08,1.43635909e-01,7.18179545e-09,8.21612159e-02,9.17838784e-01
4.000000e-08,40.000000,8.000000e-01,5.000000e-08,1.43835959e-01,7.19179795e-09,8.22549840e-02,9.17745016e-01
4.000000e-08,40.000000,8.000000e-01,5.000000e-08,1.44036009e-01,7.20180045e-09,8.23486889e-02,9.17651311e-01
4.000000e-08,40.000000,8.000000e-01,5.000000e-08,1.44236059e-01,7.21180295e-09,8.24423304e-02,9.17557670e-01
4.000000e-08,40.000000,8.000000e-01,5.000000e-08,1.44436109e-01,7.22180545e-09,8.25359087e-02,9.17464091e-01
4.000000e-08,40.000000,8.000000e-01,5.000000e-08,1.44636159e-01,7.23180795e-09,8.26294237e-02,9.17370576e-01
4.000000e-08,40.000000,8.000000e-01,5.000000e-08,1.44836209e-01,7.24181045e-09,8.27228753e-02,9.17277125e-01
4.000000e-08,40.000000,8.000000e-01,5.000000e-08,1.45036259e-01,7.25181295e-09,8.28162635e-02,9.17183737e-01
4.000000e-08,40.000000,8.000000e-01,5.000000e-08,1.45236309e-01,7.26181545e-09,8.29095883e-02,9.17090412e-01
4.000000e-08,40.000000,8.000000e-01,5.000000e-08,1.45436359e-01,7.27181795e-09,8.30028497e-02,9.16997150e-01
4.000000e-08,40.000000,8.000000e-01,5.000000e-08,1.45636409e-01,7.28182046e-09,8.30960477e-02,9.16903952e-01
4.000000e-08,40.000000,8.000000e-01,5.000000e-08,1.45836459e-01,7.29182296e-09,8.31891822e-02,9.16810818e-01
4.000000e-08,40.000000,8.000000e-01,5.000000e-08,1.46036509e-01,7.30182546e-09,8.32822532e-02,9.16717747e-01
4.000000e-08,40.000000,8.000000e-01,5.000000e-08,1.46236559e-01,7.31182796e-09,8.33752608e-02,9.16624739e-01
4.000000e-08,40.000000,8.000000e-01,5.000000e-08,1.46436609e-01,7.32183046e-09,8.34682048e-02,9.16531795e-01
4.000000e-08,40.000000,8.000000e-01,5.000000e-08,1.46636659e-01,7.33183296e-09,8.35610852e-02,9.16438915e-01
4.000000e-08,40.000000,8.000000e-01,5.000000e-08,1.46836709e-01,7.34183546e-09,8.36539021e-02,9.16346098e-01
4.000000e-08,40.000000,8.000000e-01,5.000000e-08,1.47036759e-01,7.35183796e-09,8.37466554e-02,9.16253345e-01
4.000000e-08,40.000000,8.000000e-01,5.000000e-08,1.47236809e-01,7.36184046e-09,8.38393451e-02,9.16160655e-01
4.000000e-08,40.000000,8.000000e-01,5.000000e-08,1.47436859e-01,7.37184296e-09,8.39319712e-02,9.16068029e-01
4.000000e-08,40.000000,8.000000e-01,5.000000e-08,1.47636909e-01,7.38184546e-09,8.40245336e-02,9.15975466e-01
4.000000e-08,40.000000,8.000000e-01,5.000000e-08,1.47836959e-01,7.39184796e-09,8.41170323e-02,9.15882968e-01
4.000000e-08,40.000000,8.000000e-01,5.000000e-08,1.48037009e-01,7.40185046e-09,8.42094673e-02,9.15790533e-01
4.000000e-08,40.000000,8.000000e-01,5.000000e-08,1.48237059e-01,7.41185296e-09,8.43018386e-02,9.15698161e-01
4.000000e-08,40.000000,8.000000e-01,5.000000e-08,1.48437109e-01,7.42185546e-09,8.43941461e-02,9.15605854e-01
4.000000e-08,40.000000,8.000000e-01,5.000000e-08,1.48637159e-01,7.43185796e-09,8.44863899e-02,9.15513610e-01
4.000000e-08,40.000000,8.000000e-01,5.000000e-08,1.48837209e-01,7.44186047e-09,8.45785699e-02,9.15421430e-01
4.000000e-08,40.000000,8.000000e-01,5.000000e-08,1.49037259e-01,7.45186297e-09,8.46706861e-02,9.15329314e-01
4.000000e-08,40.000000,8.000000e-01,5.000000e-08,1.49237309e-01,7.46186547e-09,8.47627385e-02,9.15237262e-01
4.000000e-08,40.000000,8.000000e-01,5.000000e-08,1.49437359e-01,7.47186797e-09,8.48547270e-02,9.15145273e-01
4.000000e-08,40.000000,8.000000e-01,5.000000e-08,1.49637409e-01,7.48187047e-09,8.49466516e-02,9.15053348e-01
4.000000e-08,40.000000,8.000000e-01,5.000000e-08,1.49837459e-01,7.49187297e-09,8.50385123e-02,9.14961488e-01
4.000000e-08,40.000000,8.000000e-01,5.000000e-08,1.50037509e-01,7.50187547e-09,8.51303092e-02,9.14869691e-01
4.000000e-08,40.000000,8.000000e-01,5.000000e-08,1.50237559e-01,7.51187797e-09,8.52220420e-02,9.14777958e-01
4.000000e-08,40.000000,8.000000e-01,5.000000e-08,1.50437609e-01,7.52188047e-09,8.53137109e-02,9.14686289e-01
4.000000e-08,40.000000,8.000000e-01,5.000000e-08,1.50637659e-01,7.53188297e-09,8.54053159e-02,9.14594684e-01
4.000000e-08,40.000000,8.000000e-01,5.000000e-08,1.50837709e-01,7.54188547e-09,8.54968568e-02,9.14503143e-01
4.000000e-08,40.000000,8.000000e-01,5.000000e-08,1.51037759e-01,7.55188797e-09,8.55883337e-02,9.14411666e-01
4.000000e-08,40.000000,8.000000e-01,5.000000e-08,1.51237809e-01,7.56189047e-09,8.56797466e-02,9.14320253e-01
4.000000e-08,40.000000,8.000000e-01,5.000000e-08,1.51437859e-01,7.57189297e-09,8.57710953e-02,9.14228905e-01
4.000000e-08,40.000000,8.000000e-01,5.000000e-08,1.51637909e-01,7.58189547e-09,8.58623800e-02,9.14137620e-01
4.000000e-08,40.000000,8.000000e-01,5.000000e-08,1.51837959e-01,7.59189797e-09,8.59536006e-02,9.14046399e-01
4.000000e-08,40.000000,8.000000e-01,5.000000e-08,1.52038010e-01,7.60190048e-09,8.60447571e-02,9.13955243e-01
4.000000e-08,40.000000,8.000000e-01,5.000000e-08,1.52238060e-01,7.61190298e-09,8.61358494e-02,9.13864151e-01
4.000000e-08,40.000000,8.000000e-01,5.000000e-08,1.52438110e-01,7.62190548e-09,8.62268775e-02,9.13773123e-01
4.000000e-08,40.000000,8.000000e-01,5.000000e-08,1.52638160e-01,7.63190798e-09,8.63178414e-02,9.13682159e-01
4.000000e-08,40.000000,8.000000e-01,5.000000e-08,1.52838210e-01,7.64191048e-09,8.64087411e-02,9.13591259e-01
4.000000e-08,40.000000,8.000000e-01,5.000000e-08,1.53038260e-01,7.65191298e-09,8.64995765e-02,9.13500423e-01
4.000000e-08,40.000000,8.000000e-01,5.000000e-08,1.53238310e-01,7.66191548e-09,8.65903477e-02,9.13409652e-01
4.000000e-08,40.000000,8.000000e-01,5.000000e-08,1.53438360e-01,7.67191798e-09,8.66810546e-02,9.13318945e-01
4.000000e-08,40.000000,8.000000e-01,5.000000e-08,1.53638410e-01,7.68192048e-09,8.67716972e-02,9.13228303e-01
4.000000e-08,40.000000,8.000000e-01,5.000000e-08,1.53838460e-01,7.69192298e-09,8.68622755e-02,9.13137725e-01
4.000000e-08,40.000000,8.000000e-01,5.000000e-08,1.54038510e-01,7.70192548e-09,8.69527894e-02,9.13047211e-01
4.000000e-08,40.000000,8.000000e-01,5.000000e-08,1.54238560e-01,7.71192798e-09,8.70432389e-02,9.12956761e-01
4.000000e-08,40.000000,8.000000e-01,5.000000e-08,1.54438610e-01,7.72193048e-09,8.71336241e-02,9.12866376e-01
4.000000e-08,40.000000,8.000000e-01,5.000000e-08,1.54638660e-01,7.73193298e-09,8.72239448e-02,9.12776055e-01
4.000000e-08,40.000000,8.000000e-01,5.000000e-08,1.54838710e-01,7.74193548e-09,8.73142011e-02,9.12685799e-01
4.000000e-08,40.000000,8.000000e-01,5.000000e-08,1.55038760e-01,7.75193798e-09,8.74043930e-02,9.12595607e-01
4.000000e-08,40.000000,8.000000e-01,5.000000e-08,1.55238810e-01,7.76194049e-09,8.74945204e-02,9.12505480e-01
4.000000e-08,40.000000,8.000000e-01,5.000000e-08,1.55438860e-01,7.77194299e-09,8.75845832e-02,9.12415417e-01
4.000000e-08,40.000000,8.000000e-01,5.000000e-08,1.55638910e-01,7.78194549e-09,8.76745816e-02,9.12325418e-01
4.000000e-08,40.000000,8.000000e-01,5.000000e-08,1.55838960e-01,7.79194799e-09,8.77645154e-02,9.12235485e-01
4.000000e-08,40.000000,8.000000e-01,5.000000e-08,1.56039010e-01,7.80195049e-09,8.78543847e-02,9.12145615e-01
4.000000e-08,40.000000,8.000000e-01,5.000000e-08,1.56239060e-01,7.81195299e-09,8.79441893e-02,9.12055811e-01
4.000000e-08,40.000000,8.000000e-01,5.000000e-08,1.56439110e-01,7.82195549e-09,8.80339294e-02,9.11966071e-01
4.000000e-08,40.000000,8.000000e-01,5.000000e-08,1.56639160e-01,7.83195799e-09,8.81236048e-02,9.11876395e-01
4.000000e-08,40.000000,8.000000e-01,5.000000e-08,1.56839210e-01,7.84196049e-09,8.82132156e-02,9.11786784e-01
4.000000e-08,40.000000,8.000000e-01,5.000000e-08,1.57039260e-01,7.85196299e-09,8.83027617e-02,9.11697238e-01
4.000000e-08,40.000000,8.000000e-01,5.000000e-08,1.57239310e-01,7.86196549e-09,8.83922431e-02,9.11607757e-01
4.000000e-08,40.000000,8.000000e-01,5.000000e-08,1.57439360e-01,7.87196799e-09,8.84816598e-02,9.11518340e-01
4.000000e-08,40.000000,8.000000e-01,5.000000e-08,1.57639410e-01,7.88197049e-09,8.85710118e-02,9.11428988e-01
4.000000e-08,40.000000,8.000000e-01,5.000000e-08,1.57839460e-01,7.89197299e-09,8.86602990e-02,9.11339701e-01
4.000000e-08,40.000000,8.000000e-01,5.000000e-08,1.58039510e-01,7.90197549e-09,8.87495215e-02,9.11250479e-01
4.000000e-08,40.000000,8.000000e-01,5.000000e-08,1.58239560e-01,7.91197799e-09,8.88386791e-02,9.11161321e-01
4.000000e-08,40.000000,8.000000e-01,5.000000e-08,1.58439610e-01,7.92198050e-09,8.89277720e-02,9.11072228e-01
4.000000e-08,40.000000,8.000000e-01,5.000000e-08,1.58639660e-01,7.93198300e-09,8.90168000e-02,9.10983200e-01
4.000000e-08,40.000000,8.000000e-01,5.000000e-08,1.58839710e-01,7.94198550e-09,8.91057631e-02,9.10894237e-01
4.000000e-08,40.000000,8.000000e-01,5.000000e-08,1.59039760e-01,7.95198800e-09,8.91946613e-02,9.10805339e-01
4.000000e-08,40.000000,8.000000e-01,5.000000e-08,1.59239810e-01,7.96199050e-09,8.92834947e-02,9.10716505e-01
4.000000e-08,40.000000,8.000000e-01,5.000000e-08,1.59439860e-01,7.97199300e-09,8.93722631e-02,9.10627737e-01
4.000000e-08,40.000000,8.000000e-01,5.000000e-08,1.59639910e-01,7.98199550e-09,8.94609666e-02,9.10539033e-01
4.000000e-08,40.000000,8.000000e-01,5.000000e-08,1.59839960e-01,7.99199800e-09,8.95496051e-02,9.10450395e-01
4.000000e-08,40.000000,8.000000e-01,5.000000e-08,1.60040010e-01,8.00200050e-09,8.96381786e-02,9.10361821e-01
4.000000e-08,40.000000,8.000000e-01,5.000000e-08,1.60240060e-01,8.01200300e-09,8.97266872e-02,9.10273313e-01
4.000000e-08,40.000000,8.000000e-01,5.000000e-08,1.60440110e-01,8.02200550e-09,8.98151307e-02,9.10184869e-01
4.000000e-08,40.000000,8.000000e-01,5.000000e-08,1.60640160e-01,8.03200800e-09,8.99035091e-02,9.10096491e-01
4.000000e-08,40.000000,8.000000e-01,5.000000e-08,1.60840210e-01,8.04201050e-09,8.99918225e-02,9.10008178e-01
4.000000e-08,40.000000,8.000000e-01,5.000000e-08,1.61040260e-01,8.05201300e-09,9.00800708e-02,9.09919929e-01
4.000000e-08,40.000000,8.000000e-01,5.000000e-08,1.61240310e-01,8.06201550e-09,9.01682539e-02,9.09831746e-01
4.000000e-08,40.000000,8.000000e-01,5.000000e-08,1.61440360e-01,8.07201800e-09,9.02563720e-02,9.09743628e-01
4.000000e-08,40.000000,8.000000e-01,5.000000e-08,1.61640410e-01,8.08202051e-09,9.03444248e-02,9.09655575e-01
4.000000e-08,40.000000,8.000000e-01,5.000000e-08,1.61840460e-01,8.09202301e-09,9.04324125e-02,9.09567587e-01
4.000000e-08,40.000000,8.000000e-01,5.000000e-08,1.62040510e-01,8.10202551e-09,9.05203350e-02,9.09479665e-01
4.000000e-08,40.000000,8.000000e-01,5.000000e-08,1.62240560e-01,8.11202801e-09,9.06081923e-02,9.09391808e-01
4.000000e-08,40.000000,8.000000e-01,5.000000e-08,1.62440610e-01,8.12203051e-09,9.06959844e-02,9.09304016e-01
4.000000e-08,40.000000,8.000000e-01,5.000000e-08,1.62640660e-01,8.13203301e-09,9.07837112e-02,9.09216289e-01
4.000000e-08,40.000000,8.000000e-01,5.000000e-08,1.62840710e-01,8.14203551e-09,9.08713727e-02,9.09128627e-01
4.000000e-08,40.000000,8.000000e-01,5.000000e-08,1.63040760e-01,8.15203801e-09,9.09589689e-02,9.09041031e-01
4.000000e-08,40.000000,8.000000e-01,5.000000e-08,1.63240810e-01,8.16204051e-09,9.10464998e-02,9.08953500e-01
4.000000e-08,40.000000,8.000000e-01,5.000000e-08,1.63440860e-01,8.17204301e-09,9.11339654e-02,9.08866035e-01
4.000000e-08,40.000000,8.000000e-01,5.000000e-08,1.63640910e-01,8.18204551e-09,9.12213655e-02,9.08778634e-01
4.000000e-08,40.000000,8.000000e-01,5.000000e-08,1.63840960e-01,8.19204801e-09,9.13087003e-02,9.08691300e-01
4.000000e-08,40.000000,8.000000e-01,5.000000e-08,1.64041010e-01,8.20205051e-09,9.13959697e-02,9.08604030e-01
4.000000e-08,40.000000,8.000000e-01,5.000000e-08,1.64241060e-01,8.21205301e-09,9.14831737e-02,9.08516826e-01
4.000000e-08,40.000000,8.000000e-01,5.000000e-08,1.64441110e-01,8.22205551e-09,9.15703122e-02,9.08429688e-01
4.000000e-08,40.000000,8.000000e-01,5.000000e-08,1.64641160e-01,8.23205801e-09,9.16573853e-02,9.08342615e-01
4.000000e-08,40.000000,8.000000e-01,5.000000e-08,1.64841210e-01,8.24206052e-09,9.17443929e-02,9.08255607e-01
4.000000e-08,40.000000,8.000000e-01,5.000000e-08,1.65041260e-01,8.25206302e-09,9.18313349e-02,9.08168665e-01
4.000000e-08,40.000000,8.000000e-01,5.000000e-08,1.65241310e-01,8.26206552e-09,9.19182115e-02,9.08081789e-01
4.000000e-08,40.000000,8.000000e-01,5.000000e-08,1.65441360e-01,8.27206802e-09,9.20050224e-02,9.07994978e-01
4.000000e-08,40.000000,8.000000e-01,5.000000e-08,1.65641410e-01,8.28207052e-09,9.20917679e-02,9.07908232e-01
4.000000e-08,40.000000,8.000000e-01,5.000000e-08,1.65841460e-01,8.29207302e-09,9.21784477e-02,9.07821552e-01
4.000000e-08,40.000000,8.000000e-01,5.000000e-08,1.66041510e-01,8.30207552e-09,9.22650619e-02,9.07734938e-01
4.000000e-08,40.000000,8.000000e-01,5.000000e-08,1.66241560e-01,8.31207802e-09,9.23516105e-02,9.07648390e-01
4.000000e-08,40.000000,8.000000e-01,5.000000e-08,1.66441610e-01,8.32208052e-09,9.24380934e-02,9.07561907e-01
4.000000e-08,40.000000,8.000000e-01,5.000000e-08,1.66641660e-01,8.33208302e-09,9.25245106e-02,9.07475489e-01
4.000000e-08,40.000000,8.000000e-01,5.000000e-08,1.66841710e-01,8.34208552e-09,9.26108622e-02,9.07389138e-01
4.000000e-08,40.000000,8.000000e-01,5.000000e-08,1.67041760e-01,8.35208802e-09,9.26971480e-02,9.07302852e-01
4.000000e-08,40.000000,8.000000e-01,5.000000e-08,1.67241810e-01,8.36209052e-09,9.27833681e-02,9.07216632e-01
4.000000e-08,40.000000,8.000000e-01,5.000000e-08,1.67441860e-01,8.37209302e-09,9.28695225e-02,9.07130478e-01
4.000000e-08,40.000000,8.000000e-01,5.000000e-08,1.67641910e-01,8.38209552e-09,9.29556111e-02,9.07044389e-01
4.000000e-08,40.000000,8.000000e-01,5.000000e-08,1.67841960e-01,8.39209802e-09,9.30416338e-02,9.06958366e-01
4.000000e-08,40.000000,8.000000e-01,5.000000e-08,1.68042011e-01,8.40210053e-09,9.31275908e-02,9.06872409e-01
4.000000e-08,40.000000,8.000000e-01,5.000000e-08,1.68242061e-01,8.41210303e-09,9.32134819e-02,9.06786518e-01
4.000000e-08,40.000000,8.000000e-01,5.000000e-08,1.68442111e-01,8.42210553e-09,9.32993072e-02,9.06700693e-01
4.000000e-08,40.000000,8.000000e-01,5.000000e-08,1.68642161e-01,8.43210803e-09,9.33850666e-02,9.06614933e-01
4.000000e-08,40.000000,8.000000e-01,5.000000e-08,1.68842211e-01,8.44211053e-09,9.34707601e-02,9.06529240e-01
4.000000e-08,40.000000,8.000000e-01,5.000000e-08,1.69042261e-01,8.45211303e-09,9.35563876e-02,9.06443612e-01
4.000000e-08,40.000000,8.000000e-01,5.000000e-08,1.69242311e-01,8.46211553e-09,9.36419492e-02,9.06358051e-01
4.000000e-08,40.000000,8.000000e-01,5.000000e-08,1.69442361e-01,8.47211803e-09,9.37274449e-02,9.06272555e-01
4.000000e-08,40.000000,8.000000e-01,5.000000e-08,1.69642411e-01,8.48212053e-09,9.38128746e-02,9.06187125e-01
4.000000e-08,40.000000,8.000000e-01,5.000000e-08,1.69842461e-01,8.49212303e-09,9.38982383e-02,9.06101762e-01
4.000000e-08,40.000000,8.000000e-01,5.000000e-08,1.70042511e-01,8.50212553e-09,9.39835359e-02,9.06016464e-01
4.000000e-08,40.000000,8.000000e-01,5.000000e-08,1.70242561e-01,8.51212803e-09,9.40687676e-02,9.05931232e-01
4.000000e-08,40.000000,8.000000e-01,5.000000e-08,1.70442611e-01,8.52213053e-09,9.41539331e-02,9.05846067e-01
4.000000e-08,40.000000,8.000000e-01,5.000000e-08,1.70642661e-01,8.53213303e-09,9.42390326e-02,9.05760967e-01
4.000000e-08,40.000000,8.000000e-01,5.000000e-08,1.70842711e-01,8.54213553e-09,9.43240660e-02,9.05675934e-01
4.000000e-08,40.000000,8.000000e-01,5.000000e-08,1.71042761e-01,8.55213803e-09,9.44090332e-02,9.05590967e-01
4.000000e-08,40.000000,8.000000e-01,5.000000e-08,1.71242811e-01,8.56214054e-09,9.44939343e-02,9.05506066e-01
4.000000e-08,40.000000,8.000000e-01,5.000000e-08,1.71442861e-01,8.57214304e-09,9.45787692e-02,9.05421231e-01
4.000000e-08,40.000000,8.000000e-01,5.000000e-08,1.71642911e-01,8.58214554e-09,9.46635380e-02,9.05336462e-01
4.000000e-08,40.000000,8.000000e-01,5.000000e-08,1.71842961e-01,8.59214804e-09,9.47482405e-02,9.05251759e-01
4.000000e-08,40.000000,8.000000e-01,5.000000e-08,1.72043011e-01,8.60215054e-09,9.48328769e-02,9.05167123e-01
4.000000e-08,40.000000,8.000000e-01,5.000000e-08,1.72243061e-01,8.61215304e-09,9.49174470e-02,9.05082553e-01
4.000000e-08,40.000000,8.000000e-01,5.000000e-08,1.72443111e-01,8.62215554e-09,9.50019508e-02,9.04998049e-01
4.000000e-08,40.000000,8.000000e-01,5.000000e-08,1.72643161e-01,8.63215804e-09,9.50863883e-02,9.04913612e-01
4.000000e-08,40.000000,8.000000e-01,5.000000e-08,1.72843211e-01,8.64216054e-09,9.51707595e-02,9.04829240e-01
4.000000e-08,40.000000,8.000000e-01,5.000000e-08,1.73043261e-01,8.65216304e-09,9.52550644e-02,9.04744936e-01
4.000000e-08,40.000000,8.000000e-01,5.000000e-08,1.73243311e-01,8.66216554e-09,9.53393030e-02,9.04660697e-01
4.000000e-08,40.000000,8.000000e-01,5.000000e-08,1.73443361e-01,8.67216804e-09,9.54234752e-02,9.04576525e-01
4.000000e-08,40.000000,8.000000e-01,5.000000e-08,1.73643411e-01,8.68217054e-09,9.55075810e-02,9.04492419e-01
4.000000e-08,40.000000,8.000000e-01,5.000000e-08,1.73843461e-01,8.69217304e-09,9.55916204e-02,9.04408380e-01
4.000000e-08,40.000000,8.000000e-01,5.000000e-08,1.74043511e-01,8.70217554e-09,9.56755934e-02,9.04324407e-01
4.000000e-08,40.000000,8.000000e-01,5.000000e-08,1.74243561e-01,8.71217804e-09,9.57594999e-02,9.04240500e-01
4.000000e-08,40.000000,8.000000e-01,5.000000e-08,1.74443611e-01,8.72218055e-09,9.58433399e-02,9.04156660e-01
4.000000e-08,40.000000,8.000000e-01,5.000000e-08,1.74643661e-01,8.73218305e-09,9.59271135e-02,9.04072886e-01
4.000000e-08,40.000000,8.000000e-01,5.000000e-08,1.74843711e-01,8.74218555e-09,9.60108206e-02,9.03989179e-01
4.000000e-08,40.000000,8.000000e-01,5.000000e-08,1.75043761e-01,8.75218805e-09,9.60944611e-02,9.03905539e-01
4.000000e-08,40.000000,8.000000e-01,5.000000e-08,1.75243811e-01,8.76219055e-09,9.61780351e-02,9.03821965e-01
4.000000e-08,40.000000,8.000000e-01,5.000000e-08,1.75443861e-01,8.77219305e-09,9.62615425e-02,9.03738457e-01
4.000000e-08,40.000000,8.000000e-01,5.000000e-08,1.75643911e-01,8.78219555e-09,9.63449834e-02,9.03655017e-01
4.000000e-08,40.000000,8.000000e-01,5.000000e-08,1.75843961e-01,8.79219805e-09,9.64283576e-02,9.03571642e-01
4.000000e-08,40.000000,8.000000e-01,5.000000e-08,1.76044011e-01,8.80220055e-09,9.65116652e-02,9.03488335e-01
4.000000e-08,40.000000,8.000000e-01,5.000000e-08,1.76244061e-01,8.81220305e-09,9.65949062e-02,9.03405094e-01
4.000000e-08,40.000000,8.000000e-01,5.000000e-08,1.76444111e-01,8.82220555e-09,9.66780805e-02,9.03321920e-01
4.000000e-08,40.000000,8.000000e-01,5.000000e-08,1.76644161e-01,8.83220805e-09,9.67611881e-02,9.03238812e-01
4.000000e-08,40.000000,8.000000e-01,5.000000e-08,1.76844211e-01,8.84221055e-09,9.68442290e-02,9.03155771e-01
4.000000e-08,40.000000,8.000000e-01,5.000000e-08,1.77044261e-01,8.85221305e-09,9.69272032e-02,9.03072797e-01
4.000000e-08,40.000000,8.000000e-01,5.000000e-08,1.77244311e-01,8.86221555e-09,9.70101106e-02,9.02989889e-01
4.000000e-08,40.000000,8.000000e-01,5.000000e-08,1.77444361e-01,8.87221805e-09,9.70929513e-02,9.02907049e-01
4.000000e-08,40.000000,8.000000e-01,5.000000e-08,1.77644411e-01,8.88222056e-09,9.71757252e-02,9.02824275e-01
4.000000e-08,40.000000,8.000000e-01,5.000000e-08,1.77844461e-01,8.89222306e-09,9.72584323e-02,9.02741568e-01
4.000000e-08,40.000000,8.000000e-01,5.000000e-08,1.78044511e-01,8.90222556e-09,9.73410725e-02,9.02658927e-01
4.000000e-08,40.000000,8.000000e-01,5.000000e-08,1.78244561e-01,8.91222806e-09,9.74236459e-02,9.02576354e-01
4.000000e-08,40.000000,8.000000e-01,5.000000e-08,1.78444611e-01,8.92223056e-09,9.75061525e-02,9.02493848e-01
4.000000e-08,40.000000,8.000000e-01,5.000000e-08,1.78644661e-01,8.93223306e-09,9.75885921e-02,9.02411408e-01
4.000000e-08,40.000000,8.000000e-01,5.000000e-08,1.78844711e-01,8.94223556e-09,9.76709649e-02,9.02329035e-01
4.000000e-08,40.000000,8.000000e-01,5.000000e-08,1.79044761e-01,8.95223806e-09,9.77532707e-02,9.02246729e-01
4.000000e-08,40.000000,8.000000e-01,5.000000e-08,1.79244811e-01,8.96224056e-09,9.78355096e-02,9.02164490e-01
4.000000e-08,40.000000,8.000000e-01,5.000000e-08,1.79444861e-01,8.97224306e-09,9.79176816e-02,9.02082318e-01
4.000000e-08,40.000000,8.000000e-01,5.000000e-08,1.79644911e-01,8.98224556e-09,9.79997865e-02,9.02000213e-01
4.000000e-08,40.000000,8.000000e-01,5.000000e-08,1.79844961e-01,8.99224806e-09,9.80818245e-02,9.01918176e-01
4.000000e-08,40.000000,8.000000e-01,5.000000e-08,1.80045011e-01,9.00225056e-09,9.81637954e-02,9.01836205e-01
4.000000e-08,40.000000,8.000000e-01,5.000000e-08,1.80245061e-01,9.01225306e-09,9.82456993e-02,9.01754301e-01
4.000000e-08,40.000000,8.000000e-01,5.000000e-08,1.80445111e-01,9.02225556e-09,9.83275361e-02,9.01672464e-01
4.000000e-08,40.000000,8.000000e-01,5.000000e-08,1.80645161e-01,9.03225806e-09,9.84093058e-02,9.01590694e-01
4.000000e-08,40.000000,8.000000e-01,5.000000e-08,1.80845211e-01,9.04226057e-09,9.84910085e-02,9.01508992e-01
4.000000e-08,40.000000,8.000000e-01,5.000000e-08,1.81045261e-01,9.05226307e-09,9.85726440e-02,9.01427356e-01
4.000000e-08,40.000000,8.000000e-01,5.000000e-08,1.81245311e-01,9.06226557e-09,9.86542124e-02,9.01345788e-01
4.000000e-08,40.000000,8.000000e-01,5.000000e-08,1.81445361e-01,9.07226807e-09,9.87357136e-02,9.01264286e-01
4.000000e-08,40.000000,8.000000e-01,5.000000e-08,1.81645411e-01,9.08227057e-09,9.88171476e-02,9.01182852e-01
4.000000e-08,40.000000,8.000000e-01,5.000000e-08,1.81845461e-01,9.09227307e-09,9.88985145e-02,9.01101486e-01
4.000000e-08,40.000000,8.000000e-01,5.000000e-08,1.82045511e-01,9.10227557e-09,9.89798141e-02,9.01020186e-01
4.000000e-08,40.000000,8.000000e-01,5.000000e-08,1.82245561e-01,9.11227807e-09,9.90610465e-02,9.00938954e-01
4.000000e-08,40.000000,8.000000e-01,5.000000e-08,1.82445611e-01,9.12228057e-09,9.91422116e-02,9.00857788e-01
4.000000e-08,40.000000,8.000000e-01,5.000000e-08,1.82645661e-01,9.13228307e-09,9.92233095e-02,9.00776691e-01
4.000000e-08,40.000000,8.000000e-01,5.000000e-08,1.82845711e-01,9.14228557e-09,9.93043400e-02,9.00695660e-01
4.000000e-08,40.000000,8.000000e-01,5.000000e-08,1.83045761e-01,9.15228807e-09,9.93853033e-02,9.00614697e-01
4.000000e-08,40.000000,8.000000e-01,5.000000e-08,1.83245811e-01,9.16229057e-09,9.94661992e-02,9.00533801e-01
4.000000e-08,40.000000,8.000000e-01,5.000000e-08,1.83445861e-01,9.17229307e-09,9.95470277e-02,9.00452972e-01
4.000000e-08,40.000000,8.000000e-01,5.000000e-08,1.83645911e-01,9.18229557e-09,9.96277889e-02,9.00372211e-01
4.000000e-08,40.000000,8.000000e-01,5.000000e-08,1.83845961e-01,9.19229807e-09,9.97084827e-02,9.00291517e-01
4.000000e-08,40.000000,8.000000e-01,5.000000e-08,1.84046012e-01,9.20230058e-09,9.97891091e-02,9.00210891e-01
4.000000e-08,40.000000,8.000000e-01,5.000000e-08,1.84246062e-01,9.21230308e-09,9.98696681e-02,9.00130332e-01
4.000000e-08,40.000000,8.000000e-01,5.000000e-08,1.84446112e-01,9.22230558e-09,9.99501596e-02,9.00049840e-01
4.000000e-08,40.000000,8.000000e-01,5.000000e-08,1.84646162e-01,9.23230808e-09,1.00030584e-01,8.99969416e-01
4.000000e-08,40.000000,8.000000e-01,5.000000e-08,1.84846212e-01,9.24231058e-09,1.00110940e-01,8.99889060e-01
4.000000e-08,40.000000,8.000000e-01,5.000000e-08,1.85046262e-01,9.25231308e-09,1.00191229e-01,8.99808771e-01
4.000000e-08,40.000000,8.000000e-01,5.000000e-08,1.85246312e-01,9.26231558e-09,1.00271451e-01,8.99728549e-01
4.000000e-08,40.000000,8.000000e-01,5.000000e-08,1.85446362e-01,9.27231808e-09,1.00351605e-01,8.99648395e-01
4.000000e-08,40.000000,8.000000e-01,5.000000e-08,1.85646412e-01,9.28232058e-09,1.00431691e-01,8.99568309e-01
4.000000e-08,40.000000,8.000000e-01,5.000000e-08,1.85846462e-01,9.29232308e-09,1.00511710e-01,8.99488290e-01
4.000000e-08,40.000000,8.000000e-01,5.000000e-08,1.86046512e-01,9.30232558e-09,1.00591661e-01,8.99408339e-01
4.000000e-08,40.000000,8.000000e-01,5.000000e-08,1.86246562e-01,9.31232808e-09,1.00671545e-01,8.99328455e-01
4.000000e-08,40.000000,8.000000e-01,5.000000e-08,1.86446612e-01,9.32233058e-09,1.00751361e-01,8.99248639e-01
4.000000e-08,40.000000,8.000000e-01,5.000000e-08,1.86646662e-01,9.33233308e-09,1.00831109e-01,8.99168891e-01
4.000000e-08,40.000000,8.000000e-01,5.000000e-08,1.86846712e-01,9.34233558e-09,1.00910789e-01,8.99089211e-01
4.000000e-08,40.000000,8.000000e-01,5.000000e-08,1.87046762e-01,9.35233808e-09,1.00990402e-01,8.99009598e-01
4.000000e-08,40.000000,8.000000e-01,5.000000e-08,1.87246812e-01,9.36234059e-09,1.01069947e-01,8.98930053e-01
4.000000e-08,40.000000,8.000000e-01,5.000000e-08,1.87446862e-01,9.37234309e-09,1.01149425e-01,8.98850575e-01
4.000000e-08,40.000000,8.000000e-01,5.000000e-08,1.87646912e-01,9.38234559e-09,1.01228835e-01,8.98771165e-01
4.000000e-08,40.000000,8.000000e-01,5.000000e-08,1.87846962e-01,9.39234809e-09,1.01308176e-01,8.98691824e-01
4.000000e-08,40.000000,8.000000e-01,5.000000e-08,1.88047012e-01,9.40235059e-09,1.01387451e-01,8.98612549e-01
4.000000e-08,40.000000,8.000000e-01,5.000000e-08,1.88247062e-01,9.41235309e-09,1.01466657e-01,8.98533343e-01
4.000000e-08,40.000000,8.000000e-01,5.000000e-08,1.88447112e-01,9.42235559e-09,1.01545795e-01,8.98454205e-01
4.000000e-08,40.000000,8.000000e-01,5.000000e-08,1.88647162e-01,9.43235809e-09,1.01624866e-01,8.98375134e-01
4.000000e-08,40.000000,8.000000e-01,5.000000e-08,1.88847212e-01,9.44236059e-09,1.01703869e-01,8.98296131e-01
4.000000e-08,40.000000,8.000000e-01,5.000000e-08,1.89047262e-01,9.45236309e-09,1.01782803e-01,8.98217197e-01
4.000000e-08,40.000000,8.000000e-01,5.000000e-08,1.89247312e-01,9.46236559e-09,1.01861670e-01,8.98138330e-01
4.000000e-08,40.000000,8.000000e-01,5.000000e-08,1.89447362e-01,9.47236809e-09,1.01940469e-01,8.98059531e-01
4.000000e-08,40.000000,8.000000e-01,5.000000e-08,1.89647412e-01,9.48237059e-09,1.02019200e-01,8.97980800e-01
4.000000e-08,40.000000,8.000000e-01,5.000000e-08,1.89847462e-01,9.49237309e-09,1.02097863e-01,8.97902137e-01
4.000000e-08,40.000000,8.000000e-01,5.000000e-08,1.90047512e-01,9.50237559e-09,1.02176458e-01,8.97823542e-01
4.000000e-08,40.000000,8.000000e-01,5.000000e-08,1.90247562e-01,9.51237809e-09,1.02254986e-01,8.97745014e-01
4.000000e-08,40.000000,8.000000e-01,5.000000e-08,1.90447612e-01,9.52238060e-09,1.02333445e-01,8.97666555e-01
4.000000e-08,40.000000,8.000000e-01,5.000000e-08,1.90647662e-01,9.53238310e-09,1.02411836e-01,8.97588164e-01
4.000000e-08,40.000000,8.000000e-01,5.000000e-08,1.90847712e-01,9.54238560e-09,1.02490159e-01,8.97509841e-01
4.000000e-08,40.000000,8.000000e-01,5.000000e-08,1.91047762e-01,9.55238810e-09,1.02568413e-01,8.97431587e-01
4.000000e-08,40.000000,8.000000e-01,5.000000e-08,1.91247812e-01,9.56239060e-09,1.02646600e-01,8.97353400e-01
4.000000e-08,40.000000,8.000000e-01,5.000000e-08,1.91447862e-01,9.57239310e-09,1.02724719e-01,8.97275281e-01
4.000000e-08,40.000000,8.000000e-01,5.000000e-08,1.91647912e-01,9.58239560e-09,1.02802769e-01,8.97197231e-01
4.000000e-08,40.000000,8.000000e-01,5.000000e-08,1.91847962e-01,9.59239810e-09,1.02880752e-01,8.97119248e-01
4.000000e-08,40.000000,8.000000e-01,5.000000e-08,1.92048012e-01,9.60240060e-09,1.02958666e-01,8.97041334e-01
4.000000e-08,40.000000,8.000000e-01,5.000000e-08,1.92248062e-01,9.61240310e-09,1.03036512e-01,8.96963488e-01
4.000000e-08,40.000000,8.000000e-01,5.000000e-08,1.92448112e-01,9.62240560e-09,1.03114290e-01,8.96885710e-01
4.000000e-08,40.000000,8.000000e-01,5.000000e-08,1.92648162e-01,9.63240810e-09,1.03191999e-01,8.96808001e-01
4.000000e-08,40.000000,8.000000e-01,5.000000e-08,1.92848212e-01,9.64241060e-09,1.03269641e-01,8.96730359e-01
4.000000e-08,40.000000,8.000000e-01,5.000000e-08,1.93048262e-01,9.65241310e-09,1.03347214e-01,8.96652786e-01
4.000000e-08,40.000000,8.000000e-01,5.000000e-08,1.93248312e-01,9.66241560e-09,1.03424718e-01,8.96575282e-01
4.000000e-08,40.000000,8.000000e-01,5.000000e-08,1.93448362e-01,9.67241810e-09,1.03502155e-01,8.96497845e-01
4.000000e-08,40.000000,8.000000e-01,5.000000e-08,1.93648412e-01,9.68242061e-09,1.03579523e-01,8.96420477e-01
4.000000e-08,40.000000,8.000000e-01,5.000000e-08,1.93848462e-01,9.69242311e-09,1.03656823e-01,8.96343177e-01
4.000000e-08,40.000000,8.000000e-01,5.000000e-08,1.94048512e-01,9.70242561e-09,1.03734054e-01,8.96265946e-01
4.000000e-08,40.000000,8.000000e-01,5.000000e-08,1.94248562e-01,9.71242811e-09,1.03811217e-01,8.96188783e-01
4.000000e-08,40.000000,8.000000e-01,5.000000e-08,1.94448612e-01,9.72243061e-09,1.03888312e-01,8.96111688e-01
4.000000e-08,40.000000,8.000000e-01,5.000000e-08,1.94648662e-01,9.73243311e-09,1.03965338e-01,8.96034662e-01
4.000000e-08,40.000000,8.000000e-01,5.000000e-08,1.94848712e-01,9.74243561e-09,1.04042296e-01,8.95957704e-01
4.000000e-08,40.000000,8.000000e-01,5.000000e-08,1.95048762e-01,9.75243811e-09,1.04119185e-01,8.95880815e-01
4.000000e-08,40.000000,8.000000e-01,5.000000e-08,1.95248812e-01,9.76244061e-09,1.04196006e-01,8.95803994e-01
4.000000e-08,40.000000,8.000000e-01,5.000000e-08,1.95448862e-01,9.77244311e-09,1.04272758e-01,8.95727242e-01
4.000000e-08,40.000000,8.000000e-01,5.000000e-08,1.95648912e-01,9.78244561e-09,1.04349442e-01,8.95650558e-01
4.000000e-08,40.000000,8.000000e-01,5.000000e-08,1.95848962e-01,9.79244811e-09,1.04426058e-01,8.95573942e-01
4.000000e-08,40.000000,8.000000e-01,5.000000e-08,1.96049012e-01,9.80245061e-09,1.04502604e-01,8.95497396e-01
4.000000e-08,40.000000,8.000000e-01,5.000000e-08,1.96249062e-01,9.81245311e-09,1.04579083e-01,8.95420917e-01
4.000000e-08,40.000000,8.000000e-01,5.000000e-08,1.96449112e-01,9.82245561e-09,1.04655492e-01,8.95344508e-01
4.000000e-08,40.000000,8.000000e-01,5.000000e-08,1.96649162e-01,9.83245811e-09,1.04731833e-01,8.95268167e-01
4.000000e-08,40.000000,8.000000e-01,5.000000e-08,1.96849212e-01,9.84246062e-09,1.04808106e-01,8.95191894e-01
4.000000e-08,40.000000,8.000000e-01,5.000000e-08,1.97049262e-01,9.85246312e-09,1.04884309e-01,8.95115691e-01
4.000000e-08,40.000000,8.000000e-01,5.000000e-08,1.97249312e-01,9.86246562e-09,1.04960445e-01,8.95039555e-01
4.000000e-08,40.000000,8.000000e-01,5.000000e-08,1.97449362e-01,9.87246812e-09,1.05036511e-01,8.94963489e-01
4.000000e-08,40.000000,8.000000e-01,5.000000e-08,1.97649412e-01,9.88247062e-09,1.05112509e-01,8.94887491e-01
4.000000e-08,40.000000,8.000000e-01,5.000000e-08,1.97849462e-01,9.89247312e-09,1.05188438e-01,8.94811562e-01
4.000000e-08,40.000000,8.000000e-01,5.000000e-08,1.98049512e-01,9.90247562e-09,1.05264298e-01,8.94735702e-01
4.000000e-08,40.000000,8.000000e-01,5.000000e-08,1.98249562e-01,9.91247812e-09,1.05340090e-01,8.94659910e-01
4.000000e-08,40.000000,8.000000e-01,5.000000e-08,1.98449612e-01,9.92248062e-09,1.05415812e-01,8.94584188e-01
4.000000e-08,40.000000,8.000000e-01,5.000000e-08,1.98649662e-01,9.93248312e-09,1.05491466e-01,8.94508534e-01
4.000000e-08,40.000000,8.000000e-01,5.000000e-08,1.98849712e-01,9.94248562e-09,1.05567052e-01,8.94432948e-01
4.000000e-08,40.000000,8.000000e-01,5.000000e-08,1.99049762e-01,9.95248812e-09,1.05642568e-01,8.94357432e-01
4.000000e-08,40.000000,8.000000e-01,5.000000e-08,1.99249812e-01,9.96249062e-09,1.05718015e-01,8.94281985e-01
4.000000e-08,40.000000,8.000000e-01,5.000000e-08,1.99449862e-01,9.97249312e-09,1.05793394e-01,8.94206606e-01
4.000000e-08,40.000000,8.000000e-01,5.000000e-08,1.99649912e-01,9.98249562e-09,1.05868704e-01,8.94131296e-01
4.000000e-08,40.000000,8.000000e-01,5.000000e-08,1.99849962e-01,9.99249812e-09,1.05943945e-01,8.94056055e-01
4.000000e-08,40.000000,8.000000e-01,5.000000e-08,2.00050013e-01,1.00025006e-08,1.06019117e-01,8.93980883e-01
4.000000e-08,40.000000,8.000000e-01,5.000000e-08,2.00250063e-01,1.00125031e-08,1.06094220e-01,8.93905780e-01
4.000000e-08,40.000000,8.000000e-01,5.000000e-08,2.00450113e-01,1.00225056e-08,1.06169254e-01,8.93830746e-01
4.000000e-08,40.000000,8.000000e-01,5.000000e-08,2.00650163e-01,1.00325081e-08,1.06244219e-01,8.93755781e-01
4.000000e-08,40.000000,8.000000e-01,5.000000e-08,2.00850213e-01,1.00425106e-08,1.06319115e-01,8.93680885e-01
4.000000e-08,40.000000,8.000000e-01,5.000000e-08,2.01050263e-01,1.00525131e-08,1.06393942e-01,8.93606058e-01
4.000000e-08,40.000000,8.000000e-01,5.000000e-08,2.01250313e-01,1.00625156e-08,1.06468701e-01,8.93531299e-01
4.000000e-08,40.000000,8.000000e-01,5.000000e-08,2.01450363e-01,1.00725181e-08,1.06543390e-01,8.93456610e-01
4.000000e-08,40.000000,8.000000e-01,5.000000e-08,2.01650413e-01,1.00825206e-08,1.06618010e-01,8.93381990e-01
4.000000e-08,40.000000,8.000000e-01,5.000000e-08,2.01850463e-01,1.00925231e-08,1.06692561e-01,8.93307439e-01
4.000000e-08,40.000000,8.000000e-01,5.000000e-08,2.02050513e-01,1.01025256e-08,1.06767042e-01,8.93232958e-01
4.000000e-08,40.000000,8.000000e-01,5.000000e-08,2.02250563e-01,1.01125281e-08,1.06841455e-01,8.93158545e-01
4.000000e-08,40.000000,8.000000e-01,5.000000e-08,2.02450613e-01,1.01225306e-08,1.06915799e-01,8.93084201e-01
4.000000e-08,40.000000,8.000000e-01,5.000000e-08,2.02650663e-01,1.01325331e-08,1.06990073e-01,8.93009927e-01
4.000000e-08,40.000000,8.000000e-01,5.000000e-08,2.02850713e-01,1.01425356e-08,1.07064279e-01,8.92935721e-01
4.000000e-08,40.000000,8.000000e-01,5.000000e-08,2.03050763e-01,1.01525381e-08,1.07138415e-01,8.92861585e-01
4.000000e-08,40.000000,8.000000e-01,5.000000e-08,2.03250813e-01,1.01625406e-08,1.07212482e-01,8.92787518e-01
4.000000e-08,40.000000,8.000000e-01,5.000000e-08,2.03450863e-01,1.01725431e-08,1.07286479e-01,8.92713521e-01
4.000000e-08,40.000000,8.000000e-01,5.000000e-08,2.03650913e-01,1.01825456e-08,1.07360408e-01,8.92639592e-01
4.000000e-08,40.000000,8.000000e-01,5.000000e-08,2.03850963e-01,1.01925481e-08,1.07434267e-01,8.92565733e-01
4.000000e-08,40.000000,8.000000e-01,5.000000e-08,2.04051013e-01,1.02025506e-08,1.07508057e-01,8.92491943e-01
4.000000e-08,40.000000,8.000000e-01,5.000000e-08,2.04251063e-01,1.02125531e-08,1.07581777e-01,8.92418223e-01
4.000000e-08,40.000000,8.000000e-01,5.000000e-08,2.04451113e-01,1.02225556e-08,1.07655429e-01,8.92344571e-01
4.000000e-08,40.000000,8.000000e-01,5.000000e-08,2.04651163e-01,1.02325581e-08,1.07729011e-01,8.92270989e-01
4.000000e-08,40.000000,8.000000e-01,5.000000e-08,2.04851213e-01,1.02425606e-08,1.07802523e-01,8.92197477e-01
4.000000e-08,40.000000,8.000000e-01,5.000000e-08,2.05051263e-01,1.02525631e-08,1.07875967e-01,8.92124033e-01
4.000000e-08,40.000000,8.000000e-01,5.000000e-08,2.05251313e-01,1.02625656e-08,1.07949341e-01,8.92050659e-01
4.000000e-08,40.000000,8.000000e-01,5.000000e-08,2.05451363e-01,1.02725681e-08,1.08022645e-01,8.91977355e-01
4.000000e-08,40.000000,8.000000e-01,5.000000e-08,2.05651413e-01,1.02825706e-08,1.08095880e-01,8.91904120e-01
4.000000e-08,40.000000,8.000000e-01,5.000000e-08,2.05851463e-01,1.02925731e-08,1.08169046e-01,8.91830954e-01
4.000000e-08,40.000000,8.000000e-01,5.000000e-08,2.06051513e-01,1.03025756e-08,1.08242142e-01,8.91757858e-01
4.000000e-08,40.000000,8.000000e-01,5.000000e-08,2.06251563e-01,1.03125781e-08,1.08315169e-01,8.91684831e-01
4.000000e-08,40.000000,8.000000e-01,5.000000e-08,2.06451613e-01,1.03225806e-08,1.08388126e-01,8.91611874e-01
4.000000e-08,40.000000,8.000000e-01,5.000000e-08,2.06651663e-01,1.03325831e-08,1.08461014e-01,8.91538986e-01
4.000000e-08,40.000000,8.000000e-01,5.000000e-08,2.06851713e-01,1.03425856e-08,1.08533832e-01,8.91466168e-01
4.000000e-08,40.000000,8.000000e-01,5.000000e-08,2.07051763e-01,1.03525881e-08,1.08606581e-01,8.91393419e-01
4.000000e-08,40.000000,8.000000e-01,5.000000e-08,2.07251813e-01,1.03625906e-08,1.08679260e-01,8.91320740e-01
4.000000e-08,40.000000,8.000000e-01,5.000000e-08,2.07451863e-01,1.03725931e-08,1.08751870e-01,8.91248130e-01
4.000000e-08,40.000000,8.000000e-01,5.000000e-08,2.07651913e-01,1.03825956e-08,1.08824410e-01,8.91175590e-01
4.000000e-08,40.000000,8.000000e-01,5.000000e-08,2.07851963e-01,1.03925981e-08,1.08896880e-01,8.91103120e-01
4.000000e-08,40.000000,8.000000e-01,5.000000e-08,2.08052013e-01,1.04026007e-08,1.08969281e-01,8.91030719e-01
4.000000e-08,40.000000,8.000000e-01,5.000000e-08,2.08252063e-01,1.04126032e-08,1.09041612e-01,8.90958388e-01
4.000000e-08,40.000000,8.000000e-01,5.000000e-08,2.08452113e-01,1.04226057e-08,1.09113873e-01,8.90886127e-01
4.000000e-08,40.000000,8.000000e-01,5.000000e-08,2.08652163e-01,1.04326082e-08,1.09186065e-01,8.90813935e-01
4.000000e-08,40.000000,8.000000e-01,5.000000e-08,2.08852213e-01,1.04426107e-08,1.09258187e-01,8.90741813e-01
4.000000e-08,40.000000,8.000000e-01,5.000000e-08,2.09052263e-01,1.04526132e-08,1.09330239e-01,8.90669761e-01
4.000000e-08,40.000000,8.000000e-01,5.000000e-08,2.09252313e-01,1.04626157e-08,1.09402222e-01,8.90597778e-01
4.000000e-08,40.000000,8.000000e-01,5.000000e-08,2.09452363e-01,1.04726182e-08,1.09474135e-01,8.90525865e-01
4.000000e-08,40.000000,8.000000e-01,5.000000e-08,2.09652413e-01,1.04826207e-08,1.09545978e-01,8.90454022e-01
4.000000e-08,40.000000,8.000000e-01,5.000000e-08,2.09852463e-01,1.04926232e-08,1.09617751e-01,8.90382249e-01
4.000000e-08,40.000000,8.000000e-01,5.000000e-08,2.10052513e-01,1.05026257e-08,1.09689455e-01,8.90310545e-01
4.000000e-08,40.000000,8.000000e-01,5.000000e-08,2.10252563e-01,1.05126282e-08,1.09761088e-01,8.90238912e-01
4.000000e-08,40.000000,8.000000e-01,5.000000e-08,2.10452613e-01,1.05226307e-08,1.09832652e-01,8.90167348e-01
4.000000e-08,40.000000,8.000000e-01,5.000000e-08,2.10652663e-01,1.05326332e-08,1.09904146e-01,8.90095854e-01
4.000000e-08,40.000000,8.000000e-01,5.000000e-08,2.10852713e-01,1.05426357e-08,1.09975570e-01,8.90024430e-01
4.000000e-08,40.000000,8.000000e-01,5.000000e-08,2.11052763e-01,1.05526382e-08,1.10046924e-01,8.89953076e-01
4.000000e-08,40.000000,8.000000e-01,5.000000e-08,2.11252813e-01,1.05626407e-08,1.10118209e-01,8.89881791e-01
4.000000e-08,40.000000,8.000000e-01,5.000000e-08,2.11452863e-01,1.05726432e-08,1.10189423e-01,8.89810577e-01
4.000000e-08,40.000000,8.000000e-01,5.000000e-08,2.11652913e-01,1.05826457e-08,1.10260567e-01,8.89739433e-01
4.000000e-08,40.000000,8.000000e-01,5.000000e-08,2.11852963e-01,1.05926482e-08,1.10331642e-01,8.89668358e-01
4.000000e-08,40.000000,8.000000e-01,5.000000e-08,2.12053013e-01,1.06026507e-08,1.10402646e-01,8.89597354e-01
4.000000e-08,40.000000,8.000000e-01,5.000000e-08,2.12253063e-01,1.06126532e-08,1.10473581e-01,8.89526419e-01
4.000000e-08,40.000000,8.000000e-01,5.000000e-08,2.12453113e-01,1.06226557e-08,1.10544446e-01,8.89455554e-01
4.000000e-08,40.000000,8.000000e-01,5.000000e-08,2.12653163e-01,1.06326582e-08,1.10615240e-01,8.89384760e-01
4.000000e-08,40.000000,8.000000e-01,5.000000e-08,2.12853213e-01,1.06426607e-08,1.10685964e-01,8.89314036e-01
4.000000e-08,40.000000,8.000000e-01,5.000000e-08,2.13053263e-01,1.06526632e-08,1.10756619e-01,8.89243381e-01
4.000000e-08,40.000000,8.000000e-01,5.000000e-08,2.13253313e-01,1.06626657e-08,1.10827203e-01,8.89172797e-01
4.000000e-08,40.000000,8.000000e-01,5.000000e-08,2.13453363e-01,1.06726682e-08,1.10897717e-01,8.89102283e-01
4.000000e-08,40.000000,8.000000e-01,5.000000e-08,2.13653413e-01,1.06826707e-08,1.10968161e-01,8.89031839e-01
4.000000e-08,40.000000,8.000000e-01,5.000000e-08,2.13853463e-01,1.06926732e-08,1.11038535e-01,8.88961465e-01
4.000000e-08,40.000000,8.000000e-01,5.000000e-08,2.14053513e-01,1.07026757e-08,1.11108839e-01,8.88891161e-01
4.000000e-08,40.000000,8.000000e-01,5.000000e-08,2.14253563e-01,1.07126782e-08,1.11179073e-01,8.88820927e-01
4.000000e-08,40.000000,8.000000e-01,5.000000e-08,2.14453613e-01,1.07226807e-08,1.11249236e-01,8.88750764e-01
4.000000e-08,40.000000,8.000000e-01,5.000000e-08,2.14653663e-01,1.07326832e-08,1.11319330e-01,8.88680670e-01
4.000000e-08,40.000000,8.000000e-01,5.000000e-08,2.14853713e-01,1.07426857e-08,1.11389353e-01,8.88610647e-01
4.000000e-08,40.000000,8.000000e-01,5.000000e-08,2.15053763e-01,1.07526882e-08,1.11459305e-01,8.88540695e-01
4.000000e-08,40.000000,8.000000e-01,5.000000e-08,2.15253813e-01,1.07626907e-08,1.11529188e-01,8.88470812e-01
4.000000e-08,40.000000,8.000000e-01,5.000000e-08,2.15453863e-01,1.07726932e-08,1.11599000e-01,8.88401000e-01
4.000000e-08,40.000000,8.000000e-01,5.000000e-08,2.15653913e-01,1.07826957e-08,1.11668742e-01,8.88331258e-01
4.000000e-08,40.000000,8.000000e-01,5.000000e-08,2.15853963e-01,1.07926982e-08,1.11738414e-01,8.88261586e-01
4.000000e-08,40.000000,8.000000e-01,5.000000e-08,2.16054014e-01,1.08027007e-08,1.11808016e-01,8.88191984e-01
4.000000e-08,40.000000,8.000000e-01,5.000000e-08,2.16254064e-01,1.08127032e-08,1.11877547e-01,8.88122453e-01
4.000000e-08,40.000000,8.000000e-01,5.000000e-08,2.16454114e-01,1.08227057e-08,1.11947007e-01,8.88052993e-01
4.000000e-08,40.000000,8.000000e-01,5.000000e-08,2.16654164e-01,1.08327082e-08,1.12016398e-01,8.87983602e-01
4.000000e-08,40.000000,8.000000e-01,5.000000e-08,2.16854214e-01,1.08427107e-08,1.12085718e-01,8.87914282e-01
4.000000e-08,40.000000,8.000000e-01,5.000000e-08,2.17054264e-01,1.08527132e-08,1.12154967e-01,8.87845033e-01
4.000000e-08,40.000000,8.000000e-01,5.000000e-08,2.17254314e-01,1.08627157e-08,1.12224146e-01,8.87775854e-01
4.000000e-08,40.000000,8.000000e-01,5.000000e-08,2.17454364e-01,1.08727182e-08,1.12293255e-01,8.87706745e-01
4.000000e-08,40.000000,8.000000e-01,5.000000e-08,2.17654414e-01,1.08827207e-08,1.12362293e-01,8.87637707e-01
4.000000e-08,40.000000,8.000000e-01,5.000000e-08,2.17854464e-01,1.08927232e-08,1.12431261e-01,8.87568739e-01
4.000000e-08,40.000000,8.000000e-01,5.000000e-08,2.18054514e-01,1.09027257e-08,1.12500159e-01,8.87499841e-01
4.000000e-08,40.000000,8.000000e-01,5.000000e-08,2.18254564e-01,1.09127282e-08,1.12568985e-01,8.87431015e-01
4.000000e-08,40.000000,8.000000e-01,5.000000e-08,2.18454614e-01,1.09227307e-08,1.12637742e-01,8.87362258e-01
4.000000e-08,40.000000,8.000000e-01,5.000000e-08,2.18654664e-01,1.09327332e-08,1.12706427e-01,8.87293573e-01
4.000000e-08,40.000000,8.000000e-01,5.000000e-08,2.18854714e-01,1.09427357e-08,1.12775043e-01,8.87224957e-01
4.000000e-08,40.000000,8.000000e-01,5.000000e-08,2.19054764e-01,1.09527382e-08,1.12843587e-01,8.87156413e-01
4.000000e-08,40.000000,8.000000e-01,5.000000e-08,2.19254814e-01,1.09627407e-08,1.12912061e-01,8.87087939e-01
4.000000e-08,40.000000,8.000000e-01,5.000000e-08,2.19454864e-01,1.09727432e-08,1.12980465e-01,8.87019535e-01
4.000000e-08,40.000000,8.000000e-01,5.000000e-08,2.19654914e-01,1.09827457e-08,1.13048798e-01,8.86951202e-01
4.000000e-08,40.000000,8.000000e-01,5.000000e-08,2.19854964e-01,1.09927482e-08,1.13117060e-01,8.86882940e-01
4.000000e-08,40.000000,8.000000e-01,5.000000e-08,2.20055014e-01,1.10027507e-08,1.13185251e-01,8.86814749e-01
4.000000e-08,40.000000,8.000000e-01,5.000000e-08,2.20255064e-01,1.10127532e-08,1.13253372e-01,8.86746628e-01
4.000000e-08,40.000000,8.000000e-01,5.000000e-08,2.20455114e-01,1.10227557e-08,1.13321422e-01,8.86678578e-01
4.000000e-08,40.000000,8.000000e-01,5.000000e-08,2.20655164e-01,1.10327582e-08,1.13389402e-01,8.86610598e-01
4.000000e-08,40.000000,8.000000e-01,5.000000e-08,2.20855214e-01,1.10427607e-08,1.13457311e-01,8.86542689e-01
4.000000e-08,40.000000,8.000000e-01,5.000000e-08,2.21055264e-01,1.10527632e-08,1.13525149e-01,8.86474851e-01
4.000000e-08,40.000000,8.000000e-01,5.000000e-08,2.21255314e-01,1.10627657e-08,1.13592916e-01,8.86407084e-01
4.000000e-08,40.000000,8.000000e-01,5.000000e-08,2.21455364e-01,1.10727682e-08,1.13660612e-01,8.86339388e-01
4.000000e-08,40.000000,8.000000e-01,5.000000e-08,2.21655414e-01,1.10827707e-08,1.13728238e-01,8.86271762e-01
4.000000e-08,40.000000,8.000000e-01,5.000000e-08,2.21855464e-01,1.10927732e-08,1.13795793e-01,8.86204207e-01
4.000000e-08,40.000000,8.000000e-01,5.000000e-08,2.22055514e-01,1.11027757e-08,1.13863277e-01,8.86136723e-01
4.000000e-08,40.000000,8.000000e-01,5.000000e-08,2.22255564e-01,1.11127782e-08,1.13930690e-01,8.86069310e-01
4.000000e-08,40.000000,8.000000e-01,5.000000e-08,2.22455614e-01,1.11227807e-08,1.13998033e-01,8.86001967e-01
4.000000e-08,40.000000,8.000000e-01,5.000000e-08,2.22655664e-01,1.11327832e-08,1.14065304e-01,8.85934696e-01
4.000000e-08,40.000000,8.000000e-01,5.000000e-08,2.22855714e-01,1.11427857e-08,1.14132505e-01,8.85867495e-01
4.000000e-08,40.000000,8.000000e-01,5.000000e-08,2.23055764e-01,1.11527882e-08,1.14199635e-01,8.85800365e-01
4.000000e-08,40.000000,8.000000e-01,5.000000e-08,2.23255814e-01,1.11627907e-08,1.14266694e-01,8.85733306e-01
4.000000e-08,40.000000,8.000000e-01,5.000000e-08,2.23455864e-01,1.11727932e-08,1.14333682e-01,8.85666318e-01
4.000000e-08,40.000000,8.000000e-01,5.000000e-08,2.23655914e-01,1.11827957e-08,1.14400599e-01,8.85599401e-01
4.000000e-08,40.000000,8.000000e-01,5.000000e-08,2.23855964e-01,1.11927982e-08,1.14467445e-01,8.85532555e-01
4.000000e-08,40.000000,8.000000e-01,5.000000e-08,2.24056014e-01,1.12028007e-08,1.14534220e-01,8.85465780e-01
4.000000e-08,40.000000,8.000000e-01,5.000000e-08,2.24256064e-01,1.12128032e-08,1.14600924e-01,8.85399076e-01
4.000000e-08,40.000000,8.000000e-01,5.000000e-08,2.24456114e-01,1.12228057e-08,1.14667557e-01,8.85332443e-01
4.000000e-08,40.000000,8.000000e-01,5.000000e-08,2.24656164e-01,1.12328082e-08,1.14734119e-01,8.85265881e-01
4.000000e-08,40.000000,8.000000e-01,5.000000e-08,2.24856214e-01,1.12428107e-08,1.14800610e-01,8.85199390e-01
4.000000e-08,40.000000,8.000000e-01,5.000000e-08,2.25056264e-01,1.12528132e-08,1.14867030e-01,8.85132970e-01
4.000000e-08,40.000000,8.000000e-01,5.000000e-08,2.25256314e-01,1.12628157e-08,1.14933378e-01,8.85066622e-01
4.000000e-08,40.000000,8.000000e-01,5.000000e-08,2.25456364e-01,1.12728182e-08,1.14999656e-01,8.85000344e-01
4.000000e-08,40.000000,8.000000e-01,5.000000e-08,2.25656414e-01,1.12828207e-08,1.15065863e-01,8.84934137e-01
4.000000e-08,40.000000,8.000000e-01,5.000000e-08,2.25856464e-01,1.12928232e-08,1.15131998e-01,8.84868002e-01
4.000000e-08,40.000000,8.000000e-01,5.000000e-08,2.26056514e-01,1.13028257e-08,1.15198063e-01,8.84801937e-01
4.000000e-08,40.000000,8.000000e-01,5.000000e-08,2.26256564e-01,1.13128282e-08,1.15264056e-01,8.84735944e-01
4.000000e-08,40.000000,8.000000e-01,5.000000e-08,2.26456614e-01,1.13228307e-08,1.15329978e-01,8.84670022e-01
4.000000e-08,40.000000,8.000000e-01,5.000000e-08,2.26656664e-01,1.13328332e-08,1.15395829e-01,8.84604171e-01
4.000000e-08,40.000000,8.000000e-01,5.000000e-08,2.26856714e-01,1.13428357e-08,1.15461608e-01,8.84538392e-01
4.000000e-08,40.000000,8.000000e-01,5.000000e-08,2.27056764e-01,1.13528382e-08,1.15527317e-01,8.84472683e-01
4.000000e-08,40.000000,8.000000e-01,5.000000e-08,2.27256814e-01,1.13628407e-08,1.15592954e-01,8.84407046e-01
4.000000e-08,40.000000,8.000000e-01,5.000000e-08,2.27456864e-01,1.13728432e-08,1.15658520e-01,8.84341480e-01
4.000000e-08,40.000000,8.000000e-01,5.000000e-08,2.27656914e-01,1.13828457e-08,1.15724014e-01,8.84275986e-01
4.000000e-08,40.000000,8.000000e-01,5.000000e-08,2.27856964e-01,1.13928482e-08,1.15789437e-01,8.84210563e-01
4.000000e-08,40.000000,8.000000e-01,5.000000e-08,2.28057014e-01,1.14028507e-08,1.15854790e-01,8.84145210e-01
4.000000e-08,40.000000,8.000000e-01,5.000000e-08,2.28257064e-01,1.14128532e-08,1.15920070e-01,8.84079930e-01
4.000000e-08,40.000000,8.000000e-01,5.000000e-08,2.28457114e-01,1.14228557e-08,1.15985280e-01,8.84014720e-01
4.000000e-08,40.000000,8.000000e-01,5.000000e-08,2.28657164e-01,1.14328582e-08,1.16050418e-01,8.83949582e-01
4.000000e-08,40.000000,8.000000e-01,5.000000e-08,2.28857214e-01,1.14428607e-08,1.16115484e-01,8.83884516e-01
4.000000e-08,40.000000,8.000000e-01,5.000000e-08,2.29057264e-01,1.14528632e-08,1.16180480e-01,8.83819520e-01
4.000000e-08,40.000000,8.000000e-01,5.000000e-08,2.29257314e-01,1.14628657e-08,1.16245403e-01,8.83754597e-01
4.000000e-08,40.000000,8.000000e-01,5.000000e-08,2.29457364e-01,1.14728682e-08,1.16310256e-01,8.83689744e-01
4.000000e-08,40.000000,8.000000e-01,5.000000e-08,2.29657414e-01,1.14828707e-08,1.16375037e-01,8.83624963e-01
4.000000e-08,40.000000,8.000000e-01,5.000000e-08,2.29857464e-01,1.14928732e-08,1.16439746e-01,8.83560254e-01
4.000000e-08,40.000000,8.000000e-01,5.000000e-08,2.30057514e-01,1.15028757e-08,1.16504385e-01,8.83495615e-01
4.000000e-08,40.000000,8.000000e-01,5.000000e-08,2.30257564e-01,1.15128782e-08,1.16568951e-01,8.83431049e-01
4.000000e-08,40.000000,8.000000e-01,5.000000e-08,2.30457614e-01,1.15228807e-08,1.16633446e-01,8.83366554e-01
4.000000e-08,40.000000,8.000000e-01,5.000000e-08,2.30657664e-01,1.15328832e-08,1.16697870e-01,8.83302130e-01
4.000000e-08,40.000000,8.000000e-01,5.000000e-08,2.30857714e-01,1.15428857e-08,1.16762222e-01,8.83237778e-01
4.000000e-08,40.000000,8.000000e-01,5.000000e-08,2.31057764e-01,1.15528882e-08,1.16826503e-01,8.83173497e-01
4.000000e-08,40.000000,8.000000e-01,5.000000e-08,2.31257814e-01,1.15628907e-08,1.16890712e-01,8.83109288e-01
4.000000e-08,40.000000,8.000000e-01,5.000000e-08,2.31457864e-01,1.15728932e-08,1.16954849e-01,8.83045151e-01
4.000000e-08,40.000000,8.000000e-01,5.000000e-08,2.31657914e-01,1.15828957e-08,1.17018915e-01,8.82981085e-01
4.000000e-08,40.000000,8.000000e-01,5.000000e-08,2.31857964e-01,1.15928982e-08,1.17082909e-01,8.82917091e-01
4.000000e-08,40.000000,8.000000e-01,5.000000e-08,2.32058015e-01,1.16029007e-08,1.17146832e-01,8.82853168e-01
4.000000e-08,40.000000,8.000000e-01,5.000000e-08,2.32258065e-01,1.16129032e-08,1.17210683e-01,8.82789317e-01
4.000000e-08,40.000000,8.000000e-01,5.000000e-08,2.32458115e-01,1.16229057e-08,1.17274462e-01,8.82725538e-01
4.000000e-08,40.000000,8.000000e-01,5.000000e-08,2.32658165e-01,1.16329082e-08,1.17338170e-01,8.82661830e-01
4.000000e-08,40.000000,8.000000e-01,5.000000e-08,2.32858215e-01,1.16429107e-08,1.17401806e-01,8.82598194e-01
4.000000e-08,40.000000,8.000000e-01,5.000000e-08,2.33058265e-01,1.16529132e-08,1.17465370e-01,8.82534630e-01
4.000000e-08,40.000000,8.000000e-01,5.000000e-08,2.33258315e-01,1.16629157e-08,1.17528863e-01,8.82471137e-01
4.000000e-08,40.000000,8.000000e-01,5.000000e-08,2.33458365e-01,1.16729182e-08,1.17592284e-01,8.82407716e-01
4.000000e-08,40.000000,8.000000e-01,5.000000e-08,2.33658415e-01,1.16829207e-08,1.17655633e-01,8.82344367e-01
4.000000e-08,40.000000,8.000000e-01,5.000000e-08,2.33858465e-01,1.16929232e-08,1.17718910e-01,8.82281090e-01
4.000000e-08,40.000000,8.000000e-01,5.000000e-08,2.34058515e-01,1.17029257e-08,1.17782116e-01,8.82217884e-01
4.000000e-08,40.000000,8.000000e-01,5.000000e-08,2.34258565e-01,1.17129282e-08,1.17845250e-01,8.82154750e-01
4.000000e-08,40.000000,8.000000e-01,5.000000e-08,2.34458615e-01,1.17229307e-08,1.17908312e-01,8.82091688e-01
4.000000e-08,40.000000,8.000000e-01,5.000000e-08,2.34658665e-01,1.17329332e-08,1.17971302e-01,8.82028698e-01
4.000000e-08,40.000000,8.000000e-01,5.000000e-08,2.34858715e-01,1.17429357e-08,1.18034220e-01,8.81965780e-01
4.000000e-08,40.000000,8.000000e-01,5.000000e-08,2.35058765e-01,1.17529382e-08,1.18097067e-01,8.81902933e-01
4.000000e-08,40.000000,8.000000e-01,5.000000e-08,2.35258815e-01,1.17629407e-08,1.18159841e-01,8.81840159e-01
4.000000e-08,40.000000,8.000000e-01,5.000000e-08,2.35458865e-01,1.17729432e-08,1.18222544e-01,8.81777456e-01
4.000000e-08,40.000000,8.000000e-01,5.000000e-08,2.35658915e-01,1.17829457e-08,1.18285175e-01,8.81714825e-01
4.000000e-08,40.000000,8.000000e-01,5.000000e-08,2.35858965e-01,1.17929482e-08,1.18347734e-01,8.81652266e-01
4.000000e-08,40.000000,8.000000e-01,5.000000e-08,2.36059015e-01,1.18029507e-08,1.18410221e-01,8.81589779e-01
4.000000e-08,40.000000,8.000000e-01,5.000000e-08,2.36259065e-01,1.18129532e-08,1.18472636e-01,8.81527364e-01
4.000000e-08,40.000000,8.000000e-01,5.000000e-08,2.36459115e-01,1.18229557e-08,1.18534979e-01,8.81465021e-01
4.000000e-08,40.000000,8.000000e-01,5.000000e-08,2.36659165e-01,1.18329582e-08,1.18597250e-01,8.81402750e-01
4.000000e-08,40.000000,8.000000e-01,5.000000e-08,2.36859215e-01,1.18429607e-08,1.18659449e-01,8.81340551e-01
4.000000e-08,40.000000,8.000000e-01,5.000000e-08,2.37059265e-01,1.18529632e-08,1.18721576e-01,8.81278424e-01
4.000000e-08,40.000000,8.000000e-01,5.000000e-08,2.37259315e-01,1.18629657e-08,1.18783631e-01,8.81216369e-01
4.000000e-08,40.000000,8.000000e-01,5.000000e-08,2.37459365e-01,1.18729682e-08,1.18845614e-01,8.81154386e-01
4.000000e-08,40.000000,8.000000e-01,5.000000e-08,2.37659415e-01,1.18829707e-08,1.18907525e-01,8.81092475e-01
4.000000e-08,40.000000,8.000000e-01,5.000000e-08,2.37859465e-01,1.18929732e-08,1.18969364e-01,8.81030636e-01
4.000000e-08,40.000000,8.000000e-01,5.000000e-08,2.38059515e-01,1.19029757e-08,1.19031131e-01,8.80968869e-01
4.000000e-08,40.000000,8.000000e-01,5.000000e-08,2.38259565e-01,1.19129782e-08,1.19092826e-01,8.80907174e-01
4.000000e-08,40.000000,8.000000e-01,5.000000e-08,2.38459615e-01,1.19229807e-08,1.19154449e-01,8.80845551e-01
4.000000e-08,40.000000,8.000000e-01,5.000000e-08,2.38659665e-01,1.19329832e-08,1.19215999e-01,8.80784001e-01
4.000000e-08,40.000000,8.000000e-01,5.000000e-08,2.38859715e-01,1.19429857e-08,1.19277478e-01,8.80722522e-01
4.000000e-08,40.000000,8.000000e-01,5.000000e-08,2.39059765e-01,1.19529882e-08,1.19338884e-01,8.80661116e-01
4.000000e-08,40.000000,8.000000e-01,5.000000e-08,2.39259815e-01,1.19629907e-08,1.19400218e-01,8.80599782e-01
4.000000e-08,40.000000,8.000000e-01,5.000000e-08,2.39459865e-01,1.19729932e-08,1.19461480e-01,8.80538520e-01
4.000000e-08,40.000000,8.000000e-01,5.000000e-08,2.39659915e-01,1.19829957e-08,1.19522670e-01,8.80477330e-01
4.000000e-08,40.000000,8.000000e-01,5.000000e-08,2.39859965e-01,1.19929982e-08,1.19583787e-01,8.80416213e-01
4.000000e-08,40.000000,8.000000e-01,5.000000e-08,2.40060015e-01,1.20030008e-08,1.19644832e-01,8.80355168e-01
4.000000e-08,40.000000,8.000000e-01,5.000000e-08,2.40260065e-01,1.20130033e-08,1.19705805e-01,8.80294195e-01
4.000000e-08,40.000000,8.000000e-01,5.000000e-08,2.40460115e-01,1.20230058e-08,1.19766706e-01,8.80233294e-01
4.000000e-08,40.000000,8.000000e-01,5.000000e-08,2.40660165e-01,1.20330083e-08,1.19827535e-01,8.80172465e-01
4.000000e-08,40.000000,8.000000e-01,5.000000e-08,2.40860215e-01,1.20430108e-08,1.19888291e-01,8.80111709e-01
4.000000e-08,40.000000,8.000000e-01,5.000000e-08,2.41060265e-01,1.20530133e-08,1.19948975e-01,8.80051025e-01
4.000000e-08,40.000000,8.000000e-01,5.000000e-08,2.41260315e-01,1.20630158e-08,1.20009586e-01,8.79990414e-01
4.000000e-08,40.000000,8.000000e-01,5.000000e-08,2.41460365e-01,1.20730183e-08,1.20070125e-01,8.79929875e-01
4.000000e-08,40.000000,8.000000e-01,5.000000e-08,2.41660415e-01,1.20830208e-08,1.20130592e-01,8.79869408e-01
4.000000e-08,40.000000,8.000000e-01,5.000000e-08,2.41860465e-01,1.20930233e-08,1.20190987e-01,8.79809013e-01
4.000000e-08,40.000000,8.000000e-01,5.000000e-08,2.42060515e-01,1.21030258e-08,1.20251309e-01,8.79748691e-01
4.000000e-08,40.000000,8.000000e-01,5.000000e-08,2.42260565e-01,1.21130283e-08,1.20311559e-01,8.79688441e-01
4.000000e-08,40.000000,8.000000e-01,5.000000e-08,2.42460615e-01,1.21230308e-08,1.20371736e-01,8.79628264e-01
4.000000e-08,40.000000,8.000000e-01,5.000000e-08,2.42660665e-01,1.21330333e-08,1.20431841e-01,8.79568159e-01
4.000000e-08,40.000000,8.000000e-01,5.000000e-08,2.42860715e-01,1.21430358e-08,1.20491873e-01,8.79508127e-01
4.000000e-08,40.000000,8.000000e-01,5.000000e-08,2.43060765e-01,1.21530383e-08,1.20551833e-01,8.79448167e-01
4.000000e-08,40.000000,8.000000e-01,5.000000e-08,2.43260815e-01,1.21630408e-08,1.20611721e-01,8.79388279e-01
4.000000e-08,40.000000,8.000000e-01,5.000000e-08,2.43460865e-01,1.21730433e-08,1.20671536e-01,8.79328464e-01
4.000000e-08,40.000000,8.000000e-01,5.000000e-08,2.43660915e-01,1.21830458e-08,1.20731278e-01,8.79268722e-01
4.000000e-08,40.000000,8.000000e-01,5.000000e-08,2.43860965e-01,1.21930483e-08,1.20790948e-01,8.79209052e-01
4.000000e-08,40.000000,8.000000e-01,5.000000e-08,2.44061015e-01,1.22030508e-08,1.20850546e-01,8.79149454e-01
4.000000e-08,40.000000,8.000000e-01,5.000000e-08,2.44261065e-01,1.22130533e-08,1.20910071e-01,8.79089929e-01
4.000000e-08,40.000000,8.000000e-01,5.000000e-08,2.44461115e-01,1.22230558e-08,1.20969523e-01,8.79030477e-01
4.000000e-08,40.000000,8.000000e-01,5.000000e-08,2.44661165e-01,1.22330583e-08,1.21028903e-01,8.78971097e-01
4.000000e-08,40.000000,8.000000e-01,5.000000e-08,2.44861215e-01,1.22430608e-08,1.21088210e-01,8.78911790e-01
4.000000e-08,40.000000,8.000000e-01,5.000000e-08,2.45061265e-01,1.22530633e-08,1.21147445e-01,8.78852555e-01
4.000000e-08,40.000000,8.000000e-01,5.000000e-08,2.45261315e-01,1.22630658e-08,1.21206607e-01,8.78793393e-01
4.000000e-08,40.000000,8.000000e-01,5.000000e-08,2.45461365e-01,1.22730683e-08,1.21265697e-01,8.78734303e-01
4.000000e-08,40.000000,8.000000e-01,5.000000e-08,2.45661415e-01,1.22830708e-08,1.21324713e-01,8.78675287e-01
4.000000e-08,40.000000,8.000000e-01,5.000000e-08,2.45861465e-01,1.22930733e-08,1.21383658e-01,8.78616342e-01
4.000000e-08,40.000000,8.000000e-01,5.000000e-08,2.46061515e-01,1.23030758e-08,1.21442529e-01,8.78557471e-01
4.000000e-08,40.000000,8.000000e-01,5.000000e-08,2.46261565e-01,1.23130783e-08,1.21501328e-01,8.78498672e-01
4.000000e-08,40.000000,8.000000e-01,5.000000e-08,2.46461615e-01,1.23230808e-08,1.21560054e-01,8.78439946e-01
4.000000e-08,40.000000,8.000000e-01,5.000000e-08,2.46661665e-01,1.23330833e-08,1.21618707e-01,8.78381293e-01
4.000000e-08,40.000000,8.000000e-01,5.000000e-08,2.46861715e-01,1.23430858e-08,1.21677288e-01,8.78322712e-01
4.000000e-08,40.000000,8.000000e-01,5.000000e-08,2.47061765e-01,1.23530883e-08,1.21735796e-01,8.78264204e-01
4.000000e-08,40.000000,8.000000e-01,5.000000e-08,2.47261815e-01,1.23630908e-08,1.21794231e-01,8.78205769e-01
4.000000e-08,40.000000,8.000000e-01,5.000000e-08,2.47461865e-01,1.23730933e-08,1.21852593e-01,8.78147407e-01
4.000000e-08,40.000000,8.000000e-01,5.000000e-08,2.47661915e-01,1.23830958e-08,1.21910883e-01,8.78089117e-01
4.000000e-08,40.000000,8.000000e-01,5.000000e-08,2.47861965e-01,1.23930983e-08,1.21969100e-01,8.78030900e-01
4.000000e-08,40.000000,8.000000e-01,5.000000e-08,2.48062016e-01,1.24031008e-08,1.22027243e-01,8.77972757e-01
4.000000e-08,40.000000,8.000000e-01,5.000000e-08,2.48262066e-01,1.24131033e-08,1.22085315e-01,8.77914685e-01
4.000000e-08,40.000000,8.000000e-01,5.000000e-08,2.48462116e-01,1.24231058e-08,1.22143313e-01,8.77856687e-01
4.000000e-08,40.000000,8.000000e-01,5.000000e-08,2.48662166e-01,1.24331083e-08,1.22201238e-01,8.77798762e-01
4.000000e-08,40.000000,8.000000e-01,5.000000e-08,2.48862216e-01,1.24431108e-08,1.22259091e-01,8.77740909e-01
4.000000e-08,40.000000,8.000000e-01,5.000000e-08,2.49062266e-01,1.24531133e-08,1.22316870e-01,8.77683130e-01
4.000000e-08,40.000000,8.000000e-01,5.000000e-08,2.49262316e-01,1.24631158e-08,1.22374577e-01,8.77625423e-01
4.000000e-08,40.000000,8.000000e-01,5.000000e-08,2.49462366e-01,1.24731183e-08,1.22432211e-01,8.77567789e-01
4.000000e-08,40.000000,8.000000e-01,5.000000e-08,2.49662416e-01,1.24831208e-08,1.22489772e-01,8.77510228e-01
4.000000e-08,40.000000,8.000000e-01,5.000000e-08,2.49862466e-01,1.24931233e-08,1.22547260e-01,8.77452740e-01
4.000000e-08,40.000000,8.000000e-01,5.000000e-08,2.50062516e-01,1.25031258e-08,1.22604675e-01,8.77395325e-01
4.000000e-08,40.000000,8.000000e-01,5.000000e-08,2.50262566e-01,1.25131283e-08,1.22662017e-01,8.77337983e-01
4.000000e-08,40.000000,8.000000e-01,5.000000e-08,2.50462616e-01,1.25231308e-08,1.22719286e-01,8.77280714e-01
4.000000e-08,40.000000,8.000000e-01,5.000000e-08,2.50662666e-01,1.25331333e-08,1.22776482e-01,8.77223518e-01
4.000000e-08,40.000000,8.000000e-01,5.000000e-08,2.50862716e-01,1.25431358e-08,1.22833605e-01,8.77166395e-01
4.000000e-08,40.000000,8.000000e-01,5.000000e-08,2.51062766e-01,1.25531383e-08,1.22890655e-01,8.77109345e-01
4.000000e-08,40.000000,8.000000e-01,5.000000e-08,2.51262816e-01,1.25631408e-08,1.22947632e-01,8.77052368e-01
4.000000e-08,40.000000,8.000000e-01,5.000000e-08,2.51462866e-01,1.25731433e-08,1.23004536e-01,8.76995464e-01
4.000000e-08,40.000000,8.000000e-01,5.000000e-08,2.51662916e-01,1.25831458e-08,1.23061367e-01,8.76938633e-01
4.000000e-08,40.000000,8.000000e-01,5.000000e-08,2.51862966e-01,1.25931483e-08,1.23118125e-01,8.76881875e-01
4.000000e-08,40.000000,8.000000e-01,5.000000e-08,2.52063016e-01,1.26031508e-08,1.23174809e-01,8.76825191e-01
4.000000e-08,40.000000,8.000000e-01,5.000000e-08,2.52263066e-01,1.26131533e-08,1.23231421e-01,8.76768579e-01
4.000000e-08,40.000000,8.000000e-01,5.000000e-08,2.52463116e-01,1.26231558e-08,1.23287959e-01,8.76712041e-01
4.000000e-08,40.000000,8.000000e-01,5.000000e-08,2.52663166e-01,1.26331583e-08,1.23344425e-01,8.76655575e-01
4.000000e-08,40.000000,8.000000e-01,5.000000e-08,2.52863216e-01,1.26431608e-08,1.23400817e-01,8.76599183e-01
4.000000e-08,40.000000,8.000000e-01,5.000000e-08,2.53063266e-01,1.26531633e-08,1.23457136e-01,8.76542864e-01
4.000000e-08,40.000000,8.000000e-01,5.000000e-08,2.53263316e-01,1.26631658e-08,1.23513382e-01,8.76486618e-01
4.000000e-08,40.000000,8.000000e-01,5.000000e-08,2.53463366e-01,1.26731683e-08,1.23569554e-01,8.76430446e-01
4.000000e-08,40.000000,8.000000e-01,5.000000e-08,2.53663416e-01,1.26831708e-08,1.23625654e-01,8.76374346e-01
4.000000e-08,40.000000,8.000000e-01,5.000000e-08,2.53863466e-01,1.26931733e-08,1.23681680e-01,8.76318320e-01
4.000000e-08,40.000000,8.000000e-01,5.000000e-08,2.54063516e-01,1.27031758e-08,1.23737633e-01,8.76262367e-01
4.000000e-08,40.000000,8.000000e-01,5.000000e-08,2.54263566e-01,1.27131783e-08,1.23793512e-01,8.76206488e-01
4.000000e-08,40.000000,8.000000e-01,5.000000e-08,2.54463616e-01,1.27231808e-08,1.23849319e-01,8.76150681e-01
4.000000e-08,40.000000,8.000000e-01,5.000000e-08,2.54663666e-01,1.27331833e-08,1.23905052e-01,8.76094948e-01
4.000000e-08,40.000000,8.000000e-01,5.000000e-08,2.54863716e-01,1.27431858e-08,1.23960712e-01,8.76039288e-01
4.000000e-08,40.000000,8.000000e-01,5.000000e-08,2.55063766e-01,1.27531883e-08,1.24016298e-01,8.75983702e-01
4.000000e-08,40.000000,8.000000e-01,5.000000e-08,2.55263816e-01,1.27631908e-08,1.24071811e-01,8.75928189e-01
4.000000e-08,40.000000,8.000000e-01,5.000000e-08,2.55463866e-01,1.27731933e-08,1.24127251e-01,8.75872749e-01
4.000000e-08,40.000000,8.000000e-01,5.000000e-08,2.55663916e-01,1.27831958e-08,1.24182618e-01,8.75817382e-01
4.000000e-08,40.000000,8.000000e-01,5.000000e-08,2.55863966e-01,1.27931983e-08,1.24237911e-01,8.75762089e-01
4.000000e-08,40.000000,8.000000e-01,5.000000e-08,2.56064016e-01,1.28032008e-08,1.24293131e-01,8.75706869e-01
4.000000e-08,40.000000,8.000000e-01,5.000000e-08,2.56264066e-01,1.28132033e-08,1.24348277e-01,8.75651723e-01
4.000000e-08,40.000000,8.000000e-01,5.000000e-08,2.56464116e-01,1.28232058e-08,1.24403350e-01,8.75596650e-01
4.000000e-08,40.000000,8.000000e-01,5.000000e-08,2.56664166e-01,1.28332083e-08,1.24458350e-01,8.75541650e-01
4.000000e-08,40.000000,8.000000e-01,5.000000e-08,2.56864216e-01,1.28432108e-08,1.24513276e-01,8.75486724e-01
4.000000e-08,40.000000,8.000000e-01,5.000000e-08,2.57064266e-01,1.28532133e-08,1.24568129e-01,8.75431871e-01
4.000000e-08,40.000000,8.000000e-01,5.000000e-08,2.57264316e-01,1.28632158e-08,1.24622908e-01,8.75377092e-01
4.000000e-08,40.000000,8.000000e-01,5.000000e-08,2.57464366e-01,1.28732183e-08,1.24677614e-01,8.75322386e-01
4.000000e-08,40.000000,8.000000e-01,5.000000e-08,2.57664416e-01,1.28832208e-08,1.24732246e-01,8.75267754e-01
4.000000e-08,40.000000,8.000000e-01,5.000000e-08,2.57864466e-01,1.28932233e-08,1.24786805e-01,8.75213195e-01
4.000000e-08,40.000000,8.000000e-01,5.000000e-08,2.58064516e-01,1.29032258e-08,1.24841291e-01,8.75158709e-01
4.000000e-08,40.000000,8.000000e-01,5.000000e-08,2.58264566e-01,1.29132283e-08,1.24895702e-01,8.75104298e-01
4.000000e-08,40.000000,8.000000e-01,5.000000e-08,2.58464616e-01,1.29232308e-08,1.24950041e-01,8.75049959e-01
4.000000e-08,40.000000,8.000000e-01,5.000000e-08,2.58664666e-01,1.29332333e-08,1.25004305e-01,8.74995695e-01
4.000000e-08,40.000000,8.000000e-01,5.000000e-08,2.58864716e-01,1.29432358e-08,1.25058497e-01,8.74941503e-01
4.000000e-08,40.000000,8.000000e-01,5.000000e-08,2.59064766e-01,1.29532383e-08,1.25112614e-01,8.74887386e-01
4.000000e-08,40.000000,8.000000e-01,5.000000e-08,2.59264816e-01,1.29632408e-08,1.25166658e-01,8.74833342e-01
4.000000e-08,40.000000,8.000000e-01,5.000000e-08,2.59464866e-01,1.29732433e-08,1.25220629e-01,8.74779371e-01
4.000000e-08,40.000000,8.000000e-01,5.000000e-08,2.59664916e-01,1.29832458e-08,1.25274525e-01,8.74725475e-01
4.000000e-08,40.000000,8.000000e-01,5.000000e-08,2.59864966e-01,1.29932483e-08,1.25328349e-01,8.74671651e-01
4.000000e-08,40.000000,8.000000e-01,5.000000e-08,2.60065016e-01,1.30032508e-08,1.25382098e-01,8.74617902e-01
4.000000e-08,40.000000,8.000000e-01,5.000000e-08,2.60265066e-01,1.30132533e-08,1.25435774e-01,8.74564226e-01
4.000000e-08,40.000000,8.000000e-01,5.000000e-08,2.60465116e-01,1.30232558e-08,1.25489376e-01,8.74510624e-01
4.000000e-08,40.000000,8.000000e-01,5.000000e-08,2.60665166e-01,1.30332583e-08,1.25542905e-01,8.74457095e-01
4.000000e-08,40.000000,8.000000e-01,5.000000e-08,2.60865216e-01,1.30432608e-08,1.25596360e-01,8.74403640e-01
4.000000e-08,40.000000,8.000000e-01,5.000000e-08,2.61065266e-01,1.30532633e-08,1.25649741e-01,8.74350259e-01
4.000000e-08,40.000000,8.000000e-01,5.000000e-08,2.61265316e-01,1.30632658e-08,1.25703048e-01,8.74296952e-01
4.000000e-08,40.000000,8.000000e-01,5.000000e-08,2.61465366e-01,1.30732683e-08,1.25756282e-01,8.74243718e-01
4.000000e-08,40.000000,8.000000e-01,5.000000e-08,2.61665416e-01,1.30832708e-08,1.25809442e-01,8.74190558e-01
4.000000e-08,40.000000,8.000000e-01,5.000000e-08,2.61865466e-01,1.30932733e-08,1.25862528e-01,8.74137472e-01
4.000000e-08,40.000000,8.000000e-01,5.000000e-08,2.62065516e-01,1.31032758e-08,1.25915540e-01,8.74084460e-01
4.000000e-08,40.000000,8.000000e-01,5.000000e-08,2.62265566e-01,1.31132783e-08,1.25968479e-01,8.74031521e-01
4.000000e-08,40.000000,8.000000e-01,5.000000e-08,2.62465616e-01,1.31232808e-08,1.26021344e-01,8.73978656e-01
4.000000e-08,40.000000,8.000000e-01,5.000000e-08,2.62665666e-01,1.31332833e-08,1.26074135e-01,8.73925865e-01
4.000000e-08,40.000000,8.000000e-01,5.000000e-08,2.62865716e-01,1.31432858e-08,1.26126852e-01,8.73873148e-01
4.000000e-08,40.000000,8.000000e-01,5.000000e-08,2.63065766e-01,1.31532883e-08,1.26179495e-01,8.73820505e-01
4.000000e-08,40.000000,8.000000e-01,5.000000e-08,2.63265816e-01,1.31632908e-08,1.26232065e-01,8.73767935e-01
4.000000e-08,40.000000,8.000000e-01,5.000000e-08,2.63465866e-01,1.31732933e-08,1.26284560e-01,8.73715440e-01
4.000000e-08,40.000000,8.000000e-01,5.000000e-08,2.63665916e-01,1.31832958e-08,1.26336982e-01,8.73663018e-01
4.000000e-08,40.000000,8.000000e-01,5.000000e-08,2.63865966e-01,1.31932983e-08,1.26389330e-01,8.73610670e-01
4.000000e-08,40.000000,8.000000e-01,5.000000e-08,2.64066017e-01,1.32033008e-08,1.26441604e-01,8.73558396e-01
4.000000e-08,40.000000,8.000000e-01,5.000000e-08,2.64266067e-01,1.32133033e-08,1.26493804e-01,8.73506196e-01
4.000000e-08,40.000000,8.000000e-01,5.000000e-08,2.64466117e-01,1.32233058e-08,1.26545930e-01,8.73454070e-01
4.000000e-08,40.000000,8.000000e-01,5.000000e-08,2.64666167e-01,1.32333083e-08,1.26597982e-01,8.73402018e-01
4.000000e-08,40.000000,8.000000e-01,5.000000e-08,2.64866217e-01,1.32433108e-08,1.26649960e-01,8.73350040e-01
4.000000e-08,40.000000,8.000000e-01,5.000000e-08,2.65066267e-01,1.32533133e-08,1.26701864e-01,8.73298136e-01
4.000000e-08,40.000000,8.000000e-01,5.000000e-08,2.65266317e-01,1.32633158e-08,1.26753695e-01,8.73246305e-01
4.000000e-08,40.000000,8.000000e-01,5.000000e-08,2.65466367e-01,1.32733183e-08,1.26805451e-01,8.73194549e-01
4.000000e-08,40.000000,8.000000e-01,5.000000e-08,2.65666417e-01,1.32833208e-08,1.26857133e-01,8.73142867e-01
4.000000e-08,40.000000,8.000000e-01,5.000000e-08,2.65866467e-01,1.32933233e-08,1.26908741e-01,8.73091259e-01
4.000000e-08,40.000000,8.000000e-01,5.000000e-08,2.66066517e-01,1.33033258e-08,1.26960276e-01,8.73039724e-01
4.000000e-08,40.000000,8.000000e-01,5.000000e-08,2.66266567e-01,1.33133283e-08,1.27011736e-01,8.72988264e-01
4.000000e-08,40.000000,8.000000e-01,5.000000e-08,2.66466617e-01,1.33233308e-08,1.27063122e-01,8.72936878e-01
4.000000e-08,40.000000,8.000000e-01,5.000000e-08,2.66666667e-01,1.33333333e-08,1.27114434e-01,8.72885566e-01
4.000000e-08,40.000000,8.000000e-01,5.000000e-08,2.66866717e-01,1.33433358e-08,1.27165672e-01,8.72834328e-01
4.000000e-08,40.000000,8.000000e-01,5.000000e-08,2.67066767e-01,1.33533383e-08,1.27216836e-01,8.72783164e-01
4.000000e-08,40.000000,8.000000e-01,5.000000e-08,2.67266817e-01,1.33633408e-08,1.27267926e-01,8.72732074e-01
4.000000e-08,40.000000,8.000000e-01,5.000000e-08,2.67466867e-01,1.33733433e-08,1.27318941e-01,8.72681059e-01
4.000000e-08,40.000000,8.000000e-01,5.000000e-08,2.67666917e-01,1.33833458e-08,1.27369883e-01,8.72630117e-01
4.000000e-08,40.000000,8.000000e-01,5.000000e-08,2.67866967e-01,1.33933483e-08,1.27420750e-01,8.72579250e-01
4.000000e-08,40.000000,8.000000e-01,5.000000e-08,2.68067017e-01,1.34033508e-08,1.27471543e-01,8.72528457e-01
4.000000e-08,40.000000,8.000000e-01,5.000000e-08,2.68267067e-01,1.34133533e-08,1.27522262e-01,8.72477738e-01
4.000000e-08,40.000000,8.000000e-01,5.000000e-08,2.68467117e-01,1.34233558e-08,1.27572907e-01,8.72427093e-01
4.000000e-08,40.000000,8.000000e-01,5.000000e-08,2.68667167e-01,1.34333583e-08,1.27623478e-01,8.72376522e-01
4.000000e-08,40.000000,8.000000e-01,5.000000e-08,2.68867217e-01,1.34433608e-08,1.27673974e-01,8.72326026e-01
4.000000e-08,40.000000,8.000000e-01,5.000000e-08,2.69067267e-01,1.34533633e-08,1.27724397e-01,8.72275603e-01
4.000000e-08,40.000000,8.000000e-01,5.000000e-08,2.69267317e-01,1.34633658e-08,1.27774745e-01,8.72225255e-01
4.000000e-08,40.000000,8.000000e-01,5.000000e-08,2.69467367e-01,1.34733683e-08,1.27825018e-01,8.72174982e-01
4.000000e-08,40.000000,8.000000e-01,5.000000e-08,2.69667417e-01,1.34833708e-08,1.27875218e-01,8.72124782e-01
4.000000e-08,40.000000,8.000000e-01,5.000000e-08,2.69867467e-01,1.34933733e-08,1.27925343e-01,8.72074657e-01
4.000000e-08,40.000000,8.000000e-01,5.000000e-08,2.70067517e-01,1.35033758e-08,1.27975394e-01,8.72024606e-01
4.000000e-08,40.000000,8.000000e-01,5.000000e-08,2.70267567e-01,1.35133783e-08,1.28025371e-01,8.71974629e-01
4.000000e-08,40.000000,8.000000e-01,5.000000e-08,2.70467617e-01,1.35233808e-08,1.28075273e-01,8.71924727e-01
4.000000e-08,40.000000,8.000000e-01,5.000000e-08,2.70667667e-01,1.35333833e-08,1.28125101e-01,8.71874899e-01
4.000000e-08,40.000000,8.000000e-01,5.000000e-08,2.70867717e-01,1.35433858e-08,1.28174855e-01,8.71825145e-01
4.000000e-08,40.000000,8.000000e-01,5.000000e-08,2.71067767e-01,1.35533883e-08,1.28224534e-01,8.71775466e-01
4.000000e-08,40.000000,8.000000e-01,5.000000e-08,2.71267817e-01,1.35633908e-08,1.28274139e-01,8.71725861e-01
4.000000e-08,40.000000,8.000000e-01,5.000000e-08,2.71467867e-01,1.35733933e-08,1.28323670e-01,8.71676330e-01
4.000000e-08,40.000000,8.000000e-01,5.000000e-08,2.71667917e-01,1.35833958e-08,1.28373126e-01,8.71626874e-01
4.000000e-08,40.000000,8.000000e-01,5.000000e-08,2.71867967e-01,1.35933983e-08,1.28422508e-01,8.71577492e-01
4.000000e-08,40.000000,8.000000e-01,5.000000e-08,2.72068017e-01,1.36034009e-08,1.28471815e-01,8.71528185e-01
4.000000e-08,40.000000,8.000000e-01,5.000000e-08,2.72268067e-01,1.36134034e-08,1.28521048e-01,8.71478952e-01
4.000000e-08,40.000000,8.000000e-01,5.000000e-08,2.72468117e-01,1.36234059e-08,1.28570207e-01,8.71429793e-01
4.000000e-08,40.000000,8.000000e-01,5.000000e-08,2.72668167e-01,1.36334084e-08,1.28619291e-01,8.71380709e-01
4.000000e-08,40.000000,8.000000e-01,5.000000e-08,2.72868217e-01,1.36434109e-08,1.28668301e-01,8.71331699e-01
4.000000e-08,40.000000,8.000000e-01,5.000000e-08,2.73068267e-01,1.36534134e-08,1.28717236e-01,8.71282764e-01
4.000000e-08,40.000000,8.000000e-01,5.000000e-08,2.73268317e-01,1.36634159e-08,1.28766097e-01,8.71233903e-01
4.000000e-08,40.000000,8.000000e-01,5.000000e-08,2.73468367e-01,1.36734184e-08,1.28814883e-01,8.71185117e-01
4.000000e-08,40.000000,8.000000e-01,5.000000e-08,2.73668417e-01,1.36834209e-08,1.28863595e-01,8.71136405e-01
4.000000e-08,40.000000,8.000000e-01,5.000000e-08,2.73868467e-01,1.36934234e-08,1.28912232e-01,8.71087768e-01
4.000000e-08,40.000000,8.000000e-01,5.000000e-08,2.74068517e-01,1.37034259e-08,1.28960795e-01,8.71039205e-01
4.000000e-08,40.000000,8.000000e-01,5.000000e-08,2.74268567e-01,1.37134284e-08,1.29009283e-01,8.70990717e-01
4.000000e-08,40.000000,8.000000e-01,5.000000e-08,2.74468617e-01,1.37234309e-08,1.29057697e-01,8.70942303e-01
4.000000e-08,40.000000,8.000000e-01,5.000000e-08,2.74668667e-01,1.37334334e-08,1.29106036e-01,8.70893964e-01
4.000000e-08,40.000000,8.000000e-01,5.000000e-08,2.74868717e-01,1.37434359e-08,1.29154301e-01,8.70845699e-01
4.000000e-08,40.000000,8.000000e-01,5.000000e-08,2.75068767e-01,1.37534384e-08,1.29202490e-01,8.70797510e-01
4.000000e-08,40.000000,8.000000e-01,5.000000e-08,2.75268817e-01,1.37634409e-08,1.29250606e-01,8.70749394e-01
4.000000e-08,40.000000,8.000000e-01,5.000000e-08,2.75468867e-01,1.37734434e-08,1.29298647e-01,8.70701353e-01
4.000000e-08,40.000000,8.000000e-01,5.000000e-08,2.75668917e-01,1.37834459e-08,1.29346613e-01,8.70653387e-01
4.000000e-08,40.000000,8.000000e-01,5.000000e-08,2.75868967e-01,1.37934484e-08,1.29394504e-01,8.70605496e-01
4.000000e-08,40.000000,8.000000e-01,5.000000e-08,2.76069017e-01,1.38034509e-08,1.29442321e-01,8.70557679e-01
4.000000e-08,40.000000,8.000000e-01,5.000000e-08,2.76269067e-01,1.38134534e-08,1.29490063e-01,8.70509937e-01
4.000000e-08,40.000000,8.000000e-01,5.000000e-08,2.76469117e-01,1.38234559e-08,1.29537731e-01,8.70462269e-01
4.000000e-08,40.000000,8.000000e-01,5.000000e-08,2.76669167e-01,1.38334584e-08,1.29585324e-01,8.70414676e-01
4.000000e-08,40.000000,8.000000e-01,5.000000e-08,2.76869217e-01,1.38434609e-08,1.29632842e-01,8.70367158e-01
4.000000e-08,40.000000,8.000000e-01,5.000000e-08,2.77069267e-01,1.38534634e-08,1.29680285e-01,8.70319715e-01
4.000000e-08,40.000000,8.000000e-01,5.000000e-08,2.77269317e-01,1.38634659e-08,1.29727654e-01,8.70272346e-01
4.000000e-08,40.000000,8.000000e-01,5.000000e-08,2.77469367e-01,1.38734684e-08,1.29774948e-01,8.70225052e-01
4.000000e-08,40.000000,8.000000e-01,5.000000e-08,2.77669417e-01,1.38834709e-08,1.29822167e-01,8.70177833e-01
4.000000e-08,40.000000,8.000000e-01,5.000000e-08,2.77869467e-01,1.38934734e-08,1.29869312e-01,8.70130688e-01
4.000000e-08,40.000000,8.000000e-01,5.000000e-08,2.78069517e-01,1.39034759e-08,1.29916381e-01,8.70083619e-01
4.000000e-08,40.000000,8.000000e-01,5.000000e-08,2.78269567e-01,1.39134784e-08,1.29963376e-01,8.70036624e-01
4.000000e-08,40.000000,8.000000e-01,5.000000e-08,2.78469617e-01,1.39234809e-08,1.30010296e-01,8.69989704e-01
4.000000e-08,40.000000,8.000000e-01,5.000000e-08,2.78669667e-01,1.39334834e-08,1.30057142e-01,8.69942858e-01
4.000000e-08,40.000000,8.000000e-01,5.000000e-08,2.78869717e-01,1.39434859e-08,1.30103912e-01,8.69896088e-01
4.000000e-08,40.000000,8.000000e-01,5.000000e-08,2.79069767e-01,1.39534884e-08,1.30150608e-01,8.69849392e-01
4.000000e-08,40.000000,8.000000e-01,5.000000e-08,2.79269817e-01,1.39634909e-08,1.30197229e-01,8.69802771e-01
4.000000e-08,40.000000,8.000000e-01,5.000000e-08,2.79469867e-01,1.39734934e-08,1.30243775e-01,8.69756225e-01
4.000000e-08,40.000000,8.000000e-01,5.000000e-08,2.79669917e-01,1.39834959e-08,1.30290246e-01,8.69709754e-01
4.000000e-08,40.000000,8.000000e-01,5.000000e-08,2.79869967e-01,1.39934984e-08,1.30336643e-01,8.69663357e-01
4.000000e-08,40.000000,8.000000e-01,5.000000e-08,2.80070018e-01,1.40035009e-08,1.30382964e-01,8.69617036e-01
4.000000e-08,40.000000,8.000000e-01,5.000000e-08,2.80270068e-01,1.40135034e-08,1.30429211e-01,8.69570789e-01
4.000000e-08,40.000000,8.000000e-01,5.000000e-08,2.80470118e-01,1.40235059e-08,1.30475383e-01,8.69524617e-01
4.000000e-08,40.000000,8.000000e-01,5.000000e-08,2.80670168e-01,1.40335084e-08,1.30521479e-01,8.69478521e-01
4.000000e-08,40.000000,8.000000e-01,5.000000e-08,2.80870218e-01,1.40435109e-08,1.30567501e-01,8.69432499e-01
4.000000e-08,40.000000,8.000000e-01,5.000000e-08,2.81070268e-01,1.40535134e-08,1.30613448e-01,8.69386552e-01
4.000000e-08,40.000000,8.000000e-01,5.000000e-08,2.81270318e-01,1.40635159e-08,1.30659320e-01,8.69340680e-01
4.000000e-08,40.000000,8.000000e-01,5.000000e-08,2.81470368e-01,1.40735184e-08,1.30705117e-01,8.69294883e-01
4.000000e-08,40.000000,8.000000e-01,5.000000e-08,2.81670418e-01,1.40835209e-08,1.30750839e-01,8.69249161e-01
4.000000e-08,40.000000,8.000000e-01,5.000000e-08,2.81870468e-01,1.40935234e-08,1.30796486e-01,8.69203514e-01
4.000000e-08,40.000000,8.000000e-01,5.000000e-08,2.82070518e-01,1.41035259e-08,1.30842058e-01,8.69157942e-01
4.000000e-08,40.000000,8.000000e-01,5.000000e-08,2.82270568e-01,1.41135284e-08,1.30887555e-01,8.69112445e-01
4.000000e-08,40.000000,8.000000e-01,5.000000e-08,2.82470618e-01,1.41235309e-08,1.30932978e-01,8.69067022e-01
4.000000e-08,40.000000,8.000000e-01,5.000000e-08,2.82670668e-01,1.41335334e-08,1.30978325e-01,8.69021675e-01
4.000000e-08,40.000000,8.000000e-01,5.000000e-08,2.82870718e-01,1.41435359e-08,1.31023597e-01,8.68976403e-01
4.000000e-08,40.000000,8.000000e-01,5.000000e-08,2.83070768e-01,1.41535384e-08,1.31068794e-01,8.68931206e-01
4.000000e-08,40.000000,8.000000e-01,5.000000e-08,2.83270818e-01,1.41635409e-08,1.31113915e-01,8.68886085e-01
4.000000e-08,40.000000,8.000000e-01,5.000000e-08,2.83470868e-01,1.41735434e-08,1.31158962e-01,8.68841038e-01
4.000000e-08,40.000000,8.000000e-01,5.000000e-08,2.83670918e-01,1.41835459e-08,1.31203934e-01,8.68796066e-01
4.000000e-08,40.000000,8.000000e-01,5.000000e-08,2.83870968e-01,1.41935484e-08,1.31248831e-01,8.68751169e-01
4.000000e-08,40.000000,8.000000e-01,5.000000e-08,2.84071018e-01,1.42035509e-08,1.31293652e-01,8.68706348e-01
4.000000e-08,40.000000,8.000000e-01,5.000000e-08,2.84271068e-01,1.42135534e-08,1.31338399e-01,8.68661601e-01
4.000000e-08,40.000000,8.000000e-01,5.000000e-08,2.84471118e-01,1.42235559e-08,1.31383070e-01,8.68616930e-01
4.000000e-08,40.000000,8.000000e-01,5.000000e-08,2.84671168e-01,1.42335584e-08,1.31427666e-01,8.68572334e-01
4.000000e-08,40.000000,8.000000e-01,5.000000e-08,2.84871218e-01,1.42435609e-08,1.31472187e-01,8.68527813e-01
4.000000e-08,40.000000,8.000000e-01,5.000000e-08,2.85071268e-01,1.42535634e-08,1.31516633e-01,8.68483367e-01
4.000000e-08,40.000000,8.000000e-01,5.000000e-08,2.85271318e-01,1.42635659e-08,1.31561004e-01,8.68438996e-01
4.000000e-08,40.000000,8.000000e-01,5.000000e-08,2.85471368e-01,1.42735684e-08,1.31605299e-01,8.68394701e-01
4.000000e-08,40.000000,8.000000e-01,5.000000e-08,2.85671418e-01,1.42835709e-08,1.31649520e-01,8.68350480e-01
4.000000e-08,40.000000,8.000000e-01,5.000000e-08,2.85871468e-01,1.42935734e-08,1.31693665e-01,8.68306335e-01
4.000000e-08,40.000000,8.000000e-01,5.000000e-08,2.86071518e-01,1.43035759e-08,1.31737735e-01,8.68262265e-01
4.000000e-08,40.000000,8.000000e-01,5.000000e-08,2.86271568e-01,1.43135784e-08,1.31781729e-01,8.68218271e-01
4.000000e-08,40.000000,8.000000e-01,5.000000e-08,2.86471618e-01,1.43235809e-08,1.31825649e-01,8.68174351e-01
4.000000e-08,40.000000,8.000000e-01,5.000000e-08,2.86671668e-01,1.43335834e-08,1.31869493e-01,8.68130507e-01
4.000000e-08,40.000000,8.000000e-01,5.000000e-08,2.86871718e-01,1.43435859e-08,1.31913262e-01,8.68086738e-01
4.000000e-08,40.000000,8.000000e-01,5.000000e-08,2.87071768e-01,1.43535884e-08,1.31956956e-01,8.68043044e-01
4.000000e-08,40.000000,8.000000e-01,5.000000e-08,2.87271818e-01,1.43635909e-08,1.32000574e-01,8.67999426e-01
4.000000e-08,40.000000,8.000000e-01,5.000000e-08,2.87471868e-01,1.43735934e-08,1.32044117e-01,8.67955883e-01
4.000000e-08,40.000000,8.000000e-01,5.000000e-08,2.87671918e-01,1.43835959e-08,1.32087585e-01,8.67912415e-01
4.000000e-08,40.000000,8.000000e-01,5.000000e-08,2.87871968e-01,1.43935984e-08,1.32130977e-01,8.67869023e-01
4.000000e-08,40.000000,8.000000e-01,5.000000e-08,2.88072018e-01,1.44036009e-08,1.32174295e-01,8.67825705e-01
4.000000e-08,40.000000,8.000000e-01,5.000000e-08,2.88272068e-01,1.44136034e-08,1.32217536e-01,8.67782464e-01
4.000000e-08,40.000000,8.000000e-01,5.000000e-08,2.88472118e-01,1.44236059e-08,1.32260703e-01,8.67739297e-01
4.000000e-08,40.000000,8.000000e-01,5.000000e-08,2.88672168e-01,1.44336084e-08,1.32303794e-01,8.67696206e-01
4.000000e-08,40.000000,8.000000e-01,5.000000e-08,2.88872218e-01,1.44436109e-08,1.32346810e-01,8.67653190e-01
4.000000e-08,40.000000,8.000000e-01,5.000000e-08,2.89072268e-01,1.44536134e-08,1.32389750e-01,8.67610250e-01
4.000000e-08,40.000000,8.000000e-01,5.000000e-08,2.89272318e-01,1.44636159e-08,1.32432615e-01,8.67567385e-01
4.000000e-08,40.000000,8.000000e-01,5.000000e-08,2.89472368e-01,1.44736184e-08,1.32475405e-01,8.67524595e-01
4.000000e-08,40.000000,8.000000e-01,5.000000e-08,2.89672418e-01,1.44836209e-08,1.32518119e-01,8.67481881e-01
4.000000e-08,40.000000,8.000000e-01,5.000000e-08,2.89872468e-01,1.44936234e-08,1.32560758e-01,8.67439242e-01
4.000000e-08,40.000000,8.000000e-01,5.000000e-08,2.90072518e-01,1.45036259e-08,1.32603321e-01,8.67396679e-01
4.000000e-08,40.000000,8.000000e-01,5.000000e-08,2.90272568e-01,1.45136284e-08,1.32645809e-01,8.67354191e-01
4.000000e-08,40.000000,8.000000e-01,5.000000e-08,2.90472618e-01,1.45236309e-08,1.32688222e-01,8.67311778e-01
4.000000e-08,40.000000,8.000000e-01,5.000000e-08,2.90672668e-01,1.45336334e-08,1.32730559e-01,8.67269441e-01
4.000000e-08,40.000000,8.000000e-01,5.000000e-08,2.90872718e-01,1.45436359e-08,1.32772820e-01,8.67227180e-01
4.000000e-08,40.000000,8.000000e-01,5.000000e-08,2.91072768e-01,1.45536384e-08,1.32815006e-01,8.67184994e-01
4.000000e-08,40.000000,8.000000e-01,5.000000e-08,2.91272818e-01,1.45636409e-08,1.32857117e-01,8.67142883e-01
4.000000e-08,40.000000,8.000000e-01,5.000000e-08,2.91472868e-01,1.45736434e-08,1.32899152e-01,8.67100848e-01
4.000000e-08,40.000000,8.000000e-01,5.000000e-08,2.91672918e-01,1.45836459e-08,1.32941111e-01,8.67058889e-01
4.000000e-08,40.000000,8.000000e-01,5.000000e-08,2.91872968e-01,1.45936484e-08,1.32982995e-01,8.67017005e-01
4.000000e-08,40.000000,8.000000e-01,5.000000e-08,2.92073018e-01,1.46036509e-08,1.33024804e-01,8.66975196e-01
4.000000e-08,40.000000,8.000000e-01,5.000000e-08,2.92273068e-01,1.46136534e-08,1.33066537e-01,8.66933463e-01
4.000000e-08,40.000000,8.000000e-01,5.000000e-08,2.92473118e-01,1.46236559e-08,1.33108194e-01,8.66891806e-01
4.000000e-08,40.000000,8.000000e-01,5.000000e-08,2.92673168e-01,1.46336584e-08,1.33149776e-01,8.66850224e-01
4.000000e-08,40.000000,8.000000e-01,5.000000e-08,2.92873218e-01,1.46436609e-08,1.33191282e-01,8.66808718e-01
4.000000e-08,40.000000,8.000000e-01,5.000000e-08,2.93073268e-01,1.46536634e-08,1.33232713e-01,8.66767287e-01
4.000000e-08,40.000000,8.000000e-01,5.000000e-08,2.93273318e-01,1.46636659e-08,1.33274068e-01,8.66725932e-01
4.000000e-08,40.000000,8.000000e-01,5.000000e-08,2.93473368e-01,1.46736684e-08,1.33315348e-01,8.66684652e-01
4.000000e-08,40.000000,8.000000e-01,5.000000e-08,2.93673418e-01,1.46836709e-08,1.33356551e-01,8.66643449e-01
4.000000e-08,40.000000,8.000000e-01,5.000000e-08,2.93873468e-01,1.46936734e-08,1.33397680e-01,8.66602320e-01
4.000000e-08,40.000000,8.000000e-01,5.000000e-08,2.94073518e-01,1.47036759e-08,1.33438732e-01,8.66561268e-01
4.000000e-08,40.000000,8.000000e-01,5.000000e-08,2.94273568e-01,1.47136784e-08,1.33479709e-01,8.66520291e-01
4.000000e-08,40.000000,8.000000e-01,5.000000e-08,2.94473618e-01,1.47236809e-08,1.33520611e-01,8.66479389e-01
4.000000e-08,40.000000,8.000000e-01,5.000000e-08,2.94673668e-01,1.47336834e-08,1.33561436e-01,8.66438564e-01
4.000000e-08,40.000000,8.000000e-01,5.000000e-08,2.94873718e-01,1.47436859e-08,1.33602186e-01,8.66397814e-01
4.000000e-08,40.000000,8.000000e-01,5.000000e-08,2.95073768e-01,1.47536884e-08,1.33642860e-01,8.66357140e-01
4.000000e-08,40.000000,8.000000e-01,5.000000e-08,2.95273818e-01,1.47636909e-08,1.33683459e-01,8.66316541e-01
4.000000e-08,40.000000,8.000000e-01,5.000000e-08,2.95473868e-01,1.47736934e-08,1.33723982e-01,8.66276018e-01
4.000000e-08,40.000000,8.000000e-01,5.000000e-08,2.95673918e-01,1.47836959e-08,1.33764429e-01,8.66235571e-01
4.000000e-08,40.000000,8.000000e-01,5.000000e-08,2.95873968e-01,1.47936984e-08,1.33804800e-01,8.66195200e-01
4.000000e-08,40.000000,8.000000e-01,5.000000e-08,2.96074019e-01,1.48037009e-08,1.33845096e-01,8.66154904e-01
4.000000e-08,40.000000,8.000000e-01,5.000000e-08,2.96274069e-01,1.48137034e-08,1.33885316e-01,8.66114684e-01
4.000000e-08,40.000000,8.000000e-01,5.000000e-08,2.96474119e-01,1.48237059e-08,1.33925460e-01,8.66074540e-01
4.000000e-08,40.000000,8.000000e-01,5.000000e-08,2.96674169e-01,1.48337084e-08,1.33965529e-01,8.66034471e-01
4.000000e-08,40.000000,8.000000e-01,5.000000e-08,2.96874219e-01,1.48437109e-08,1.34005521e-01,8.65994479e-01
4.000000e-08,40.000000,8.000000e-01,5.000000e-08,2.97074269e-01,1.48537134e-08,1.34045438e-01,8.65954562e-01
4.000000e-08,40.000000,8.000000e-01,5.000000e-08,2.97274319e-01,1.48637159e-08,1.34085279e-01,8.65914721e-01
4.000000e-08,40.000000,8.000000e-01,5.000000e-08,2.97474369e-01,1.48737184e-08,1.34125044e-01,8.65874956e-01
4.000000e-08,40.000000,8.000000e-01,5.000000e-08,2.97674419e-01,1.48837209e-08,1.34164734e-01,8.65835266e-01
4.000000e-08,40.000000,8.000000e-01,5.000000e-08,2.97874469e-01,1.48937234e-08,1.34204347e-01,8.65795653e-01
4.000000e-08,40.000000,8.000000e-01,5.000000e-08,2.98074519e-01,1.49037259e-08,1.34243885e-01,8.65756115e-01
4.000000e-08,40.000000,8.000000e-01,5.000000e-08,2.98274569e-01,1.49137284e-08,1.34283347e-01,8.65716653e-01
4.000000e-08,40.000000,8.000000e-01,5.000000e-08,2.98474619e-01,1.49237309e-08,1.34322733e-01,8.65677267e-01
4.000000e-08,40.000000,8.000000e-01,5.000000e-08,2.98674669e-01,1.49337334e-08,1.34362043e-01,8.65637957e-01
4.000000e-08,40.000000,8.000000e-01,5.000000e-08,2.98874719e-01,1.49437359e-08,1.34401278e-01,8.65598722e-01
4.000000e-08,40.000000,8.000000e-01,5.000000e-08,2.99074769e-01,1.49537384e-08,1.34440436e-01,8.65559564e-01
4.000000e-08,40.000000,8.000000e-01,5.000000e-08,2.99274819e-01,1.49637409e-08,1.34479519e-01,8.65520481e-01
4.000000e-08,40.000000,8.000000e-01,5.000000e-08,2.99474869e-01,1.49737434e-08,1.34518525e-01,8.65481475e-01
4.000000e-08,40.000000,8.000000e-01,5.000000e-08,2.99674919e-01,1.49837459e-08,1.34557456e-01,8.65442544e-01
4.000000e-08,40.000000,8.000000e-01,5.000000e-08,2.99874969e-01,1.49937484e-08,1.34596311e-01,8.65403689e-01
4.000000e-08,40.000000,8.000000e-01,5.000000e-08,3.00075019e-01,1.50037509e-08,1.34635090e-01,8.65364910e-01
4.000000e-08,40.000000,8.000000e-01,5.000000e-08,3.00275069e-01,1.50137534e-08,1.34673792e-01,8.65326208e-01
4.000000e-08,40.000000,8.000000e-01,5.000000e-08,3.00475119e-01,1.50237559e-08,1.34712419e-01,8.65287581e-01
4.000000e-08,40.000000,8.000000e-01,5.000000e-08,3.00675169e-01,1.50337584e-08,1.34750970e-01,8.65249030e-01
4.000000e-08,40.000000,8.000000e-01,5.000000e-08,3.00875219e-01,1.50437609e-08,1.34789445e-01,8.65210555e-01
4.000000e-08,40.000000,8.000000e-01,5.000000e-08,3.01075269e-01,1.50537634e-08,1.34827844e-01,8.65172156e-01
4.000000e-08,40.000000,8.000000e-01,5.000000e-08,3.01275319e-01,1.50637659e-08,1.34866167e-01,8.65133833e-01
4.000000e-08,40.000000,8.000000e-01,5.000000e-08,3.01475369e-01,1.50737684e-08,1.34904415e-01,8.65095585e-01
4.000000e-08,40.000000,8.000000e-01,5.000000e-08,3.01675419e-01,1.50837709e-08,1.34942586e-01,8.65057414e-01
4.000000e-08,40.000000,8.000000e-01,5.000000e-08,3.01875469e-01,1.50937734e-08,1.34980681e-01,8.65019319e-01
4.000000e-08,40.000000,8.000000e-01,5.000000e-08,3.02075519e-01,1.51037759e-08,1.35018700e-01,8.64981300e-01
4.000000e-08,40.000000,8.000000e-01,5.000000e-08,3.02275569e-01,1.51137784e-08,1.35056643e-01,8.64943357e-01
4.000000e-08,40.000000,8.000000e-01,5.000000e-08,3.02475619e-01,1.51237809e-08,1.35094509e-01,8.64905491e-01
4.000000e-08,40.000000,8.000000e-01,5.000000e-08,3.02675669e-01,1.51337834e-08,1.35132300e-01,8.64867700e-01
4.000000e-08,40.000000,8.000000e-01,5.000000e-08,3.02875719e-01,1.51437859e-08,1.35170015e-01,8.64829985e-01
4.000000e-08,40.000000,8.000000e-01,5.000000e-08,3.03075769e-01,1.51537884e-08,1.35207654e-01,8.64792346e-01
4.000000e-08,40.000000,8.000000e-01,5.000000e-08,3.03275819e-01,1.51637909e-08,1.35245216e-01,8.64754784e-01
4.000000e-08,40.000000,8.000000e-01,5.000000e-08,3.03475869e-01,1.51737934e-08,1.35282703e-01,8.64717297e-01
4.000000e-08,40.000000,8.000000e-01,5.000000e-08,3.03675919e-01,1.51837959e-08,1.35320113e-01,8.64679887e-01
4.000000e-08,40.000000,8.000000e-01,5.000000e-08,3.03875969e-01,1.51937984e-08,1.35357448e-01,8.64642552e-01
4.000000e-08,40.000000,8.000000e-01,5.000000e-08,3.04076019e-01,1.52038010e-08,1.35394706e-01,8.64605294e-01
4.000000e-08,40.000000,8.000000e-01,5.000000e-08,3.04276069e-01,1.52138035e-08,1.35431888e-01,8.64568112e-01
4.000000e-08,40.000000,8.000000e-01,5.000000e-08,3.04476119e-01,1.52238060e-08,1.35468994e-01,8.64531006e-01
4.000000e-08,40.000000,8.000000e-01,5.000000e-08,3.04676169e-01,1.52338085e-08,1.35506023e-01,8.64493977e-01
4.000000e-08,40.000000,8.000000e-01,5.000000e-08,3.04876219e-01,1.52438110e-08,1.35542977e-01,8.64457023e-01
4.000000e-08,40.000000,8.000000e-01,5.000000e-08,3.05076269e-01,1.52538135e-08,1.35579854e-01,8.64420146e-01
4.000000e-08,40.000000,8.000000e-01,5.000000e-08,3.05276319e-01,1.52638160e-08,1.35616656e-01,8.64383344e-01
4.000000e-08,40.000000,8.000000e-01,5.000000e-08,3.05476369e-01,1.52738185e-08,1.35653381e-01,8.64346619e-01
4.000000e-08,40.000000,8.000000e-01,5.000000e-08,3.05676419e-01,1.52838210e-08,1.35690030e-01,8.64309970e-01
4.000000e-08,40.000000,8.000000e-01,5.000000e-08,3.05876469e-01,1.52938235e-08,1.35726602e-01,8.64273398e-01
4.000000e-08,40.000000,8.000000e-01,5.000000e-08,3.06076519e-01,1.53038260e-08,1.35763099e-01,8.64236901e-01
4.000000e-08,40.000000,8.000000e-01,5.000000e-08,3.06276569e-01,1.53138285e-08,1.35799519e-01,8.64200481e-01
4.000000e-08,40.000000,8.000000e-01,5.000000e-08,3.06476619e-01,1.53238310e-08,1.35835863e-01,8.64164137e-01
4.000000e-08,40.000000,8.000000e-01,5.000000e-08,3.06676669e-01,1.53338335e-08,1.35872131e-01,8.64127869e-01
4.000000e-08,40.000000,8.000000e-01,5.000000e-08,3.06876719e-01,1.53438360e-08,1.35908322e-01,8.64091678e-01
4.000000e-08,40.000000,8.000000e-01,5.000000e-08,3.07076769e-01,1.53538385e-08,1.35944437e-01,8.64055563e-01
4.000000e-08,40.000000,8.000000e-01,5.000000e-08,3.07276819e-01,1.53638410e-08,1.35980476e-01,8.64019524e-01
4.000000e-08,40.000000,8.000000e-01,5.000000e-08,3.07476869e-01,1.53738435e-08,1.36016439e-01,8.63983561e-01
4.000000e-08,40.000000,8.000000e-01,5.000000e-08,3.07676919e-01,1.53838460e-08,1.36052325e-01,8.63947675e-01
4.000000e-08,40.000000,8.000000e-01,5.000000e-08,3.07876969e-01,1.53938485e-08,1.36088135e-01,8.63911865e-01
4.000000e-08,40.000000,8.000000e-01,5.000000e-08,3.08077019e-01,1.54038510e-08,1.36123869e-01,8.63876131e-01
4.000000e-08,40.000000,8.000000e-01,5.000000e-08,3.08277069e-01,1.54138535e-08,1.36159527e-01,8.63840473e-01
4.000000e-08,40.000000,8.000000e-01,5.000000e-08,3.08477119e-01,1.54238560e-08,1.36195108e-01,8.63804892e-01
4.000000e-08,40.000000,8.000000e-01,5.000000e-08,3.08677169e-01,1.54338585e-08,1.36230613e-01,8.63769387e-01
4.000000e-08,40.000000,8.000000e-01,5.000000e-08,3.08877219e-01,1.54438610e-08,1.36266041e-01,8.63733959e-01
4.000000e-08,40.000000,8.000000e-01,5.000000e-08,3.09077269e-01,1.54538635e-08,1.36301393e-01,8.63698607e-01
4.000000e-08,40.000000,8.000000e-01,5.000000e-08,3.09277319e-01,1.54638660e-08,1.36336669e-01,8.63663331e-01
4.000000e-08,40.000000,8.000000e-01,5.000000e-08,3.09477369e-01,1.54738685e-08,1.36371868e-01,8.63628132e-01
4.000000e-08,40.000000,8.000000e-01,5.000000e-08,3.09677419e-01,1.54838710e-08,1.36406992e-01,8.63593008e-01
4.000000e-08,40.000000,8.000000e-01,5.000000e-08,3.09877469e-01,1.54938735e-08,1.36442038e-01,8.63557962e-01
4.000000e-08,40.000000,8.000000e-01,5.000000e-08,3.10077519e-01,1.55038760e-08,1.36477008e-01,8.63522992e-01
4.000000e-08,40.000000,8.000000e-01,5.000000e-08,3.10277569e-01,1.55138785e-08,1.36511902e-01,8.63488098e-01
4.000000e-08,40.000000,8.000000e-01,5.000000e-08,3.10477619e-01,1.55238810e-08,1.36546720e-01,8.63453280e-01
4.000000e-08,40.000000,8.000000e-01,5.000000e-08,3.10677669e-01,1.55338835e-08,1.36581461e-01,8.63418539e-01
4.000000e-08,40.000000,8.000000e-01,5.000000e-08,3.10877719e-01,1.55438860e-08,1.36616125e-01,8.63383875e-01
4.000000e-08,40.000000,8.000000e-01,5.000000e-08,3.11077769e-01,1.55538885e-08,1.36650713e-01,8.63349287e-01
4.000000e-08,40.000000,8.000000e-01,5.000000e-08,3.11277819e-01,1.55638910e-08,1.36685225e-01,8.63314775e-01
4.000000e-08,40.000000,8.000000e-01,5.000000e-08,3.11477869e-01,1.55738935e-08,1.36719660e-01,8.63280340e-01
4.000000e-08,40.000000,8.000000e-01,5.000000e-08,3.11677919e-01,1.55838960e-08,1.36754019e-01,8.63245981e-01
4.000000e-08,40.000000,8.000000e-01,5.000000e-08,3.11877969e-01,1.55938985e-08,1.36788302e-01,8.63211698e-01
4.000000e-08,40.000000,8.000000e-01,5.000000e-08,3.12078020e-01,1.56039010e-08,1.36822507e-01,8.63177493e-01
4.000000e-08,40.000000,8.000000e-01,5.000000e-08,3.12278070e-01,1.56139035e-08,1.36856637e-01,8.63143363e-01
4.000000e-08,40.000000,8.000000e-01,5.000000e-08,3.12478120e-01,1.56239060e-08,1.36890690e-01,8.63109310e-01
4.000000e-08,40.000000,8.000000e-01,5.000000e-08,3.12678170e-01,1.56339085e-08,1.36924666e-01,8.63075334e-01
4.000000e-08,40.000000,8.000000e-01,5.000000e-08,3.12878220e-01,1.56439110e-08,1.36958566e-01,8.63041434e-01
4.000000e-08,40.000000,8.000000e-01,5.000000e-08,3.13078270e-01,1.56539135e-08,1.36992389e-01,8.63007611e-01
4.000000e-08,40.000000,8.000000e-01,5.000000e-08,3.13278320e-01,1.56639160e-08,1.37026136e-01,8.62973864e-01
4.000000e-08,40.000000,8.000000e-01,5.000000e-08,3.13478370e-01,1.56739185e-08,1.37059806e-01,8.62940194e-01
4.000000e-08,40.000000,8.000000e-01,5.000000e-08,3.13678420e-01,1.56839210e-08,1.37093400e-01,8.62906600e-01
4.000000e-08,40.000000,8.000000e-01,5.000000e-08,3.13878470e-01,1.56939235e-08,1.37126917e-01,8.62873083e-01
4.000000e-08,40.000000,8.000000e-01,5.000000e-08,3.14078520e-01,1.57039260e-08,1.37160358e-01,8.62839642e-01
4.000000e-08,40.000000,8.000000e-01,5.000000e-08,3.14278570e-01,1.57139285e-08,1.37193722e-01,8.62806278e-01
4.000000e-08,40.000000,8.000000e-01,5.000000e-08,3.14478620e-01,1.57239310e-08,1.37227009e-01,8.62772991e-01
4.000000e-08,40.000000,8.000000e-01,5.000000e-08,3.14678670e-01,1.57339335e-08,1.37260220e-01,8.62739780e-01
4.000000e-08,40.000000,8.000000e-01,5.000000e-08,3.14878720e-01,1.57439360e-08,1.37293354e-01,8.62706646e-01
4.000000e-08,40.000000,8.000000e-01,5.000000e-08,3.15078770e-01,1.57539385e-08,1.37326412e-01,8.62673588e-01
4.000000e-08,40.000000,8.000000e-01,5.000000e-08,3.15278820e-01,1.57639410e-08,1.37359393e-01,8.62640607e-01
4.000000e-08,40.000000,8.000000e-01,5.000000e-08,3.15478870e-01,1.57739435e-08,1.37392297e-01,8.62607703e-01
4.000000e-08,40.000000,8.000000e-01,5.000000e-08,3.15678920e-01,1.57839460e-08,1.37425125e-01,8.62574875e-01
4.000000e-08,40.000000,8.000000e-01,5.000000e-08,3.15878970e-01,1.57939485e-08,1.37457876e-01,8.62542124e-01
4.000000e-08,40.000000,8.000000e-01,5.000000e-08,3.16079020e-01,1.58039510e-08,1.37490551e-01,8.62509449e-01
4.000000e-08,40.000000,8.000000e-01,5.000000e-08,3.16279070e-01,1.58139535e-08,1.37523149e-01,8.62476851e-01
4.000000e-08,40.000000,8.000000e-01,5.000000e-08,3.16479120e-01,1.58239560e-08,1.37555670e-01,8.62444330e-01
4.000000e-08,40.000000,8.000000e-01,5.000000e-08,3.16679170e-01,1.58339585e-08,1.37588114e-01,8.62411886e-01
4.000000e-08,40.000000,8.000000e-01,5.000000e-08,3.16879220e-01,1.58439610e-08,1.37620482e-01,8.62379518e-01
4.000000e-08,40.000000,8.000000e-01,5.000000e-08,3.17079270e-01,1.58539635e-08,1.37652773e-01,8.62347227e-01
4.000000e-08,40.000000,8.000000e-01,5.000000e-08,3.17279320e-01,1.58639660e-08,1.37684988e-01,8.62315012e-01
4.000000e-08,40.000000,8.000000e-01,5.000000e-08,3.17479370e-01,1.58739685e-08,1.37717125e-01,8.62282875e-01
4.000000e-08,40.000000,8.000000e-01,5.000000e-08,3.17679420e-01,1.58839710e-08,1.37749187e-01,8.62250813e-01
4.000000e-08,40.000000,8.000000e-01,5.000000e-08,3.17879470e-01,1.58939735e-08,1.37781171e-01,8.62218829e-01
4.000000e-08,40.000000,8.000000e-01,5.000000e-08,3.18079520e-01,1.59039760e-08,1.37813078e-01,8.62186922e-01
4.000000e-08,40.000000,8.000000e-01,5.000000e-08,3.18279570e-01,1.59139785e-08,1.37844909e-01,8.62155091e-01
4.000000e-08,40.000000,8.000000e-01,5.000000e-08,3.18479620e-01,1.59239810e-08,1.37876663e-01,8.62123337e-01
4.000000e-08,40.000000,8.000000e-01,5.000000e-08,3.18679670e-01,1.59339835e-08,1.37908341e-01,8.62091659e-01
4.000000e-08,40.000000,8.000000e-01,5.000000e-08,3.18879720e-01,1.59439860e-08,1.37939941e-01,8.62060059e-01
4.000000e-08,40.000000,8.000000e-01,5.000000e-08,3.19079770e-01,1.59539885e-08,1.37971465e-01,8.62028535e-01
4.000000e-08,40.000000,8.000000e-01,5.000000e-08,3.19279820e-01,1.59639910e-08,1.38002912e-01,8.61997088e-01
4.000000e-08,40.000000,8.000000e-01,5.000000e-08,3.19479870e-01,1.59739935e-08,1.38034283e-01,8.61965717e-01
4.000000e-08,40.000000,8.000000e-01,5.000000e-08,3.19679920e-01,1.59839960e-08,1.38065576e-01,8.61934424e-01
4.000000e-08,40.000000,8.000000e-01,5.000000e-08,3.19879970e-01,1.59939985e-08,1.38096793e-01,8.61903207e-01
4.000000e-08,40.000000,8.000000e-01,5.000000e-08,3.20080020e-01,1.60040010e-08,1.38127933e-01,8.61872067e-01
4.000000e-08,40.000000,8.000000e-01,5.000000e-08,3.20280070e-01,1.60140035e-08,1.38158996e-01,8.61841004e-01
4.000000e-08,40.000000,8.000000e-01,5.000000e-08,3.20480120e-01,1.60240060e-08,1.38189982e-01,8.61810018e-01
4.000000e-08,40.000000,8.000000e-01,5.000000e-08,3.20680170e-01,1.60340085e-08,1.38220891e-01,8.61779109e-01
4.000000e-08,40.000000,8.000000e-01,5.000000e-08,3.20880220e-01,1.60440110e-08,1.38251724e-01,8.61748276e-01
4.000000e-08,40.000000,8.000000e-01,5.000000e-08,3.21080270e-01,1.60540135e-08,1.38282480e-01,8.61717520e-01
4.000000e-08,40.000000,8.000000e-01,5.000000e-08,3.21280320e-01,1.60640160e-08,1.38313159e-01,8.61686841e-01
4.000000e-08,40.000000,8.000000e-01,5.000000e-08,3.21480370e-01,1.60740185e-08,1.38343761e-01,8.61656239e-01
4.000000e-08,40.000000,8.000000e-01,5.000000e-08,3.21680420e-01,1.60840210e-08,1.38374286e-01,8.61625714e-01
4.000000e-08,40.000000,8.000000e-01,5.000000e-08,3.21880470e-01,1.60940235e-08,1.38404734e-01,8.61595266e-01
4.000000e-08,40.000000,8.000000e-01,5.000000e-08,3.22080520e-01,1.61040260e-08,1.38435106e-01,8.61564894e-01
4.000000e-08,40.000000,8.000000e-01,5.000000e-08,3.22280570e-01,1.61140285e-08,1.38465400e-01,8.61534600e-01
4.000000e-08,40.000000,8.000000e-01,5.000000e-08,3.22480620e-01,1.61240310e-08,1.38495618e-01,8.61504382e-01
4.000000e-08,40.000000,8.000000e-01,5.000000e-08,3.22680670e-01,1.61340335e-08,1.38525758e-01,8.61474242e-01
4.000000e-08,40.000000,8.000000e-01,5.000000e-08,3.22880720e-01,1.61440360e-08,1.38555822e-01,8.61444178e-01
4.000000e-08,40.000000,8.000000e-01,5.000000e-08,3.23080770e-01,1.61540385e-08,1.38585809e-01,8.61414191e-01
4.000000e-08,40.000000,8.000000e-01,5.000000e-08,3.23280820e-01,1.61640410e-08,1.38615719e-01,8.61384281e-01
4.000000e-08,40.000000,8.000000e-01,5.000000e-08,3.23480870e-01,1.61740435e-08,1.38645552e-01,8.61354448e-01
4.000000e-08,40.000000,8.000000e-01,5.000000e-08,3.23680920e-01,1.61840460e-08,1.38675308e-01,8.61324692e-01
4.000000e-08,40.000000,8.000000e-01,5.000000e-08,3.23880970e-01,1.61940485e-08,1.38704987e-01,8.61295013e-01
4.000000e-08,40.000000,8.000000e-01,5.000000e-08,3.24081020e-01,1.62040510e-08,1.38734590e-01,8.61265410e-01
4.000000e-08,40.000000,8.000000e-01,5.000000e-08,3.24281070e-01,1.62140535e-08,1.38764115e-01,8.61235885e-01
4.000000e-08,40.000000,8.000000e-01,5.000000e-08,3.24481120e-01,1.62240560e-08,1.38793563e-01,8.61206437e-01
4.000000e-08,40.000000,8.000000e-01,5.000000e-08,3.24681170e-01,1.62340585e-08,1.38822934e-01,8.61177066e-01
4.000000e-08,40.000000,8.000000e-01,5.000000e-08,3.24881220e-01,1.62440610e-08,1.38852229e-01,8.61147771e-01
4.000000e-08,40.000000,8.000000e-01,5.000000e-08,3.25081270e-01,1.62540635e-08,1.38881446e-01,8.61118554e-01
4.000000e-08,40.000000,8.000000e-01,5.000000e-08,3.25281320e-01,1.62640660e-08,1.38910586e-01,8.61089414e-01
4.000000e-08,40.000000,8.000000e-01,5.000000e-08,3.25481370e-01,1.62740685e-08,1.38939649e-01,8.61060351e-01
4.000000e-08,40.000000,8.000000e-01,5.000000e-08,3.25681420e-01,1.62840710e-08,1.38968636e-01,8.61031364e-01
4.000000e-08,40.000000,8.000000e-01,5.000000e-08,3.25881470e-01,1.62940735e-08,1.38997545e-01,8.61002455e-01
4.000000e-08,40.000000,8.000000e-01,5.000000e-08,3.26081520e-01,1.63040760e-08,1.39026377e-01,8.60973623e-01
4.000000e-08,40.000000,8.000000e-01,5.000000e-08,3.26281570e-01,1.63140785e-08,1.39055132e-01,8.60944868e-01
4.000000e-08,40.000000,8.000000e-01,5.000000e-08,3.26481620e-01,1.63240810e-08,1.39083810e-01,8.60916190e-01
4.000000e-08,40.000000,8.000000e-01,5.000000e-08,3.26681670e-01,1.63340835e-08,1.39112411e-01,8.60887589e-01
4.000000e-08,40.000000,8.000000e-01,5.000000e-08,3.26881720e-01,1.63440860e-08,1.39140936e-01,8.60859064e-01
4.000000e-08,40.000000,8.000000e-01,5.000000e-08,3.27081770e-01,1.63540885e-08,1.39169382e-01,8.60830618e-01
4.000000e-08,40.000000,8.000000e-01,5.000000e-08,3.27281820e-01,1.63640910e-08,1.39197752e-01,8.60802248e-01
4.000000e-08,40.000000,8.000000e-01,5.000000e-08,3.27481870e-01,1.63740935e-08,1.39226045e-01,8.60773955e-01
4.000000e-08,40.000000,8.000000e-01,5.000000e-08,3.27681920e-01,1.63840960e-08,1.39254261e-01,8.60745739e-01
4.000000e-08,40.000000,8.000000e-01,5.000000e-08,3.27881970e-01,1.63940985e-08,1.39282399e-01,8.60717601e-01
4.000000e-08,40.000000,8.000000e-01,5.000000e-08,3.28082021e-01,1.64041010e-08,1.39310461e-01,8.60689539e-01
4.000000e-08,40.000000,8.000000e-01,5.000000e-08,3.28282071e-01,1.64141035e-08,1.39338445e-01,8.60661555e-01
4.000000e-08,40.000000,8.000000e-01,5.000000e-08,3.28482121e-01,1.64241060e-08,1.39366353e-01,8.60633647e-01
4.000000e-08,40.000000,8.000000e-01,5.000000e-08,3.28682171e-01,1.64341085e-08,1.39394183e-01,8.60605817e-01
4.000000e-08,40.000000,8.000000e-01,5.000000e-08,3.28882221e-01,1.64441110e-08,1.39421936e-01,8.60578064e-01
4.000000e-08,40.000000,8.000000e-01,5.000000e-08,3.29082271e-01,1.64541135e-08,1.39449612e-01,8.60550388e-01
4.000000e-08,40.000000,8.000000e-01,5.000000e-08,3.29282321e-01,1.64641160e-08,1.39477211e-01,8.60522789e-01
4.000000e-08,40.000000,8.000000e-01,5.000000e-08,3.29482371e-01,1.64741185e-08,1.39504732e-01,8.60495268e-01
4.000000e-08,40.000000,8.000000e-01,5.000000e-08,3.29682421e-01,1.64841210e-08,1.39532177e-01,8.60467823e-01
4.000000e-08,40.000000,8.000000e-01,5.000000e-08,3.29882471e-01,1.64941235e-08,1.39559544e-01,8.60440456e-01
4.000000e-08,40.000000,8.000000e-01,5.000000e-08,3.30082521e-01,1.65041260e-08,1.39586834e-01,8.60413166e-01
4.000000e-08,40.000000,8.000000e-01,5.000000e-08,3.30282571e-01,1.65141285e-08,1.39614047e-01,8.60385953e-01
4.000000e-08,40.000000,8.000000e-01,5.000000e-08,3.30482621e-01,1.65241310e-08,1.39641183e-01,8.60358817e-01
4.000000e-08,40.000000,8.000000e-01,5.000000e-08,3.30682671e-01,1.65341335e-08,1.39668241e-01,8.60331759e-01
4.000000e-08,40.000000,8.000000e-01,5.000000e-08,3.30882721e-01,1.65441360e-08,1.39695223e-01,8.60304777e-01
4.000000e-08,40.000000,8.000000e-01,5.000000e-08,3.31082771e-01,1.65541385e-08,1.39722127e-01,8.60277873e-01
4.000000e-08,40.000000,8.000000e-01,5.000000e-08,3.31282821e-01,1.65641410e-08,1.39748954e-01,8.60251046e-01
4.000000e-08,40.000000,8.000000e-01,5.000000e-08,3.31482871e-01,1.65741435e-08,1.39775704e-01,8.60224296e-01
4.000000e-08,40.000000,8.000000e-01,5.000000e-08,3.31682921e-01,1.65841460e-08,1.39802376e-01,8.60197624e-01
4.000000e-08,40.000000,8.000000e-01,5.000000e-08,3.31882971e-01,1.65941485e-08,1.39828971e-01,8.60171029e-01
4.000000e-08,40.000000,8.000000e-01,5.000000e-08,3.32083021e-01,1.66041510e-08,1.39855489e-01,8.60144511e-01
4.000000e-08,40.000000,8.000000e-01,5.000000e-08,3.32283071e-01,1.66141535e-08,1.39881930e-01,8.60118070e-01
4.000000e-08,40.000000,8.000000e-01,5.000000e-08,3.32483121e-01,1.66241560e-08,1.39908294e-01,8.60091706e-01
4.000000e-08,40.000000,8.000000e-01,5.000000e-08,3.32683171e-01,1.66341585e-08,1.39934580e-01,8.60065420e-01
4.000000e-08,40.000000,8.000000e-01,5.000000e-08,3.32883221e-01,1.66441610e-08,1.39960789e-01,8.60039211e-01
4.000000e-08,40.000000,8.000000e-01,5.000000e-08,3.33083271e-01,1.66541635e-08,1.39986921e-01,8.60013079e-01
4.000000e-08,40.000000,8.000000e-01,5.000000e-08,3.33283321e-01,1.66641660e-08,1.40012975e-01,8.59987025e-01
4.000000e-08,40.000000,8.000000e-01,5.000000e-08,3.33483371e-01,1.66741685e-08,1.40038952e-01,8.59961048e-01
4.000000e-08,40.000000,8.000000e-01,5.000000e-08,3.33683421e-01,1.66841710e-08,1.40064852e-01,8.59935148e-01
4.000000e-08,40.000000,8.000000e-01,5.000000e-08,3.33883471e-01,1.66941735e-08,1.40090675e-01,8.59909325e-01
4.000000e-08,40.000000,8.000000e-01,5.000000e-08,3.34083521e-01,1.67041760e-08,1.40116420e-01,8.59883580e-01
4.000000e-08,40.000000,8.000000e-01,5.000000e-08,3.34283571e-01,1.67141785e-08,1.40142088e-01,8.59857912e-01
4.000000e-08,40.000000,8.000000e-01,5.000000e-08,3.34483621e-01,1.67241810e-08,1.40167679e-01,8.59832321e-01
4.000000e-08,40.000000,8.000000e-01,5.000000e-08,3.34683671e-01,1.67341835e-08,1.40193192e-01,8.59806808e-01
4.000000e-08,40.000000,8.000000e-01,5.000000e-08,3.34883721e-01,1.67441860e-08,1.40218628e-01,8.59781372e-01
4.000000e-08,40.000000,8.000000e-01,5.000000e-08,3.35083771e-01,1.67541885e-08,1.40243987e-01,8.59756013e-01
4.000000e-08,40.000000,8.000000e-01,5.000000e-08,3.35283821e-01,1.67641910e-08,1.40269268e-01,8.59730732e-01
4.000000e-08,40.000000,8.000000e-01,5.000000e-08,3.35483871e-01,1.67741935e-08,1.40294472e-01,8.59705528e-01
4.000000e-08,40.000000,8.000000e-01,5.000000e-08,3.35683921e-01,1.67841960e-08,1.40319599e-01,8.59680401e-01
4.000000e-08,40.000000,8.000000e-01,5.000000e-08,3.35883971e-01,1.67941985e-08,1.40344648e-01,8.59655352e-01
4.000000e-08,40.000000,8.000000e-01,5.000000e-08,3.36084021e-01,1.68042011e-08,1.40369620e-01,8.59630380e-01
4.000000e-08,40.000000,8.000000e-01,5.000000e-08,3.36284071e-01,1.68142036e-08,1.40394515e-01,8.59605485e-01
4.000000e-08,40.000000,8.000000e-01,5.000000e-08,3.36484121e-01,1.68242061e-08,1.40419332e-01,8.59580668e-01
4.000000e-08,40.000000,8.000000e-01,5.000000e-08,3.36684171e-01,1.68342086e-08,1.40444072e-01,8.59555928e-01
4.000000e-08,40.000000,8.000000e-01,5.000000e-08,3.36884221e-01,1.68442111e-08,1.40468734e-01,8.59531266e-01
4.000000e-08,40.000000,8.000000e-01,5.000000e-08,3.37084271e-01,1.68542136e-08,1.40493319e-01,8.59506681e-01
4.000000e-08,40.000000,8.000000e-01,5.000000e-08,3.37284321e-01,1.68642161e-08,1.40517827e-01,8.59482173e-01
4.000000e-08,40.000000,8.000000e-01,5.000000e-08,3.37484371e-01,1.68742186e-08,1.40542257e-01,8.59457743e-01
4.000000e-08,40.000000,8.000000e-01,5.000000e-08,3.37684421e-01,1.68842211e-08,1.40566610e-01,8.59433390e-01
4.000000e-08,40.000000,8.000000e-01,5.000000e-08,3.37884471e-01,1.68942236e-08,1.40590885e-01,8.59409115e-01
4.000000e-08,40.000000,8.000000e-01,5.000000e-08,3.38084521e-01,1.69042261e-08,1.40615083e-01,8.59384917e-01
4.000000e-08,40.000000,8.000000e-01,5.000000e-08,3.38284571e-01,1.69142286e-08,1.40639204e-01,8.59360796e-01
4.000000e-08,40.000000,8.000000e-01,5.000000e-08,3.38484621e-01,1.69242311e-08,1.40663247e-01,8.59336753e-01
4.000000e-08,40.000000,8.000000e-01,5.000000e-08,3.38684671e-01,1.69342336e-08,1.40687212e-01,8.59312788e-01
4.000000e-08,40.000000,8.000000e-01,5.000000e-08,3.38884721e-01,1.69442361e-08,1.40711100e-01,8.59288900e-01
4.000000e-08,40.000000,8.000000e-01,5.000000e-08,3.39084771e-01,1.69542386e-08,1.40734911e-01,8.59265089e-01
4.000000e-08,40.000000,8.000000e-01,5.000000e-08,3.39284821e-01,1.69642411e-08,1.40758644e-01,8.59241356e-01
4.000000e-08,40.000000,8.000000e-01,5.000000e-08,3.39484871e-01,1.69742436e-08,1.40782300e-01,8.59217700e-01
4.000000e-08,40.000000,8.000000e-01,5.000000e-08,3.39684921e-01,1.69842461e-08,1.40805878e-01,8.59194122e-01
4.000000e-08,40.000000,8.000000e-01,5.000000e-08,3.39884971e-01,1.69942486e-08,1.40829379e-01,8.59170621e-01
4.000000e-08,40.000000,8.000000e-01,5.000000e-08,3.40085021e-01,1.70042511e-08,1.40852803e-01,8.59147197e-01
4.000000e-08,40.000000,8.000000e-01,5.000000e-08,3.40285071e-01,1.70142536e-08,1.40876148e-01,8.59123852e-01
4.000000e-08,40.000000,8.000000e-01,5.000000e-08,3.40485121e-01,1.70242561e-08,1.40899417e-01,8.59100583e-01
4.000000e-08,40.000000,8.000000e-01,5.000000e-08,3.40685171e-01,1.70342586e-08,1.40922608e-01,8.59077392e-01
4.000000e-08,40.000000,8.000000e-01,5.000000e-08,3.40885221e-01,1.70442611e-08,1.40945721e-01,8.59054279e-01
4.000000e-08,40.000000,8.000000e-01,5.000000e-08,3.41085271e-01,1.70542636e-08,1.40968757e-01,8.59031243e-01
4.000000e-08,40.000000,8.000000e-01,5.000000e-08,3.41285321e-01,1.70642661e-08,1.40991715e-01,8.59008285e-01
4.000000e-08,40.000000,8.000000e-01,5.000000e-08,3.41485371e-01,1.70742686e-08,1.41014596e-01,8.58985404e-01
4.000000e-08,40.000000,8.000000e-01,5.000000e-08,3.41685421e-01,1.70842711e-08,1.41037399e-01,8.58962601e-01
4.000000e-08,40.000000,8.000000e-01,5.000000e-08,3.41885471e-01,1.70942736e-08,1.41060124e-01,8.58939876e-01
4.000000e-08,40.000000,8.000000e-01,5.000000e-08,3.42085521e-01,1.71042761e-08,1.41082773e-01,8.58917227e-01
4.000000e-08,40.000000,8.000000e-01,5.000000e-08,3.42285571e-01,1.71142786e-08,1.41105343e-01,8.58894657e-01
4.000000e-08,40.000000,8.000000e-01,5.000000e-08,3.42485621e-01,1.71242811e-08,1.41127836e-01,8.58872164e-01
4.000000e-08,40.000000,8.000000e-01,5.000000e-08,3.42685671e-01,1.71342836e-08,1.41150252e-01,8.58849748e-01
4.000000e-08,40.000000,8.000000e-01,5.000000e-08,3.42885721e-01,1.71442861e-08,1.41172590e-01,8.58827410e-01
4.000000e-08,40.000000,8.000000e-01,5.000000e-08,3.43085771e-01,1.71542886e-08,1.41194850e-01,8.58805150e-01
4.000000e-08,40.000000,8.000000e-01,5.000000e-08,3.43285821e-01,1.71642911e-08,1.41217033e-01,8.58782967e-01
4.000000e-08,40.000000,8.000000e-01,5.000000e-08,3.43485871e-01,1.71742936e-08,1.41239138e-01,8.58760862e-01
4.000000e-08,40.000000,8.000000e-01,5.000000e-08,3.43685921e-01,1.71842961e-08,1.41261165e-01,8.58738835e-01
4.000000e-08,40.000000,8.000000e-01,5.000000e-08,3.43885971e-01,1.71942986e-08,1.41283115e-01,8.58716885e-01
4.000000e-08,40.000000,8.000000e-01,5.000000e-08,3.44086022e-01,1.72043011e-08,1.41304988e-01,8.58695012e-01
4.000000e-08,40.000000,8.000000e-01,5.000000e-08,3.44286072e-01,1.72143036e-08,1.41326782e-01,8.58673218e-01
4.000000e-08,40.000000,8.000000e-01,5.000000e-08,3.44486122e-01,1.72243061e-08,1.41348500e-01,8.58651500e-01
4.000000e-08,40.000000,8.000000e-01,5.000000e-08,3.44686172e-01,1.72343086e-08,1.41370139e-01,8.58629861e-01
4.000000e-08,40.000000,8.000000e-01,5.000000e-08,3.44886222e-01,1.72443111e-08,1.41391701e-01,8.58608299e-01
4.000000e-08,40.000000,8.000000e-01,5.000000e-08,3.45086272e-01,1.72543136e-08,1.41413185e-01,8.58586815e-01
4.000000e-08,40.000000,8.000000e-01,5.000000e-08,3.45286322e-01,1.72643161e-08,1.41434592e-01,8.58565408e-01
4.000000e-08,40.000000,8.000000e-01,5.000000e-08,3.45486372e-01,1.72743186e-08,1.41455921e-01,8.58544079e-01
4.000000e-08,40.000000,8.000000e-01,5.000000e-08,3.45686422e-01,1.72843211e-08,1.41477172e-01,8.58522828e-01
4.000000e-08,40.000000,8.000000e-01,5.000000e-08,3.45886472e-01,1.72943236e-08,1.41498346e-01,8.58501654e-01
4.000000e-08,40.000000,8.000000e-01,5.000000e-08,3.46086522e-01,1.73043261e-08,1.41519442e-01,8.58480558e-01
4.000000e-08,40.000000,8.000000e-01,5.000000e-08,3.46286572e-01,1.73143286e-08,1.41540460e-01,8.58459540e-01
4.000000e-08,40.000000,8.000000e-01,5.000000e-08,3.46486622e-01,1.73243311e-08,1.41561401e-01,8.58438599e-01
4.000000e-08,40.000000,8.000000e-01,5.000000e-08,3.46686672e-01,1.73343336e-08,1.41582264e-01,8.58417736e-01
4.000000e-08,40.000000,8.000000e-01,5.000000e-08,3.46886722e-01,1.73443361e-08,1.41603050e-01,8.58396950e-01
4.000000e-08,40.000000,8.000000e-01,5.000000e-08,3.47086772e-01,1.73543386e-08,1.41623757e-01,8.58376243e-01
4.000000e-08,40.000000,8.000000e-01,5.000000e-08,3.47286822e-01,1.73643411e-08,1.41644387e-01,8.58355613e-01
4.000000e-08,40.000000,8.000000e-01,5.000000e-08,3.47486872e-01,1.73743436e-08,1.41664940e-01,8.58335060e-01
4.000000e-08,40.000000,8.000000e-01,5.000000e-08,3.47686922e-01,1.73843461e-08,1.41685414e-01,8.58314586e-01
4.000000e-08,40.000000,8.000000e-01,5.000000e-08,3.47886972e-01,1.73943486e-08,1.41705811e-01,8.58294189e-01
4.000000e-08,40.000000,8.000000e-01,5.000000e-08,3.48087022e-01,1.74043511e-08,1.41726130e-01,8.58273870e-01
4.000000e-08,40.000000,8.000000e-01,5.000000e-08,3.48287072e-01,1.74143536e-08,1.41746372e-01,8.58253628e-01
4.000000e-08,40.000000,8.000000e-01,5.000000e-08,3.48487122e-01,1.74243561e-08,1.41766536e-01,8.58233464e-01
4.000000e-08,40.000000,8.000000e-01,5.000000e-08,3.48687172e-01,1.74343586e-08,1.41786622e-01,8.58213378e-01
4.000000e-08,40.000000,8.000000e-01,5.000000e-08,3.48887222e-01,1.74443611e-08,1.41806630e-01,8.58193370e-01
4.000000e-08,40.000000,8.000000e-01,5.000000e-08,3.49087272e-01,1.74543636e-08,1.41826561e-01,8.58173439e-01
4.000000e-08,40.000000,8.000000e-01,5.000000e-08,3.49287322e-01,1.74643661e-08,1.41846414e-01,8.58153586e-01
4.000000e-08,40.000000,8.000000e-01,5.000000e-08,3.49487372e-01,1.74743686e-08,1.41866189e-01,8.58133811e-01
4.000000e-08,40.000000,8.000000e-01,5.000000e-08,3.49687422e-01,1.74843711e-08,1.41885886e-01,8.58114114e-01
4.000000e-08,40.000000,8.000000e-01,5.000000e-08,3.49887472e-01,1.74943736e-08,1.41905506e-01,8.58094494e-01
4.000000e-08,40.000000,8.000000e-01,5.000000e-08,3.50087522e-01,1.75043761e-08,1.41925048e-01,8.58074952e-01
4.000000e-08,40.000000,8.000000e-01,5.000000e-08,3.50287572e-01,1.75143786e-08,1.41944512e-01,8.58055488e-01
4.000000e-08,40.000000,8.000000e-01,5.000000e-08,3.50487622e-01,1.75243811e-08,1.41963898e-01,8.58036102e-01
4.000000e-08,40.000000,8.000000e-01,5.000000e-08,3.50687672e-01,1.75343836e-08,1.41983207e-01,8.58016793e-01
4.000000e-08,40.000000,8.000000e-01,5.000000e-08,3.50887722e-01,1.75443861e-08,1.42002437e-01,8.57997563e-01
4.000000e-08,40.000000,8.000000e-01,5.000000e-08,3.51087772e-01,1.75543886e-08,1.42021590e-01,8.57978410e-01
4.000000e-08,40.000000,8.000000e-01,5.000000e-08,3.51287822e-01,1.75643911e-08,1.42040666e-01,8.57959334e-01
4.000000e-08,40.000000,8.000000e-01,5.000000e-08,3.51487872e-01,1.75743936e-08,1.42059663e-01,8.57940337e-01
4.000000e-08,40.000000,8.000000e-01,5.000000e-08,3.51687922e-01,1.75843961e-08,1.42078583e-01,8.57921417e-01
4.000000e-08,40.000000,8.000000e-01,5.000000e-08,3.51887972e-01,1.75943986e-08,1.42097425e-01,8.57902575e-01
4.000000e-08,40.000000,8.000000e-01,5.000000e-08,3.52088022e-01,1.76044011e-08,1.42116189e-01,8.57883811e-01
4.000000e-08,40.000000,8.000000e-01,5.000000e-08,3.52288072e-01,1.76144036e-08,1.42134875e-01,8.57865125e-01
4.000000e-08,40.000000,8.000000e-01,5.000000e-08,3.52488122e-01,1.76244061e-08,1.42153483e-01,8.57846517e-01
4.000000e-08,40.000000,8.000000e-01,5.000000e-08,3.52688172e-01,1.76344086e-08,1.42172014e-01,8.57827986e-01
4.000000e-08,40.000000,8.000000e-01,5.000000e-08,3.52888222e-01,1.76444111e-08,1.42190467e-01,8.57809533e-01
4.000000e-08,40.000000,8.000000e-01,5.000000e-08,3.53088272e-01,1.76544136e-08,1.42208842e-01,8.57791158e-01
4.000000e-08,40.000000,8.000000e-01,5.000000e-08,3.53288322e-01,1.76644161e-08,1.42227139e-01,8.57772861e-01
4.000000e-08,40.000000,8.000000e-01,5.000000e-08,3.53488372e-01,1.76744186e-08,1.42245358e-01,8.57754642e-01
4.000000e-08,40.000000,8.000000e-01,5.000000e-08,3.53688422e-01,1.76844211e-08,1.42263499e-01,8.57736501e-01
4.000000e-08,40.000000,8.000000e-01,5.000000e-08,3.53888472e-01,1.76944236e-08,1.42281563e-01,8.57718437e-01
4.000000e-08,40.000000,8.000000e-01,5.000000e-08,3.54088522e-01,1.77044261e-08,1.42299549e-01,8.57700451e-01
4.000000e-08,40.000000,8.000000e-01,5.000000e-08,3.54288572e-01,1.77144286e-08,1.42317457e-01,8.57682543e-01
4.000000e-08,40.000000,8.000000e-01,5.000000e-08,3.54488622e-01,1.77244311e-08,1.42335287e-01,8.57664713e-01
4.000000e-08,40.000000,8.000000e-01,5.000000e-08,3.54688672e-01,1.77344336e-08,1.42353039e-01,8.57646961e-01
4.000000e-08,40.000000,8.000000e-01,5.000000e-08,3.54888722e-01,1.77444361e-08,1.42370713e-01,8.57629287e-01
4.000000e-08,40.000000,8.000000e-01,5.000000e-08,3.55088772e-01,1.77544386e-08,1.42388310e-01,8.57611690e-01
4.000000e-08,40.000000,8.000000e-01,5.000000e-08,3.55288822e-01,1.77644411e-08,1.42405828e-01,8.57594172e-01
4.000000e-08,40.000000,8.000000e-01,5.000000e-08,3.55488872e-01,1.77744436e-08,1.42423269e-01,8.57576731e-01
4.000000e-08,40.000000,8.000000e-01,5.000000e-08,3.55688922e-01,1.77844461e-08,1.42440631e-01,8.57559369e-01
4.000000e-08,40.000000,8.000000e-01,5.000000e-08,3.55888972e-01,1.77944486e-08,1.42457916e-01,8.57542084e-01
4.000000e-08,40.000000,8.000000e-01,5.000000e-08,3.56089022e-01,1.78044511e-08,1.42475123e-01,8.57524877e-01
4.000000e-08,40.000000,8.000000e-01,5.000000e-08,3.56289072e-01,1.78144536e-08,1.42492252e-01,8.57507748e-01
4.000000e-08,40.000000,8.000000e-01,5.000000e-08,3.56489122e-01,1.78244561e-08,1.42509304e-01,8.57490696e-01
4.000000e-08,40.000000,8.000000e-01,5.000000e-08,3.56689172e-01,1.78344586e-08,1.42526277e-01,8.57473723e-01
4.000000e-08,40.000000,8.000000e-01,5.000000e-08,3.56889222e-01,1.78444611e-08,1.42543172e-01,8.57456828e-01
4.000000e-08,40.000000,8.000000e-01,5.000000e-08,3.57089272e-01,1.78544636e-08,1.42559990e-01,8.57440010e-01
4.000000e-08,40.000000,8.000000e-01,5.000000e-08,3.57289322e-01,1.78644661e-08,1.42576729e-01,8.57423271e-01
4.000000e-08,40.000000,8.000000e-01,5.000000e-08,3.57489372e-01,1.78744686e-08,1.42593391e-01,8.57406609e-01
4.000000e-08,40.000000,8.000000e-01,5.000000e-08,3.57689422e-01,1.78844711e-08,1.42609975e-01,8.57390025e-01
4.000000e-08,40.000000,8.000000e-01,5.000000e-08,3.57889472e-01,1.78944736e-08,1.42626480e-01,8.57373520e-01
4.000000e-08,40.000000,8.000000e-01,5.000000e-08,3.58089522e-01,1.79044761e-08,1.42642908e-01,8.57357092e-01
4.000000e-08,40.000000,8.000000e-01,5.000000e-08,3.58289572e-01,1.79144786e-08,1.42659258e-01,8.57340742e-01
4.000000e-08,40.000000,8.000000e-01,5.000000e-08,3.58489622e-01,1.79244811e-08,1.42675530e-01,8.57324470e-01
4.000000e-08,40.000000,8.000000e-01,5.000000e-08,3.58689672e-01,1.79344836e-08,1.42691724e-01,8.57308276e-01
4.000000e-08,40.000000,8.000000e-01,5.000000e-08,3.58889722e-01,1.79444861e-08,1.42707840e-01,8.57292160e-01
4.000000e-08,40.000000,8.000000e-01,5.000000e-08,3.59089772e-01,1.79544886e-08,1.42723878e-01,8.57276122e-01
4.000000e-08,40.000000,8.000000e-01,5.000000e-08,3.59289822e-01,1.79644911e-08,1.42739838e-01,8.57260162e-01
4.000000e-08,40.000000,8.000000e-01,5.000000e-08,3.59489872e-01,1.79744936e-08,1.42755720e-01,8.57244280e-01
4.000000e-08,40.000000,8.000000e-01,5.000000e-08,3.59689922e-01,1.79844961e-08,1.42771524e-01,8.57228476e-01
4.000000e-08,40.000000,8.000000e-01,5.000000e-08,3.59889972e-01,1.79944986e-08,1.42787250e-01,8.57212750e-01
4.000000e-08,40.000000,8.000000e-01,5.000000e-08,3.60090023e-01,1.80045011e-08,1.42802899e-01,8.57197101e-01
4.000000e-08,40.000000,8.000000e-01,5.000000e-08,3.60290073e-01,1.80145036e-08,1.42818469e-01,8.57181531e-01
4.000000e-08,40.000000,8.000000e-01,5.000000e-08,3.60490123e-01,1.80245061e-08,1.42833961e-01,8.57166039e-01
4.000000e-08,40.000000,8.000000e-01,5.000000e-08,3.60690173e-01,1.80345086e-08,1.42849375e-01,8.57150625e-01
4.000000e-08,40.000000,8.000000e-01,5.000000e-08,3.60890223e-01,1.80445111e-08,1.42864712e-01,8.57135288e-01
4.000000e-08,40.000000,8.000000e-01,5.000000e-08,3.61090273e-01,1.80545136e-08,1.42879970e-01,8.57120030e-01
4.000000e-08,40.000000,8.000000e-01,5.000000e-08,3.61290323e-01,1.80645161e-08,1.42895150e-01,8.57104850e-01
4.000000e-08,40.000000,8.000000e-01,5.000000e-08,3.61490373e-01,1.80745186e-08,1.42910252e-01,8.57089748e-01
4.000000e-08,40.000000,8.000000e-01,5.000000e-08,3.61690423e-01,1.80845211e-08,1.42925277e-01,8.57074723e-01
4.000000e-08,40.000000,8.000000e-01,5.000000e-08,3.61890473e-01,1.80945236e-08,1.42940223e-01,8.57059777e-01
4.000000e-08,40.000000,8.000000e-01,5.000000e-08,3.62090523e-01,1.81045261e-08,1.42955091e-01,8.57044909e-01
4.000000e-08,40.000000,8.000000e-01,5.000000e-08,3.62290573e-01,1.81145286e-08,1.42969881e-01,8.57030119e-01
4.000000e-08,40.000000,8.000000e-01,5.000000e-08,3.62490623e-01,1.81245311e-08,1.42984593e-01,8.57015407e-01
4.000000e-08,40.000000,8.000000e-01,5.000000e-08,3.62690673e-01,1.81345336e-08,1.42999228e-01,8.57000772e-01
4.000000e-08,40.000000,8.000000e-01,5.000000e-08,3.62890723e-01,1.81445361e-08,1.43013784e-01,8.56986216e-01
4.000000e-08,40.000000,8.000000e-01,5.000000e-08,3.63090773e-01,1.81545386e-08,1.43028262e-01,8.56971738e-01
4.000000e-08,40.000000,8.000000e-01,5.000000e-08,3.63290823e-01,1.81645411e-08,1.43042662e-01,8.56957338e-01
4.000000e-08,40.000000,8.000000e-01,5.000000e-08,3.63490873e-01,1.81745436e-08,1.43056984e-01,8.56943016e-01
4.000000e-08,40.000000,8.000000e-01,5.000000e-08,3.63690923e-01,1.81845461e-08,1.43071228e-01,8.56928772e-01
4.000000e-08,40.000000,8.000000e-01,5.000000e-08,3.63890973e-01,1.81945486e-08,1.43085394e-01,8.56914606e-01
4.000000e-08,40.000000,8.000000e-01,5.000000e-08,3.64091023e-01,1.82045511e-08,1.43099482e-01,8.56900518e-01
4.000000e-08,40.000000,8.000000e-01,5.000000e-08,3.64291073e-01,1.82145536e-08,1.43113491e-01,8.56886509e-01
4.000000e-08,40.000000,8.000000e-01,5.000000e-08,3.64491123e-01,1.82245561e-08,1.43127423e-01,8.56872577e-01
4.000000e-08,40.000000,8.000000e-01,5.000000e-08,3.64691173e-01,1.82345586e-08,1.43141277e-01,8.56858723e-01
4.000000e-08,40.000000,8.000000e-01,5.000000e-08,3.64891223e-01,1.82445611e-08,1.43155052e-01,8.56844948e-01
4.000000e-08,40.000000,8.000000e-01,5.000000e-08,3.65091273e-01,1.82545636e-08,1.43168750e-01,8.56831250e-01
4.000000e-08,40.000000,8.000000e-01,5.000000e-08,3.65291323e-01,1.82645661e-08,1.43182369e-01,8.56817631e-01
4.000000e-08,40.000000,8.000000e-01,5.000000e-08,3.65491373e-01,1.82745686e-08,1.43195911e-01,8.56804089e-01
4.000000e-08,40.000000,8.000000e-01,5.000000e-08,3.65691423e-01,1.82845711e-08,1.43209374e-01,8.56790626e-01
4.000000e-08,40.000000,8.000000e-01,5.000000e-08,3.65891473e-01,1.82945736e-08,1.43222759e-01,8.56777241e-01
4.000000e-08,40.000000,8.000000e-01,5.000000e-08,3.66091523e-01,1.83045761e-08,1.43236067e-01,8.56763933e-01
4.000000e-08,40.000000,8.000000e-01,5.000000e-08,3.66291573e-01,1.83145786e-08,1.43249296e-01,8.56750704e-01
4.000000e-08,40.000000,8.000000e-01,5.000000e-08,3.66491623e-01,1.83245811e-08,1.43262447e-01,8.56737553e-01
4.000000e-08,40.000000,8.000000e-01,5.000000e-08,3.66691673e-01,1.83345836e-08,1.43275519e-01,8.56724481e-01
4.000000e-08,40.000000,8.000000e-01,5.000000e-08,3.66891723e-01,1.83445861e-08,1.43288514e-01,8.56711486e-01
4.000000e-08,40.000000,8.000000e-01,5.000000e-08,3.67091773e-01,1.83545886e-08,1.43301431e-01,8.56698569e-01
4.000000e-08,40.000000,8.000000e-01,5.000000e-08,3.67291823e-01,1.83645911e-08,1.43314269e-01,8.56685731e-01
4.000000e-08,40.000000,8.000000e-01,5.000000e-08,3.67491873e-01,1.83745936e-08,1.43327030e-01,8.56672970e-01
4.000000e-08,40.000000,8.000000e-01,5.000000e-08,3.67691923e-01,1.83845961e-08,1.43339712e-01,8.56660288e-01
4.000000e-08,40.000000,8.000000e-01,5.000000e-08,3.67891973e-01,1.83945986e-08,1.43352316e-01,8.56647684e-01
4.000000e-08,40.000000,8.000000e-01,5.000000e-08,3.68092023e-01,1.84046012e-08,1.43364843e-01,8.56635157e-01
4.000000e-08,40.000000,8.000000e-01,5.000000e-08,3.68292073e-01,1.84146037e-08,1.43377291e-01,8.56622709e-01
4.000000e-08,40.000000,8.000000e-01,5.000000e-08,3.68492123e-01,1.84246062e-08,1.43389660e-01,8.56610340e-01
4.000000e-08,40.000000,8.000000e-01,5.000000e-08,3.68692173e-01,1.84346087e-08,1.43401952e-01,8.56598048e-01
4.000000e-08,40.000000,8.000000e-01,5.000000e-08,3.68892223e-01,1.84446112e-08,1.43414166e-01,8.56585834e-01
4.000000e-08,40.000000,8.000000e-01,5.000000e-08,3.69092273e-01,1.84546137e-08,1.43426301e-01,8.56573699e-01
4.000000e-08,40.000000,8.000000e-01,5.000000e-08,3.69292323e-01,1.84646162e-08,1.43438359e-01,8.56561641e-01
4.000000e-08,40.000000,8.000000e-01,5.000000e-08,3.69492373e-01,1.84746187e-08,1.43450338e-01,8.56549662e-01
4.000000e-08,40.000000,8.000000e-01,5.000000e-08,3.69692423e-01,1.84846212e-08,1.43462239e-01,8.56537761e-01
4.000000e-08,40.000000,8.000000e-01,5.000000e-08,3.69892473e-01,1.84946237e-08,1.43474062e-01,8.56525938e-01
4.000000e-08,40.000000,8.000000e-01,5.000000e-08,3.70092523e-01,1.85046262e-08,1.43485806e-01,8.56514194e-01
4.000000e-08,40.000000,8.000000e-01,5.000000e-08,3.70292573e-01,1.85146287e-08,1.43497473e-01,8.56502527e-01
4.000000e-08,40.000000,8.000000e-01,5.000000e-08,3.70492623e-01,1.85246312e-08,1.43509061e-01,8.56490939e-01
4.000000e-08,40.000000,8.000000e-01,5.000000e-08,3.70692673e-01,1.85346337e-08,1.43520572e-01,8.56479428e-01
4.000000e-08,40.000000,8.000000e-01,5.000000e-08,3.70892723e-01,1.85446362e-08,1.43532004e-01,8.56467996e-01
4.000000e-08,40.000000,8.000000e-01,5.000000e-08,3.71092773e-01,1.85546387e-08,1.43543358e-01,8.56456642e-01
4.000000e-08,40.000000,8.000000e-01,5.000000e-08,3.71292823e-01,1.85646412e-08,1.43554634e-01,8.56445366e-01
4.000000e-08,40.000000,8.000000e-01,5.000000e-08,3.71492873e-01,1.85746437e-08,1.43565831e-01,8.56434169e-01
4.000000e-08,40.000000,8.000000e-01,5.000000e-08,3.71692923e-01,1.85846462e-08,1.43576951e-01,8.56423049e-01
4.000000e-08,40.000000,8.000000e-01,5.000000e-08,3.71892973e-01,1.85946487e-08,1.43587992e-01,8.56412008e-01
4.000000e-08,40.000000,8.000000e-01,5.000000e-08,3.72093023e-01,1.86046512e-08,1.43598955e-01,8.56401045e-01
4.000000e-08,40.000000,8.000000e-01,5.000000e-08,3.72293073e-01,1.86146537e-08,1.43609840e-01,8.56390160e-01
4.000000e-08,40.000000,8.000000e-01,5.000000e-08,3.72493123e-01,1.86246562e-08,1.43620647e-01,8.56379353e-01
4.000000e-08,40.000000,8.000000e-01,5.000000e-08,3.72693173e-01,1.86346587e-08,1.43631375e-01,8.56368625e-01
4.000000e-08,40.000000,8.000000e-01,5.000000e-08,3.72893223e-01,1.86446612e-08,1.43642025e-01,8.56357975e-01
4.000000e-08,40.000000,8.000000e-01,5.000000e-08,3.73093273e-01,1.86546637e-08,1.43652598e-01,8.56347402e-01
4.000000e-08,40.000000,8.000000e-01,5.000000e-08,3.73293323e-01,1.86646662e-08,1.43663092e-01,8.56336908e-01
4.000000e-08,40.000000,8.000000e-01,5.000000e-08,3.73493373e-01,1.86746687e-08,1.43673507e-01,8.56326493e-01
4.000000e-08,40.000000,8.000000e-01,5.000000e-08,3.73693423e-01,1.86846712e-08,1.43683845e-01,8.56316155e-01
4.000000e-08,40.000000,8.000000e-01,5.000000e-08,3.73893473e-01,1.86946737e-08,1.43694104e-01,8.56305896e-01
4.000000e-08,40.000000,8.000000e-01,5.000000e-08,3.74093523e-01,1.87046762e-08,1.43704285e-01,8.56295715e-01
4.000000e-08,40.000000,8.000000e-01,5.000000e-08,3.74293573e-01,1.87146787e-08,1.43714388e-01,8.56285612e-01
4.000000e-08,40.000000,8.000000e-01,5.000000e-08,3.74493623e-01,1.87246812e-08,1.43724413e-01,8.56275587e-01
4.000000e-08,40.000000,8.000000e-01,5.000000e-08,3.74693673e-01,1.87346837e-08,1.43734360e-01,8.56265640e-01
4.000000e-08,40.000000,8.000000e-01,5.000000e-08,3.74893723e-01,1.87446862e-08,1.43744228e-01,8.56255772e-01
4.000000e-08,40.000000,8.000000e-01,5.000000e-08,3.75093773e-01,1.87546887e-08,1.43754018e-01,8.56245982e-01
4.000000e-08,40.000000,8.000000e-01,5.000000e-08,3.75293823e-01,1.87646912e-08,1.43763730e-01,8.56236270e-01
4.000000e-08,40.000000,8.000000e-01,5.000000e-08,3.75493873e-01,1.87746937e-08,1.43773364e-01,8.56226636e-01
4.000000e-08,40.000000,8.000000e-01,5.000000e-08,3.75693923e-01,1.87846962e-08,1.43782919e-01,8.56217081e-01
4.000000e-08,40.000000,8.000000e-01,5.000000e-08,3.75893973e-01,1.87946987e-08,1.43792396e-01,8.56207604e-01
4.000000e-08,40.000000,8.000000e-01,5.000000e-08,3.76094024e-01,1.88047012e-08,1.43801795e-01,8.56198205e-01
4.000000e-08,40.000000,8.000000e-01,5.000000e-08,3.76294074e-01,1.88147037e-08,1.43811116e-01,8.56188884e-01
4.000000e-08,40.000000,8.000000e-01,5.000000e-08,3.76494124e-01,1.88247062e-08,1.43820359e-01,8.56179641e-01
4.000000e-08,40.000000,8.000000e-01,5.000000e-08,3.76694174e-01,1.88347087e-08,1.43829523e-01,8.56170477e-01
4.000000e-08,40.000000,8.000000e-01,5.000000e-08,3.76894224e-01,1.88447112e-08,1.43838609e-01,8.56161391e-01
4.000000e-08,40.000000,8.000000e-01,5.000000e-08,3.77094274e-01,1.88547137e-08,1.43847617e-01,8.56152383e-01
4.000000e-08,40.000000,8.000000e-01,5.000000e-08,3.77294324e-01,1.88647162e-08,1.43856546e-01,8.56143454e-01
4.000000e-08,40.000000,8.000000e-01,5.000000e-08,3.77494374e-01,1.88747187e-08,1.43865397e-01,8.56134603e-01
4.000000e-08,40.000000,8.000000e-01,5.000000e-08,3.77694424e-01,1.88847212e-08,1.43874171e-01,8.56125829e-01
4.000000e-08,40.000000,8.000000e-01,5.000000e-08,3.77894474e-01,1.88947237e-08,1.43882865e-01,8.56117135e-01
4.000000e-08,40.000000,8.000000e-01,5.000000e-08,3.78094524e-01,1.89047262e-08,1.43891482e-01,8.56108518e-01
4.000000e-08,40.000000,8.000000e-01,5.000000e-08,3.78294574e-01,1.89147287e-08,1.43900020e-01,8.56099980e-01
4.000000e-08,40.000000,8.000000e-01,5.000000e-08,3.78494624e-01,1.89247312e-08,1.43908480e-01,8.56091520e-01
4.000000e-08,40.000000,8.000000e-01,5.000000e-08,3.78694674e-01,1.89347337e-08,1.43916862e-01,8.56083138e-01
4.000000e-08,40.000000,8.000000e-01,5.000000e-08,3.78894724e-01,1.89447362e-08,1.43925166e-01,8.56074834e-01
4.000000e-08,40.000000,8.000000e-01,5.000000e-08,3.79094774e-01,1.89547387e-08,1.43933391e-01,8.56066609e-01
4.000000e-08,40.000000,8.000000e-01,5.000000e-08,3.79294824e-01,1.89647412e-08,1.43941538e-01,8.56058462e-01
4.000000e-08,40.000000,8.000000e-01,5.000000e-08,3.79494874e-01,1.89747437e-08,1.43949607e-01,8.56050393e-01
4.000000e-08,40.000000,8.000000e-01,5.000000e-08,3.79694924e-01,1.89847462e-08,1.43957597e-01,8.56042403e-01
4.000000e-08,40.000000,8.000000e-01,5.000000e-08,3.79894974e-01,1.89947487e-08,1.43965509e-01,8.56034491e-01
4.000000e-08,40.000000,8.000000e-01,5.000000e-08,3.80095024e-01,1.90047512e-08,1.43973343e-01,8.56026657e-01
4.000000e-08,40.000000,8.000000e-01,5.000000e-08,3.80295074e-01,1.90147537e-08,1.43981099e-01,8.56018901e-01
4.000000e-08,40.000000,8.000000e-01,5.000000e-08,3.80495124e-01,1.90247562e-08,1.43988776e-01,8.56011224e-01
4.000000e-08,40.000000,8.000000e-01,5.000000e-08,3.80695174e-01,1.90347587e-08,1.43996375e-01,8.56003625e-01
4.000000e-08,40.000000,8.000000e-01,5.000000e-08,3.80895224e-01,1.90447612e-08,1.44003896e-01,8.55996104e-01
4.000000e-08,40.000000,8.000000e-01,5.000000e-08,3.81095274e-01,1.90547637e-08,1.44011339e-01,8.55988661e-01
4.000000e-08,40.000000,8.000000e-01,5.000000e-08,3.81295324e-01,1.90647662e-08,1.44018703e-01,8.55981297e-01
4.000000e-08,40.000000,8.000000e-01,5.000000e-08,3.81495374e-01,1.90747687e-08,1.44025989e-01,8.55974011e-01
4.000000e-08,40.000000,8.000000e-01,5.000000e-08,3.81695424e-01,1.90847712e-08,1.44033196e-01,8.55966804e-01
4.000000e-08,40.000000,8.000000e-01,5.000000e-08,3.81895474e-01,1.90947737e-08,1.44040326e-01,8.55959674e-01
4.000000e-08,40.000000,8.000000e-01,5.000000e-08,3.82095524e-01,1.91047762e-08,1.44047377e-01,8.55952623e-01
4.000000e-08,40.000000,8.000000e-01,5.000000e-08,3.82295574e-01,1.91147787e-08,1.44054350e-01,8.55945650e-01
4.000000e-08,40.000000,8.000000e-01,5.000000e-08,3.82495624e-01,1.91247812e-08,1.44061244e-01,8.55938756e-01
4.000000e-08,40.000000,8.000000e-01,5.000000e-08,3.82695674e-01,1.91347837e-08,1.44068060e-01,8.55931940e-01
4.000000e-08,40.000000,8.000000e-01,5.000000e-08,3.82895724e-01,1.91447862e-08,1.44074798e-01,8.55925202e-01
4.000000e-08,40.000000,8.000000e-01,5.000000e-08,3.83095774e-01,1.91547887e-08,1.44081458e-01,8.55918542e-01
4.000000e-08,40.000000,8.000000e-01,5.000000e-08,3.83295824e-01,1.91647912e-08,1.44088039e-01,8.55911961e-01
4.000000e-08,40.000000,8.000000e-01,5.000000e-08,3.83495874e-01,1.91747937e-08,1.44094542e-01,8.55905458e-01
4.000000e-08,40.000000,8.000000e-01,5.000000e-08,3.83695924e-01,1.91847962e-08,1.44100967e-01,8.55899033e-01
4.000000e-08,40.000000,8.000000e-01,5.000000e-08,3.83895974e-01,1.91947987e-08,1.44107313e-01,8.55892687e-01
4.000000e-08,40.000000,8.000000e-01,5.000000e-08,3.84096024e-01,1.92048012e-08,1.44113581e-01,8.55886419e-01
4.000000e-08,40.000000,8.000000e-01,5.000000e-08,3.84296074e-01,1.92148037e-08,1.44119771e-01,8.55880229e-01
4.000000e-08,40.000000,8.000000e-01,5.000000e-08,3.84496124e-01,1.92248062e-08,1.44125883e-01,8.55874117e-01
4.000000e-08,40.000000,8.000000e-01,5.000000e-08,3.84696174e-01,1.92348087e-08,1.44131916e-01,8.55868084e-01
4.000000e-08,40.000000,8.000000e-01,5.000000e-08,3.84896224e-01,1.92448112e-08,1.44137871e-01,8.55862129e-01
4.000000e-08,40.000000,8.000000e-01,5.000000e-08,3.85096274e-01,1.92548137e-08,1.44143747e-01,8.55856253e-01
4.000000e-08,40.000000,8.000000e-01,5.000000e-08,3.85296324e-01,1.92648162e-08,1.44149545e-01,8.55850455e-01
4.000000e-08,40.000000,8.000000e-01,5.000000e-08,3.85496374e-01,1.92748187e-08,1.44155265e-01,8.55844735e-01
4.000000e-08,40.000000,8.000000e-01,5.000000e-08,3.85696424e-01,1.92848212e-08,1.44160907e-01,8.55839093e-01
4.000000e-08,40.000000,8.000000e-01,5.000000e-08,3.85896474e-01,1.92948237e-08,1.44166470e-01,8.55833530e-01
4.000000e-08,40.000000,8.000000e-01,5.000000e-08,3.86096524e-01,1.93048262e-08,1.44171955e-01,8.55828045e-01
4.000000e-08,40.000000,8.000000e-01,5.000000e-08,3.86296574e-01,1.93148287e-08,1.44177362e-01,8.55822638e-01
4.000000e-08,40.000000,8.000000e-01,5.000000e-08,3.86496624e-01,1.93248312e-08,1.44182690e-01,8.55817310e-01
4.000000e-08,40.000000,8.000000e-01,5.000000e-08,3.86696674e-01,1.93348337e-08,1.44187940e-01,8.55812060e-01
4.000000e-08,40.000000,8.000000e-01,5.000000e-08,3.86896724e-01,1.93448362e-08,1.44193111e-01,8.55806889e-01
4.000000e-08,40.000000,8.000000e-01,5.000000e-08,3.87096774e-01,1.93548387e-08,1.44198205e-01,8.55801795e-01
4.000000e-08,40.000000,8.000000e-01,5.000000e-08,3.87296824e-01,1.93648412e-08,1.44203220e-01,8.55796780e-01
4.000000e-08,40.000000,8.000000e-01,5.000000e-08,3.87496874e-01,1.93748437e-08,1.44208156e-01,8.55791844e-01
4.000000e-08,40.000000,8.000000e-01,5.000000e-08,3.87696924e-01,1.93848462e-08,1.44213014e-01,8.55786986e-01
4.000000e-08,40.000000,8.000000e-01,5.000000e-08,3.87896974e-01,1.93948487e-08,1.44217794e-01,8.55782206e-01
4.000000e-08,40.000000,8.000000e-01,5.000000e-08,3.88097024e-01,1.94048512e-08,1.44222496e-01,8.55777504e-01
4.000000e-08,40.000000,8.000000e-01,5.000000e-08,3.88297074e-01,1.94148537e-08,1.44227119e-01,8.55772881e-01
4.000000e-08,40.000000,8.000000e-01,5.000000e-08,3.88497124e-01,1.94248562e-08,1.44231664e-01,8.55768336e-01
4.000000e-08,40.000000,8.000000e-01,5.000000e-08,3.88697174e-01,1.94348587e-08,1.44236131e-01,8.55763869e-01
4.000000e-08,40.000000,8.000000e-01,5.000000e-08,3.88897224e-01,1.94448612e-08,1.44240519e-01,8.55759481e-01
4.000000e-08,40.000000,8.000000e-01,5.000000e-08,3.89097274e-01,1.94548637e-08,1.44244829e-01,8.55755171e-01
4.000000e-08,40.000000,8.000000e-01,5.000000e-08,3.89297324e-01,1.94648662e-08,1.44249061e-01,8.55750939e-01
4.000000e-08,40.000000,8.000000e-01,5.000000e-08,3.89497374e-01,1.94748687e-08,1.44253214e-01,8.55746786e-01
4.000000e-08,40.000000,8.000000e-01,5.000000e-08,3.89697424e-01,1.94848712e-08,1.44257289e-01,8.55742711e-01
4.000000e-08,40.000000,8.000000e-01,5.000000e-08,3.89897474e-01,1.94948737e-08,1.44261285e-01,8.55738715e-01
4.000000e-08,40.000000,8.000000e-01,5.000000e-08,3.90097524e-01,1.95048762e-08,1.44265203e-01,8.55734797e-01
4.000000e-08,40.000000,8.000000e-01,5.000000e-08,3.90297574e-01,1.95148787e-08,1.44269043e-01,8.55730957e-01
4.000000e-08,40.000000,8.000000e-01,5.000000e-08,3.90497624e-01,1.95248812e-08,1.44272805e-01,8.55727195e-01
4.000000e-08,40.000000,8.000000e-01,5.000000e-08,3.90697674e-01,1.95348837e-08,1.44276488e-01,8.55723512e-01
4.000000e-08,40.000000,8.000000e-01,5.000000e-08,3.90897724e-01,1.95448862e-08,1.44280093e-01,8.55719907e-01
4.000000e-08,40.000000,8.000000e-01,5.000000e-08,3.91097774e-01,1.95548887e-08,1.44283619e-01,8.55716381e-01
4.000000e-08,40.000000,8.000000e-01,5.000000e-08,3.91297824e-01,1.95648912e-08,1.44287067e-01,8.55712933e-01
4.000000e-08,40.000000,8.000000e-01,5.000000e-08,3.91497874e-01,1.95748937e-08,1.44290437e-01,8.55709563e-01
4.000000e-08,40.000000,8.000000e-01,5.000000e-08,3.91697924e-01,1.95848962e-08,1.44293728e-01,8.55706272e-01
4.000000e-08,40.000000,8.000000e-01,5.000000e-08,3.91897974e-01,1.95948987e-08,1.44296941e-01,8.55703059e-01
4.000000e-08,40.000000,8.000000e-01,5.000000e-08,3.92098025e-01,1.96049012e-08,1.44300076e-01,8.55699924e-01
4.000000e-08,40.000000,8.000000e-01,5.000000e-08,3.92298075e-01,1.96149037e-08,1.44303132e-01,8.55696868e-01
4.000000e-08,40.000000,8.000000e-01,5.000000e-08,3.92498125e-01,1.96249062e-08,1.44306110e-01,8.55693890e-01
4.000000e-08,40.000000,8.000000e-01,5.000000e-08,3.92698175e-01,1.96349087e-08,1.44309010e-01,8.55690990e-01
4.000000e-08,40.000000,8.000000e-01,5.000000e-08,3.92898225e-01,1.96449112e-08,1.44311831e-01,8.55688169e-01
4.000000e-08,40.000000,8.000000e-01,5.000000e-08,3.93098275e-01,1.96549137e-08,1.44314574e-01,8.55685426e-01
4.000000e-08,40.000000,8.000000e-01,5.000000e-08,3.93298325e-01,1.96649162e-08,1.44317238e-01,8.55682762e-01
4.000000e-08,40.000000,8.000000e-01,5.000000e-08,3.93498375e-01,1.96749187e-08,1.44319825e-01,8.55680175e-01
4.000000e-08,40.000000,8.000000e-01,5.000000e-08,3.93698425e-01,1.96849212e-08,1.44322332e-01,8.55677668e-01
4.000000e-08,40.000000,8.000000e-01,5.000000e-08,3.93898475e-01,1.96949237e-08,1.44324762e-01,8.55675238e-01
4.000000e-08,40.000000,8.000000e-01,5.000000e-08,3.94098525e-01,1.97049262e-08,1.44327113e-01,8.55672887e-01
4.000000e-08,40.000000,8.000000e-01,5.000000e-08,3.94298575e-01,1.97149287e-08,1.44329386e-01,8.55670614e-01
4.000000e-08,40.000000,8.000000e-01,5.000000e-08,3.94498625e-01,1.97249312e-08,1.44331580e-01,8.55668420e-01
4.000000e-08,40.000000,8.000000e-01,5.000000e-08,3.94698675e-01,1.97349337e-08,1.44333696e-01,8.55666304e-01
4.000000e-08,40.000000,8.000000e-01,5.000000e-08,3.94898725e-01,1.97449362e-08,1.44335734e-01,8.55664266e-01
4.000000e-08,40.000000,8.000000e-01,5.000000e-08,3.95098775e-01,1.97549387e-08,1.44337693e-01,8.55662307e-01
4.000000e-08,40.000000,8.000000e-01,5.000000e-08,3.95298825e-01,1.97649412e-08,1.44339574e-01,8.55660426e-01
4.000000e-08,40.000000,8.000000e-01,5.000000e-08,3.95498875e-01,1.97749437e-08,1.44341376e-01,8.55658624e-01
4.000000e-08,40.000000,8.000000e-01,5.000000e-08,3.95698925e-01,1.97849462e-08,1.44343100e-01,8.55656900e-01
4.000000e-08,40.000000,8.000000e-01,5.000000e-08,3.95898975e-01,1.97949487e-08,1.44344746e-01,8.55655254e-01
4.000000e-08,40.000000,8.000000e-01,5.000000e-08,3.96099025e-01,1.98049512e-08,1.44346314e-01,8.55653686e-01
4.000000e-08,40.000000,8.000000e-01,5.000000e-08,3.96299075e-01,1.98149537e-08,1.44347803e-01,8.55652197e-01
4.000000e-08,40.000000,8.000000e-01,5.000000e-08,3.96499125e-01,1.98249562e-08,1.44349213e-01,8.55650787e-01
4.000000e-08,40.000000,8.000000e-01,5.000000e-08,3.96699175e-01,1.98349587e-08,1.44350546e-01,8.55649454e-01
4.000000e-08,40.000000,8.000000e-01,5.000000e-08,3.96899225e-01,1.98449612e-08,1.44351800e-01,8.55648200e-01
4.000000e-08,40.000000,8.000000e-01,5.000000e-08,3.97099275e-01,1.98549637e-08,1.44352975e-01,8.55647025e-01
4.000000e-08,40.000000,8.000000e-01,5.000000e-08,3.97299325e-01,1.98649662e-08,1.44354072e-01,8.55645928e-01
4.000000e-08,40.000000,8.000000e-01,5.000000e-08,3.97499375e-01,1.98749687e-08,1.44355091e-01,8.55644909e-01
4.000000e-08,40.000000,8.000000e-01,5.000000e-08,3.97699425e-01,1.98849712e-08,1.44356032e-01,8.55643968e-01
4.000000e-08,40.000000,8.000000e-01,5.000000e-08,3.97899475e-01,1.98949737e-08,1.44356894e-01,8.55643106e-01
4.000000e-08,40.000000,8.000000e-01,5.000000e-08,3.98099525e-01,1.99049762e-08,1.44357677e-01,8.55642323e-01
4.000000e-08,40.000000,8.000000e-01,5.000000e-08,3.98299575e-01,1.99149787e-08,1.44358383e-01,8.55641617e-01
4.000000e-08,40.000000,8.000000e-01,5.000000e-08,3.98499625e-01,1.99249812e-08,1.44359010e-01,8.55640990e-01
4.000000e-08,40.000000,8.000000e-01,5.000000e-08,3.98699675e-01,1.99349837e-08,1.44359558e-01,8.55640442e-01
4.000000e-08,40.000000,8.000000e-01,5.000000e-08,3.98899725e-01,1.99449862e-08,1.44360029e-01,8.55639971e-01
4.000000e-08,40.000000,8.000000e-01,5.000000e-08,3.99099775e-01,1.99549887e-08,1.44360420e-01,8.55639580e-01
4.000000e-08,40.000000,8.000000e-01,5.000000e-08,3.99299825e-01,1.99649912e-08,1.44360734e-01,8.55639266e-01
4.000000e-08,40.000000,8.000000e-01,5.000000e-08,3.99499875e-01,1.99749937e-08,1.44360969e-01,8.55639031e-01
4.000000e-08,40.000000,8.000000e-01,5.000000e-08,3.99699925e-01,1.99849962e-08,1.44361126e-01,8.55638874e-01
4.000000e-08,40.000000,8.000000e-01,5.000000e-08,3.99899975e-01,1.99949987e-08,1.44361204e-01,8.55638796e-01
4.000000e-08,40.000000,8.000000e-01,5.000000e-08,4.00100025e-01,2.00050013e-08,1.44361204e-01,8.55638796e-01
4.000000e-08,40.000000,8.000000e-01,5.000000e-08,4.00300075e-01,2.00150038e-08,1.44361126e-01,8.55638874e-01
4.000000e-08,40.000000,8.000000e-01,5.000000e-08,4.00500125e-01,2.00250063e-08,1.44360969e-01,8.55639031e-01
4.000000e-08,40.000000,8.000000e-01,5.000000e-08,4.00700175e-01,2.00350088e-08,1.44360734e-01,8.55639266e-01
4.000000e-08,40.000000,8.000000e-01,5.000000e-08,4.00900225e-01,2.00450113e-08,1.44360420e-01,8.55639580e-01
4.000000e-08,40.000000,8.000000e-01,5.000000e-08,4.01100275e-01,2.00550138e-08,1.44360029e-01,8.55639971e-01
4.000000e-08,40.000000,8.000000e-01,5.000000e-08,4.01300325e-01,2.00650163e-08,1.44359558e-01,8.55640442e-01
4.000000e-08,40.000000,8.000000e-01,5.000000e-08,4.01500375e-01,2.00750188e-08,1.44359010e-01,8.55640990e-01
4.000000e-08,40.000000,8.000000e-01,5.000000e-08,4.01700425e-01,2.00850213e-08,1.44358383e-01,8.55641617e-01
4.000000e-08,40.000000,8.000000e-01,5.000000e-08,4.01900475e-01,2.00950238e-08,1.44357677e-01,8.55642323e-01
4.000000e-08,40.000000,8.000000e-01,5.000000e-08,4.02100525e-01,2.01050263e-08,1.44356894e-01,8.55643106e-01
4.000000e-08,40.000000,8.000000e-01,5.000000e-08,4.02300575e-01,2.01150288e-08,1.44356032e-01,8.55643968e-01
4.000000e-08,40.000000,8.000000e-01,5.000000e-08,4.02500625e-01,2.01250313e-08,1.44355091e-01,8.55644909e-01
4.000000e-08,40.000000,8.000000e-01,5.000000e-08,4.02700675e-01,2.01350338e-08,1.44354072e-01,8.55645928e-01
4.000000e-08,40.000000,8.000000e-01,5.000000e-08,4.02900725e-01,2.01450363e-08,1.44352975e-01,8.55647025e-01
4.000000e-08,40.000000,8.000000e-01,5.000000e-08,4.03100775e-01,2.01550388e-08,1.44351800e-01,8.55648200e-01
4.000000e-08,40.000000,8.000000e-01,5.000000e-08,4.03300825e-01,2.01650413e-08,1.44350546e-01,8.55649454e-01
4.000000e-08,40.000000,8.000000e-01,5.000000e-08,4.03500875e-01,2.01750438e-08,1.44349213e-01,8.55650787e-01
4.000000e-08,40.000000,8.000000e-01,5.000000e-08,4.03700925e-01,2.01850463e-08,1.44347803e-01,8.55652197e-01
4.000000e-08,40.000000,8.000000e-01,5.000000e-08,4.03900975e-01,2.01950488e-08,1.44346314e-01,8.55653686e-01
4.000000e-08,40.000000,8.000000e-01,5.000000e-08,4.04101025e-01,2.02050513e-08,1.44344746e-01,8.55655254e-01
4.000000e-08,40.000000,8.000000e-01,5.000000e-08,4.04301075e-01,2.02150538e-08,1.44343100e-01,8.55656900e-01
4.000000e-08,40.000000,8.000000e-01,5.000000e-08,4.04501125e-01,2.02250563e-08,1.44341376e-01,8.55658624e-01
4.000000e-08,40.000000,8.000000e-01,5.000000e-08,4.04701175e-01,2.02350588e-08,1.44339574e-01,8.55660426e-01
4.000000e-08,40.000000,8.000000e-01,5.000000e-08,4.04901225e-01,2.02450613e-08,1.44337693e-01,8.55662307e-01
4.000000e-08,40.000000,8.000000e-01,5.000000e-08,4.05101275e-01,2.02550638e-08,1.44335734e-01,8.55664266e-01
4.000000e-08,40.000000,8.000000e-01,5.000000e-08,4.05301325e-01,2.02650663e-08,1.44333696e-01,8.55666304e-01
4.000000e-08,40.000000,8.000000e-01,5.000000e-08,4.05501375e-01,2.02750688e-08,1.44331580e-01,8.55668420e-01
4.000000e-08,40.000000,8.000000e-01,5.000000e-08,4.05701425e-01,2.02850713e-08,1.44329386e-01,8.55670614e-01
4.000000e-08,40.000000,8.000000e-01,5.000000e-08,4.05901475e-01,2.02950738e-08,1.44327113e-01,8.55672887e-01
4.000000e-08,40.000000,8.000000e-01,5.000000e-08,4.06101525e-01,2.03050763e-08,1.44324762e-01,8.55675238e-01
4.000000e-08,40.000000,8.000000e-01,5.000000e-08,4.06301575e-01,2.03150788e-08,1.44322332e-01,8.55677668e-01
4.000000e-08,40.000000,8.000000e-01,5.000000e-08,4.06501625e-01,2.03250813e-08,1.44319825e-01,8.55680175e-01
4.000000e-08,40.000000,8.000000e-01,5.000000e-08,4.06701675e-01,2.03350838e-08,1.44317238e-01,8.55682762e-01
4.000000e-08,40.000000,8.000000e-01,5.000000e-08,4.06901725e-01,2.03450863e-08,1.44314574e-01,8.55685426e-01
4.000000e-08,40.000000,8.000000e-01,5.000000e-08,4.07101775e-01,2.03550888e-08,1.44311831e-01,8.55688169e-01
4.000000e-08,40.000000,8.000000e-01,5.000000e-08,4.07301825e-01,2.03650913e-08,1.44309010e-01,8.55690990e-01
4.000000e-08,40.000000,8.000000e-01,5.000000e-08,4.07501875e-01,2.03750938e-08,1.44306110e-01,8.55693890e-01
4.000000e-08,40.000000,8.000000e-01,5.000000e-08,4.07701925e-01,2.03850963e-08,1.44303132e-01,8.55696868e-01
4.000000e-08,40.000000,8.000000e-01,5.000000e-08,4.07901975e-01,2.03950988e-08,1.44300076e-01,8.55699924e-01
4.000000e-08,40.000000,8.000000e-01,5.000000e-08,4.08102026e-01,2.04051013e-08,1.44296941e-01,8.55703059e-01
4.000000e-08,40.000000,8.000000e-01,5.000000e-08,4.08302076e-01,2.04151038e-08,1.44293728e-01,8.55706272e-01
4.000000e-08,40.000000,8.000000e-01,5.000000e-08,4.08502126e-01,2.04251063e-08,1.44290437e-01,8.55709563e-01
4.000000e-08,40.000000,8.000000e-01,5.000000e-08,4.08702176e-01,2.04351088e-08,1.44287067e-01,8.55712933e-01
4.000000e-08,40.000000,8.000000e-01,5.000000e-08,4.08902226e-01,2.04451113e-08,1.44283619e-01,8.55716381e-01
4.000000e-08,40.000000,8.000000e-01,5.000000e-08,4.09102276e-01,2.04551138e-08,1.44280093e-01,8.55719907e-01
4.000000e-08,40.000000,8.000000e-01,5.000000e-08,4.09302326e-01,2.04651163e-08,1.44276488e-01,8.55723512e-01
4.000000e-08,40.000000,8.000000e-01,5.000000e-08,4.09502376e-01,2.04751188e-08,1.44272805e-01,8.55727195e-01
4.000000e-08,40.000000,8.000000e-01,5.000000e-08,4.09702426e-01,2.04851213e-08,1.44269043e-01,8.55730957e-01
4.000000e-08,40.000000,8.000000e-01,5.000000e-08,4.09902476e-01,2.04951238e-08,1.44265203e-01,8.55734797e-01
4.000000e-08,40.000000,8.000000e-01,5.000000e-08,4.10102526e-01,2.05051263e-08,1.44261285e-01,8.55738715e-01
4.000000e-08,40.000000,8.000000e-01,5.000000e-08,4.10302576e-01,2.05151288e-08,1.44257289e-01,8.55742711e-01
4.000000e-08,40.000000,8.000000e-01,5.000000e-08,4.10502626e-01,2.05251313e-08,1.44253214e-01,8.55746786e-01
4.000000e-08,40.000000,8.000000e-01,5.000000e-08,4.10702676e-01,2.05351338e-08,1.44249061e-01,8.55750939e-01
4.000000e-08,40.000000,8.000000e-01,5.000000e-08,4.10902726e-01,2.05451363e-08,1.44244829e-01,8.55755171e-01
4.000000e-08,40.000000,8.000000e-01,5.000000e-08,4.11102776e-01,2.05551388e-08,1.44240519e-01,8.55759481e-01
4.000000e-08,40.000000,8.000000e-01,5.000000e-08,4.11302826e-01,2.05651413e-08,1.44236131e-01,8.55763869e-01
4.000000e-08,40.000000,8.000000e-01,5.000000e-08,4.11502876e-01,2.05751438e-08,1.44231664e-01,8.55768336e-01
4.000000e-08,40.000000,8.000000e-01,5.000000e-08,4.11702926e-01,2.05851463e-08,1.44227119e-01,8.55772881e-01
4.000000e-08,40.000000,8.000000e-01,5.000000e-08,4.11902976e-01,2.05951488e-08,1.44222496e-01,8.55777504e-01
4.000000e-08,40.000000,8.000000e-01,5.000000e-08,4.12103026e-01,2.06051513e-08,1.44217794e-01,8.55782206e-01
4.000000e-08,40.000000,8.000000e-01,5.000000e-08,4.12303076e-01,2.06151538e-08,1.44213014e-01,8.55786986e-01
4.000000e-08,40.000000,8.000000e-01,5.000000e-08,4.12503126e-01,2.06251563e-08,1.44208156e-01,8.55791844e-01
4.000000e-08,40.000000,8.000000e-01,5.000000e-08,4.12703176e-01,2.06351588e-08,1.44203220e-01,8.55796780e-01
4.000000e-08,40.000000,8.000000e-01,5.000000e-08,4.12903226e-01,2.06451613e-08,1.44198205e-01,8.55801795e-01
4.000000e-08,40.000000,8.000000e-01,5.000000e-08,4.13103276e-01,2.06551638e-08,1.44193111e-01,8.55806889e-01
4.000000e-08,40.000000,8.000000e-01,5.000000e-08,4.13303326e-01,2.06651663e-08,1.44187940e-01,8.55812060e-01
4.000000e-08,40.000000,8.000000e-01,5.000000e-08,4.13503376e-01,2.06751688e-08,1.44182690e-01,8.55817310e-01
4.000000e-08,40.000000,8.000000e-01,5.000000e-08,4.13703426e-01,2.06851713e-08,1.44177362e-01,8.55822638e-01
4.000000e-08,40.000000,8.000000e-01,5.000000e-08,4.13903476e-01,2.06951738e-08,1.44171955e-01,8.55828045e-01
4.000000e-08,40.000000,8.000000e-01,5.000000e-08,4.14103526e-01,2.07051763e-08,1.44166470e-01,8.55833530e-01
4.000000e-08,40.000000,8.000000e-01,5.000000e-08,4.14303576e-01,2.07151788e-08,1.44160907e-01,8.55839093e-01
4.000000e-08,40.000000,8.000000e-01,5.000000e-08,4.14503626e-01,2.07251813e-08,1.44155265e-01,8.55844735e-01
4.000000e-08,40.000000,8.000000e-01,5.000000e-08,4.14703676e-01,2.07351838e-08,1.44149545e-01,8.55850455e-01
4.000000e-08,40.000000,8.000000e-01,5.000000e-08,4.14903726e-01,2.07451863e-08,1.44143747e-01,8.55856253e-01
4.000000e-08,40.000000,8.000000e-01,5.000000e-08,4.15103776e-01,2.07551888e-08,1.44137871e-01,8.55862129e-01
4.000000e-08,40.000000,8.000000e-01,5.000000e-08,4.15303826e-01,2.07651913e-08,1.44131916e-01,8.55868084e-01
4.000000e-08,40.000000,8.000000e-01,5.000000e-08,4.15503876e-01,2.07751938e-08,1.44125883e-01,8.55874117e-01
4.000000e-08,40.000000,8.000000e-01,5.000000e-08,4.15703926e-01,2.07851963e-08,1.44119771e-01,8.55880229e-01
4.000000e-08,40.000000,8.000000e-01,5.000000e-08,4.15903976e-01,2.07951988e-08,1.44113581e-01,8.55886419e-01
4.000000e-08,40.000000,8.000000e-01,5.000000e-08,4.16104026e-01,2.08052013e-08,1.44107313e-01,8.55892687e-01
4.000000e-08,40.000000,8.000000e-01,5.000000e-08,4.16304076e-01,2.08152038e-08,1.44100967e-01,8.55899033e-01
4.000000e-08,40.000000,8.000000e-01,5.000000e-08,4.16504126e-01,2.08252063e-08,1.44094542e-01,8.55905458e-01
4.000000e-08,40.000000,8.000000e-01,5.000000e-08,4.16704176e-01,2.08352088e-08,1.44088039e-01,8.55911961e-01
4.000000e-08,40.000000,8.000000e-01,5.000000e-08,4.16904226e-01,2.08452113e-08,1.44081458e-01,8.55918542e-01
4.000000e-08,40.000000,8.000000e-01,5.000000e-08,4.17104276e-01,2.08552138e-08,1.44074798e-01,8.55925202e-01
4.000000e-08,40.000000,8.000000e-01,5.000000e-08,4.17304326e-01,2.08652163e-08,1.44068060e-01,8.55931940e-01
4.000000e-08,40.000000,8.000000e-01,5.000000e-08,4.17504376e-01,2.08752188e-08,1.44061244e-01,8.55938756e-01
4.000000e-08,40.000000,8.000000e-01,5.000000e-08,4.17704426e-01,2.08852213e-08,1.44054350e-01,8.55945650e-01
4.000000e-08,40.000000,8.000000e-01,5.000000e-08,4.17904476e-01,2.08952238e-08,1.44047377e-01,8.55952623e-01
4.000000e-08,40.000000,8.000000e-01,5.000000e-08,4.18104526e-01,2.09052263e-08,1.44040326e-01,8.55959674e-01
4.000000e-08,40.000000,8.000000e-01,5.000000e-08,4.18304576e-01,2.09152288e-08,1.44033196e-01,8.55966804e-01
4.000000e-08,40.000000,8.000000e-01,5.000000e-08,4.18504626e-01,2.09252313e-08,1.44025989e-01,8.55974011e-01
4.000000e-08,40.000000,8.000000e-01,5.000000e-08,4.18704676e-01,2.09352338e-08,1.44018703e-01,8.55981297e-01
4.000000e-08,40.000000,8.000000e-01,5.000000e-08,4.18904726e-01,2.09452363e-08,1.44011339e-01,8.55988661e-01
4.000000e-08,40.000000,8.000000e-01,5.000000e-08,4.19104776e-01,2.09552388e-08,1.44003896e-01,8.55996104e-01
4.000000e-08,40.000000,8.000000e-01,5.000000e-08,4.19304826e-01,2.09652413e-08,1.43996375e-01,8.56003625e-01
4.000000e-08,40.000000,8.000000e-01,5.000000e-08,4.19504876e-01,2.09752438e-08,1.43988776e-01,8.56011224e-01
4.000000e-08,40.000000,8.000000e-01,5.000000e-08,4.19704926e-01,2.09852463e-08,1.43981099e-01,8.56018901e-01
4.000000e-08,40.000000,8.000000e-01,5.000000e-08,4.19904976e-01,2.09952488e-08,1.43973343e-01,8.56026657e-01
4.000000e-08,40.000000,8.000000e-01,5.000000e-08,4.20105026e-01,2.10052513e-08,1.43965509e-01,8.56034491e-01
4.000000e-08,40.000000,8.000000e-01,5.000000e-08,4.20305076e-01,2.10152538e-08,1.43957597e-01,8.56042403e-01
4.000000e-08,40.000000,8.000000e-01,5.000000e-08,4.20505126e-01,2.10252563e-08,1.43949607e-01,8.56050393e-01
4.000000e-08,40.000000,8.000000e-01,5.000000e-08,4.20705176e-01,2.10352588e-08,1.43941538e-01,8.56058462e-01
4.000000e-08,40.000000,8.000000e-01,5.000000e-08,4.20905226e-01,2.10452613e-08,1.43933391e-01,8.56066609e-01
4.000000e-08,40.000000,8.000000e-01,5.000000e-08,4.21105276e-01,2.10552638e-08,1.43925166e-01,8.56074834e-01
4.000000e-08,40.000000,8.000000e-01,5.000000e-08,4.21305326e-01,2.10652663e-08,1.43916862e-01,8.56083138e-01
4.000000e-08,40.000000,8.000000e-01,5.000000e-08,4.21505376e-01,2.10752688e-08,1.43908480e-01,8.56091520e-01
4.000000e-08,40.000000,8.000000e-01,5.000000e-08,4.21705426e-01,2.10852713e-08,1.43900020e-01,8.56099980e-01
4.000000e-08,40.000000,8.000000e-01,5.000000e-08,4.21905476e-01,2.10952738e-08,1.43891482e-01,8.56108518e-01
4.000000e-08,40.000000,8.000000e-01,5.000000e-08,4.22105526e-01,2.11052763e-08,1.43882865e-01,8.56117135e-01
4.000000e-08,40.000000,8.000000e-01,5.000000e-08,4.22305576e-01,2.11152788e-08,1.43874171e-01,8.56125829e-01
4.000000e-08,40.000000,8.000000e-01,5.000000e-08,4.22505626e-01,2.11252813e-08,1.43865397e-01,8.56134603e-01
4.000000e-08,40.000000,8.000000e-01,5.000000e-08,4.22705676e-01,2.11352838e-08,1.43856546e-01,8.56143454e-01
4.000000e-08,40.000000,8.000000e-01,5.000000e-08,4.22905726e-01,2.11452863e-08,1.43847617e-01,8.56152383e-01
4.000000e-08,40.000000,8.000000e-01,5.000000e-08,4.23105776e-01,2.11552888e-08,1.43838609e-01,8.56161391e-01
4.000000e-08,40.000000,8.000000e-01,5.000000e-08,4.23305826e-01,2.11652913e-08,1.43829523e-01,8.56170477e-01
4.000000e-08,40.000000,8.000000e-01,5.000000e-08,4.23505876e-01,2.11752938e-08,1.43820359e-01,8.56179641e-01
4.000000e-08,40.000000,8.000000e-01,5.000000e-08,4.23705926e-01,2.11852963e-08,1.43811116e-01,8.56188884e-01
4.000000e-08,40.000000,8.000000e-01,5.000000e-08,4.23905976e-01,2.11952988e-08,1.43801795e-01,8.56198205e-01
4.000000e-08,40.000000,8.000000e-01,5.000000e-08,4.24106027e-01,2.12053013e-08,1.43792396e-01,8.56207604e-01
4.000000e-08,40.000000,8.000000e-01,5.000000e-08,4.24306077e-01,2.12153038e-08,1.43782919e-01,8.56217081e-01
4.000000e-08,40.000000,8.000000e-01,5.000000e-08,4.24506127e-01,2.12253063e-08,1.43773364e-01,8.56226636e-01
4.000000e-08,40.000000,8.000000e-01,5.000000e-08,4.24706177e-01,2.12353088e-08,1.43763730e-01,8.56236270e-01
4.000000e-08,40.000000,8.000000e-01,5.000000e-08,4.24906227e-01,2.12453113e-08,1.43754018e-01,8.56245982e-01
4.000000e-08,40.000000,8.000000e-01,5.000000e-08,4.25106277e-01,2.12553138e-08,1.43744228e-01,8.56255772e-01
4.000000e-08,40.000000,8.000000e-01,5.000000e-08,4.25306327e-01,2.12653163e-08,1.43734360e-01,8.56265640e-01
4.000000e-08,40.000000,8.000000e-01,5.000000e-08,4.25506377e-01,2.12753188e-08,1.43724413e-01,8.56275587e-01
4.000000e-08,40.000000,8.000000e-01,5.000000e-08,4.25706427e-01,2.12853213e-08,1.43714388e-01,8.56285612e-01
4.000000e-08,40.000000,8.000000e-01,5.000000e-08,4.25906477e-01,2.12953238e-08,1.43704285e-01,8.56295715e-01
4.000000e-08,40.000000,8.000000e-01,5.000000e-08,4.26106527e-01,2.13053263e-08,1.43694104e-01,8.56305896e-01
4.000000e-08,40.000000,8.000000e-01,5.000000e-08,4.26306577e-01,2.13153288e-08,1.43683845e-01,8.56316155e-01
4.000000e-08,40.000000,8.000000e-01,5.000000e-08,4.26506627e-01,2.13253313e-08,1.43673507e-01,8.56326493e-01
4.000000e-08,40.000000,8.000000e-01,5.000000e-08,4.26706677e-01,2.13353338e-08,1.43663092e-01,8.56336908e-01
4.000000e-08,40.000000,8.000000e-01,5.000000e-08,4.26906727e-01,2.13453363e-08,1.43652598e-01,8.56347402e-01
4.000000e-08,40.000000,8.000000e-01,5.000000e-08,4.27106777e-01,2.13553388e-08,1.43642025e-01,8.56357975e-01
4.000000e-08,40.000000,8.000000e-01,5.000000e-08,4.27306827e-01,2.13653413e-08,1.43631375e-01,8.56368625e-01
4.000000e-08,40.000000,8.000000e-01,5.000000e-08,4.27506877e-01,2.13753438e-08,1.43620647e-01,8.56379353e-01
4.000000e-08,40.000000,8.000000e-01,5.000000e-08,4.27706927e-01,2.13853463e-08,1.43609840e-01,8.56390160e-01
4.000000e-08,40.000000,8.000000e-01,5.000000e-08,4.27906977e-01,2.13953488e-08,1.43598955e-01,8.56401045e-01
4.000000e-08,40.000000,8.000000e-01,5.000000e-08,4.28107027e-01,2.14053513e-08,1.43587992e-01,8.56412008e-01
4.000000e-08,40.000000,8.000000e-01,5.000000e-08,4.28307077e-01,2.14153538e-08,1.43576951e-01,8.56423049e-01
4.000000e-08,40.000000,8.000000e-01,5.000000e-08,4.28507127e-01,2.14253563e-08,1.43565831e-01,8.56434169e-01
4.000000e-08,40.000000,8.000000e-01,5.000000e-08,4.28707177e-01,2.14353588e-08,1.43554634e-01,8.56445366e-01
4.000000e-08,40.000000,8.000000e-01,5.000000e-08,4.28907227e-01,2.14453613e-08,1.43543358e-01,8.56456642e-01
4.000000e-08,40.000000,8.000000e-01,5.000000e-08,4.29107277e-01,2.14553638e-08,1.43532004e-01,8.56467996e-01
4.000000e-08,40.000000,8.000000e-01,5.000000e-08,4.29307327e-01,2.14653663e-08,1.43520572e-01,8.56479428e-01
4.000000e-08,40.000000,8.000000e-01,5.000000e-08,4.29507377e-01,2.14753688e-08,1.43509061e-01,8.56490939e-01
4.000000e-08,40.000000,8.000000e-01,5.000000e-08,4.29707427e-01,2.14853713e-08,1.43497473e-01,8.56502527e-01
4.000000e-08,40.000000,8.000000e-01,5.000000e-08,4.29907477e-01,2.14953738e-08,1.43485806e-01,8.56514194e-01
4.000000e-08,40.000000,8.000000e-01,5.000000e-08,4.30107527e-01,2.15053763e-08,1.43474062e-01,8.56525938e-01
4.000000e-08,40.000000,8.000000e-01,5.000000e-08,4.30307577e-01,2.15153788e-08,1.43462239e-01,8.56537761e-01
4.000000e-08,40.000000,8.000000e-01,5.000000e-08,4.30507627e-01,2.15253813e-08,1.43450338e-01,8.56549662e-01
4.000000e-08,40.000000,8.000000e-01,5.000000e-08,4.30707677e-01,2.15353838e-08,1.43438359e-01,8.56561641e-01
4.000000e-08,40.000000,8.000000e-01,5.000000e-08,4.30907727e-01,2.15453863e-08,1.43426301e-01,8.56573699e-01
4.000000e-08,40.000000,8.000000e-01,5.000000e-08,4.31107777e-01,2.15553888e-08,1.43414166e-01,8.56585834e-01
4.000000e-08,40.000000,8.000000e-01,5.000000e-08,4.31307827e-01,2.15653913e-08,1.43401952e-01,8.56598048e-01
4.000000e-08,40.000000,8.000000e-01,5.000000e-08,4.31507877e-01,2.15753938e-08,1.43389660e-01,8.56610340e-01
4.000000e-08,40.000000,8.000000e-01,5.000000e-08,4.31707927e-01,2.15853963e-08,1.43377291e-01,8.56622709e-01
4.000000e-08,40.000000,8.000000e-01,5.000000e-08,4.31907977e-01,2.15953988e-08,1.43364843e-01,8.56635157e-01
4.000000e-08,40.000000,8.000000e-01,5.000000e-08,4.32108027e-01,2.16054014e-08,1.43352316e-01,8.56647684e-01
4.000000e-08,40.000000,8.000000e-01,5.000000e-08,4.32308077e-01,2.16154039e-08,1.43339712e-01,8.56660288e-01
4.000000e-08,40.000000,8.000000e-01,5.000000e-08,4.32508127e-01,2.16254064e-08,1.43327030e-01,8.56672970e-01
4.000000e-08,40.000000,8.000000e-01,5.000000e-08,4.32708177e-01,2.16354089e-08,1.43314269e-01,8.56685731e-01
4.000000e-08,40.000000,8.000000e-01,5.000000e-08,4.32908227e-01,2.16454114e-08,1.43301431e-01,8.56698569e-01
4.000000e-08,40.000000,8.000000e-01,5.000000e-08,4.33108277e-01,2.16554139e-08,1.43288514e-01,8.56711486e-01
4.000000e-08,40.000000,8.000000e-01,5.000000e-08,4.33308327e-01,2.16654164e-08,1.43275519e-01,8.56724481e-01
4.000000e-08,40.000000,8.000000e-01,5.000000e-08,4.33508377e-01,2.16754189e-08,1.43262447e-01,8.56737553e-01
4.000000e-08,40.000000,8.000000e-01,5.000000e-08,4.33708427e-01,2.16854214e-08,1.43249296e-01,8.56750704e-01
4.000000e-08,40.000000,8.000000e-01,5.000000e-08,4.33908477e-01,2.16954239e-08,1.43236067e-01,8.56763933e-01
4.000000e-08,40.000000,8.000000e-01,5.000000e-08,4.34108527e-01,2.17054264e-08,1.43222759e-01,8.56777241e-01
4.000000e-08,40.000000,8.000000e-01,5.000000e-08,4.34308577e-01,2.17154289e-08,1.43209374e-01,8.56790626e-01
4.000000e-08,40.000000,8.000000e-01,5.000000e-08,4.34508627e-01,2.17254314e-08,1.43195911e-01,8.56804089e-01
4.000000e-08,40.000000,8.000000e-01,5.000000e-08,4.34708677e-01,2.17354339e-08,1.43182369e-01,8.56817631e-01
4.000000e-08,40.000000,8.000000e-01,5.000000e-08,4.34908727e-01,2.17454364e-08,1.43168750e-01,8.56831250e-01
4.000000e-08,40.000000,8.000000e-01,5.000000e-08,4.35108777e-01,2.17554389e-08,1.43155052e-01,8.56844948e-01
4.000000e-08,40.000000,8.000000e-01,5.000000e-08,4.35308827e-01,2.17654414e-08,1.43141277e-01,8.56858723e-01
4.000000e-08,40.000000,8.000000e-01,5.000000e-08,4.35508877e-01,2.17754439e-08,1.43127423e-01,8.56872577e-01
4.000000e-08,40.000000,8.000000e-01,5.000000e-08,4.35708927e-01,2.17854464e-08,1.43113491e-01,8.56886509e-01
4.000000e-08,40.000000,8.000000e-01,5.000000e-08,4.35908977e-01,2.17954489e-08,1.43099482e-01,8.56900518e-01
4.000000e-08,40.000000,8.000000e-01,5.000000e-08,4.36109027e-01,2.18054514e-08,1.43085394e-01,8.56914606e-01
4.000000e-08,40.000000,8.000000e-01,5.000000e-08,4.36309077e-01,2.18154539e-08,1.43071228e-01,8.56928772e-01
4.000000e-08,40.000000,8.000000e-01,5.000000e-08,4.36509127e-01,2.18254564e-08,1.43056984e-01,8.56943016e-01
4.000000e-08,40.000000,8.000000e-01,5.000000e-08,4.36709177e-01,2.18354589e-08,1.43042662e-01,8.56957338e-01
4.000000e-08,40.000000,8.000000e-01,5.000000e-08,4.36909227e-01,2.18454614e-08,1.43028262e-01,8.56971738e-01
4.000000e-08,40.000000,8.000000e-01,5.000000e-08,4.37109277e-01,2.18554639e-08,1.43013784e-01,8.56986216e-01
4.000000e-08,40.000000,8.000000e-01,5.000000e-08,4.37309327e-01,2.18654664e-08,1.42999228e-01,8.57000772e-01
4.000000e-08,40.000000,8.000000e-01,5.000000e-08,4.37509377e-01,2.18754689e-08,1.42984593e-01,8.57015407e-01
4.000000e-08,40.000000,8.000000e-01,5.000000e-08,4.37709427e-01,2.18854714e-08,1.42969881e-01,8.57030119e-01
4.000000e-08,40.000000,8.000000e-01,5.000000e-08,4.37909477e-01,2.18954739e-08,1.42955091e-01,8.57044909e-01
4.000000e-08,40.000000,8.000000e-01,5.000000e-08,4.38109527e-01,2.19054764e-08,1.42940223e-01,8.57059777e-01
4.000000e-08,40.000000,8.000000e-01,5.000000e-08,4.38309577e-01,2.19154789e-08,1.42925277e-01,8.57074723e-01
4.000000e-08,40.000000,8.000000e-01,5.000000e-08,4.38509627e-01,2.19254814e-08,1.42910252e-01,8.57089748e-01
4.000000e-08,40.000000,8.000000e-01,5.000000e-08,4.38709677e-01,2.19354839e-08,1.42895150e-01,8.57104850e-01
4.000000e-08,40.000000,8.000000e-01,5.000000e-08,4.38909727e-01,2.19454864e-08,1.42879970e-01,8.57120030e-01
4.000000e-08,40.000000,8.000000e-01,5.000000e-08,4.39109777e-01,2.19554889e-08,1.42864712e-01,8.57135288e-01
4.000000e-08,40.000000,8.000000e-01,5.000000e-08,4.39309827e-01,2.19654914e-08,1.42849375e-01,8.57150625e-01
4.000000e-08,40.000000,8.000000e-01,5.000000e-08,4.39509877e-01,2.19754939e-08,1.42833961e-01,8.57166039e-01
4.000000e-08,40.000000,8.000000e-01,5.000000e-08,4.39709927e-01,2.19854964e-08,1.42818469e-01,8.57181531e-01
4.000000e-08,40.000000,8.000000e-01,5.000000e-08,4.39909977e-01,2.19954989e-08,1.42802899e-01,8.57197101e-01
4.000000e-08,40.000000,8.000000e-01,5.000000e-08,4.40110028e-01,2.20055014e-08,1.42787250e-01,8.57212750e-01
4.000000e-08,40.000000,8.000000e-01,5.000000e-08,4.40310078e-01,2.20155039e-08,1.42771524e-01,8.57228476e-01
4.000000e-08,40.000000,8.000000e-01,5.000000e-08,4.40510128e-01,2.20255064e-08,1.42755720e-01,8.57244280e-01
4.000000e-08,40.000000,8.000000e-01,5.000000e-08,4.40710178e-01,2.20355089e-08,1.42739838e-01,8.57260162e-01
4.000000e-08,40.000000,8.000000e-01,5.000000e-08,4.40910228e-01,2.20455114e-08,1.42723878e-01,8.57276122e-01
4.000000e-08,40.000000,8.000000e-01,5.000000e-08,4.41110278e-01,2.20555139e-08,1.42707840e-01,8.57292160e-01
4.000000e-08,40.000000,8.000000e-01,5.000000e-08,4.41310328e-01,2.20655164e-08,1.42691724e-01,8.57308276e-01
4.000000e-08,40.000000,8.000000e-01,5.000000e-08,4.41510378e-01,2.20755189e-08,1.42675530e-01,8.57324470e-01
4.000000e-08,40.000000,8.000000e-01,5.000000e-08,4.41710428e-01,2.20855214e-08,1.42659258e-01,8.57340742e-01
4.000000e-08,40.000000,8.000000e-01,5.000000e-08,4.41910478e-01,2.20955239e-08,1.42642908e-01,8.57357092e-01
4.000000e-08,40.000000,8.000000e-01,5.000000e-08,4.42110528e-01,2.21055264e-08,1.42626480e-01,8.57373520e-01
4.000000e-08,40.000000,8.000000e-01,5.000000e-08,4.42310578e-01,2.21155289e-08,1.42609975e-01,8.57390025e-01
4.000000e-08,40.000000,8.000000e-01,5.000000e-08,4.42510628e-01,2.21255314e-08,1.42593391e-01,8.57406609e-01
4.000000e-08,40.000000,8.000000e-01,5.000000e-08,4.42710678e-01,2.21355339e-08,1.42576729e-01,8.57423271e-01
4.000000e-08,40.000000,8.000000e-01,5.000000e-08,4.42910728e-01,2.21455364e-08,1.42559990e-01,8.57440010e-01
4.000000e-08,40.000000,8.000000e-01,5.000000e-08,4.43110778e-01,2.21555389e-08,1.42543172e-01,8.57456828e-01
4.000000e-08,40.000000,8.000000e-01,5.000000e-08,4.43310828e-01,2.21655414e-08,1.42526277e-01,8.57473723e-01
4.000000e-08,40.000000,8.000000e-01,5.000000e-08,4.43510878e-01,2.21755439e-08,1.42509304e-01,8.57490696e-01
4.000000e-08,40.000000,8.000000e-01,5.000000e-08,4.43710928e-01,2.21855464e-08,1.42492252e-01,8.57507748e-01
4.000000e-08,40.000000,8.000000e-01,5.000000e-08,4.43910978e-01,2.21955489e-08,1.42475123e-01,8.57524877e-01
4.000000e-08,40.000000,8.000000e-01,5.000000e-08,4.44111028e-01,2.22055514e-08,1.42457916e-01,8.57542084e-01
4.000000e-08,40.000000,8.000000e-01,5.000000e-08,4.44311078e-01,2.22155539e-08,1.42440631e-01,8.57559369e-01
4.000000e-08,40.000000,8.000000e-01,5.000000e-08,4.44511128e-01,2.22255564e-08,1.42423269e-01,8.57576731e-01
4.000000e-08,40.000000,8.000000e-01,5.000000e-08,4.44711178e-01,2.22355589e-08,1.42405828e-01,8.57594172e-01
4.000000e-08,40.000000,8.000000e-01,5.000000e-08,4.44911228e-01,2.22455614e-08,1.42388310e-01,8.57611690e-01
4.000000e-08,40.000000,8.000000e-01,5.000000e-08,4.45111278e-01,2.22555639e-08,1.42370713e-01,8.57629287e-01
4.000000e-08,40.000000,8.000000e-01,5.000000e-08,4.45311328e-01,2.22655664e-08,1.42353039e-01,8.57646961e-01
4.000000e-08,40.000000,8.000000e-01,5.000000e-08,4.45511378e-01,2.22755689e-08,1.42335287e-01,8.57664713e-01
4.000000e-08,40.000000,8.000000e-01,5.000000e-08,4.45711428e-01,2.22855714e-08,1.42317457e-01,8.57682543e-01
4.000000e-08,40.000000,8.000000e-01,5.000000e-08,4.45911478e-01,2.22955739e-08,1.42299549e-01,8.57700451e-01
4.000000e-08,40.000000,8.000000e-01,5.000000e-08,4.46111528e-01,2.23055764e-08,1.42281563e-01,8.57718437e-01
4.000000e-08,40.000000,8.000000e-01,5.000000e-08,4.46311578e-01,2.23155789e-08,1.42263499e-01,8.57736501e-01
4.000000e-08,40.000000,8.000000e-01,5.000000e-08,4.46511628e-01,2.23255814e-08,1.42245358e-01,8.57754642e-01
4.000000e-08,40.000000,8.000000e-01,5.000000e-08,4.46711678e-01,2.23355839e-08,1.42227139e-01,8.57772861e-01
4.000000e-08,40.000000,8.000000e-01,5.000000e-08,4.46911728e-01,2.23455864e-08,1.42208842e-01,8.57791158e-01
4.000000e-08,40.000000,8.000000e-01,5.000000e-08,4.47111778e-01,2.23555889e-08,1.42190467e-01,8.57809533e-01
4.000000e-08,40.000000,8.000000e-01,5.000000e-08,4.47311828e-01,2.23655914e-08,1.42172014e-01,8.57827986e-01
4.000000e-08,40.000000,8.000000e-01,5.000000e-08,4.47511878e-01,2.23755939e-08,1.42153483e-01,8.57846517e-01
4.000000e-08,40.000000,8.000000e-01,5.000000e-08,4.47711928e-01,2.23855964e-08,1.42134875e-01,8.57865125e-01
4.000000e-08,40.000000,8.000000e-01,5.000000e-08,4.47911978e-01,2.23955989e-08,1.42116189e-01,8.57883811e-01
4.000000e-08,40.000000,8.000000e-01,5.000000e-08,4.48112028e-01,2.24056014e-08,1.42097425e-01,8.57902575e-01
4.000000e-08,40.000000,8.000000e-01,5.000000e-08,4.48312078e-01,2.24156039e-08,1.42078583e-01,8.57921417e-01
4.000000e-08,40.000000,8.000000e-01,5.000000e-08,4.48512128e-01,2.24256064e-08,1.42059663e-01,8.57940337e-01
4.000000e-08,40.000000,8.000000e-01,5.000000e-08,4.48712178e-01,2.24356089e-08,1.42040666e-01,8.57959334e-01
4.000000e-08,40.000000,8.000000e-01,5.000000e-08,4.48912228e-01,2.24456114e-08,1.42021590e-01,8.57978410e-01
4.000000e-08,40.000000,8.000000e-01,5.000000e-08,4.49112278e-01,2.24556139e-08,1.42002437e-01,8.57997563e-01
4.000000e-08,40.000000,8.000000e-01,5.000000e-08,4.49312328e-01,2.24656164e-08,1.41983207e-01,8.58016793e-01
4.000000e-08,40.000000,8.000000e-01,5.000000e-08,4.49512378e-01,2.24756189e-08,1.41963898e-01,8.58036102e-01
4.000000e-08,40.000000,8.000000e-01,5.000000e-08,4.49712428e-01,2.24856214e-08,1.41944512e-01,8.58055488e-01
4.000000e-08,40.000000,8.000000e-01,5.000000e-08,4.49912478e-01,2.24956239e-08,1.41925048e-01,8.58074952e-01
4.000000e-08,40.000000,8.000000e-01,5.000000e-08,4.50112528e-01,2.25056264e-08,1.41905506e-01,8.58094494e-01
4.000000e-08,40.000000,8.000000e-01,5.000000e-08,4.50312578e-01,2.25156289e-08,1.41885886e-01,8.58114114e-01
4.000000e-08,40.000000,8.000000e-01,5.000000e-08,4.50512628e-01,2.25256314e-08,1.41866189e-01,8.58133811e-01
4.000000e-08,40.000000,8.000000e-01,5.000000e-08,4.50712678e-01,2.25356339e-08,1.41846414e-01,8.58153586e-01
4.000000e-08,40.000000,8.000000e-01,5.000000e-08,4.50912728e-01,2.25456364e-08,1.41826561e-01,8.58173439e-01
4.000000e-08,40.000000,8.000000e-01,5.000000e-08,4.51112778e-01,2.25556389e-08,1.41806630e-01,8.58193370e-01
4.000000e-08,40.000000,8.000000e-01,5.000000e-08,4.51312828e-01,2.25656414e-08,1.41786622e-01,8.58213378e-01
4.000000e-08,40.000000,8.000000e-01,5.000000e-08,4.51512878e-01,2.25756439e-08,1.41766536e-01,8.58233464e-01
4.000000e-08,40.000000,8.000000e-01,5.000000e-08,4.51712928e-01,2.25856464e-08,1.41746372e-01,8.58253628e-01
4.000000e-08,40.000000,8.000000e-01,5.000000e-08,4.51912978e-01,2.25956489e-08,1.41726130e-01,8.58273870e-01
4.000000e-08,40.000000,8.000000e-01,5.000000e-08,4.52113028e-01,2.26056514e-08,1.41705811e-01,8.58294189e-01
4.000000e-08,40.000000,8.000000e-01,5.000000e-08,4.52313078e-01,2.26156539e-08,1.41685414e-01,8.58314586e-01
4.000000e-08,40.000000,8.000000e-01,5.000000e-08,4.52513128e-01,2.26256564e-08,1.41664940e-01,8.58335060e-01
4.000000e-08,40.000000,8.000000e-01,5.000000e-08,4.52713178e-01,2.26356589e-08,1.41644387e-01,8.58355613e-01
4.000000e-08,40.000000,8.000000e-01,5.000000e-08,4.52913228e-01,2.26456614e-08,1.41623757e-01,8.58376243e-01
4.000000e-08,40.000000,8.000000e-01,5.000000e-08,4.53113278e-01,2.26556639e-08,1.41603050e-01,8.58396950e-01
4.000000e-08,40.000000,8.000000e-01,5.000000e-08,4.53313328e-01,2.26656664e-08,1.41582264e-01,8.58417736e-01
4.000000e-08,40.000000,8.000000e-01,5.000000e-08,4.53513378e-01,2.26756689e-08,1.41561401e-01,8.58438599e-01
4.000000e-08,40.000000,8.000000e-01,5.000000e-08,4.53713428e-01,2.26856714e-08,1.41540460e-01,8.58459540e-01
4.000000e-08,40.000000,8.000000e-01,5.000000e-08,4.53913478e-01,2.26956739e-08,1.41519442e-01,8.58480558e-01
4.000000e-08,40.000000,8.000000e-01,5.000000e-08,4.54113528e-01,2.27056764e-08,1.41498346e-01,8.58501654e-01
4.000000e-08,40.000000,8.000000e-01,5.000000e-08,4.54313578e-01,2.27156789e-08,1.41477172e-01,8.58522828e-01
4.000000e-08,40.000000,8.000000e-01,5.000000e-08,4.54513628e-01,2.27256814e-08,1.41455921e-01,8.58544079e-01
4.000000e-08,40.000000,8.000000e-01,5.000000e-08,4.54713678e-01,2.27356839e-08,1.41434592e-01,8.58565408e-01
4.000000e-08,40.000000,8.000000e-01,5.000000e-08,4.54913728e-01,2.27456864e-08,1.41413185e-01,8.58586815e-01
4.000000e-08,40.000000,8.000000e-01,5.000000e-08,4.55113778e-01,2.27556889e-08,1.41391701e-01,8.58608299e-01
4.000000e-08,40.000000,8.000000e-01,5.000000e-08,4.55313828e-01,2.27656914e-08,1.41370139e-01,8.58629861e-01
4.000000e-08,40.000000,8.000000e-01,5.000000e-08,4.55513878e-01,2.27756939e-08,1.41348500e-01,8.58651500e-01
4.000000e-08,40.000000,8.000000e-01,5.000000e-08,4.55713928e-01,2.27856964e-08,1.41326782e-01,8.58673218e-01
4.000000e-08,40.000000,8.000000e-01,5.000000e-08,4.55913978e-01,2.27956989e-08,1.41304988e-01,8.58695012e-01
4.000000e-08,40.000000,8.000000e-01,5.000000e-08,4.56114029e-01,2.28057014e-08,1.41283115e-01,8.58716885e-01
4.000000e-08,40.000000,8.000000e-01,5.000000e-08,4.56314079e-01,2.28157039e-08,1.41261165e-01,8.58738835e-01
4.000000e-08,40.000000,8.000000e-01,5.000000e-08,4.56514129e-01,2.28257064e-08,1.41239138e-01,8.58760862e-01
4.000000e-08,40.000000,8.000000e-01,5.000000e-08,4.56714179e-01,2.28357089e-08,1.41217033e-01,8.58782967e-01
4.000000e-08,40.000000,8.000000e-01,5.000000e-08,4.56914229e-01,2.28457114e-08,1.41194850e-01,8.58805150e-01
4.000000e-08,40.000000,8.000000e-01,5.000000e-08,4.57114279e-01,2.28557139e-08,1.41172590e-01,8.58827410e-01
4.000000e-08,40.000000,8.000000e-01,5.000000e-08,4.57314329e-01,2.28657164e-08,1.41150252e-01,8.58849748e-01
4.000000e-08,40.000000,8.000000e-01,5.000000e-08,4.57514379e-01,2.28757189e-08,1.41127836e-01,8.58872164e-01
4.000000e-08,40.000000,8.000000e-01,5.000000e-08,4.57714429e-01,2.28857214e-08,1.41105343e-01,8.58894657e-01
4.000000e-08,40.000000,8.000000e-01,5.000000e-08,4.57914479e-01,2.28957239e-08,1.41082773e-01,8.58917227e-01
4.000000e-08,40.000000,8.000000e-01,5.000000e-08,4.58114529e-01,2.29057264e-08,1.41060124e-01,8.58939876e-01
4.000000e-08,40.000000,8.000000e-01,5.000000e-08,4.58314579e-01,2.29157289e-08,1.41037399e-01,8.58962601e-01
4.000000e-08,40.000000,8.000000e-01,5.000000e-08,4.58514629e-01,2.29257314e-08,1.41014596e-01,8.58985404e-01
4.000000e-08,40.000000,8.000000e-01,5.000000e-08,4.58714679e-01,2.29357339e-08,1.40991715e-01,8.59008285e-01
4.000000e-08,40.000000,8.000000e-01,5.000000e-08,4.58914729e-01,2.29457364e-08,1.40968757e-01,8.59031243e-01
4.000000e-08,40.000000,8.000000e-01,5.000000e-08,4.59114779e-01,2.29557389e-08,1.40945721e-01,8.59054279e-01
4.000000e-08,40.000000,8.000000e-01,5.000000e-08,4.59314829e-01,2.29657414e-08,1.40922608e-01,8.59077392e-01
4.000000e-08,40.000000,8.000000e-01,5.000000e-08,4.59514879e-01,2.29757439e-08,1.40899417e-01,8.59100583e-01
4.000000e-08,40.000000,8.000000e-01,5.000000e-08,4.59714929e-01,2.29857464e-08,1.40876148e-01,8.59123852e-01
4.000000e-08,40.000000,8.000000e-01,5.000000e-08,4.59914979e-01,2.29957489e-08,1.40852803e-01,8.59147197e-01
4.000000e-08,40.000000,8.000000e-01,5.000000e-08,4.60115029e-01,2.30057514e-08,1.40829379e-01,8.59170621e-01
4.000000e-08,40.000000,8.000000e-01,5.000000e-08,4.60315079e-01,2.30157539e-08,1.40805878e-01,8.59194122e-01
4.000000e-08,40.000000,8.000000e-01,5.000000e-08,4.60515129e-01,2.30257564e-08,1.40782300e-01,8.59217700e-01
4.000000e-08,40.000000,8.000000e-01,5.000000e-08,4.60715179e-01,2.30357589e-08,1.40758644e-01,8.59241356e-01
4.000000e-08,40.000000,8.000000e-01,5.000000e-08,4.60915229e-01,2.30457614e-08,1.40734911e-01,8.59265089e-01
4.000000e-08,40.000000,8.000000e-01,5.000000e-08,4.61115279e-01,2.30557639e-08,1.40711100e-01,8.59288900e-01
4.000000e-08,40.000000,8.000000e-01,5.000000e-08,4.61315329e-01,2.30657664e-08,1.40687212e-01,8.59312788e-01
4.000000e-08,40.000000,8.000000e-01,5.000000e-08,4.61515379e-01,2.30757689e-08,1.40663247e-01,8.59336753e-01
4.000000e-08,40.000000,8.000000e-01,5.000000e-08,4.61715429e-01,2.30857714e-08,1.40639204e-01,8.59360796e-01
4.000000e-08,40.000000,8.000000e-01,5.000000e-08,4.61915479e-01,2.30957739e-08,1.40615083e-01,8.59384917e-01
4.000000e-08,40.000000,8.000000e-01,5.000000e-08,4.62115529e-01,2.31057764e-08,1.40590885e-01,8.59409115e-01
4.000000e-08,40.000000,8.000000e-01,5.000000e-08,4.62315579e-01,2.31157789e-08,1.40566610e-01,8.59433390e-01
4.000000e-08,40.000000,8.000000e-01,5.000000e-08,4.62515629e-01,2.31257814e-08,1.40542257e-01,8.59457743e-01
4.000000e-08,40.000000,8.000000e-01,5.000000e-08,4.62715679e-01,2.31357839e-08,1.40517827e-01,8.59482173e-01
4.000000e-08,40.000000,8.000000e-01,5.000000e-08,4.62915729e-01,2.31457864e-08,1.40493319e-01,8.59506681e-01
4.000000e-08,40.000000,8.000000e-01,5.000000e-08,4.63115779e-01,2.31557889e-08,1.40468734e-01,8.59531266e-01
4.000000e-08,40.000000,8.000000e-01,5.000000e-08,4.63315829e-01,2.31657914e-08,1.40444072e-01,8.59555928e-01
4.000000e-08,40.000000,8.000000e-01,5.000000e-08,4.63515879e-01,2.31757939e-08,1.40419332e-01,8.59580668e-01
4.000000e-08,40.000000,8.000000e-01,5.000000e-08,4.63715929e-01,2.31857964e-08,1.40394515e-01,8.59605485e-01
4.000000e-08,40.000000,8.000000e-01,5.000000e-08,4.63915979e-01,2.31957989e-08,1.40369620e-01,8.59630380e-01
4.000000e-08,40.000000,8.000000e-01,5.000000e-08,4.64116029e-01,2.32058015e-08,1.40344648e-01,8.59655352e-01
4.000000e-08,40.000000,8.000000e-01,5.000000e-08,4.64316079e-01,2.32158040e-08,1.40319599e-01,8.59680401e-01
4.000000e-08,40.000000,8.000000e-01,5.000000e-08,4.64516129e-01,2.32258065e-08,1.40294472e-01,8.59705528e-01
4.000000e-08,40.000000,8.000000e-01,5.000000e-08,4.64716179e-01,2.32358090e-08,1.40269268e-01,8.59730732e-01
4.000000e-08,40.000000,8.000000e-01,5.000000e-08,4.64916229e-01,2.32458115e-08,1.40243987e-01,8.59756013e-01
4.000000e-08,40.000000,8.000000e-01,5.000000e-08,4.65116279e-01,2.32558140e-08,1.40218628e-01,8.59781372e-01
4.000000e-08,40.000000,8.000000e-01,5.000000e-08,4.65316329e-01,2.32658165e-08,1.40193192e-01,8.59806808e-01
4.000000e-08,40.000000,8.000000e-01,5.000000e-08,4.65516379e-01,2.32758190e-08,1.40167679e-01,8.59832321e-01
4.000000e-08,40.000000,8.000000e-01,5.000000e-08,4.65716429e-01,2.32858215e-08,1.40142088e-01,8.59857912e-01
4.000000e-08,40.000000,8.000000e-01,5.000000e-08,4.65916479e-01,2.32958240e-08,1.40116420e-01,8.59883580e-01
4.000000e-08,40.000000,8.000000e-01,5.000000e-08,4.66116529e-01,2.33058265e-08,1.40090675e-01,8.59909325e-01
4.000000e-08,40.000000,8.000000e-01,5.000000e-08,4.66316579e-01,2.33158290e-08,1.40064852e-01,8.59935148e-01
4.000000e-08,40.000000,8.000000e-01,5.000000e-08,4.66516629e-01,2.33258315e-08,1.40038952e-01,8.59961048e-01
4.000000e-08,40.000000,8.000000e-01,5.000000e-08,4.66716679e-01,2.33358340e-08,1.40012975e-01,8.59987025e-01
4.000000e-08,40.000000,8.000000e-01,5.000000e-08,4.66916729e-01,2.33458365e-08,1.39986921e-01,8.60013079e-01
4.000000e-08,40.000000,8.000000e-01,5.000000e-08,4.67116779e-01,2.33558390e-08,1.39960789e-01,8.60039211e-01
4.000000e-08,40.000000,8.000000e-01,5.000000e-08,4.67316829e-01,2.33658415e-08,1.39934580e-01,8.60065420e-01
4.000000e-08,40.000000,8.000000e-01,5.000000e-08,4.67516879e-01,2.33758440e-08,1.39908294e-01,8.60091706e-01
4.000000e-08,40.000000,8.000000e-01,5.000000e-08,4.67716929e-01,2.33858465e-08,1.39881930e-01,8.60118070e-01
4.000000e-08,40.000000,8.000000e-01,5.000000e-08,4.67916979e-01,2.33958490e-08,1.39855489e-01,8.60144511e-01
4.000000e-08,40.000000,8.000000e-01,5.000000e-08,4.68117029e-01,2.34058515e-08,1.39828971e-01,8.60171029e-01
4.000000e-08,40.000000,8.000000e-01,5.000000e-08,4.68317079e-01,2.34158540e-08,1.39802376e-01,8.60197624e-01
4.000000e-08,40.000000,8.000000e-01,5.000000e-08,4.68517129e-01,2.34258565e-08,1.39775704e-01,8.60224296e-01
4.000000e-08,40.000000,8.000000e-01,5.000000e-08,4.68717179e-01,2.34358590e-08,1.39748954e-01,8.60251046e-01
4.000000e-08,40.000000,8.000000e-01,5.000000e-08,4.68917229e-01,2.34458615e-08,1.39722127e-01,8.60277873e-01
4.000000e-08,40.000000,8.000000e-01,5.000000e-08,4.69117279e-01,2.34558640e-08,1.39695223e-01,8.60304777e-01
4.000000e-08,40.000000,8.000000e-01,5.000000e-08,4.69317329e-01,2.34658665e-08,1.39668241e-01,8.60331759e-01
4.000000e-08,40.000000,8.000000e-01,5.000000e-08,4.69517379e-01,2.34758690e-08,1.39641183e-01,8.60358817e-01
4.000000e-08,40.000000,8.000000e-01,5.000000e-08,4.69717429e-01,2.34858715e-08,1.39614047e-01,8.60385953e-01
4.000000e-08,40.000000,8.000000e-01,5.000000e-08,4.69917479e-01,2.34958740e-08,1.39586834e-01,8.60413166e-01
4.000000e-08,40.000000,8.000000e-01,5.000000e-08,4.70117529e-01,2.35058765e-08,1.39559544e-01,8.60440456e-01
4.000000e-08,40.000000,8.000000e-01,5.000000e-08,4.70317579e-01,2.35158790e-08,1.39532177e-01,8.60467823e-01
4.000000e-08,40.000000,8.000000e-01,5.000000e-08,4.70517629e-01,2.35258815e-08,1.39504732e-01,8.60495268e-01
4.000000e-08,40.000000,8.000000e-01,5.000000e-08,4.70717679e-01,2.35358840e-08,1.39477211e-01,8.60522789e-01
4.000000e-08,40.000000,8.000000e-01,5.000000e-08,4.70917729e-01,2.35458865e-08,1.39449612e-01,8.60550388e-01
4.000000e-08,40.000000,8.000000e-01,5.000000e-08,4.71117779e-01,2.35558890e-08,1.39421936e-01,8.60578064e-01
4.000000e-08,40.000000,8.000000e-01,5.000000e-08,4.71317829e-01,2.35658915e-08,1.39394183e-01,8.60605817e-01
4.000000e-08,40.000000,8.000000e-01,5.000000e-08,4.71517879e-01,2.35758940e-08,1.39366353e-01,8.60633647e-01
4.000000e-08,40.000000,8.000000e-01,5.000000e-08,4.71717929e-01,2.35858965e-08,1.39338445e-01,8.60661555e-01
4.000000e-08,40.000000,8.000000e-01,5.000000e-08,4.71917979e-01,2.35958990e-08,1.39310461e-01,8.60689539e-01
4.000000e-08,40.000000,8.000000e-01,5.000000e-08,4.72118030e-01,2.36059015e-08,1.39282399e-01,8.60717601e-01
4.000000e-08,40.000000,8.000000e-01,5.000000e-08,4.72318080e-01,2.36159040e-08,1.39254261e-01,8.60745739e-01
4.000000e-08,40.000000,8.000000e-01,5.000000e-08,4.72518130e-01,2.36259065e-08,1.39226045e-01,8.60773955e-01
4.000000e-08,40.000000,8.000000e-01,5.000000e-08,4.72718180e-01,2.36359090e-08,1.39197752e-01,8.60802248e-01
4.000000e-08,40.000000,8.000000e-01,5.000000e-08,4.72918230e-01,2.36459115e-08,1.39169382e-01,8.60830618e-01
4.000000e-08,40.000000,8.000000e-01,5.000000e-08,4.73118280e-01,2.36559140e-08,1.39140936e-01,8.60859064e-01
4.000000e-08,40.000000,8.000000e-01,5.000000e-08,4.73318330e-01,2.36659165e-08,1.39112411e-01,8.60887589e-01
4.000000e-08,40.000000,8.000000e-01,5.000000e-08,4.73518380e-01,2.36759190e-08,1.39083810e-01,8.60916190e-01
4.000000e-08,40.000000,8.000000e-01,5.000000e-08,4.73718430e-01,2.36859215e-08,1.39055132e-01,8.60944868e-01
4.000000e-08,40.000000,8.000000e-01,5.000000e-08,4.73918480e-01,2.36959240e-08,1.39026377e-01,8.60973623e-01
4.000000e-08,40.000000,8.000000e-01,5.000000e-08,4.74118530e-01,2.37059265e-08,1.38997545e-01,8.61002455e-01
4.000000e-08,40.000000,8.000000e-01,5.000000e-08,4.74318580e-01,2.37159290e-08,1.38968636e-01,8.61031364e-01
4.000000e-08,40.000000,8.000000e-01,5.000000e-08,4.74518630e-01,2.37259315e-08,1.38939649e-01,8.61060351e-01
4.000000e-08,40.000000,8.000000e-01,5.000000e-08,4.74718680e-01,2.37359340e-08,1.38910586e-01,8.61089414e-01
4.000000e-08,40.000000,8.000000e-01,5.000000e-08,4.74918730e-01,2.37459365e-08,1.38881446e-01,8.61118554e-01
4.000000e-08,40.000000,8.000000e-01,5.000000e-08,4.75118780e-01,2.37559390e-08,1.38852229e-01,8.61147771e-01
4.000000e-08,40.000000,8.000000e-01,5.000000e-08,4.75318830e-01,2.37659415e-08,1.38822934e-01,8.61177066e-01
4.000000e-08,40.000000,8.000000e-01,5.000000e-08,4.75518880e-01,2.37759440e-08,1.38793563e-01,8.61206437e-01
4.000000e-08,40.000000,8.000000e-01,5.000000e-08,4.75718930e-01,2.37859465e-08,1.38764115e-01,8.61235885e-01
4.000000e-08,40.000000,8.000000e-01,5.000000e-08,4.75918980e-01,2.37959490e-08,1.38734590e-01,8.61265410e-01
4.000000e-08,40.000000,8.000000e-01,5.000000e-08,4.76119030e-01,2.38059515e-08,1.38704987e-01,8.61295013e-01
4.000000e-08,40.000000,8.000000e-01,5.000000e-08,4.76319080e-01,2.38159540e-08,1.38675308e-01,8.61324692e-01
4.000000e-08,40.000000,8.000000e-01,5.000000e-08,4.76519130e-01,2.38259565e-08,1.38645552e-01,8.61354448e-01
4.000000e-08,40.000000,8.000000e-01,5.000000e-08,4.76719180e-01,2.38359590e-08,1.38615719e-01,8.61384281e-01
4.000000e-08,40.000000,8.000000e-01,5.000000e-08,4.76919230e-01,2.38459615e-08,1.38585809e-01,8.61414191e-01
4.000000e-08,40.000000,8.000000e-01,5.000000e-08,4.77119280e-01,2.38559640e-08,1.38555822e-01,8.61444178e-01
4.000000e-08,40.000000,8.000000e-01,5.000000e-08,4.77319330e-01,2.38659665e-08,1.38525758e-01,8.61474242e-01
4.000000e-08,40.000000,8.000000e-01,5.000000e-08,4.77519380e-01,2.38759690e-08,1.38495618e-01,8.61504382e-01
4.000000e-08,40.000000,8.000000e-01,5.000000e-08,4.77719430e-01,2.38859715e-08,1.38465400e-01,8.61534600e-01
4.000000e-08,40.000000,8.000000e-01,5.000000e-08,4.77919480e-01,2.38959740e-08,1.38435106e-01,8.61564894e-01
4.000000e-08,40.000000,8.000000e-01,5.000000e-08,4.78119530e-01,2.39059765e-08,1.38404734e-01,8.61595266e-01
4.000000e-08,40.000000,8.000000e-01,5.000000e-08,4.78319580e-01,2.39159790e-08,1.38374286e-01,8.61625714e-01
4.000000e-08,40.000000,8.000000e-01,5.000000e-08,4.78519630e-01,2.39259815e-08,1.38343761e-01,8.61656239e-01
4.000000e-08,40.000000,8.000000e-01,5.000000e-08,4.78719680e-01,2.39359840e-08,1.38313159e-01,8.61686841e-01
4.000000e-08,40.000000,8.000000e-01,5.000000e-08,4.78919730e-01,2.39459865e-08,1.38282480e-01,8.61717520e-01
4.000000e-08,40.000000,8.000000e-01,5.000000e-08,4.79119780e-01,2.39559890e-08,1.38251724e-01,8.61748276e-01
4.000000e-08,40.000000,8.000000e-01,5.000000e-08,4.79319830e-01,2.39659915e-08,1.38220891e-01,8.61779109e-01
4.000000e-08,40.000000,8.000000e-01,5.000000e-08,4.79519880e-01,2.39759940e-08,1.38189982e-01,8.61810018e-01
4.000000e-08,40.000000,8.000000e-01,5.000000e-08,4.79719930e-01,2.39859965e-08,1.38158996e-01,8.61841004e-01
4.000000e-08,40.000000,8.000000e-01,5.000000e-08,4.79919980e-01,2.39959990e-08,1.38127933e-01,8.61872067e-01
4.000000e-08,40.000000,8.000000e-01,5.000000e-08,4.80120030e-01,2.40060015e-08,1.38096793e-01,8.61903207e-01
4.000000e-08,40.000000,8.000000e-01,5.000000e-08,4.80320080e-01,2.40160040e-08,1.38065576e-01,8.61934424e-01
4.000000e-08,40.000000,8.000000e-01,5.000000e-08,4.80520130e-01,2.40260065e-08,1.38034283e-01,8.61965717e-01
4.000000e-08,40.000000,8.000000e-01,5.000000e-08,4.80720180e-01,2.40360090e-08,1.38002912e-01,8.61997088e-01
4.000000e-08,40.000000,8.000000e-01,5.000000e-08,4.80920230e-01,2.40460115e-08,1.37971465e-01,8.62028535e-01
4.000000e-08,40.000000,8.000000e-01,5.000000e-08,4.81120280e-01,2.40560140e-08,1.37939941e-01,8.62060059e-01
4.000000e-08,40.000000,8.000000e-01,5.000000e-08,4.81320330e-01,2.40660165e-08,1.37908341e-01,8.62091659e-01
4.000000e-08,40.000000,8.000000e-01,5.000000e-08,4.81520380e-01,2.40760190e-08,1.37876663e-01,8.62123337e-01
4.000000e-08,40.000000,8.000000e-01,5.000000e-08,4.81720430e-01,2.40860215e-08,1.37844909e-01,8.62155091e-01
4.000000e-08,40.000000,8.000000e-01,5.000000e-08,4.81920480e-01,2.40960240e-08,1.37813078e-01,8.62186922e-01
4.000000e-08,40.000000,8.000000e-01,5.000000e-08,4.82120530e-01,2.41060265e-08,1.37781171e-01,8.62218829e-01
4.000000e-08,40.000000,8.000000e-01,5.000000e-08,4.82320580e-01,2.41160290e-08,1.37749187e-01,8.62250813e-01
4.000000e-08,40.000000,8.000000e-01,5.000000e-08,4.82520630e-01,2.41260315e-08,1.37717125e-01,8.62282875e-01
4.000000e-08,40.000000,8.000000e-01,5.000000e-08,4.82720680e-01,2.41360340e-08,1.37684988e-01,8.62315012e-01
4.000000e-08,40.000000,8.000000e-01,5.000000e-08,4.82920730e-01,2.41460365e-08,1.37652773e-01,8.62347227e-01
4.000000e-08,40.000000,8.000000e-01,5.000000e-08,4.83120780e-01,2.41560390e-08,1.37620482e-01,8.62379518e-01
4.000000e-08,40.000000,8.000000e-01,5.000000e-08,4.83320830e-01,2.41660415e-08,1.37588114e-01,8.62411886e-01
4.000000e-08,40.000000,8.000000e-01,5.000000e-08,4.83520880e-01,2.41760440e-08,1.37555670e-01,8.62444330e-01
4.000000e-08,40.000000,8.000000e-01,5.000000e-08,4.83720930e-01,2.41860465e-08,1.37523149e-01,8.62476851e-01
4.000000e-08,40.000000,8.000000e-01,5.000000e-08,4.83920980e-01,2.41960490e-08,1.37490551e-01,8.62509449e-01
4.000000e-08,40.000000,8.000000e-01,5.000000e-08,4.84121030e-01,2.42060515e-08,1.37457876e-01,8.62542124e-01
4.000000e-08,40.000000,8.000000e-01,5.000000e-08,4.84321080e-01,2.42160540e-08,1.37425125e-01,8.62574875e-01
4.000000e-08,40.000000,8.000000e-01,5.000000e-08,4.84521130e-01,2.42260565e-08,1.37392297e-01,8.62607703e-01
4.000000e-08,40.000000,8.000000e-01,5.000000e-08,4.84721180e-01,2.42360590e-08,1.37359393e-01,8.62640607e-01
4.000000e-08,40.000000,8.000000e-01,5.000000e-08,4.84921230e-01,2.42460615e-08,1.37326412e-01,8.62673588e-01
4.000000e-08,40.000000,8.000000e-01,5.000000e-08,4.85121280e-01,2.42560640e-08,1.37293354e-01,8.62706646e-01
4.000000e-08,40.000000,8.000000e-01,5.000000e-08,4.85321330e-01,2.42660665e-08,1.37260220e-01,8.62739780e-01
4.000000e-08,40.000000,8.000000e-01,5.000000e-08,4.85521380e-01,2.42760690e-08,1.37227009e-01,8.62772991e-01
4.000000e-08,40.000000,8.000000e-01,5.000000e-08,4.85721430e-01,2.42860715e-08,1.37193722e-01,8.62806278e-01
4.000000e-08,40.000000,8.000000e-01,5.000000e-08,4.85921480e-01,2.42960740e-08,1.37160358e-01,8.62839642e-01
4.000000e-08,40.000000,8.000000e-01,5.000000e-08,4.86121530e-01,2.43060765e-08,1.37126917e-01,8.62873083e-01
4.000000e-08,40.000000,8.000000e-01,5.000000e-08,4.86321580e-01,2.43160790e-08,1.37093400e-01,8.62906600e-01
4.000000e-08,40.000000,8.000000e-01,5.000000e-08,4.86521630e-01,2.43260815e-08,1.37059806e-01,8.62940194e-01
4.000000e-08,40.000000,8.000000e-01,5.000000e-08,4.86721680e-01,2.43360840e-08,1.37026136e-01,8.62973864e-01
4.000000e-08,40.000000,8.000000e-01,5.000000e-08,4.86921730e-01,2.43460865e-08,1.36992389e-01,8.63007611e-01
4.000000e-08,40.000000,8.000000e-01,5.000000e-08,4.87121780e-01,2.43560890e-08,1.36958566e-01,8.63041434e-01
4.000000e-08,40.000000,8.000000e-01,5.000000e-08,4.87321830e-01,2.43660915e-08,1.36924666e-01,8.63075334e-01
4.000000e-08,40.000000,8.000000e-01,5.000000e-08,4.87521880e-01,2.43760940e-08,1.36890690e-01,8.63109310e-01
4.000000e-08,40.000000,8.000000e-01,5.000000e-08,4.87721930e-01,2.43860965e-08,1.36856637e-01,8.63143363e-01
4.000000e-08,40.000000,8.000000e-01,5.000000e-08,4.87921980e-01,2.43960990e-08,1.36822507e-01,8.63177493e-01
4.000000e-08,40.000000,8.000000e-01,5.000000e-08,4.88122031e-01,2.44061015e-08,1.36788302e-01,8.63211698e-01
4.000000e-08,40.000000,8.000000e-01,5.000000e-08,4.88322081e-01,2.44161040e-08,1.36754019e-01,8.63245981e-01
4.000000e-08,40.000000,8.000000e-01,5.000000e-08,4.88522131e-01,2.44261065e-08,1.36719660e-01,8.63280340e-01
4.000000e-08,40.000000,8.000000e-01,5.000000e-08,4.88722181e-01,2.44361090e-08,1.36685225e-01,8.63314775e-01
4.000000e-08,40.000000,8.000000e-01,5.000000e-08,4.88922231e-01,2.44461115e-08,1.36650713e-01,8.63349287e-01
4.000000e-08,40.000000,8.000000e-01,5.000000e-08,4.89122281e-01,2.44561140e-08,1.36616125e-01,8.63383875e-01
4.000000e-08,40.000000,8.000000e-01,5.000000e-08,4.89322331e-01,2.44661165e-08,1.36581461e-01,8.63418539e-01
4.000000e-08,40.000000,8.000000e-01,5.000000e-08,4.89522381e-01,2.44761190e-08,1.36546720e-01,8.63453280e-01
4.000000e-08,40.000000,8.000000e-01,5.000000e-08,4.89722431e-01,2.44861215e-08,1.36511902e-01,8.63488098e-01
4.000000e-08,40.000000,8.000000e-01,5.000000e-08,4.89922481e-01,2.44961240e-08,1.36477008e-01,8.63522992e-01
4.000000e-08,40.000000,8.000000e-01,5.000000e-08,4.90122531e-01,2.45061265e-08,1.36442038e-01,8.63557962e-01
4.000000e-08,40.000000,8.000000e-01,5.000000e-08,4.90322581e-01,2.45161290e-08,1.36406992e-01,8.63593008e-01
4.000000e-08,40.000000,8.000000e-01,5.000000e-08,4.90522631e-01,2.45261315e-08,1.36371868e-01,8.63628132e-01
4.000000e-08,40.000000,8.000000e-01,5.000000e-08,4.90722681e-01,2.45361340e-08,1.36336669e-01,8.63663331e-01
4.000000e-08,40.000000,8.000000e-01,5.000000e-08,4.90922731e-01,2.45461365e-08,1.36301393e-01,8.63698607e-01
4.000000e-08,40.000000,8.000000e-01,5.000000e-08,4.91122781e-01,2.45561390e-08,1.36266041e-01,8.63733959e-01
4.000000e-08,40.000000,8.000000e-01,5.000000e-08,4.91322831e-01,2.45661415e-08,1.36230613e-01,8.63769387e-01
4.000000e-08,40.000000,8.000000e-01,5.000000e-08,4.91522881e-01,2.45761440e-08,1.36195108e-01,8.63804892e-01
4.000000e-08,40.000000,8.000000e-01,5.000000e-08,4.91722931e-01,2.45861465e-08,1.36159527e-01,8.63840473e-01
4.000000e-08,40.000000,8.000000e-01,5.000000e-08,4.91922981e-01,2.45961490e-08,1.36123869e-01,8.63876131e-01
4.000000e-08,40.000000,8.000000e-01,5.000000e-08,4.92123031e-01,2.46061515e-08,1.36088135e-01,8.63911865e-01
4.000000e-08,40.000000,8.000000e-01,5.000000e-08,4.92323081e-01,2.46161540e-08,1.36052325e-01,8.63947675e-01
4.000000e-08,40.000000,8.000000e-01,5.000000e-08,4.92523131e-01,2.46261565e-08,1.36016439e-01,8.63983561e-01
4.000000e-08,40.000000,8.000000e-01,5.000000e-08,4.92723181e-01,2.46361590e-08,1.35980476e-01,8.64019524e-01
4.000000e-08,40.000000,8.000000e-01,5.000000e-08,4.92923231e-01,2.46461615e-08,1.35944437e-01,8.64055563e-01
4.000000e-08,40.000000,8.000000e-01,5.000000e-08,4.93123281e-01,2.46561640e-08,1.35908322e-01,8.64091678e-01
4.000000e-08,40.000000,8.000000e-01,5.000000e-08,4.93323331e-01,2.46661665e-08,1.35872131e-01,8.64127869e-01
4.000000e-08,40.000000,8.000000e-01,5.000000e-08,4.93523381e-01,2.46761690e-08,1.35835863e-01,8.64164137e-01
4.000000e-08,40.000000,8.000000e-01,5.000000e-08,4.93723431e-01,2.46861715e-08,1.35799519e-01,8.64200481e-01
4.000000e-08,40.000000,8.000000e-01,5.000000e-08,4.93923481e-01,2.46961740e-08,1.35763099e-01,8.64236901e-01
4.000000e-08,40.000000,8.000000e-01,5.000000e-08,4.94123531e-01,2.47061765e-08,1.35726602e-01,8.64273398e-01
4.000000e-08,40.000000,8.000000e-01,5.000000e-08,4.94323581e-01,2.47161790e-08,1.35690030e-01,8.64309970e-01
4.000000e-08,40.000000,8.000000e-01,5.000000e-08,4.94523631e-01,2.47261815e-08,1.35653381e-01,8.64346619e-01
4.000000e-08,40.000000,8.000000e-01,5.000000e-08,4.94723681e-01,2.47361840e-08,1.35616656e-01,8.64383344e-01
4.000000e-08,40.000000,8.000000e-01,5.000000e-08,4.94923731e-01,2.47461865e-08,1.35579854e-01,8.64420146e-01
4.000000e-08,40.000000,8.000000e-01,5.000000e-08,4.95123781e-01,2.47561890e-08,1.35542977e-01,8.64457023e-01
4.000000e-08,40.000000,8.000000e-01,5.000000e-08,4.95323831e-01,2.47661915e-08,1.35506023e-01,8.64493977e-01
4.000000e-08,40.000000,8.000000e-01,5.000000e-08,4.95523881e-01,2.47761940e-08,1.35468994e-01,8.64531006e-01
4.000000e-08,40.000000,8.000000e-01,5.000000e-08,4.95723931e-01,2.47861965e-08,1.35431888e-01,8.64568112e-01
4.000000e-08,40.000000,8.000000e-01,5.000000e-08,4.95923981e-01,2.47961990e-08,1.35394706e-01,8.64605294e-01
4.000000e-08,40.000000,8.000000e-01,5.000000e-08,4.96124031e-01,2.48062016e-08,1.35357448e-01,8.64642552e-01
4.000000e-08,40.000000,8.000000e-01,5.000000e-08,4.96324081e-01,2.48162041e-08,1.35320113e-01,8.64679887e-01
4.000000e-08,40.000000,8.000000e-01,5.000000e-08,4.96524131e-01,2.48262066e-08,1.35282703e-01,8.64717297e-01
4.000000e-08,40.000000,8.000000e-01,5.000000e-08,4.96724181e-01,2.48362091e-08,1.35245216e-01,8.64754784e-01
4.000000e-08,40.000000,8.000000e-01,5.000000e-08,4.96924231e-01,2.48462116e-08,1.35207654e-01,8.64792346e-01
4.000000e-08,40.000000,8.000000e-01,5.000000e-08,4.97124281e-01,2.48562141e-08,1.35170015e-01,8.64829985e-01
4.000000e-08,40.000000,8.000000e-01,5.000000e-08,4.97324331e-01,2.48662166e-08,1.35132300e-01,8.64867700e-01
4.000000e-08,40.000000,8.000000e-01,5.000000e-08,4.97524381e-01,2.48762191e-08,1.35094509e-01,8.64905491e-01
4.000000e-08,40.000000,8.000000e-01,5.000000e-08,4.97724431e-01,2.48862216e-08,1.35056643e-01,8.64943357e-01
4.000000e-08,40.000000,8.000000e-01,5.000000e-08,4.97924481e-01,2.48962241e-08,1.35018700e-01,8.64981300e-01
4.000000e-08,40.000000,8.000000e-01,5.000000e-08,4.98124531e-01,2.49062266e-08,1.34980681e-01,8.65019319e-01
4.000000e-08,40.000000,8.000000e-01,5.000000e-08,4.98324581e-01,2.49162291e-08,1.34942586e-01,8.65057414e-01
4.000000e-08,40.000000,8.000000e-01,5.000000e-08,4.98524631e-01,2.49262316e-08,1.34904415e-01,8.65095585e-01
4.000000e-08,40.000000,8.000000e-01,5.000000e-08,4.98724681e-01,2.49362341e-08,1.34866167e-01,8.65133833e-01
4.000000e-08,40.000000,8.000000e-01,5.000000e-08,4.98924731e-01,2.49462366e-08,1.34827844e-01,8.65172156e-01
4.000000e-08,40.000000,8.000000e-01,5.000000e-08,4.99124781e-01,2.49562391e-08,1.34789445e-01,8.65210555e-01
4.000000e-08,40.000000,8.000000e-01,5.000000e-08,4.99324831e-01,2.49662416e-08,1.34750970e-01,8.65249030e-01
4.000000e-08,40.000000,8.000000e-01,5.000000e-08,4.99524881e-01,2.49762441e-08,1.34712419e-01,8.65287581e-01
4.000000e-08,40.000000,8.000000e-01,5.000000e-08,4.99724931e-01,2.49862466e-08,1.34673792e-01,8.65326208e-01
4.000000e-08,40.000000,8.000000e-01,5.000000e-08,4.99924981e-01,2.49962491e-08,1.34635090e-01,8.65364910e-01
4.000000e-08,40.000000,8.000000e-01,5.000000e-08,5.00125031e-01,2.50062516e-08,1.34596311e-01,8.65403689e-01
4.000000e-08,40.000000,8.000000e-01,5.000000e-08,5.00325081e-01,2.50162541e-08,1.34557456e-01,8.65442544e-01
4.000000e-08,40.000000,8.000000e-01,5.000000e-08,5.00525131e-01,2.50262566e-08,1.34518525e-01,8.65481475e-01
4.000000e-08,40.000000,8.000000e-01,5.000000e-08,5.00725181e-01,2.50362591e-08,1.34479519e-01,8.65520481e-01
4.000000e-08,40.000000,8.000000e-01,5.000000e-08,5.00925231e-01,2.50462616e-08,1.34440436e-01,8.65559564e-01
4.000000e-08,40.000000,8.000000e-01,5.000000e-08,5.01125281e-01,2.50562641e-08,1.34401278e-01,8.65598722e-01
4.000000e-08,40.000000,8.000000e-01,5.000000e-08,5.01325331e-01,2.50662666e-08,1.34362043e-01,8.65637957e-01
4.000000e-08,40.000000,8.000000e-01,5.000000e-08,5.01525381e-01,2.50762691e-08,1.34322733e-01,8.65677267e-01
4.000000e-08,40.000000,8.000000e-01,5.000000e-08,5.01725431e-01,2.50862716e-08,1.34283347e-01,8.65716653e-01
4.000000e-08,40.000000,8.000000e-01,5.000000e-08,5.01925481e-01,2.50962741e-08,1.34243885e-01,8.65756115e-01
4.000000e-08,40.000000,8.000000e-01,5.000000e-08,5.02125531e-01,2.51062766e-08,1.34204347e-01,8.65795653e-01
4.000000e-08,40.000000,8.000000e-01,5.000000e-08,5.02325581e-01,2.51162791e-08,1.34164734e-01,8.65835266e-01
4.000000e-08,40.000000,8.000000e-01,5.000000e-08,5.02525631e-01,2.51262816e-08,1.34125044e-01,8.65874956e-01
4.000000e-08,40.000000,8.000000e-01,5.000000e-08,5.02725681e-01,2.51362841e-08,1.34085279e-01,8.65914721e-01
4.000000e-08,40.000000,8.000000e-01,5.000000e-08,5.02925731e-01,2.51462866e-08,1.34045438e-01,8.65954562e-01
4.000000e-08,40.000000,8.000000e-01,5.000000e-08,5.03125781e-01,2.51562891e-08,1.34005521e-01,8.65994479e-01
4.000000e-08,40.000000,8.000000e-01,5.000000e-08,5.03325831e-01,2.51662916e-08,1.33965529e-01,8.66034471e-01
4.000000e-08,40.000000,8.000000e-01,5.000000e-08,5.03525881e-01,2.51762941e-08,1.33925460e-01,8.66074540e-01
4.000000e-08,40.000000,8.000000e-01,5.000000e-08,5.03725931e-01,2.51862966e-08,1.33885316e-01,8.66114684e-01
4.000000e-08,40.000000,8.000000e-01,5.000000e-08,5.03925981e-01,2.51962991e-08,1.33845096e-01,8.66154904e-01
4.000000e-08,40.000000,8.000000e-01,5.000000e-08,5.04126032e-01,2.52063016e-08,1.33804800e-01,8.66195200e-01
4.000000e-08,40.000000,8.000000e-01,5.000000e-08,5.04326082e-01,2.52163041e-08,1.33764429e-01,8.66235571e-01
4.000000e-08,40.000000,8.000000e-01,5.000000e-08,5.04526132e-01,2.52263066e-08,1.33723982e-01,8.66276018e-01
4.000000e-08,40.000000,8.000000e-01,5.000000e-08,5.04726182e-01,2.52363091e-08,1.33683459e-01,8.66316541e-01
4.000000e-08,40.000000,8.000000e-01,5.000000e-08,5.04926232e-01,2.52463116e-08,1.33642860e-01,8.66357140e-01
4.000000e-08,40.000000,8.000000e-01,5.000000e-08,5.05126282e-01,2.52563141e-08,1.33602186e-01,8.66397814e-01
4.000000e-08,40.000000,8.000000e-01,5.000000e-08,5.05326332e-01,2.52663166e-08,1.33561436e-01,8.66438564e-01
4.000000e-08,40.000000,8.000000e-01,5.000000e-08,5.05526382e-01,2.52763191e-08,1.33520611e-01,8.66479389e-01
4.000000e-08,40.000000,8.000000e-01,5.000000e-08,5.05726432e-01,2.52863216e-08,1.33479709e-01,8.66520291e-01
4.000000e-08,40.000000,8.000000e-01,5.000000e-08,5.05926482e-01,2.52963241e-08,1.33438732e-01,8.66561268e-01
4.000000e-08,40.000000,8.000000e-01,5.000000e-08,5.06126532e-01,2.53063266e-08,1.33397680e-01,8.66602320e-01
4.000000e-08,40.000000,8.000000e-01,5.000000e-08,5.06326582e-01,2.53163291e-08,1.33356551e-01,8.66643449e-01
4.000000e-08,40.000000,8.000000e-01,5.000000e-08,5.06526632e-01,2.53263316e-08,1.33315348e-01,8.66684652e-01
4.000000e-08,40.000000,8.000000e-01,5.000000e-08,5.06726682e-01,2.53363341e-08,1.33274068e-01,8.66725932e-01
4.000000e-08,40.000000,8.000000e-01,5.000000e-08,5.06926732e-01,2.53463366e-08,1.33232713e-01,8.66767287e-01
4.000000e-08,40.000000,8.000000e-01,5.000000e-08,5.07126782e-01,2.53563391e-08,1.33191282e-01,8.66808718e-01
4.000000e-08,40.000000,8.000000e-01,5.000000e-08,5.07326832e-01,2.53663416e-08,1.33149776e-01,8.66850224e-01
4.000000e-08,40.000000,8.000000e-01,5.000000e-08,5.07526882e-01,2.53763441e-08,1.33108194e-01,8.66891806e-01
4.000000e-08,40.000000,8.000000e-01,5.000000e-08,5.07726932e-01,2.53863466e-08,1.33066537e-01,8.66933463e-01
4.000000e-08,40.000000,8.000000e-01,5.000000e-08,5.07926982e-01,2.53963491e-08,1.33024804e-01,8.66975196e-01
4.000000e-08,40.000000,8.000000e-01,5.000000e-08,5.08127032e-01,2.54063516e-08,1.32982995e-01,8.67017005e-01
4.000000e-08,40.000000,8.000000e-01,5.000000e-08,5.08327082e-01,2.54163541e-08,1.32941111e-01,8.67058889e-01
4.000000e-08,40.000000,8.000000e-01,5.000000e-08,5.08527132e-01,2.54263566e-08,1.32899152e-01,8.67100848e-01
4.000000e-08,40.000000,8.000000e-01,5.000000e-08,5.08727182e-01,2.54363591e-08,1.32857117e-01,8.67142883e-01
4.000000e-08,40.000000,8.000000e-01,5.000000e-08,5.08927232e-01,2.54463616e-08,1.32815006e-01,8.67184994e-01
4.000000e-08,40.000000,8.000000e-01,5.000000e-08,5.09127282e-01,2.54563641e-08,1.32772820e-01,8.67227180e-01
4.000000e-08,40.000000,8.000000e-01,5.000000e-08,5.09327332e-01,2.54663666e-08,1.32730559e-01,8.67269441e-01
4.000000e-08,40.000000,8.000000e-01,5.000000e-08,5.09527382e-01,2.54763691e-08,1.32688222e-01,8.67311778e-01
4.000000e-08,40.000000,8.000000e-01,5.000000e-08,5.09727432e-01,2.54863716e-08,1.32645809e-01,8.67354191e-01
4.000000e-08,40.000000,8.000000e-01,5.000000e-08,5.09927482e-01,2.54963741e-08,1.32603321e-01,8.67396679e-01
4.000000e-08,40.000000,8.000000e-01,5.000000e-08,5.10127532e-01,2.55063766e-08,1.32560758e-01,8.67439242e-01
4.000000e-08,40.000000,8.000000e-01,5.000000e-08,5.10327582e-01,2.55163791e-08,1.32518119e-01,8.67481881e-01
4.000000e-08,40.000000,8.000000e-01,5.000000e-08,5.10527632e-01,2.55263816e-08,1.32475405e-01,8.67524595e-01
4.000000e-08,40.000000,8.000000e-01,5.000000e-08,5.10727682e-01,2.55363841e-08,1.32432615e-01,8.67567385e-01
4.000000e-08,40.000000,8.000000e-01,5.000000e-08,5.10927732e-01,2.55463866e-08,1.32389750e-01,8.67610250e-01
4.000000e-08,40.000000,8.000000e-01,5.000000e-08,5.11127782e-01,2.55563891e-08,1.32346810e-01,8.67653190e-01
4.000000e-08,40.000000,8.000000e-01,5.000000e-08,5.11327832e-01,2.55663916e-08,1.32303794e-01,8.67696206e-01
4.000000e-08,40.000000,8.000000e-01,5.000000e-08,5.11527882e-01,2.55763941e-08,1.32260703e-01,8.67739297e-01
4.000000e-08,40.000000,8.000000e-01,5.000000e-08,5.11727932e-01,2.55863966e-08,1.32217536e-01,8.67782464e-01
4.000000e-08,40.000000,8.000000e-01,5.000000e-08,5.11927982e-01,2.55963991e-08,1.32174295e-01,8.67825705e-01
4.000000e-08,40.000000,8.000000e-01,5.000000e-08,5.12128032e-01,2.56064016e-08,1.32130977e-01,8.67869023e-01
4.000000e-08,40.000000,8.000000e-01,5.000000e-08,5.12328082e-01,2.56164041e-08,1.32087585e-01,8.67912415e-01
4.000000e-08,40.000000,8.000000e-01,5.000000e-08,5.12528132e-01,2.56264066e-08,1.32044117e-01,8.67955883e-01
4.000000e-08,40.000000,8.000000e-01,5.000000e-08,5.12728182e-01,2.56364091e-08,1.32000574e-01,8.67999426e-01
4.000000e-08,40.000000,8.000000e-01,5.000000e-08,5.12928232e-01,2.56464116e-08,1.31956956e-01,8.68043044e-01
4.000000e-08,40.000000,8.000000e-01,5.000000e-08,5.13128282e-01,2.56564141e-08,1.31913262e-01,8.68086738e-01
4.000000e-08,40.000000,8.000000e-01,5.000000e-08,5.13328332e-01,2.56664166e-08,1.31869493e-01,8.68130507e-01
4.000000e-08,40.000000,8.000000e-01,5.000000e-08,5.13528382e-01,2.56764191e-08,1.31825649e-01,8.68174351e-01
4.000000e-08,40.000000,8.000000e-01,5.000000e-08,5.13728432e-01,2.56864216e-08,1.31781729e-01,8.68218271e-01
4.000000e-08,40.000000,8.000000e-01,5.000000e-08,5.13928482e-01,2.56964241e-08,1.31737735e-01,8.68262265e-01
4.000000e-08,40.000000,8.000000e-01,5.000000e-08,5.14128532e-01,2.57064266e-08,1.31693665e-01,8.68306335e-01
4.000000e-08,40.000000,8.000000e-01,5.000000e-08,5.14328582e-01,2.57164291e-08,1.31649520e-01,8.68350480e-01
4.000000e-08,40.000000,8.000000e-01,5.000000e-08,5.14528632e-01,2.57264316e-08,1.31605299e-01,8.68394701e-01
4.000000e-08,40.000000,8.000000e-01,5.000000e-08,5.14728682e-01,2.57364341e-08,1.31561004e-01,8.68438996e-01
4.000000e-08,40.000000,8.000000e-01,5.000000e-08,5.14928732e-01,2.57464366e-08,1.31516633e-01,8.68483367e-01
4.000000e-08,40.000000,8.000000e-01,5.000000e-08,5.15128782e-01,2.57564391e-08,1.31472187e-01,8.68527813e-01
4.000000e-08,40.000000,8.000000e-01,5.000000e-08,5.15328832e-01,2.57664416e-08,1.31427666e-01,8.68572334e-01
4.000000e-08,40.000000,8.000000e-01,5.000000e-08,5.15528882e-01,2.57764441e-08,1.31383070e-01,8.68616930e-01
4.000000e-08,40.000000,8.000000e-01,5.000000e-08,5.15728932e-01,2.57864466e-08,1.31338399e-01,8.68661601e-01
4.000000e-08,40.000000,8.000000e-01,5.000000e-08,5.15928982e-01,2.57964491e-08,1.31293652e-01,8.68706348e-01
4.000000e-08,40.000000,8.000000e-01,5.000000e-08,5.16129032e-01,2.58064516e-08,1.31248831e-01,8.68751169e-01
4.000000e-08,40.000000,8.000000e-01,5.000000e-08,5.16329082e-01,2.58164541e-08,1.31203934e-01,8.68796066e-01
4.000000e-08,40.000000,8.000000e-01,5.000000e-08,5.16529132e-01,2.58264566e-08,1.31158962e-01,8.68841038e-01
4.000000e-08,40.000000,8.000000e-01,5.000000e-08,5.16729182e-01,2.58364591e-08,1.31113915e-01,8.68886085e-01
4.000000e-08,40.000000,8.000000e-01,5.000000e-08,5.16929232e-01,2.58464616e-08,1.31068794e-01,8.68931206e-01
4.000000e-08,40.000000,8.000000e-01,5.000000e-08,5.17129282e-01,2.58564641e-08,1.31023597e-01,8.68976403e-01
4.000000e-08,40.000000,8.000000e-01,5.000000e-08,5.17329332e-01,2.58664666e-08,1.30978325e-01,8.69021675e-01
4.000000e-08,40.000000,8.000000e-01,5.000000e-08,5.17529382e-01,2.58764691e-08,1.30932978e-01,8.69067022e-01
4.000000e-08,40.000000,8.000000e-01,5.000000e-08,5.17729432e-01,2.58864716e-08,1.30887555e-01,8.69112445e-01
4.000000e-08,40.000000,8.000000e-01,5.000000e-08,5.17929482e-01,2.58964741e-08,1.30842058e-01,8.69157942e-01
4.000000e-08,40.000000,8.000000e-01,5.000000e-08,5.18129532e-01,2.59064766e-08,1.30796486e-01,8.69203514e-01
4.000000e-08,40.000000,8.000000e-01,5.000000e-08,5.18329582e-01,2.59164791e-08,1.30750839e-01,8.69249161e-01
4.000000e-08,40.000000,8.000000e-01,5.000000e-08,5.18529632e-01,2.59264816e-08,1.30705117e-01,8.69294883e-01
4.000000e-08,40.000000,8.000000e-01,5.000000e-08,5.18729682e-01,2.59364841e-08,1.30659320e-01,8.69340680e-01
4.000000e-08,40.000000,8.000000e-01,5.000000e-08,5.18929732e-01,2.59464866e-08,1.30613448e-01,8.69386552e-01
4.000000e-08,40.000000,8.000000e-01,5.000000e-08,5.19129782e-01,2.59564891e-08,1.30567501e-01,8.69432499e-01
4.000000e-08,40.000000,8.000000e-01,5.000000e-08,5.19329832e-01,2.59664916e-08,1.30521479e-01,8.69478521e-01
4.000000e-08,40.000000,8.000000e-01,5.000000e-08,5.19529882e-01,2.59764941e-08,1.30475383e-01,8.69524617e-01
4.000000e-08,40.000000,8.000000e-01,5.000000e-08,5.19729932e-01,2.59864966e-08,1.30429211e-01,8.69570789e-01
4.000000e-08,40.000000,8.000000e-01,5.000000e-08,5.19929982e-01,2.59964991e-08,1.30382964e-01,8.69617036e-01
4.000000e-08,40.000000,8.000000e-01,5.000000e-08,5.20130033e-01,2.60065016e-08,1.30336643e-01,8.69663357e-01
4.000000e-08,40.000000,8.000000e-01,5.000000e-08,5.20330083e-01,2.60165041e-08,1.30290246e-01,8.69709754e-01
4.000000e-08,40.000000,8.000000e-01,5.000000e-08,5.20530133e-01,2.60265066e-08,1.30243775e-01,8.69756225e-01
4.000000e-08,40.000000,8.000000e-01,5.000000e-08,5.20730183e-01,2.60365091e-08,1.30197229e-01,8.69802771e-01
4.000000e-08,40.000000,8.000000e-01,5.000000e-08,5.20930233e-01,2.60465116e-08,1.30150608e-01,8.69849392e-01
4.000000e-08,40.000000,8.000000e-01,5.000000e-08,5.21130283e-01,2.60565141e-08,1.30103912e-01,8.69896088e-01
4.000000e-08,40.000000,8.000000e-01,5.000000e-08,5.21330333e-01,2.60665166e-08,1.30057142e-01,8.69942858e-01
4.000000e-08,40.000000,8.000000e-01,5.000000e-08,5.21530383e-01,2.60765191e-08,1.30010296e-01,8.69989704e-01
4.000000e-08,40.000000,8.000000e-01,5.000000e-08,5.21730433e-01,2.60865216e-08,1.29963376e-01,8.70036624e-01
4.000000e-08,40.000000,8.000000e-01,5.000000e-08,5.21930483e-01,2.60965241e-08,1.29916381e-01,8.70083619e-01
4.000000e-08,40.000000,8.000000e-01,5.000000e-08,5.22130533e-01,2.61065266e-08,1.29869312e-01,8.70130688e-01
4.000000e-08,40.000000,8.000000e-01,5.000000e-08,5.22330583e-01,2.61165291e-08,1.29822167e-01,8.70177833e-01
4.000000e-08,40.000000,8.000000e-01,5.000000e-08,5.22530633e-01,2.61265316e-08,1.29774948e-01,8.70225052e-01
4.000000e-08,40.000000,8.000000e-01,5.000000e-08,5.22730683e-01,2.61365341e-08,1.29727654e-01,8.70272346e-01
4.000000e-08,40.000000,8.000000e-01,5.000000e-08,5.22930733e-01,2.61465366e-08,1.29680285e-01,8.70319715e-01
4.000000e-08,40.000000,8.000000e-01,5.000000e-08,5.23130783e-01,2.61565391e-08,1.29632842e-01,8.70367158e-01
4.000000e-08,40.000000,8.000000e-01,5.000000e-08,5.23330833e-01,2.61665416e-08,1.29585324e-01,8.70414676e-01
4.000000e-08,40.000000,8.000000e-01,5.000000e-08,5.23530883e-01,2.61765441e-08,1.29537731e-01,8.70462269e-01
4.000000e-08,40.000000,8.000000e-01,5.000000e-08,5.23730933e-01,2.61865466e-08,1.29490063e-01,8.70509937e-01
4.000000e-08,40.000000,8.000000e-01,5.000000e-08,5.23930983e-01,2.61965491e-08,1.29442321e-01,8.70557679e-01
4.000000e-08,40.000000,8.000000e-01,5.000000e-08,5.24131033e-01,2.62065516e-08,1.29394504e-01,8.70605496e-01
4.000000e-08,40.000000,8.000000e-01,5.000000e-08,5.24331083e-01,2.62165541e-08,1.29346613e-01,8.70653387e-01
4.000000e-08,40.000000,8.000000e-01,5.000000e-08,5.24531133e-01,2.62265566e-08,1.29298647e-01,8.70701353e-01
4.000000e-08,40.000000,8.000000e-01,5.000000e-08,5.24731183e-01,2.62365591e-08,1.29250606e-01,8.70749394e-01
4.000000e-08,40.000000,8.000000e-01,5.000000e-08,5.24931233e-01,2.62465616e-08,1.29202490e-01,8.70797510e-01
4.000000e-08,40.000000,8.000000e-01,5.000000e-08,5.25131283e-01,2.62565641e-08,1.29154301e-01,8.70845699e-01
4.000000e-08,40.000000,8.000000e-01,5.000000e-08,5.25331333e-01,2.62665666e-08,1.29106036e-01,8.70893964e-01
4.000000e-08,40.000000,8.000000e-01,5.000000e-08,5.25531383e-01,2.62765691e-08,1.29057697e-01,8.70942303e-01
4.000000e-08,40.000000,8.000000e-01,5.000000e-08,5.25731433e-01,2.62865716e-08,1.29009283e-01,8.70990717e-01
4.000000e-08,40.000000,8.000000e-01,5.000000e-08,5.25931483e-01,2.62965741e-08,1.28960795e-01,8.71039205e-01
4.000000e-08,40.000000,8.000000e-01,5.000000e-08,5.26131533e-01,2.63065766e-08,1.28912232e-01,8.71087768e-01
4.000000e-08,40.000000,8.000000e-01,5.000000e-08,5.26331583e-01,2.63165791e-08,1.28863595e-01,8.71136405e-01
4.000000e-08,40.000000,8.000000e-01,5.000000e-08,5.26531633e-01,2.63265816e-08,1.28814883e-01,8.71185117e-01
4.000000e-08,40.000000,8.000000e-01,5.000000e-08,5.26731683e-01,2.63365841e-08,1.28766097e-01,8.71233903e-01
4.000000e-08,40.000000,8.000000e-01,5.000000e-08,5.26931733e-01,2.63465866e-08,1.28717236e-01,8.71282764e-01
4.000000e-08,40.000000,8.000000e-01,5.000000e-08,5.27131783e-01,2.63565891e-08,1.28668301e-01,8.71331699e-01
4.000000e-08,40.000000,8.000000e-01,5.000000e-08,5.27331833e-01,2.63665916e-08,1.28619291e-01,8.71380709e-01
4.000000e-08,40.000000,8.000000e-01,5.000000e-08,5.27531883e-01,2.63765941e-08,1.28570207e-01,8.71429793e-01
4.000000e-08,40.000000,8.000000e-01,5.000000e-08,5.27731933e-01,2.63865966e-08,1.28521048e-01,8.71478952e-01
4.000000e-08,40.000000,8.000000e-01,5.000000e-08,5.27931983e-01,2.63965991e-08,1.28471815e-01,8.71528185e-01
4.000000e-08,40.000000,8.000000e-01,5.000000e-08,5.28132033e-01,2.64066017e-08,1.28422508e-01,8.71577492e-01
4.000000e-08,40.000000,8.000000e-01,5.000000e-08,5.28332083e-01,2.64166042e-08,1.28373126e-01,8.71626874e-01
4.000000e-08,40.000000,8.000000e-01,5.000000e-08,5.28532133e-01,2.64266067e-08,1.28323670e-01,8.71676330e-01
4.000000e-08,40.000000,8.000000e-01,5.000000e-08,5.28732183e-01,2.64366092e-08,1.28274139e-01,8.71725861e-01
4.000000e-08,40.000000,8.000000e-01,5.000000e-08,5.28932233e-01,2.64466117e-08,1.28224534e-01,8.71775466e-01
4.000000e-08,40.000000,8.000000e-01,5.000000e-08,5.29132283e-01,2.64566142e-08,1.28174855e-01,8.71825145e-01
4.000000e-08,40.000000,8.000000e-01,5.000000e-08,5.29332333e-01,2.64666167e-08,1.28125101e-01,8.71874899e-01
4.000000e-08,40.000000,8.000000e-01,5.000000e-08,5.29532383e-01,2.64766192e-08,1.28075273e-01,8.71924727e-01
4.000000e-08,40.000000,8.000000e-01,5.000000e-08,5.29732433e-01,2.64866217e-08,1.28025371e-01,8.71974629e-01
4.000000e-08,40.000000,8.000000e-01,5.000000e-08,5.29932483e-01,2.64966242e-08,1.27975394e-01,8.72024606e-01
4.000000e-08,40.000000,8.000000e-01,5.000000e-08,5.30132533e-01,2.65066267e-08,1.27925343e-01,8.72074657e-01
4.000000e-08,40.000000,8.000000e-01,5.000000e-08,5.30332583e-01,2.65166292e-08,1.27875218e-01,8.72124782e-01
4.000000e-08,40.000000,8.000000e-01,5.000000e-08,5.30532633e-01,2.65266317e-08,1.27825018e-01,8.72174982e-01
4.000000e-08,40.000000,8.000000e-01,5.000000e-08,5.30732683e-01,2.65366342e-08,1.27774745e-01,8.72225255e-01
4.000000e-08,40.000000,8.000000e-01,5.000000e-08,5.30932733e-01,2.65466367e-08,1.27724397e-01,8.72275603e-01
4.000000e-08,40.000000,8.000000e-01,5.000000e-08,5.31132783e-01,2.65566392e-08,1.27673974e-01,8.72326026e-01
4.000000e-08,40.000000,8.000000e-01,5.000000e-08,5.31332833e-01,2.65666417e-08,1.27623478e-01,8.72376522e-01
4.000000e-08,40.000000,8.000000e-01,5.000000e-08,5.31532883e-01,2.65766442e-08,1.27572907e-01,8.72427093e-01
4.000000e-08,40.000000,8.000000e-01,5.000000e-08,5.31732933e-01,2.65866467e-08,1.27522262e-01,8.72477738e-01
4.000000e-08,40.000000,8.000000e-01,5.000000e-08,5.31932983e-01,2.65966492e-08,1.27471543e-01,8.72528457e-01
4.000000e-08,40.000000,8.000000e-01,5.000000e-08,5.32133033e-01,2.66066517e-08,1.27420750e-01,8.72579250e-01
4.000000e-08,40.000000,8.000000e-01,5.000000e-08,5.32333083e-01,2.66166542e-08,1.27369883e-01,8.72630117e-01
4.000000e-08,40.000000,8.000000e-01,5.000000e-08,5.32533133e-01,2.66266567e-08,1.27318941e-01,8.72681059e-01
4.000000e-08,40.000000,8.000000e-01,5.000000e-08,5.32733183e-01,2.66366592e-08,1.27267926e-01,8.72732074e-01
4.000000e-08,40.000000,8.000000e-01,5.000000e-08,5.32933233e-01,2.66466617e-08,1.27216836e-01,8.72783164e-01
4.000000e-08,40.000000,8.000000e-01,5.000000e-08,5.33133283e-01,2.66566642e-08,1.27165672e-01,8.72834328e-01
4.000000e-08,40.000000,8.000000e-01,5.000000e-08,5.33333333e-01,2.66666667e-08,1.27114434e-01,8.72885566e-01
4.000000e-08,40.000000,8.000000e-01,5.000000e-08,5.33533383e-01,2.66766692e-08,1.27063122e-01,8.72936878e-01
4.000000e-08,40.000000,8.000000e-01,5.000000e-08,5.33733433e-01,2.66866717e-08,1.27011736e-01,8.72988264e-01
4.000000e-08,40.000000,8.000000e-01,5.000000e-08,5.33933483e-01,2.66966742e-08,1.26960276e-01,8.73039724e-01
4.000000e-08,40.000000,8.000000e-01,5.000000e-08,5.34133533e-01,2.67066767e-08,1.26908741e-01,8.73091259e-01
4.000000e-08,40.000000,8.000000e-01,5.000000e-08,5.34333583e-01,2.67166792e-08,1.26857133e-01,8.73142867e-01
4.000000e-08,40.000000,8.000000e-01,5.000000e-08,5.34533633e-01,2.67266817e-08,1.26805451e-01,8.73194549e-01
4.000000e-08,40.000000,8.000000e-01,5.000000e-08,5.34733683e-01,2.67366842e-08,1.26753695e-01,8.73246305e-01
4.000000e-08,40.000000,8.000000e-01,5.000000e-08,5.34933733e-01,2.67466867e-08,1.26701864e-01,8.73298136e-01
4.000000e-08,40.000000,8.000000e-01,5.000000e-08,5.35133783e-01,2.67566892e-08,1.26649960e-01,8.73350040e-01
4.000000e-08,40.000000,8.000000e-01,5.000000e-08,5.35333833e-01,2.67666917e-08,1.26597982e-01,8.73402018e-01
4.000000e-08,40.000000,8.000000e-01,5.000000e-08,5.35533883e-01,2.67766942e-08,1.26545930e-01,8.73454070e-01
4.000000e-08,40.000000,8.000000e-01,5.000000e-08,5.35733933e-01,2.67866967e-08,1.26493804e-01,8.73506196e-01
4.000000e-08,40.000000,8.000000e-01,5.000000e-08,5.35933983e-01,2.67966992e-08,1.26441604e-01,8.73558396e-01
4.000000e-08,40.000000,8.000000e-01,5.000000e-08,5.36134034e-01,2.68067017e-08,1.26389330e-01,8.73610670e-01
4.000000e-08,40.000000,8.000000e-01,5.000000e-08,5.36334084e-01,2.68167042e-08,1.26336982e-01,8.73663018e-01
4.000000e-08,40.000000,8.000000e-01,5.000000e-08,5.36534134e-01,2.68267067e-08,1.26284560e-01,8.73715440e-01
4.000000e-08,40.000000,8.000000e-01,5.000000e-08,5.36734184e-01,2.68367092e-08,1.26232065e-01,8.73767935e-01
4.000000e-08,40.000000,8.000000e-01,5.000000e-08,5.36934234e-01,2.68467117e-08,1.26179495e-01,8.73820505e-01
4.000000e-08,40.000000,8.000000e-01,5.000000e-08,5.37134284e-01,2.68567142e-08,1.26126852e-01,8.73873148e-01
4.000000e-08,40.000000,8.000000e-01,5.000000e-08,5.37334334e-01,2.68667167e-08,1.26074135e-01,8.73925865e-01
4.000000e-08,40.000000,8.000000e-01,5.000000e-08,5.37534384e-01,2.68767192e-08,1.26021344e-01,8.73978656e-01
4.000000e-08,40.000000,8.000000e-01,5.000000e-08,5.37734434e-01,2.68867217e-08,1.25968479e-01,8.74031521e-01
4.000000e-08,40.000000,8.000000e-01,5.000000e-08,5.37934484e-01,2.68967242e-08,1.25915540e-01,8.74084460e-01
4.000000e-08,40.000000,8.000000e-01,5.000000e-08,5.38134534e-01,2.69067267e-08,1.25862528e-01,8.74137472e-01
4.000000e-08,40.000000,8.000000e-01,5.000000e-08,5.38334584e-01,2.69167292e-08,1.25809442e-01,8.74190558e-01
4.000000e-08,40.000000,8.000000e-01,5.000000e-08,5.38534634e-01,2.69267317e-08,1.25756282e-01,8.74243718e-01
4.000000e-08,40.000000,8.000000e-01,5.000000e-08,5.38734684e-01,2.69367342e-08,1.25703048e-01,8.74296952e-01
4.000000e-08,40.000000,8.000000e-01,5.000000e-08,5.38934734e-01,2.69467367e-08,1.25649741e-01,8.74350259e-01
4.000000e-08,40.000000,8.000000e-01,5.000000e-08,5.39134784e-01,2.69567392e-08,1.25596360e-01,8.74403640e-01
4.000000e-08,40.000000,8.000000e-01,5.000000e-08,5.39334834e-01,2.69667417e-08,1.25542905e-01,8.74457095e-01
4.000000e-08,40.000000,8.000000e-01,5.000000e-08,5.39534884e-01,2.69767442e-08,1.25489376e-01,8.74510624e-01
4.000000e-08,40.000000,8.000000e-01,5.000000e-08,5.39734934e-01,2.69867467e-08,1.25435774e-01,8.74564226e-01
4.000000e-08,40.000000,8.000000e-01,5.000000e-08,5.39934984e-01,2.69967492e-08,1.25382098e-01,8.74617902e-01
4.000000e-08,40.000000,8.000000e-01,5.000000e-08,5.40135034e-01,2.70067517e-08,1.25328349e-01,8.74671651e-01
4.000000e-08,40.000000,8.000000e-01,5.000000e-08,5.40335084e-01,2.70167542e-08,1.25274525e-01,8.74725475e-01
4.000000e-08,40.000000,8.000000e-01,5.000000e-08,5.40535134e-01,2.70267567e-08,1.25220629e-01,8.74779371e-01
4.000000e-08,40.000000,8.000000e-01,5.000000e-08,5.40735184e-01,2.70367592e-08,1.25166658e-01,8.74833342e-01
4.000000e-08,40.000000,8.000000e-01,5.000000e-08,5.40935234e-01,2.70467617e-08,1.25112614e-01,8.74887386e-01
4.000000e-08,40.000000,8.000000e-01,5.000000e-08,5.41135284e-01,2.70567642e-08,1.25058497e-01,8.74941503e-01
4.000000e-08,40.000000,8.000000e-01,5.000000e-08,5.41335334e-01,2.70667667e-08,1.25004305e-01,8.74995695e-01
4.000000e-08,40.000000,8.000000e-01,5.000000e-08,5.41535384e-01,2.70767692e-08,1.24950041e-01,8.75049959e-01
4.000000e-08,40.000000,8.000000e-01,5.000000e-08,5.41735434e-01,2.70867717e-08,1.24895702e-01,8.75104298e-01
4.000000e-08,40.000000,8.000000e-01,5.000000e-08,5.41935484e-01,2.70967742e-08,1.24841291e-01,8.75158709e-01
4.000000e-08,40.000000,8.000000e-01,5.000000e-08,5.42135534e-01,2.71067767e-08,1.24786805e-01,8.75213195e-01
4.000000e-08,40.000000,8.000000e-01,5.000000e-08,5.42335584e-01,2.71167792e-08,1.24732246e-01,8.75267754e-01
4.000000e-08,40.000000,8.000000e-01,5.000000e-08,5.42535634e-01,2.71267817e-08,1.24677614e-01,8.75322386e-01
4.000000e-08,40.000000,8.000000e-01,5.000000e-08,5.42735684e-01,2.71367842e-08,1.24622908e-01,8.75377092e-01
4.000000e-08,40.000000,8.000000e-01,5.000000e-08,5.42935734e-01,2.71467867e-08,1.24568129e-01,8.75431871e-01
4.000000e-08,40.000000,8.000000e-01,5.000000e-08,5.43135784e-01,2.71567892e-08,1.24513276e-01,8.75486724e-01
4.000000e-08,40.000000,8.000000e-01,5.000000e-08,5.43335834e-01,2.71667917e-08,1.24458350e-01,8.75541650e-01
4.000000e-08,40.000000,8.000000e-01,5.000000e-08,5.43535884e-01,2.71767942e-08,1.24403350e-01,8.75596650e-01
4.000000e-08,40.000000,8.000000e-01,5.000000e-08,5.43735934e-01,2.71867967e-08,1.24348277e-01,8.75651723e-01
4.000000e-08,40.000000,8.000000e-01,5.000000e-08,5.43935984e-01,2.71967992e-08,1.24293131e-01,8.75706869e-01
4.000000e-08,40.000000,8.000000e-01,5.000000e-08,5.44136034e-01,2.72068017e-08,1.24237911e-01,8.75762089e-01
4.000000e-08,40.000000,8.000000e-01,5.000000e-08,5.44336084e-01,2.72168042e-08,1.24182618e-01,8.75817382e-01
4.000000e-08,40.000000,8.000000e-01,5.000000e-08,5.44536134e-01,2.72268067e-08,1.24127251e-01,8.75872749e-01
4.000000e-08,40.000000,8.000000e-01,5.000000e-08,5.44736184e-01,2.72368092e-08,1.24071811e-01,8.75928189e-01
4.000000e-08,40.000000,8.000000e-01,5.000000e-08,5.44936234e-01,2.72468117e-08,1.24016298e-01,8.75983702e-01
4.000000e-08,40.000000,8.000000e-01,5.000000e-08,5.45136284e-01,2.72568142e-08,1.23960712e-01,8.76039288e-01
4.000000e-08,40.000000,8.000000e-01,5.000000e-08,5.45336334e-01,2.72668167e-08,1.23905052e-01,8.76094948e-01
4.000000e-08,40.000000,8.000000e-01,5.000000e-08,5.45536384e-01,2.72768192e-08,1.23849319e-01,8.76150681e-01
4.000000e-08,40.000000,8.000000e-01,5.000000e-08,5.45736434e-01,2.72868217e-08,1.23793512e-01,8.76206488e-01
4.000000e-08,40.000000,8.000000e-01,5.000000e-08,5.45936484e-01,2.72968242e-08,1.23737633e-01,8.76262367e-01
4.000000e-08,40.000000,8.000000e-01,5.000000e-08,5.46136534e-01,2.73068267e-08,1.23681680e-01,8.76318320e-01
4.000000e-08,40.000000,8.000000e-01,5.000000e-08,5.46336584e-01,2.73168292e-08,1.23625654e-01,8.76374346e-01
4.000000e-08,40.000000,8.000000e-01,5.000000e-08,5.46536634e-01,2.73268317e-08,1.23569554e-01,8.76430446e-01
4.000000e-08,40.000000,8.000000e-01,5.000000e-08,5.46736684e-01,2.73368342e-08,1.23513382e-01,8.76486618e-01
4.000000e-08,40.000000,8.000000e-01,5.000000e-08,5.46936734e-01,2.73468367e-08,1.23457136e-01,8.76542864e-01
4.000000e-08,40.000000,8.000000e-01,5.000000e-08,5.47136784e-01,2.73568392e-08,1.23400817e-01,8.76599183e-01
4.000000e-08,40.000000,8.000000e-01,5.000000e-08,5.47336834e-01,2.73668417e-08,1.23344425e-01,8.76655575e-01
4.000000e-08,40.000000,8.000000e-01,5.000000e-08,5.47536884e-01,2.73768442e-08,1.23287959e-01,8.76712041e-01
4.000000e-08,40.000000,8.000000e-01,5.000000e-08,5.47736934e-01,2.73868467e-08,1.23231421e-01,8.76768579e-01
4.000000e-08,40.000000,8.000000e-01,5.000000e-08,5.47936984e-01,2.73968492e-08,1.23174809e-01,8.76825191e-01
4.000000e-08,40.000000,8.000000e-01,5.000000e-08,5.48137034e-01,2.74068517e-08,1.23118125e-01,8.76881875e-01
4.000000e-08,40.000000,8.000000e-01,5.000000e-08,5.48337084e-01,2.74168542e-08,1.23061367e-01,8.76938633e-01
4.000000e-08,40.000000,8.000000e-01,5.000000e-08,5.48537134e-01,2.74268567e-08,1.23004536e-01,8.76995464e-01
4.000000e-08,40.000000,8.000000e-01,5.000000e-08,5.48737184e-01,2.74368592e-08,1.22947632e-01,8.77052368e-01
4.000000e-08,40.000000,8.000000e-01,5.000000e-08,5.48937234e-01,2.74468617e-08,1.22890655e-01,8.77109345e-01
4.000000e-08,40.000000,8.000000e-01,5.000000e-08,5.49137284e-01,2.74568642e-08,1.22833605e-01,8.77166395e-01
4.000000e-08,40.000000,8.000000e-01,5.000000e-08,5.49337334e-01,2.74668667e-08,1.22776482e-01,8.77223518e-01
4.000000e-08,40.000000,8.000000e-01,5.000000e-08,5.49537384e-01,2.74768692e-08,1.22719286e-01,8.77280714e-01
4.000000e-08,40.000000,8.000000e-01,5.000000e-08,5.49737434e-01,2.74868717e-08,1.22662017e-01,8.77337983e-01
4.000000e-08,40.000000,8.000000e-01,5.000000e-08,5.49937484e-01,2.74968742e-08,1.22604675e-01,8.77395325e-01
4.000000e-08,40.000000,8.000000e-01,5.000000e-08,5.50137534e-01,2.75068767e-08,1.22547260e-01,8.77452740e-01
4.000000e-08,40.000000,8.000000e-01,5.000000e-08,5.50337584e-01,2.75168792e-08,1.22489772e-01,8.77510228e-01
4.000000e-08,40.000000,8.000000e-01,5.000000e-08,5.50537634e-01,2.75268817e-08,1.22432211e-01,8.77567789e-01
4.000000e-08,40.000000,8.000000e-01,5.000000e-08,5.50737684e-01,2.75368842e-08,1.22374577e-01,8.77625423e-01
4.000000e-08,40.000000,8.000000e-01,5.000000e-08,5.50937734e-01,2.75468867e-08,1.22316870e-01,8.77683130e-01
4.000000e-08,40.000000,8.000000e-01,5.000000e-08,5.51137784e-01,2.75568892e-08,1.22259091e-01,8.77740909e-01
4.000000e-08,40.000000,8.000000e-01,5.000000e-08,5.51337834e-01,2.75668917e-08,1.22201238e-01,8.77798762e-01
4.000000e-08,40.000000,8.000000e-01,5.000000e-08,5.51537884e-01,2.75768942e-08,1.22143313e-01,8.77856687e-01
4.000000e-08,40.000000,8.000000e-01,5.000000e-08,5.51737934e-01,2.75868967e-08,1.22085315e-01,8.77914685e-01
4.000000e-08,40.000000,8.000000e-01,5.000000e-08,5.51937984e-01,2.75968992e-08,1.22027243e-01,8.77972757e-01
4.000000e-08,40.000000,8.000000e-01,5.000000e-08,5.52138035e-01,2.76069017e-08,1.21969100e-01,8.78030900e-01
4.000000e-08,40.000000,8.000000e-01,5.000000e-08,5.52338085e-01,2.76169042e-08,1.21910883e-01,8.78089117e-01
4.000000e-08,40.000000,8.000000e-01,5.000000e-08,5.52538135e-01,2.76269067e-08,1.21852593e-01,8.78147407e-01
4.000000e-08,40.000000,8.000000e-01,5.000000e-08,5.52738185e-01,2.76369092e-08,1.21794231e-01,8.78205769e-01
4.000000e-08,40.000000,8.000000e-01,5.000000e-08,5.52938235e-01,2.76469117e-08,1.21735796e-01,8.78264204e-01
4.000000e-08,40.000000,8.000000e-01,5.000000e-08,5.53138285e-01,2.76569142e-08,1.21677288e-01,8.78322712e-01
4.000000e-08,40.000000,8.000000e-01,5.000000e-08,5.53338335e-01,2.76669167e-08,1.21618707e-01,8.78381293e-01
4.000000e-08,40.000000,8.000000e-01,5.000000e-08,5.53538385e-01,2.76769192e-08,1.21560054e-01,8.78439946e-01
4.000000e-08,40.000000,8.000000e-01,5.000000e-08,5.53738435e-01,2.76869217e-08,1.21501328e-01,8.78498672e-01
4.000000e-08,40.000000,8.000000e-01,5.000000e-08,5.53938485e-01,2.76969242e-08,1.21442529e-01,8.78557471e-01
4.000000e-08,40.000000,8.000000e-01,5.000000e-08,5.54138535e-01,2.77069267e-08,1.21383658e-01,8.78616342e-01
4.000000e-08,40.000000,8.000000e-01,5.000000e-08,5.54338585e-01,2.77169292e-08,1.21324713e-01,8.78675287e-01
4.000000e-08,40.000000,8.000000e-01,5.000000e-08,5.54538635e-01,2.77269317e-08,1.21265697e-01,8.78734303e-01
4.000000e-08,40.000000,8.000000e-01,5.000000e-08,5.54738685e-01,2.77369342e-08,1.21206607e-01,8.78793393e-01
4.000000e-08,40.000000,8.000000e-01,5.000000e-08,5.54938735e-01,2.77469367e-08,1.21147445e-01,8.78852555e-01
4.000000e-08,40.000000,8.000000e-01,5.000000e-08,5.55138785e-01,2.77569392e-08,1.21088210e-01,8.78911790e-01
4.000000e-08,40.000000,8.000000e-01,5.000000e-08,5.55338835e-01,2.77669417e-08,1.21028903e-01,8.78971097e-01
4.000000e-08,40.000000,8.000000e-01,5.000000e-08,5.55538885e-01,2.77769442e-08,1.20969523e-01,8.79030477e-01
4.000000e-08,40.000000,8.000000e-01,5.000000e-08,5.55738935e-01,2.77869467e-08,1.20910071e-01,8.79089929e-01
4.000000e-08,40.000000,8.000000e-01,5.000000e-08,5.55938985e-01,2.77969492e-08,1.20850546e-01,8.79149454e-01
4.000000e-08,40.000000,8.000000e-01,5.000000e-08,5.56139035e-01,2.78069517e-08,1.20790948e-01,8.79209052e-01
4.000000e-08,40.000000,8.000000e-01,5.000000e-08,5.56339085e-01,2.78169542e-08,1.20731278e-01,8.79268722e-01
4.000000e-08,40.000000,8.000000e-01,5.000000e-08,5.56539135e-01,2.78269567e-08,1.20671536e-01,8.79328464e-01
4.000000e-08,40.000000,8.000000e-01,5.000000e-08,5.56739185e-01,2.78369592e-08,1.20611721e-01,8.79388279e-01
4.000000e-08,40.000000,8.000000e-01,5.000000e-08,5.56939235e-01,2.78469617e-08,1.20551833e-01,8.79448167e-01
4.000000e-08,40.000000,8.000000e-01,5.000000e-08,5.57139285e-01,2.78569642e-08,1.20491873e-01,8.79508127e-01
4.000000e-08,40.000000,8.000000e-01,5.000000e-08,5.57339335e-01,2.78669667e-08,1.20431841e-01,8.79568159e-01
4.000000e-08,40.000000,8.000000e-01,5.000000e-08,5.57539385e-01,2.78769692e-08,1.20371736e-01,8.79628264e-01
4.000000e-08,40.000000,8.000000e-01,5.000000e-08,5.57739435e-01,2.78869717e-08,1.20311559e-01,8.79688441e-01
4.000000e-08,40.000000,8.000000e-01,5.000000e-08,5.57939485e-01,2.78969742e-08,1.20251309e-01,8.79748691e-01
4.000000e-08,40.000000,8.000000e-01,5.000000e-08,5.58139535e-01,2.79069767e-08,1.20190987e-01,8.79809013e-01
4.000000e-08,40.000000,8.000000e-01,5.000000e-08,5.58339585e-01,2.79169792e-08,1.20130592e-01,8.79869408e-01
4.000000e-08,40.000000,8.000000e-01,5.000000e-08,5.58539635e-01,2.79269817e-08,1.20070125e-01,8.79929875e-01
4.000000e-08,40.000000,8.000000e-01,5.000000e-08,5.58739685e-01,2.79369842e-08,1.20009586e-01,8.79990414e-01
4.000000e-08,40.000000,8.000000e-01,5.000000e-08,5.58939735e-01,2.79469867e-08,1.19948975e-01,8.80051025e-01
4.000000e-08,40.000000,8.000000e-01,5.000000e-08,5.59139785e-01,2.79569892e-08,1.19888291e-01,8.80111709e-01
4.000000e-08,40.000000,8.000000e-01,5.000000e-08,5.59339835e-01,2.79669917e-08,1.19827535e-01,8.80172465e-01
4.000000e-08,40.000000,8.000000e-01,5.000000e-08,5.59539885e-01,2.79769942e-08,1.19766706e-01,8.80233294e-01
4.000000e-08,40.000000,8.000000e-01,5.000000e-08,5.59739935e-01,2.79869967e-08,1.19705805e-01,8.80294195e-01
4.000000e-08,40.000000,8.000000e-01,5.000000e-08,5.59939985e-01,2.79969992e-08,1.19644832e-01,8.80355168e-01
4.000000e-08,40.000000,8.000000e-01,5.000000e-08,5.60140035e-01,2.80070018e-08,1.19583787e-01,8.80416213e-01
4.000000e-08,40.000000,8.000000e-01,5.000000e-08,5.60340085e-01,2.80170043e-08,1.19522670e-01,8.80477330e-01
4.000000e-08,40.000000,8.000000e-01,5.000000e-08,5.60540135e-01,2.80270068e-08,1.19461480e-01,8.80538520e-01
4.000000e-08,40.000000,8.000000e-01,5.000000e-08,5.60740185e-01,2.80370093e-08,1.19400218e-01,8.80599782e-01
4.000000e-08,40.000000,8.000000e-01,5.000000e-08,5.60940235e-01,2.80470118e-08,1.19338884e-01,8.80661116e-01
4.000000e-08,40.000000,8.000000e-01,5.000000e-08,5.61140285e-01,2.80570143e-08,1.19277478e-01,8.80722522e-01
4.000000e-08,40.000000,8.000000e-01,5.000000e-08,5.61340335e-01,2.80670168e-08,1.19215999e-01,8.80784001e-01
4.000000e-08,40.000000,8.000000e-01,5.000000e-08,5.61540385e-01,2.80770193e-08,1.19154449e-01,8.80845551e-01
4.000000e-08,40.000000,8.000000e-01,5.000000e-08,5.61740435e-01,2.80870218e-08,1.19092826e-01,8.80907174e-01
4.000000e-08,40.000000,8.000000e-01,5.000000e-08,5.61940485e-01,2.80970243e-08,1.19031131e-01,8.80968869e-01
4.000000e-08,40.000000,8.000000e-01,5.000000e-08,5.62140535e-01,2.81070268e-08,1.18969364e-01,8.81030636e-01
4.000000e-08,40.000000,8.000000e-01,5.000000e-08,5.62340585e-01,2.81170293e-08,1.18907525e-01,8.81092475e-01
4.000000e-08,40.000000,8.000000e-01,5.000000e-08,5.62540635e-01,2.81270318e-08,1.18845614e-01,8.81154386e-01
4.000000e-08,40.000000,8.000000e-01,5.000000e-08,5.62740685e-01,2.81370343e-08,1.18783631e-01,8.81216369e-01
4.000000e-08,40.000000,8.000000e-01,5.000000e-08,5.62940735e-01,2.81470368e-08,1.18721576e-01,8.81278424e-01
4.000000e-08,40.000000,8.000000e-01,5.000000e-08,5.63140785e-01,2.81570393e-08,1.18659449e-01,8.81340551e-01
4.000000e-08,40.000000,8.000000e-01,5.000000e-08,5.63340835e-01,2.81670418e-08,1.18597250e-01,8.81402750e-01
4.000000e-08,40.000000,8.000000e-01,5.000000e-08,5.63540885e-01,2.81770443e-08,1.18534979e-01,8.81465021e-01
4.000000e-08,40.000000,8.000000e-01,5.000000e-08,5.63740935e-01,2.81870468e-08,1.18472636e-01,8.81527364e-01
4.000000e-08,40.000000,8.000000e-01,5.000000e-08,5.63940985e-01,2.81970493e-08,1.18410221e-01,8.81589779e-01
4.000000e-08,40.000000,8.000000e-01,5.000000e-08,5.64141035e-01,2.82070518e-08,1.18347734e-01,8.81652266e-01
4.000000e-08,40.000000,8.000000e-01,5.000000e-08,5.64341085e-01,2.82170543e-08,1.18285175e-01,8.81714825e-01
4.000000e-08,40.000000,8.000000e-01,5.000000e-08,5.64541135e-01,2.82270568e-08,1.18222544e-01,8.81777456e-01
4.000000e-08,40.000000,8.000000e-01,5.000000e-08,5.64741185e-01,2.82370593e-08,1.18159841e-01,8.81840159e-01
4.000000e-08,40.000000,8.000000e-01,5.000000e-08,5.64941235e-01,2.82470618e-08,1.18097067e-01,8.81902933e-01
4.000000e-08,40.000000,8.000000e-01,5.000000e-08,5.65141285e-01,2.82570643e-08,1.18034220e-01,8.81965780e-01
4.000000e-08,40.000000,8.000000e-01,5.000000e-08,5.65341335e-01,2.82670668e-08,1.17971302e-01,8.82028698e-01
4.000000e-08,40.000000,8.000000e-01,5.000000e-08,5.65541385e-01,2.82770693e-08,1.17908312e-01,8.82091688e-01
4.000000e-08,40.000000,8.000000e-01,5.000000e-08,5.65741435e-01,2.82870718e-08,1.17845250e-01,8.82154750e-01
4.000000e-08,40.000000,8.000000e-01,5.000000e-08,5.65941485e-01,2.82970743e-08,1.17782116e-01,8.82217884e-01
4.000000e-08,40.000000,8.000000e-01,5.000000e-08,5.66141535e-01,2.83070768e-08,1.17718910e-01,8.82281090e-01
4.000000e-08,40.000000,8.000000e-01,5.000000e-08,5.66341585e-01,2.83170793e-08,1.17655633e-01,8.82344367e-01
4.000000e-08,40.000000,8.000000e-01,5.000000e-08,5.66541635e-01,2.83270818e-08,1.17592284e-01,8.82407716e-01
4.000000e-08,40.000000,8.000000e-01,5.000000e-08,5.66741685e-01,2.83370843e-08,1.17528863e-01,8.82471137e-01
4.000000e-08,40.000000,8.000000e-01,5.000000e-08,5.66941735e-01,2.83470868e-08,1.17465370e-01,8.82534630e-01
4.000000e-08,40.000000,8.000000e-01,5.000000e-08,5.67141785e-01,2.83570893e-08,1.17401806e-01,8.82598194e-01
4.000000e-08,40.000000,8.000000e-01,5.000000e-08,5.67341835e-01,2.83670918e-08,1.17338170e-01,8.82661830e-01
4.000000e-08,40.000000,8.000000e-01,5.000000e-08,5.67541885e-01,2.83770943e-08,1.17274462e-01,8.82725538e-01
4.000000e-08,40.000000,8.000000e-01,5.000000e-08,5.67741935e-01,2.83870968e-08,1.17210683e-01,8.82789317e-01
4.000000e-08,40.000000,8.000000e-01,5.000000e-08,5.67941985e-01,2.83970993e-08,1.17146832e-01,8.82853168e-01
4.000000e-08,40.000000,8.000000e-01,5.000000e-08,5.68142036e-01,2.84071018e-08,1.17082909e-01,8.82917091e-01
4.000000e-08,40.000000,8.000000e-01,5.000000e-08,5.68342086e-01,2.84171043e-08,1.17018915e-01,8.82981085e-01
4.000000e-08,40.000000,8.000000e-01,5.000000e-08,5.68542136e-01,2.84271068e-08,1.16954849e-01,8.83045151e-01
4.000000e-08,40.000000,8.000000e-01,5.000000e-08,5.68742186e-01,2.84371093e-08,1.16890712e-01,8.83109288e-01
4.000000e-08,40.000000,8.000000e-01,5.000000e-08,5.68942236e-01,2.84471118e-08,1.16826503e-01,8.83173497e-01
4.000000e-08,40.000000,8.000000e-01,5.000000e-08,5.69142286e-01,2.84571143e-08,1.16762222e-01,8.83237778e-01
4.000000e-08,40.000000,8.000000e-01,5.000000e-08,5.69342336e-01,2.84671168e-08,1.16697870e-01,8.83302130e-01
4.000000e-08,40.000000,8.000000e-01,5.000000e-08,5.69542386e-01,2.84771193e-08,1.16633446e-01,8.83366554e-01
4.000000e-08,40.000000,8.000000e-01,5.000000e-08,5.69742436e-01,2.84871218e-08,1.16568951e-01,8.83431049e-01
4.000000e-08,40.000000,8.000000e-01,5.000000e-08,5.69942486e-01,2.84971243e-08,1.16504385e-01,8.83495615e-01
4.000000e-08,40.000000,8.000000e-01,5.000000e-08,5.70142536e-01,2.85071268e-08,1.16439746e-01,8.83560254e-01
4.000000e-08,40.000000,8.000000e-01,5.000000e-08,5.70342586e-01,2.85171293e-08,1.16375037e-01,8.83624963e-01
4.000000e-08,40.000000,8.000000e-01,5.000000e-08,5.70542636e-01,2.85271318e-08,1.16310256e-01,8.83689744e-01
4.000000e-08,40.000000,8.000000e-01,5.000000e-08,5.70742686e-01,2.85371343e-08,1.16245403e-01,8.83754597e-01
4.000000e-08,40.000000,8.000000e-01,5.000000e-08,5.70942736e-01,2.85471368e-08,1.16180480e-01,8.83819520e-01
4.000000e-08,40.000000,8.000000e-01,5.000000e-08,5.71142786e-01,2.85571393e-08,1.16115484e-01,8.83884516e-01
4.000000e-08,40.000000,8.000000e-01,5.000000e-08,5.71342836e-01,2.85671418e-08,1.16050418e-01,8.83949582e-01
4.000000e-08,40.000000,8.000000e-01,5.000000e-08,5.71542886e-01,2.85771443e-08,1.15985280e-01,8.84014720e-01
4.000000e-08,40.000000,8.000000e-01,5.000000e-08,5.71742936e-01,2.85871468e-08,1.15920070e-01,8.84079930e-01
4.000000e-08,40.000000,8.000000e-01,5.000000e-08,5.71942986e-01,2.85971493e-08,1.15854790e-01,8.84145210e-01
4.000000e-08,40.000000,8.000000e-01,5.000000e-08,5.72143036e-01,2.86071518e-08,1.15789437e-01,8.84210563e-01
4.000000e-08,40.000000,8.000000e-01,5.000000e-08,5.72343086e-01,2.86171543e-08,1.15724014e-01,8.84275986e-01
4.000000e-08,40.000000,8.000000e-01,5.000000e-08,5.72543136e-01,2.86271568e-08,1.15658520e-01,8.84341480e-01
4.000000e-08,40.000000,8.000000e-01,5.000000e-08,5.72743186e-01,2.86371593e-08,1.15592954e-01,8.84407046e-01
4.000000e-08,40.000000,8.000000e-01,5.000000e-08,5.72943236e-01,2.86471618e-08,1.15527317e-01,8.84472683e-01
4.000000e-08,40.000000,8.000000e-01,5.000000e-08,5.73143286e-01,2.86571643e-08,1.15461608e-01,8.84538392e-01
4.000000e-08,40.000000,8.000000e-01,5.000000e-08,5.73343336e-01,2.86671668e-08,1.15395829e-01,8.84604171e-01
4.000000e-08,40.000000,8.000000e-01,5.000000e-08,5.73543386e-01,2.86771693e-08,1.15329978e-01,8.84670022e-01
4.000000e-08,40.000000,8.000000e-01,5.000000e-08,5.73743436e-01,2.86871718e-08,1.15264056e-01,8.84735944e-01
4.000000e-08,40.000000,8.000000e-01,5.000000e-08,5.73943486e-01,2.86971743e-08,1.15198063e-01,8.84801937e-01
4.000000e-08,40.000000,8.000000e-01,5.000000e-08,5.74143536e-01,2.87071768e-08,1.15131998e-01,8.84868002e-01
4.000000e-08,40.000000,8.000000e-01,5.000000e-08,5.74343586e-01,2.87171793e-08,1.15065863e-01,8.84934137e-01
4.000000e-08,40.000000,8.000000e-01,5.000000e-08,5.74543636e-01,2.87271818e-08,1.14999656e-01,8.85000344e-01
4.000000e-08,40.000000,8.000000e-01,5.000000e-08,5.74743686e-01,2.87371843e-08,1.14933378e-01,8.85066622e-01
4.000000e-08,40.000000,8.000000e-01,5.000000e-08,5.74943736e-01,2.87471868e-08,1.14867030e-01,8.85132970e-01
4.000000e-08,40.000000,8.000000e-01,5.000000e-08,5.75143786e-01,2.87571893e-08,1.14800610e-01,8.85199390e-01
4.000000e-08,40.000000,8.000000e-01,5.000000e-08,5.75343836e-01,2.87671918e-08,1.14734119e-01,8.85265881e-01
4.000000e-08,40.000000,8.000000e-01,5.000000e-08,5.75543886e-01,2.87771943e-08,1.14667557e-01,8.85332443e-01
4.000000e-08,40.000000,8.000000e-01,5.000000e-08,5.75743936e-01,2.87871968e-08,1.14600924e-01,8.85399076e-01
4.000000e-08,40.000000,8.000000e-01,5.000000e-08,5.75943986e-01,2.87971993e-08,1.14534220e-01,8.85465780e-01
4.000000e-08,40.000000,8.000000e-01,5.000000e-08,5.76144036e-01,2.88072018e-08,1.14467445e-01,8.85532555e-01
4.000000e-08,40.000000,8.000000e-01,5.000000e-08,5.76344086e-01,2.88172043e-08,1.14400599e-01,8.85599401e-01
4.000000e-08,40.000000,8.000000e-01,5.000000e-08,5.76544136e-01,2.88272068e-08,1.14333682e-01,8.85666318e-01
4.000000e-08,40.000000,8.000000e-01,5.000000e-08,5.76744186e-01,2.88372093e-08,1.14266694e-01,8.85733306e-01
4.000000e-08,40.000000,8.000000e-01,5.000000e-08,5.76944236e-01,2.88472118e-08,1.14199635e-01,8.85800365e-01
4.000000e-08,40.000000,8.000000e-01,5.000000e-08,5.77144286e-01,2.88572143e-08,1.14132505e-01,8.85867495e-01
4.000000e-08,40.000000,8.000000e-01,5.000000e-08,5.77344336e-01,2.88672168e-08,1.14065304e-01,8.85934696e-01
4.000000e-08,40.000000,8.000000e-01,5.000000e-08,5.77544386e-01,2.88772193e-08,1.13998033e-01,8.86001967e-01
4.000000e-08,40.000000,8.000000e-01,5.000000e-08,5.77744436e-01,2.88872218e-08,1.13930690e-01,8.86069310e-01
4.000000e-08,40.000000,8.000000e-01,5.000000e-08,5.77944486e-01,2.88972243e-08,1.13863277e-01,8.86136723e-01
4.000000e-08,40.000000,8.000000e-01,5.000000e-08,5.78144536e-01,2.89072268e-08,1.13795793e-01,8.86204207e-01
4.000000e-08,40.000000,8.000000e-01,5.000000e-08,5.78344586e-01,2.89172293e-08,1.13728238e-01,8.86271762e-01
4.000000e-08,40.000000,8.000000e-01,5.000000e-08,5.78544636e-01,2.89272318e-08,1.13660612e-01,8.86339388e-01
4.000000e-08,40.000000,8.000000e-01,5.000000e-08,5.78744686e-01,2.89372343e-08,1.13592916e-01,8.86407084e-01
4.000000e-08,40.000000,8.000000e-01,5.000000e-08,5.78944736e-01,2.89472368e-08,1.13525149e-01,8.86474851e-01
4.000000e-08,40.000000,8.000000e-01,5.000000e-08,5.79144786e-01,2.89572393e-08,1.13457311e-01,8.86542689e-01
4.000000e-08,40.000000,8.000000e-01,5.000000e-08,5.79344836e-01,2.89672418e-08,1.13389402e-01,8.86610598e-01
4.000000e-08,40.000000,8.000000e-01,5.000000e-08,5.79544886e-01,2.89772443e-08,1.13321422e-01,8.86678578e-01
4.000000e-08,40.000000,8.000000e-01,5.000000e-08,5.79744936e-01,2.89872468e-08,1.13253372e-01,8.86746628e-01
4.000000e-08,40.000000,8.000000e-01,5.000000e-08,5.79944986e-01,2.89972493e-08,1.13185251e-01,8.86814749e-01
4.000000e-08,40.000000,8.000000e-01,5.000000e-08,5.80145036e-01,2.90072518e-08,1.13117060e-01,8.86882940e-01
4.000000e-08,40.000000,8.000000e-01,5.000000e-08,5.80345086e-01,2.90172543e-08,1.13048798e-01,8.86951202e-01
4.000000e-08,40.000000,8.000000e-01,5.000000e-08,5.80545136e-01,2.90272568e-08,1.12980465e-01,8.87019535e-01
4.000000e-08,40.000000,8.000000e-01,5.000000e-08,5.80745186e-01,2.90372593e-08,1.12912061e-01,8.87087939e-01
4.000000e-08,40.000000,8.000000e-01,5.000000e-08,5.80945236e-01,2.90472618e-08,1.12843587e-01,8.87156413e-01
4.000000e-08,40.000000,8.000000e-01,5.000000e-08,5.81145286e-01,2.90572643e-08,1.12775043e-01,8.87224957e-01
4.000000e-08,40.000000,8.000000e-01,5.000000e-08,5.81345336e-01,2.90672668e-08,1.12706427e-01,8.87293573e-01
4.000000e-08,40.000000,8.000000e-01,5.000000e-08,5.81545386e-01,2.90772693e-08,1.12637742e-01,8.87362258e-01
4.000000e-08,40.000000,8.000000e-01,5.000000e-08,5.81745436e-01,2.90872718e-08,1.12568985e-01,8.87431015e-01
4.000000e-08,40.000000,8.000000e-01,5.000000e-08,5.81945486e-01,2.90972743e-08,1.12500159e-01,8.87499841e-01
4.000000e-08,40.000000,8.000000e-01,5.000000e-08,5.82145536e-01,2.91072768e-08,1.12431261e-01,8.87568739e-01
4.000000e-08,40.000000,8.000000e-01,5.000000e-08,5.82345586e-01,2.91172793e-08,1.12362293e-01,8.87637707e-01
4.000000e-08,40.000000,8.000000e-01,5.000000e-08,5.82545636e-01,2.91272818e-08,1.12293255e-01,8.87706745e-01
4.000000e-08,40.000000,8.000000e-01,5.000000e-08,5.82745686e-01,2.91372843e-08,1.12224146e-01,8.87775854e-01
4.000000e-08,40.000000,8.000000e-01,5.000000e-08,5.82945736e-01,2.91472868e-08,1.12154967e-01,8.87845033e-01
4.000000e-08,40.000000,8.000000e-01,5.000000e-08,5.83145786e-01,2.91572893e-08,1.12085718e-01,8.87914282e-01
4.000000e-08,40.000000,8.000000e-01,5.000000e-08,5.83345836e-01,2.91672918e-08,1.12016398e-01,8.87983602e-01
4.000000e-08,40.000000,8.000000e-01,5.000000e-08,5.83545886e-01,2.91772943e-08,1.11947007e-01,8.88052993e-01
4.000000e-08,40.000000,8.000000e-01,5.000000e-08,5.83745936e-01,2.91872968e-08,1.11877547e-01,8.88122453e-01
4.000000e-08,40.000000,8.000000e-01,5.000000e-08,5.83945986e-01,2.91972993e-08,1.11808016e-01,8.88191984e-01
4.000000e-08,40.000000,8.000000e-01,5.000000e-08,5.84146037e-01,2.92073018e-08,1.11738414e-01,8.88261586e-01
4.000000e-08,40.000000,8.000000e-01,5.000000e-08,5.84346087e-01,2.92173043e-08,1.11668742e-01,8.88331258e-01
4.000000e-08,40.000000,8.000000e-01,5.000000e-08,5.84546137e-01,2.92273068e-08,1.11599000e-01,8.88401000e-01
4.000000e-08,40.000000,8.000000e-01,5.000000e-08,5.84746187e-01,2.92373093e-08,1.11529188e-01,8.88470812e-01
4.000000e-08,40.000000,8.000000e-01,5.000000e-08,5.84946237e-01,2.92473118e-08,1.11459305e-01,8.88540695e-01
4.000000e-08,40.000000,8.000000e-01,5.000000e-08,5.85146287e-01,2.92573143e-08,1.11389353e-01,8.88610647e-01
4.000000e-08,40.000000,8.000000e-01,5.000000e-08,5.85346337e-01,2.92673168e-08,1.11319330e-01,8.88680670e-01
4.000000e-08,40.000000,8.000000e-01,5.000000e-08,5.85546387e-01,2.92773193e-08,1.11249236e-01,8.88750764e-01
4.000000e-08,40.000000,8.000000e-01,5.000000e-08,5.85746437e-01,2.92873218e-08,1.11179073e-01,8.88820927e-01
4.000000e-08,40.000000,8.000000e-01,5.000000e-08,5.85946487e-01,2.92973243e-08,1.11108839e-01,8.88891161e-01
4.000000e-08,40.000000,8.000000e-01,5.000000e-08,5.86146537e-01,2.93073268e-08,1.11038535e-01,8.88961465e-01
4.000000e-08,40.000000,8.000000e-01,5.000000e-08,5.86346587e-01,2.93173293e-08,1.10968161e-01,8.89031839e-01
4.000000e-08,40.000000,8.000000e-01,5.000000e-08,5.86546637e-01,2.93273318e-08,1.10897717e-01,8.89102283e-01
4.000000e-08,40.000000,8.000000e-01,5.000000e-08,5.86746687e-01,2.93373343e-08,1.10827203e-01,8.89172797e-01
4.000000e-08,40.000000,8.000000e-01,5.000000e-08,5.86946737e-01,2.93473368e-08,1.10756619e-01,8.89243381e-01
4.000000e-08,40.000000,8.000000e-01,5.000000e-08,5.87146787e-01,2.93573393e-08,1.10685964e-01,8.89314036e-01
4.000000e-08,40.000000,8.000000e-01,5.000000e-08,5.87346837e-01,2.93673418e-08,1.10615240e-01,8.89384760e-01
4.000000e-08,40.000000,8.000000e-01,5.000000e-08,5.87546887e-01,2.93773443e-08,1.10544446e-01,8.89455554e-01
4.000000e-08,40.000000,8.000000e-01,5.000000e-08,5.87746937e-01,2.93873468e-08,1.10473581e-01,8.89526419e-01
4.000000e-08,40.000000,8.000000e-01,5.000000e-08,5.87946987e-01,2.93973493e-08,1.10402646e-01,8.89597354e-01
4.000000e-08,40.000000,8.000000e-01,5.000000e-08,5.88147037e-01,2.94073518e-08,1.10331642e-01,8.89668358e-01
4.000000e-08,40.000000,8.000000e-01,5.000000e-08,5.88347087e-01,2.94173543e-08,1.10260567e-01,8.89739433e-01
4.000000e-08,40.000000,8.000000e-01,5.000000e-08,5.88547137e-01,2.94273568e-08,1.10189423e-01,8.89810577e-01
4.000000e-08,40.000000,8.000000e-01,5.000000e-08,5.88747187e-01,2.94373593e-08,1.10118209e-01,8.89881791e-01
4.000000e-08,40.000000,8.000000e-01,5.000000e-08,5.88947237e-01,2.94473618e-08,1.10046924e-01,8.89953076e-01
4.000000e-08,40.000000,8.000000e-01,5.000000e-08,5.89147287e-01,2.94573643e-08,1.09975570e-01,8.90024430e-01
4.000000e-08,40.000000,8.000000e-01,5.000000e-08,5.89347337e-01,2.94673668e-08,1.09904146e-01,8.90095854e-01
4.000000e-08,40.000000,8.000000e-01,5.000000e-08,5.89547387e-01,2.94773693e-08,1.09832652e-01,8.90167348e-01
4.000000e-08,40.000000,8.000000e-01,5.000000e-08,5.89747437e-01,2.94873718e-08,1.09761088e-01,8.90238912e-01
4.000000e-08,40.000000,8.000000e-01,5.000000e-08,5.89947487e-01,2.94973743e-08,1.09689455e-01,8.90310545e-01
4.000000e-08,40.000000,8.000000e-01,5.000000e-08,5.90147537e-01,2.95073768e-08,1.09617751e-01,8.90382249e-01
4.000000e-08,40.000000,8.000000e-01,5.000000e-08,5.90347587e-01,2.95173793e-08,1.09545978e-01,8.90454022e-01
4.000000e-08,40.000000,8.000000e-01,5.000000e-08,5.90547637e-01,2.95273818e-08,1.09474135e-01,8.90525865e-01
4.000000e-08,40.000000,8.000000e-01,5.000000e-08,5.90747687e-01,2.95373843e-08,1.09402222e-01,8.90597778e-01
4.000000e-08,40.000000,8.000000e-01,5.000000e-08,5.90947737e-01,2.95473868e-08,1.09330239e-01,8.90669761e-01
4.000000e-08,40.000000,8.000000e-01,5.000000e-08,5.91147787e-01,2.95573893e-08,1.09258187e-01,8.90741813e-01
4.000000e-08,40.000000,8.000000e-01,5.000000e-08,5.91347837e-01,2.95673918e-08,1.09186065e-01,8.90813935e-01
4.000000e-08,40.000000,8.000000e-01,5.000000e-08,5.91547887e-01,2.95773943e-08,1.09113873e-01,8.90886127e-01
4.000000e-08,40.000000,8.000000e-01,5.000000e-08,5.91747937e-01,2.95873968e-08,1.09041612e-01,8.90958388e-01
4.000000e-08,40.000000,8.000000e-01,5.000000e-08,5.91947987e-01,2.95973993e-08,1.08969281e-01,8.91030719e-01
4.000000e-08,40.000000,8.000000e-01,5.000000e-08,5.92148037e-01,2.96074019e-08,1.08896880e-01,8.91103120e-01
4.000000e-08,40.000000,8.000000e-01,5.000000e-08,5.92348087e-01,2.96174044e-08,1.08824410e-01,8.91175590e-01
4.000000e-08,40.000000,8.000000e-01,5.000000e-08,5.92548137e-01,2.96274069e-08,1.08751870e-01,8.91248130e-01
4.000000e-08,40.000000,8.000000e-01,5.000000e-08,5.92748187e-01,2.96374094e-08,1.08679260e-01,8.91320740e-01
4.000000e-08,40.000000,8.000000e-01,5.000000e-08,5.92948237e-01,2.96474119e-08,1.08606581e-01,8.91393419e-01
4.000000e-08,40.000000,8.000000e-01,5.000000e-08,5.93148287e-01,2.96574144e-08,1.08533832e-01,8.91466168e-01
4.000000e-08,40.000000,8.000000e-01,5.000000e-08,5.93348337e-01,2.96674169e-08,1.08461014e-01,8.91538986e-01
4.000000e-08,40.000000,8.000000e-01,5.000000e-08,5.93548387e-01,2.96774194e-08,1.08388126e-01,8.91611874e-01
4.000000e-08,40.000000,8.000000e-01,5.000000e-08,5.93748437e-01,2.96874219e-08,1.08315169e-01,8.91684831e-01
4.000000e-08,40.000000,8.000000e-01,5.000000e-08,5.93948487e-01,2.96974244e-08,1.08242142e-01,8.91757858e-01
4.000000e-08,40.000000,8.000000e-01,5.000000e-08,5.94148537e-01,2.97074269e-08,1.08169046e-01,8.91830954e-01
4.000000e-08,40.000000,8.000000e-01,5.000000e-08,5.94348587e-01,2.97174294e-08,1.08095880e-01,8.91904120e-01
4.000000e-08,40.000000,8.000000e-01,5.000000e-08,5.94548637e-01,2.97274319e-08,1.08022645e-01,8.91977355e-01
4.000000e-08,40.000000,8.000000e-01,5.000000e-08,5.94748687e-01,2.97374344e-08,1.07949341e-01,8.92050659e-01
4.000000e-08,40.000000,8.000000e-01,5.000000e-08,5.94948737e-01,2.97474369e-08,1.07875967e-01,8.92124033e-01
4.000000e-08,40.000000,8.000000e-01,5.000000e-08,5.95148787e-01,2.97574394e-08,1.07802523e-01,8.92197477e-01
4.000000e-08,40.000000,8.000000e-01,5.000000e-08,5.95348837e-01,2.97674419e-08,1.07729011e-01,8.92270989e-01
4.000000e-08,40.000000,8.000000e-01,5.000000e-08,5.95548887e-01,2.97774444e-08,1.07655429e-01,8.92344571e-01
4.000000e-08,40.000000,8.000000e-01,5.000000e-08,5.95748937e-01,2.97874469e-08,1.07581777e-01,8.92418223e-01
4.000000e-08,40.000000,8.000000e-01,5.000000e-08,5.95948987e-01,2.97974494e-08,1.07508057e-01,8.92491943e-01
4.000000e-08,40.000000,8.000000e-01,5.000000e-08,5.96149037e-01,2.98074519e-08,1.07434267e-01,8.92565733e-01
4.000000e-08,40.000000,8.000000e-01,5.000000e-08,5.96349087e-01,2.98174544e-08,1.07360408e-01,8.92639592e-01
4.000000e-08,40.000000,8.000000e-01,5.000000e-08,5.96549137e-01,2.98274569e-08,1.07286479e-01,8.92713521e-01
4.000000e-08,40.000000,8.000000e-01,5.000000e-08,5.96749187e-01,2.98374594e-08,1.07212482e-01,8.92787518e-01
4.000000e-08,40.000000,8.000000e-01,5.000000e-08,5.96949237e-01,2.98474619e-08,1.07138415e-01,8.92861585e-01
4.000000e-08,40.000000,8.000000e-01,5.000000e-08,5.97149287e-01,2.98574644e-08,1.07064279e-01,8.92935721e-01
4.000000e-08,40.000000,8.000000e-01,5.000000e-08,5.97349337e-01,2.98674669e-08,1.06990073e-01,8.93009927e-01
4.000000e-08,40.000000,8.000000e-01,5.000000e-08,5.97549387e-01,2.98774694e-08,1.06915799e-01,8.93084201e-01
4.000000e-08,40.000000,8.000000e-01,5.000000e-08,5.97749437e-01,2.98874719e-08,1.06841455e-01,8.93158545e-01
4.000000e-08,40.000000,8.000000e-01,5.000000e-08,5.97949487e-01,2.98974744e-08,1.06767042e-01,8.93232958e-01
4.000000e-08,40.000000,8.000000e-01,5.000000e-08,5.98149537e-01,2.99074769e-08,1.06692561e-01,8.93307439e-01
4.000000e-08,40.000000,8.000000e-01,5.000000e-08,5.98349587e-01,2.99174794e-08,1.06618010e-01,8.93381990e-01
4.000000e-08,40.000000,8.000000e-01,5.000000e-08,5.98549637e-01,2.99274819e-08,1.06543390e-01,8.93456610e-01
4.000000e-08,40.000000,8.000000e-01,5.000000e-08,5.98749687e-01,2.99374844e-08,1.06468701e-01,8.93531299e-01
4.000000e-08,40.000000,8.000000e-01,5.000000e-08,5.98949737e-01,2.99474869e-08,1.06393942e-01,8.93606058e-01
4.000000e-08,40.000000,8.000000e-01,5.000000e-08,5.99149787e-01,2.99574894e-08,1.06319115e-01,8.93680885e-01
4.000000e-08,40.000000,8.000000e-01,5.000000e-08,5.99349837e-01,2.99674919e-08,1.06244219e-01,8.93755781e-01
4.000000e-08,40.000000,8.000000e-01,5.000000e-08,5.99549887e-01,2.99774944e-08,1.06169254e-01,8.93830746e-01
4.000000e-08,40.000000,8.000000e-01,5.000000e-08,5.99749937e-01,2.99874969e-08,1.06094220e-01,8.93905780e-01
4.000000e-08,40.000000,8.000000e-01,5.000000e-08,5.99949987e-01,2.99974994e-08,1.06019117e-01,8.93980883e-01
4.000000e-08,40.000000,8.000000e-01,5.000000e-08,6.00150038e-01,3.00075019e-08,1.05943945e-01,8.94056055e-01
4.000000e-08,40.000000,8.000000e-01,5.000000e-08,6.00350088e-01,3.00175044e-08,1.05868704e-01,8.94131296e-01
4.000000e-08,40.000000,8.000000e-01,5.000000e-08,6.00550138e-01,3.00275069e-08,1.05793394e-01,8.94206606e-01
4.000000e-08,40.000000,8.000000e-01,5.000000e-08,6.00750188e-01,3.00375094e-08,1.05718015e-01,8.94281985e-01
4.000000e-08,40.000000,8.000000e-01,5.000000e-08,6.00950238e-01,3.00475119e-08,1.05642568e-01,8.94357432e-01
4.000000e-08,40.000000,8.000000e-01,5.000000e-08,6.01150288e-01,3.00575144e-08,1.05567052e-01,8.94432948e-01
4.000000e-08,40.000000,8.000000e-01,5.000000e-08,6.01350338e-01,3.00675169e-08,1.05491466e-01,8.94508534e-01
4.000000e-08,40.000000,8.000000e-01,5.000000e-08,6.01550388e-01,3.00775194e-08,1.05415812e-01,8.94584188e-01
4.000000e-08,40.000000,8.000000e-01,5.000000e-08,6.01750438e-01,3.00875219e-08,1.05340090e-01,8.94659910e-01
4.000000e-08,40.000000,8.000000e-01,5.000000e-08,6.01950488e-01,3.00975244e-08,1.05264298e-01,8.94735702e-01
4.000000e-08,40.000000,8.000000e-01,5.000000e-08,6.02150538e-01,3.01075269e-08,1.05188438e-01,8.94811562e-01
4.000000e-08,40.000000,8.000000e-01,5.000000e-08,6.02350588e-01,3.01175294e-08,1.05112509e-01,8.94887491e-01
4.000000e-08,40.000000,8.000000e-01,5.000000e-08,6.02550638e-01,3.01275319e-08,1.05036511e-01,8.94963489e-01
4.000000e-08,40.000000,8.000000e-01,5.000000e-08,6.02750688e-01,3.01375344e-08,1.04960445e-01,8.95039555e-01
4.000000e-08,40.000000,8.000000e-01,5.000000e-08,6.02950738e-01,3.01475369e-08,1.04884309e-01,8.95115691e-01
4.000000e-08,40.000000,8.000000e-01,5.000000e-08,6.03150788e-01,3.01575394e-08,1.04808106e-01,8.95191894e-01
4.000000e-08,40.000000,8.000000e-01,5.000000e-08,6.03350838e-01,3.01675419e-08,1.04731833e-01,8.95268167e-01
4.000000e-08,40.000000,8.000000e-01,5.000000e-08,6.03550888e-01,3.01775444e-08,1.04655492e-01,8.95344508e-01
4.000000e-08,40.000000,8.000000e-01,5.000000e-08,6.03750938e-01,3.01875469e-08,1.04579083e-01,8.95420917e-01
4.000000e-08,40.000000,8.000000e-01,5.000000e-08,6.03950988e-01,3.01975494e-08,1.04502604e-01,8.95497396e-01
4.000000e-08,40.000000,8.000000e-01,5.000000e-08,6.04151038e-01,3.02075519e-08,1.04426058e-01,8.95573942e-01
4.000000e-08,40.000000,8.000000e-01,5.000000e-08,6.04351088e-01,3.02175544e-08,1.04349442e-01,8.95650558e-01
4.000000e-08,40.000000,8.000000e-01,5.000000e-08,6.04551138e-01,3.02275569e-08,1.04272758e-01,8.95727242e-01
4.000000e-08,40.000000,8.000000e-01,5.000000e-08,6.04751188e-01,3.02375594e-08,1.04196006e-01,8.95803994e-01
4.000000e-08,40.000000,8.000000e-01,5.000000e-08,6.04951238e-01,3.02475619e-08,1.04119185e-01,8.95880815e-01
4.000000e-08,40.000000,8.000000e-01,5.000000e-08,6.05151288e-01,3.02575644e-08,1.04042296e-01,8.95957704e-01
4.000000e-08,40.000000,8.000000e-01,5.000000e-08,6.05351338e-01,3.02675669e-08,1.03965338e-01,8.96034662e-01
4.000000e-08,40.000000,8.000000e-01,5.000000e-08,6.05551388e-01,3.02775694e-08,1.03888312e-01,8.96111688e-01
4.000000e-08,40.000000,8.000000e-01,5.000000e-08,6.05751438e-01,3.02875719e-08,1.03811217e-01,8.96188783e-01
4.000000e-08,40.000000,8.000000e-01,5.000000e-08,6.05951488e-01,3.02975744e-08,1.03734054e-01,8.96265946e-01
4.000000e-08,40.000000,8.000000e-01,5.000000e-08,6.06151538e-01,3.03075769e-08,1.03656823e-01,8.96343177e-01
4.000000e-08,40.000000,8.000000e-01,5.000000e-08,6.06351588e-01,3.03175794e-08,1.03579523e-01,8.96420477e-01
4.000000e-08,40.000000,8.000000e-01,5.000000e-08,6.06551638e-01,3.03275819e-08,1.03502155e-01,8.96497845e-01
4.000000e-08,40.000000,8.000000e-01,5.000000e-08,6.06751688e-01,3.03375844e-08,1.03424718e-01,8.96575282e-01
4.000000e-08,40.000000,8.000000e-01,5.000000e-08,6.06951738e-01,3.03475869e-08,1.03347214e-01,8.96652786e-01
4.000000e-08,40.000000,8.000000e-01,5.000000e-08,6.07151788e-01,3.03575894e-08,1.03269641e-01,8.96730359e-01
4.000000e-08,40.000000,8.000000e-01,5.000000e-08,6.07351838e-01,3.03675919e-08,1.03191999e-01,8.96808001e-01
4.000000e-08,40.000000,8.000000e-01,5.000000e-08,6.07551888e-01,3.03775944e-08,1.03114290e-01,8.96885710e-01
4.000000e-08,40.000000,8.000000e-01,5.000000e-08,6.07751938e-01,3.03875969e-08,1.03036512e-01,8.96963488e-01
4.000000e-08,40.000000,8.000000e-01,5.000000e-08,6.07951988e-01,3.03975994e-08,1.02958666e-01,8.97041334e-01
4.000000e-08,40.000000,8.000000e-01,5.000000e-08,6.08152038e-01,3.04076019e-08,1.02880752e-01,8.97119248e-01
4.000000e-08,40.000000,8.000000e-01,5.000000e-08,6.08352088e-01,3.04176044e-08,1.02802769e-01,8.97197231e-01
4.000000e-08,40.000000,8.000000e-01,5.000000e-08,6.08552138e-01,3.04276069e-08,1.02724719e-01,8.97275281e-01
4.000000e-08,40.000000,8.000000e-01,5.000000e-08,6.08752188e-01,3.04376094e-08,1.02646600e-01,8.97353400e-01
4.000000e-08,40.000000,8.000000e-01,5.000000e-08,6.08952238e-01,3.04476119e-08,1.02568413e-01,8.97431587e-01
4.000000e-08,40.000000,8.000000e-01,5.000000e-08,6.09152288e-01,3.04576144e-08,1.02490159e-01,8.97509841e-01
4.000000e-08,40.000000,8.000000e-01,5.000000e-08,6.09352338e-01,3.04676169e-08,1.02411836e-01,8.97588164e-01
4.000000e-08,40.000000,8.000000e-01,5.000000e-08,6.09552388e-01,3.04776194e-08,1.02333445e-01,8.97666555e-01
4.000000e-08,40.000000,8.000000e-01,5.000000e-08,6.09752438e-01,3.04876219e-08,1.02254986e-01,8.97745014e-01
4.000000e-08,40.000000,8.000000e-01,5.000000e-08,6.09952488e-01,3.04976244e-08,1.02176458e-01,8.97823542e-01
4.000000e-08,40.000000,8.000000e-01,5.000000e-08,6.10152538e-01,3.05076269e-08,1.02097863e-01,8.97902137e-01
4.000000e-08,40.000000,8.000000e-01,5.000000e-08,6.10352588e-01,3.05176294e-08,1.02019200e-01,8.97980800e-01
4.000000e-08,40.000000,8.000000e-01,5.000000e-08,6.10552638e-01,3.05276319e-08,1.01940469e-01,8.98059531e-01
4.000000e-08,40.000000,8.000000e-01,5.000000e-08,6.10752688e-01,3.05376344e-08,1.01861670e-01,8.98138330e-01
4.000000e-08,40.000000,8.000000e-01,5.000000e-08,6.10952738e-01,3.05476369e-08,1.01782803e-01,8.98217197e-01
4.000000e-08,40.000000,8.000000e-01,5.000000e-08,6.11152788e-01,3.05576394e-08,1.01703869e-01,8.98296131e-01
4.000000e-08,40.000000,8.000000e-01,5.000000e-08,6.11352838e-01,3.05676419e-08,1.01624866e-01,8.98375134e-01
4.000000e-08,40.000000,8.000000e-01,5.000000e-08,6.11552888e-01,3.05776444e-08,1.01545795e-01,8.98454205e-01
4.000000e-08,40.000000,8.000000e-01,5.000000e-08,6.11752938e-01,3.05876469e-08,1.01466657e-01,8.98533343e-01
4.000000e-08,40.000000,8.000000e-01,5.000000e-08,6.11952988e-01,3.05976494e-08,1.01387451e-01,8.98612549e-01
4.000000e-08,40.000000,8.000000e-01,5.000000e-08,6.12153038e-01,3.06076519e-08,1.01308176e-01,8.98691824e-01
4.000000e-08,40.000000,8.000000e-01,5.000000e-08,6.12353088e-01,3.06176544e-08,1.01228835e-01,8.98771165e-01
4.000000e-08,40.000000,8.000000e-01,5.000000e-08,6.12553138e-01,3.06276569e-08,1.01149425e-01,8.98850575e-01
4.000000e-08,40.000000,8.000000e-01,5.000000e-08,6.12753188e-01,3.06376594e-08,1.01069947e-01,8.98930053e-01
4.000000e-08,40.000000,8.000000e-01,5.000000e-08,6.12953238e-01,3.06476619e-08,1.00990402e-01,8.99009598e-01
4.000000e-08,40.000000,8.000000e-01,5.000000e-08,6.13153288e-01,3.06576644e-08,1.00910789e-01,8.99089211e-01
4.000000e-08,40.000000,8.000000e-01,5.000000e-08,6.13353338e-01,3.06676669e-08,1.00831109e-01,8.99168891e-01
4.000000e-08,40.000000,8.000000e-01,5.000000e-08,6.13553388e-01,3.06776694e-08,1.00751361e-01,8.99248639e-01
4.000000e-08,40.000000,8.000000e-01,5.000000e-08,6.13753438e-01,3.06876719e-08,1.00671545e-01,8.99328455e-01
4.000000e-08,40.000000,8.000000e-01,5.000000e-08,6.13953488e-01,3.06976744e-08,1.00591661e-01,8.99408339e-01
4.000000e-08,40.000000,8.000000e-01,5.000000e-08,6.14153538e-01,3.07076769e-08,1.00511710e-01,8.99488290e-01
4.000000e-08,40.000000,8.000000e-01,5.000000e-08,6.14353588e-01,3.07176794e-08,1.00431691e-01,8.99568309e-01
4.000000e-08,40.000000,8.000000e-01,5.000000e-08,6.14553638e-01,3.07276819e-08,1.00351605e-01,8.99648395e-01
4.000000e-08,40.000000,8.000000e-01,5.000000e-08,6.14753688e-01,3.07376844e-08,1.00271451e-01,8.99728549e-01
4.000000e-08,40.000000,8.000000e-01,5.000000e-08,6.14953738e-01,3.07476869e-08,1.00191229e-01,8.99808771e-01
4.000000e-08,40.000000,8.000000e-01,5.000000e-08,6.15153788e-01,3.07576894e-08,1.00110940e-01,8.99889060e-01
4.000000e-08,40.000000,8.000000e-01,5.000000e-08,6.15353838e-01,3.07676919e-08,1.00030584e-01,8.99969416e-01
4.000000e-08,40.000000,8.000000e-01,5.000000e-08,6.15553888e-01,3.07776944e-08,9.99501596e-02,9.00049840e-01
4.000000e-08,40.000000,8.000000e-01,5.000000e-08,6.15753938e-01,3.07876969e-08,9.98696681e-02,9.00130332e-01
4.000000e-08,40.000000,8.000000e-01,5.000000e-08,6.15953988e-01,3.07976994e-08,9.97891091e-02,9.00210891e-01
4.000000e-08,40.000000,8.000000e-01,5.000000e-08,6.16154039e-01,3.08077019e-08,9.97084827e-02,9.00291517e-01
4.000000e-08,40.000000,8.000000e-01,5.000000e-08,6.16354089e-01,3.08177044e-08,9.96277889e-02,9.00372211e-01
4.000000e-08,40.000000,8.000000e-01,5.000000e-08,6.16554139e-01,3.08277069e-08,9.95470277e-02,9.00452972e-01
4.000000e-08,40.000000,8.000000e-01,5.000000e-08,6.16754189e-01,3.08377094e-08,9.94661992e-02,9.00533801e-01
4.000000e-08,40.000000,8.000000e-01,5.000000e-08,6.16954239e-01,3.08477119e-08,9.93853033e-02,9.00614697e-01
4.000000e-08,40.000000,8.000000e-01,5.000000e-08,6.17154289e-01,3.08577144e-08,9.93043400e-02,9.00695660e-01
4.000000e-08,40.000000,8.000000e-01,5.000000e-08,6.17354339e-01,3.08677169e-08,9.92233095e-02,9.00776691e-01
4.000000e-08,40.000000,8.000000e-01,5.000000e-08,6.17554389e-01,3.08777194e-08,9.91422116e-02,9.00857788e-01
4.000000e-08,40.000000,8.000000e-01,5.000000e-08,6.17754439e-01,3.08877219e-08,9.90610465e-02,9.00938954e-01
4.000000e-08,40.000000,8.000000e-01,5.000000e-08,6.17954489e-01,3.08977244e-08,9.89798141e-02,9.01020186e-01
4.000000e-08,40.000000,8.000000e-01,5.000000e-08,6.18154539e-01,3.09077269e-08,9.88985145e-02,9.01101486e-01
4.000000e-08,40.000000,8.000000e-01,5.000000e-08,6.18354589e-01,3.09177294e-08,9.88171476e-02,9.01182852e-01
4.000000e-08,40.000000,8.000000e-01,5.000000e-08,6.18554639e-01,3.09277319e-08,9.87357136e-02,9.01264286e-01
4.000000e-08,40.000000,8.000000e-01,5.000000e-08,6.18754689e-01,3.09377344e-08,9.86542124e-02,9.01345788e-01
4.000000e-08,40.000000,8.000000e-01,5.000000e-08,6.18954739e-01,3.09477369e-08,9.85726440e-02,9.01427356e-01
4.000000e-08,40.000000,8.000000e-01,5.000000e-08,6.19154789e-01,3.09577394e-08,9.84910085e-02,9.01508992e-01
4.000000e-08,40.000000,8.000000e-01,5.000000e-08,6.19354839e-01,3.09677419e-08,9.84093058e-02,9.01590694e-01
4.000000e-08,40.000000,8.000000e-01,5.000000e-08,6.19554889e-01,3.09777444e-08,9.83275361e-02,9.01672464e-01
4.000000e-08,40.000000,8.000000e-01,5.000000e-08,6.19754939e-01,3.09877469e-08,9.82456993e-02,9.01754301e-01
4.000000e-08,40.000000,8.000000e-01,5.000000e-08,6.19954989e-01,3.09977494e-08,9.81637954e-02,9.01836205e-01
4.000000e-08,40.000000,8.000000e-01,5.000000e-08,6.20155039e-01,3.10077519e-08,9.80818245e-02,9.01918176e-01
4.000000e-08,40.000000,8.000000e-01,5.000000e-08,6.20355089e-01,3.10177544e-08,9.79997865e-02,9.02000213e-01
4.000000e-08,40.000000,8.000000e-01,5.000000e-08,6.20555139e-01,3.10277569e-08,9.79176816e-02,9.02082318e-01
4.000000e-08,40.000000,8.000000e-01,5.000000e-08,6.20755189e-01,3.10377594e-08,9.78355096e-02,9.02164490e-01
4.000000e-08,40.000000,8.000000e-01,5.000000e-08,6.20955239e-01,3.10477619e-08,9.77532707e-02,9.02246729e-01
4.000000e-08,40.000000,8.000000e-01,5.000000e-08,6.21155289e-01,3.10577644e-08,9.76709649e-02,9.02329035e-01
4.000000e-08,40.000000,8.000000e-01,5.000000e-08,6.21355339e-01,3.10677669e-08,9.75885921e-02,9.02411408e-01
4.000000e-08,40.000000,8.000000e-01,5.000000e-08,6.21555389e-01,3.10777694e-08,9.75061525e-02,9.02493848e-01
4.000000e-08,40.000000,8.000000e-01,5.000000e-08,6.21755439e-01,3.10877719e-08,9.74236459e-02,9.02576354e-01
4.000000e-08,40.000000,8.000000e-01,5.000000e-08,6.21955489e-01,3.10977744e-08,9.73410725e-02,9.02658927e-01
4.000000e-08,40.000000,8.000000e-01,5.000000e-08,6.22155539e-01,3.11077769e-08,9.72584323e-02,9.02741568e-01
4.000000e-08,40.000000,8.000000e-01,5.000000e-08,6.22355589e-01,3.11177794e-08,9.71757252e-02,9.02824275e-01
4.000000e-08,40.000000,8.000000e-01,5.000000e-08,6.22555639e-01,3.11277819e-08,9.70929513e-02,9.02907049e-01
4.000000e-08,40.000000,8.000000e-01,5.000000e-08,6.22755689e-01,3.11377844e-08,9.70101106e-02,9.02989889e-01
4.000000e-08,40.000000,8.000000e-01,5.000000e-08,6.22955739e-01,3.11477869e-08,9.69272032e-02,9.03072797e-01
4.000000e-08,40.000000,8.000000e-01,5.000000e-08,6.23155789e-01,3.11577894e-08,9.68442290e-02,9.03155771e-01
4.000000e-08,40.000000,8.000000e-01,5.000000e-08,6.23355839e-01,3.11677919e-08,9.67611881e-02,9.03238812e-01
4.000000e-08,40.000000,8.000000e-01,5.000000e-08,6.23555889e-01,3.11777944e-08,9.66780805e-02,9.03321920e-01
4.000000e-08,40.000000,8.000000e-01,5.000000e-08,6.23755939e-01,3.11877969e-08,9.65949062e-02,9.03405094e-01
4.000000e-08,40.000000,8.000000e-01,5.000000e-08,6.23955989e-01,3.11977994e-08,9.65116652e-02,9.03488335e-01
4.000000e-08,40.000000,8.000000e-01,5.000000e-08,6.24156039e-01,3.12078020e-08,9.64283576e-02,9.03571642e-01
4.000000e-08,40.000000,8.000000e-01,5.000000e-08,6.24356089e-01,3.12178045e-08,9.63449834e-02,9.03655017e-01
4.000000e-08,40.000000,8.000000e-01,5.000000e-08,6.24556139e-01,3.12278070e-08,9.62615425e-02,9.03738457e-01
4.000000e-08,40.000000,8.000000e-01,5.000000e-08,6.24756189e-01,3.12378095e-08,9.61780351e-02,9.03821965e-01
4.000000e-08,40.000000,8.000000e-01,5.000000e-08,6.24956239e-01,3.12478120e-08,9.60944611e-02,9.03905539e-01
4.000000e-08,40.000000,8.000000e-01,5.000000e-08,6.25156289e-01,3.12578145e-08,9.60108206e-02,9.03989179e-01
4.000000e-08,40.000000,8.000000e-01,5.000000e-08,6.25356339e-01,3.12678170e-08,9.59271135e-02,9.04072886e-01
4.000000e-08,40.000000,8.000000e-01,5.000000e-08,6.25556389e-01,3.12778195e-08,9.58433399e-02,9.04156660e-01
4.000000e-08,40.000000,8.000000e-01,5.000000e-08,6.25756439e-01,3.12878220e-08,9.57594999e-02,9.04240500e-01
4.000000e-08,40.000000,8.000000e-01,5.000000e-08,6.25956489e-01,3.12978245e-08,9.56755934e-02,9.04324407e-01
4.000000e-08,40.000000,8.000000e-01,5.000000e-08,6.26156539e-01,3.13078270e-08,9.55916204e-02,9.04408380e-01
4.000000e-08,40.000000,8.000000e-01,5.000000e-08,6.26356589e-01,3.13178295e-08,9.55075810e-02,9.04492419e-01
4.000000e-08,40.000000,8.000000e-01,5.000000e-08,6.26556639e-01,3.13278320e-08,9.54234752e-02,9.04576525e-01
4.000000e-08,40.000000,8.000000e-01,5.000000e-08,6.26756689e-01,3.13378345e-08,9.53393030e-02,9.04660697e-01
4.000000e-08,40.000000,8.000000e-01,5.000000e-08,6.26956739e-01,3.13478370e-08,9.52550644e-02,9.04744936e-01
4.000000e-08,40.000000,8.000000e-01,5.000000e-08,6.27156789e-01,3.13578395e-08,9.51707595e-02,9.04829240e-01
4.000000e-08,40.000000,8.000000e-01,5.000000e-08,6.27356839e-01,3.13678420e-08,9.50863883e-02,9.04913612e-01
4.000000e-08,40.000000,8.000000e-01,5.000000e-08,6.27556889e-01,3.13778445e-08,9.50019508e-02,9.04998049e-01
4.000000e-08,40.000000,8.000000e-01,5.000000e-08,6.27756939e-01,3.13878470e-08,9.49174470e-02,9.05082553e-01
4.000000e-08,40.000000,8.000000e-01,5.000000e-08,6.27956989e-01,3.13978495e-08,9.48328769e-02,9.05167123e-01
4.000000e-08,40.000000,8.000000e-01,5.000000e-08,6.28157039e-01,3.14078520e-08,9.47482405e-02,9.05251759e-01
4.000000e-08,40.000000,8.000000e-01,5.000000e-08,6.28357089e-01,3.14178545e-08,9.46635380e-02,9.05336462e-01
4.000000e-08,40.000000,8.000000e-01,5.000000e-08,6.28557139e-01,3.14278570e-08,9.45787692e-02,9.05421231e-01
4.000000e-08,40.000000,8.000000e-01,5.000000e-08,6.28757189e-01,3.14378595e-08,9.44939343e-02,9.05506066e-01
4.000000e-08,40.000000,8.000000e-01,5.000000e-08,6.28957239e-01,3.14478620e-08,9.44090332e-02,9.05590967e-01
4.000000e-08,40.000000,8.000000e-01,5.000000e-08,6.29157289e-01,3.14578645e-08,9.43240660e-02,9.05675934e-01
4.000000e-08,40.000000,8.000000e-01,5.000000e-08,6.29357339e-01,3.14678670e-08,9.42390326e-02,9.05760967e-01
4.000000e-08,40.000000,8.000000e-01,5.000000e-08,6.29557389e-01,3.14778695e-08,9.41539331e-02,9.05846067e-01
4.000000e-08,40.000000,8.000000e-01,5.000000e-08,6.29757439e-01,3.14878720e-08,9.40687676e-02,9.05931232e-01
4.000000e-08,40.000000,8.000000e-01,5.000000e-08,6.29957489e-01,3.14978745e-08,9.39835359e-02,9.06016464e-01
4.000000e-08,40.000000,8.000000e-01,5.000000e-08,6.30157539e-01,3.15078770e-08,9.38982383e-02,9.06101762e-01
4.000000e-08,40.000000,8.000000e-01,5.000000e-08,6.30357589e-01,3.15178795e-08,9.38128746e-02,9.06187125e-01
4.000000e-08,40.000000,8.000000e-01,5.000000e-08,6.30557639e-01,3.15278820e-08,9.37274449e-02,9.06272555e-01
4.000000e-08,40.000000,8.000000e-01,5.000000e-08,6.30757689e-01,3.15378845e-08,9.36419492e-02,9.06358051e-01
4.000000e-08,40.000000,8.000000e-01,5.000000e-08,6.30957739e-01,3.15478870e-08,9.35563876e-02,9.06443612e-01
4.000000e-08,40.000000,8.000000e-01,5.000000e-08,6.31157789e-01,3.15578895e-08,9.34707601e-02,9.06529240e-01
4.000000e-08,40.000000,8.000000e-01,5.000000e-08,6.31357839e-01,3.15678920e-08,9.33850666e-02,9.06614933e-01
4.000000e-08,40.000000,8.000000e-01,5.000000e-08,6.31557889e-01,3.15778945e-08,9.32993072e-02,9.06700693e-01
4.000000e-08,40.000000,8.000000e-01,5.000000e-08,6.31757939e-01,3.15878970e-08,9.32134819e-02,9.06786518e-01
4.000000e-08,40.000000,8.000000e-01,5.000000e-08,6.31957989e-01,3.15978995e-08,9.31275908e-02,9.06872409e-01
4.000000e-08,40.000000,8.000000e-01,5.000000e-08,6.32158040e-01,3.16079020e-08,9.30416338e-02,9.06958366e-01
4.000000e-08,40.000000,8.000000e-01,5.000000e-08,6.32358090e-01,3.16179045e-08,9.29556111e-02,9.07044389e-01
4.000000e-08,40.000000,8.000000e-01,5.000000e-08,6.32558140e-01,3.16279070e-08,9.28695225e-02,9.07130478e-01
4.000000e-08,40.000000,8.000000e-01,5.000000e-08,6.32758190e-01,3.16379095e-08,9.27833681e-02,9.07216632e-01
4.000000e-08,40.000000,8.000000e-01,5.000000e-08,6.32958240e-01,3.16479120e-08,9.26971480e-02,9.07302852e-01
4.000000e-08,40.000000,8.000000e-01,5.000000e-08,6.33158290e-01,3.16579145e-08,9.26108622e-02,9.07389138e-01
4.000000e-08,40.000000,8.000000e-01,5.000000e-08,6.33358340e-01,3.16679170e-08,9.25245106e-02,9.07475489e-01
4.000000e-08,40.000000,8.000000e-01,5.000000e-08,6.33558390e-01,3.16779195e-08,9.24380934e-02,9.07561907e-01
4.000000e-08,40.000000,8.000000e-01,5.000000e-08,6.33758440e-01,3.16879220e-08,9.23516105e-02,9.07648390e-01
4.000000e-08,40.000000,8.000000e-01,5.000000e-08,6.33958490e-01,3.16979245e-08,9.22650619e-02,9.07734938e-01
4.000000e-08,40.000000,8.000000e-01,5.000000e-08,6.34158540e-01,3.17079270e-08,9.21784477e-02,9.07821552e-01
4.000000e-08,40.000000,8.000000e-01,5.000000e-08,6.34358590e-01,3.17179295e-08,9.20917679e-02,9.07908232e-01
4.000000e-08,40.000000,8.000000e-01,5.000000e-08,6.34558640e-01,3.17279320e-08,9.20050224e-02,9.07994978e-01
4.000000e-08,40.000000,8.000000e-01,5.000000e-08,6.34758690e-01,3.17379345e-08,9.19182115e-02,9.08081789e-01
4.000000e-08,40.000000,8.000000e-01,5.000000e-08,6.34958740e-01,3.17479370e-08,9.18313349e-02,9.08168665e-01
4.000000e-08,40.000000,8.000000e-01,5.000000e-08,6.35158790e-01,3.17579395e-08,9.17443929e-02,9.08255607e-01
4.000000e-08,40.000000,8.000000e-01,5.000000e-08,6.35358840e-01,3.17679420e-08,9.16573853e-02,9.08342615e-01
4.000000e-08,40.000000,8.000000e-01,5.000000e-08,6.35558890e-01,3.17779445e-08,9.15703122e-02,9.08429688e-01
4.000000e-08,40.000000,8.000000e-01,5.000000e-08,6.35758940e-01,3.17879470e-08,9.14831737e-02,9.08516826e-01
4.000000e-08,40.000000,8.000000e-01,5.000000e-08,6.35958990e-01,3.17979495e-08,9.13959697e-02,9.08604030e-01
4.000000e-08,40.000000,8.000000e-01,5.000000e-08,6.36159040e-01,3.18079520e-08,9.13087003e-02,9.08691300e-01
4.000000e-08,40.000000,8.000000e-01,5.000000e-08,6.36359090e-01,3.18179545e-08,9.12213655e-02,9.08778634e-01
4.000000e-08,40.000000,8.000000e-01,5.000000e-08,6.36559140e-01,3.18279570e-08,9.11339654e-02,9.08866035e-01
4.000000e-08,40.000000,8.000000e-01,5.000000e-08,6.36759190e-01,3.18379595e-08,9.10464998e-02,9.08953500e-01
4.000000e-08,40.000000,8.000000e-01,5.000000e-08,6.36959240e-01,3.18479620e-08,9.09589689e-02,9.09041031e-01
4.000000e-08,40.000000,8.000000e-01,5.000000e-08,6.37159290e-01,3.18579645e-08,9.08713727e-02,9.09128627e-01
4.000000e-08,40.000000,8.000000e-01,5.000000e-08,6.37359340e-01,3.18679670e-08,9.07837112e-02,9.09216289e-01
4.000000e-08,40.000000,8.000000e-01,5.000000e-08,6.37559390e-01,3.18779695e-08,9.06959844e-02,9.09304016e-01
4.000000e-08,40.000000,8.000000e-01,5.000000e-08,6.37759440e-01,3.18879720e-08,9.06081923e-02,9.09391808e-01
4.000000e-08,40.000000,8.000000e-01,5.000000e-08,6.37959490e-01,3.18979745e-08,9.05203350e-02,9.09479665e-01
4.000000e-08,40.000000,8.000000e-01,5.000000e-08,6.38159540e-01,3.19079770e-08,9.04324125e-02,9.09567587e-01
4.000000e-08,40.000000,8.000000e-01,5.000000e-08,6.38359590e-01,3.19179795e-08,9.03444248e-02,9.09655575e-01
4.000000e-08,40.000000,8.000000e-01,5.000000e-08,6.38559640e-01,3.19279820e-08,9.02563720e-02,9.09743628e-01
4.000000e-08,40.000000,8.000000e-01,5.000000e-08,6.38759690e-01,3.19379845e-08,9.01682539e-02,9.09831746e-01
4.000000e-08,40.000000,8.000000e-01,5.000000e-08,6.38959740e-01,3.19479870e-08,9.00800708e-02,9.09919929e-01
4.000000e-08,40.000000,8.000000e-01,5.000000e-08,6.39159790e-01,3.19579895e-08,8.99918225e-02,9.10008178e-01
4.000000e-08,40.000000,8.000000e-01,5.000000e-08,6.39359840e-01,3.19679920e-08,8.99035091e-02,9.10096491e-01
4.000000e-08,40.000000,8.000000e-01,5.000000e-08,6.39559890e-01,3.19779945e-08,8.98151307e-02,9.10184869e-01
4.000000e-08,40.000000,8.000000e-01,5.000000e-08,6.39759940e-01,3.19879970e-08,8.97266872e-02,9.10273313e-01
4.000000e-08,40.000000,8.000000e-01,5.000000e-08,6.39959990e-01,3.19979995e-08,8.96381786e-02,9.10361821e-01
4.000000e-08,40.000000,8.000000e-01,5.000000e-08,6.40160040e-01,3.20080020e-08,8.95496051e-02,9.10450395e-01
4.000000e-08,40.000000,8.000000e-01,5.000000e-08,6.40360090e-01,3.20180045e-08,8.94609666e-02,9.10539033e-01
4.000000e-08,40.000000,8.000000e-01,5.000000e-08,6.40560140e-01,3.20280070e-08,8.93722631e-02,9.10627737e-01
4.000000e-08,40.000000,8.000000e-01,5.000000e-08,6.40760190e-01,3.20380095e-08,8.92834947e-02,9.10716505e-01
4.000000e-08,40.000000,8.000000e-01,5.000000e-08,6.40960240e-01,3.20480120e-08,8.91946613e-02,9.10805339e-01
4.000000e-08,40.000000,8.000000e-01,5.000000e-08,6.41160290e-01,3.20580145e-08,8.91057631e-02,9.10894237e-01
4.000000e-08,40.000000,8.000000e-01,5.000000e-08,6.41360340e-01,3.20680170e-08,8.90168000e-02,9.10983200e-01
4.000000e-08,40.000000,8.000000e-01,5.000000e-08,6.41560390e-01,3.20780195e-08,8.89277720e-02,9.11072228e-01
4.000000e-08,40.000000,8.000000e-01,5.000000e-08,6.41760440e-01,3.20880220e-08,8.88386791e-02,9.11161321e-01
4.000000e-08,40.000000,8.000000e-01,5.000000e-08,6.41960490e-01,3.20980245e-08,8.87495215e-02,9.11250479e-01
4.000000e-08,40.000000,8.000000e-01,5.000000e-08,6.42160540e-01,3.21080270e-08,8.86602990e-02,9.11339701e-01
4.000000e-08,40.000000,8.000000e-01,5.000000e-08,6.42360590e-01,3.21180295e-08,8.85710118e-02,9.11428988e-01
4.000000e-08,40.000000,8.000000e-01,5.000000e-08,6.42560640e-01,3.21280320e-08,8.84816598e-02,9.11518340e-01
4.000000e-08,40.000000,8.000000e-01,5.000000e-08,6.42760690e-01,3.21380345e-08,8.83922431e-02,9.11607757e-01
4.000000e-08,40.000000,8.000000e-01,5.000000e-08,6.42960740e-01,3.21480370e-08,8.83027617e-02,9.11697238e-01
4.000000e-08,40.000000,8.000000e-01,5.000000e-08,6.43160790e-01,3.21580395e-08,8.82132156e-02,9.11786784e-01
4.000000e-08,40.000000,8.000000e-01,5.000000e-08,6.43360840e-01,3.21680420e-08,8.81236048e-02,9.11876395e-01
4.000000e-08,40.000000,8.000000e-01,5.000000e-08,6.43560890e-01,3.21780445e-08,8.80339294e-02,9.11966071e-01
4.000000e-08,40.000000,8.000000e-01,5.000000e-08,6.43760940e-01,3.21880470e-08,8.79441893e-02,9.12055811e-01
4.000000e-08,40.000000,8.000000e-01,5.000000e-08,6.43960990e-01,3.21980495e-08,8.78543847e-02,9.12145615e-01
4.000000e-08,40.000000,8.000000e-01,5.000000e-08,6.44161040e-01,3.22080520e-08,8.77645154e-02,9.12235485e-01
4.000000e-08,40.000000,8.000000e-01,5.000000e-08,6.44361090e-01,3.22180545e-08,8.76745816e-02,9.12325418e-01
4.000000e-08,40.000000,8.000000e-01,5.000000e-08,6.44561140e-01,3.22280570e-08,8.75845832e-02,9.12415417e-01
4.000000e-08,40.000000,8.000000e-01,5.000000e-08,6.44761190e-01,3.22380595e-08,8.74945204e-02,9.12505480e-01
4.000000e-08,40.000000,8.000000e-01,5.000000e-08,6.44961240e-01,3.22480620e-08,8.74043930e-02,9.12595607e-01
4.000000e-08,40.000000,8.000000e-01,5.000000e-08,6.45161290e-01,3.22580645e-08,8.73142011e-02,9.12685799e-01
4.000000e-08,40.000000,8.000000e-01,5.000000e-08,6.45361340e-01,3.22680670e-08,8.72239448e-02,9.12776055e-01
4.000000e-08,40.000000,8.000000e-01,5.000000e-08,6.45561390e-01,3.22780695e-08,8.71336241e-02,9.12866376e-01
4.000000e-08,40.000000,8.000000e-01,5.000000e-08,6.45761440e-01,3.22880720e-08,8.70432389e-02,9.12956761e-01
4.000000e-08,40.000000,8.000000e-01,5.000000e-08,6.45961490e-01,3.22980745e-08,8.69527894e-02,9.13047211e-01
4.000000e-08,40.000000,8.000000e-01,5.000000e-08,6.46161540e-01,3.23080770e-08,8.68622755e-02,9.13137725e-01
4.000000e-08,40.000000,8.000000e-01,5.000000e-08,6.46361590e-01,3.23180795e-08,8.67716972e-02,9.13228303e-01
4.000000e-08,40.000000,8.000000e-01,5.000000e-08,6.46561640e-01,3.23280820e-08,8.66810546e-02,9.13318945e-01
4.000000e-08,40.000000,8.000000e-01,5.000000e-08,6.46761690e-01,3.23380845e-08,8.65903477e-02,9.13409652e-01
4.000000e-08,40.000000,8.000000e-01,5.000000e-08,6.46961740e-01,3.23480870e-08,8.64995765e-02,9.13500423e-01
4.000000e-08,40.000000,8.000000e-01,5.000000e-08,6.47161790e-01,3.23580895e-08,8.64087411e-02,9.13591259e-01
4.000000e-08,40.000000,8.000000e-01,5.000000e-08,6.47361840e-01,3.23680920e-08,8.63178414e-02,9.13682159e-01
4.000000e-08,40.000000,8.000000e-01,5.000000e-08,6.47561890e-01,3.23780945e-08,8.62268775e-02,9.13773123e-01
4.000000e-08,40.000000,8.000000e-01,5.000000e-08,6.47761940e-01,3.23880970e-08,8.61358494e-02,9.13864151e-01
4.000000e-08,40.000000,8.000000e-01,5.000000e-08,6.47961990e-01,3.23980995e-08,8.60447571e-02,9.13955243e-01
4.000000e-08,40.000000,8.000000e-01,5.000000e-08,6.48162041e-01,3.24081020e-08,8.59536006e-02,9.14046399e-01
4.000000e-08,40.000000,8.000000e-01,5.000000e-08,6.48362091e-01,3.24181045e-08,8.58623800e-02,9.14137620e-01
4.000000e-08,40.000000,8.000000e-01,5.000000e-08,6.48562141e-01,3.24281070e-08,8.57710953e-02,9.14228905e-01
4.000000e-08,40.000000,8.000000e-01,5.000000e-08,6.48762191e-01,3.24381095e-08,8.56797466e-02,9.14320253e-01
4.000000e-08,40.000000,8.000000e-01,5.000000e-08,6.48962241e-01,3.24481120e-08,8.55883337e-02,9.14411666e-01
4.000000e-08,40.000000,8.000000e-01,5.000000e-08,6.49162291e-01,3.24581145e-08,8.54968568e-02,9.14503143e-01
4.000000e-08,40.000000,8.000000e-01,5.000000e-08,6.49362341e-01,3.24681170e-08,8.54053159e-02,9.14594684e-01
4.000000e-08,40.000000,8.000000e-01,5.000000e-08,6.49562391e-01,3.24781195e-08,8.53137109e-02,9.14686289e-01
4.000000e-08,40.000000,8.000000e-01,5.000000e-08,6.49762441e-01,3.24881220e-08,8.52220420e-02,9.14777958e-01
4.000000e-08,40.000000,8.000000e-01,5.000000e-08,6.49962491e-01,3.24981245e-08,8.51303092e-02,9.14869691e-01
4.000000e-08,40.000000,8.000000e-01,5.000000e-08,6.50162541e-01,3.25081270e-08,8.50385123e-02,9.14961488e-01
4.000000e-08,40.000000,8.000000e-01,5.000000e-08,6.50362591e-01,3.25181295e-08,8.49466516e-02,9.15053348e-01
4.000000e-08,40.000000,8.000000e-01,5.000000e-08,6.50562641e-01,3.25281320e-08,8.48547270e-02,9.15145273e-01
4.000000e-08,40.000000,8.000000e-01,5.000000e-08,6.50762691e-01,3.25381345e-08,8.47627385e-02,9.15237262e-01
4.000000e-08,40.000000,8.000000e-01,5.000000e-08,6.50962741e-01,3.25481370e-08,8.46706861e-02,9.15329314e-01
4.000000e-08,40.000000,8.000000e-01,5.000000e-08,6.51162791e-01,3.25581395e-08,8.45785699e-02,9.15421430e-01
4.000000e-08,40.000000,8.000000e-01,5.000000e-08,6.51362841e-01,3.25681420e-08,8.44863899e-02,9.15513610e-01
4.000000e-08,40.000000,8.000000e-01,5.000000e-08,6.51562891e-01,3.25781445e-08,8.43941461e-02,9.15605854e-01
4.000000e-08,40.000000,8.000000e-01,5.000000e-08,6.51762941e-01,3.25881470e-08,8.43018386e-02,9.15698161e-01
4.000000e-08,40.000000,8.000000e-01,5.000000e-08,6.51962991e-01,3.25981495e-08,8.42094673e-02,9.15790533e-01
4.000000e-08,40.000000,8.000000e-01,5.000000e-08,6.52163041e-01,3.26081520e-08,8.41170323e-02,9.15882968e-01
4.000000e-08,40.000000,8.000000e-01,5.000000e-08,6.52363091e-01,3.26181545e-08,8.40245336e-02,9.15975466e-01
4.000000e-08,40.000000,8.000000e-01,5.000000e-08,6.52563141e-01,3.26281570e-08,8.39319712e-02,9.16068029e-01
4.000000e-08,40.000000,8.000000e-01,5.000000e-08,6.52763191e-01,3.26381595e-08,8.38393451e-02,9.16160655e-01
4.000000e-08,40.000000,8.000000e-01,5.000000e-08,6.52963241e-01,3.26481620e-08,8.37466554e-02,9.16253345e-01
4.000000e-08,40.000000,8.000000e-01,5.000000e-08,6.53163291e-01,3.26581645e-08,8.36539021e-02,9.16346098e-01
4.000000e-08,40.000000,8.000000e-01,5.000000e-08,6.53363341e-01,3.26681670e-08,8.35610852e-02,9.16438915e-01
4.000000e-08,40.000000,8.000000e-01,5.000000e-08,6.53563391e-01,3.26781695e-08,8.34682048e-02,9.16531795e-01
4.000000e-08,40.000000,8.000000e-01,5.000000e-08,6.53763441e-01,3.26881720e-08,8.33752608e-02,9.16624739e-01
4.000000e-08,40.000000,8.000000e-01,5.000000e-08,6.53963491e-01,3.26981745e-08,8.32822532e-02,9.16717747e-01
4.000000e-08,40.000000,8.000000e-01,5.000000e-08,6.54163541e-01,3.27081770e-08,8.31891822e-02,9.16810818e-01
4.000000e-08,40.000000,8.000000e-01,5.000000e-08,6.54363591e-01,3.27181795e-08,8.30960477e-02,9.16903952e-01
4.000000e-08,40.000000,8.000000e-01,5.000000e-08,6.54563641e-01,3.27281820e-08,8.30028497e-02,9.16997150e-01
4.000000e-08,40.000000,8.000000e-01,5.000000e-08,6.54763691e-01,3.27381845e-08,8.29095883e-02,9.17090412e-01
4.000000e-08,40.000000,8.000000e-01,5.000000e-08,6.54963741e-01,3.27481870e-08,8.28162635e-02,9.17183737e-01
4.000000e-08,40.000000,8.000000e-01,5.000000e-08,6.55163791e-01,3.27581895e-08,8.27228753e-02,9.17277125e-01
4.000000e-08,40.000000,8.000000e-01,5.000000e-08,6.55363841e-01,3.27681920e-08,8.26294237e-02,9.17370576e-01
4.000000e-08,40.000000,8.000000e-01,5.000000e-08,6.55563891e-01,3.27781945e-08,8.25359087e-02,9.17464091e-01
4.000000e-08,40.000000,8.000000e-01,5.000000e-08,6.55763941e-01,3.27881970e-08,8.24423304e-02,9.17557670e-01
4.000000e-08,40.000000,8.000000e-01,5.000000e-08,6.55963991e-01,3.27981995e-08,8.23486889e-02,9.17651311e-01
4.000000e-08,40.000000,8.000000e-01,5.000000e-08,6.56164041e-01,3.28082021e-08,8.22549840e-02,9.17745016e-01
4.000000e-08,40.000000,8.000000e-01,5.000000e-08,6.56364091e-01,3.28182046e-08,8.21612159e-02,9.17838784e-01
4.000000e-08,40.000000,8.000000e-01,5.000000e-08,6.56564141e-01,3.28282071e-08,8.20673845e-02,9.17932615e-01
4.000000e-08,40.000000,8.000000e-01,5.000000e-08,6.56764191e-01,3.28382096e-08,8.19734900e-02,9.18026510e-01
4.000000e-08,40.000000,8.000000e-01,5.000000e-08,6.56964241e-01,3.28482121e-08,8.18795322e-02,9.18120468e-01
4.000000e-08,40.000000,8.000000e-01,5.000000e-08,6.57164291e-01,3.28582146e-08,8.17855113e-02,9.18214489e-01
4.000000e-08,40.000000,8.000000e-01,5.000000e-08,6.57364341e-01,3.28682171e-08,8.16914272e-02,9.18308573e-01
4.000000e-08,40.000000,8.000000e-01,5.000000e-08,6.57564391e-01,3.28782196e-08,8.15972799e-02,9.18402720e-01
4.000000e-08,40.000000,8.000000e-01,5.000000e-08,6.57764441e-01,3.28882221e-08,8.15030696e-02,9.18496930e-01
4.000000e-08,40.000000,8.000000e-01,5.000000e-08,6.57964491e-01,3.28982246e-08,8.14087962e-02,9.18591204e-01
4.000000e-08,40.000000,8.000000e-01,5.000000e-08,6.58164541e-01,3.29082271e-08,8.13144597e-02,9.18685540e-01
4.000000e-08,40.000000,8.000000e-01,5.000000e-08,6.58364591e-01,3.29182296e-08,8.12200602e-02,9.18779940e-01
4.000000e-08,40.000000,8.000000e-01,5.000000e-08,6.58564641e-01,3.29282321e-08,8.11255977e-02,9.18874402e-01
4.000000e-08,40.000000,8.000000e-01,5.000000e-08,6.58764691e-01,3.29382346e-08,8.10310722e-02,9.18968928e-01
4.000000e-08,40.000000,8.000000e-01,5.000000e-08,6.58964741e-01,3.29482371e-08,8.09364837e-02,9.19063516e-01
4.000000e-08,40.000000,8.000000e-01,5.000000e-08,6.59164791e-01,3.29582396e-08,8.08418322e-02,9.19158168e-01
4.000000e-08,40.000000,8.000000e-01,5.000000e-08,6.59364841e-01,3.29682421e-08,8.07471178e-02,9.19252882e-01
4.000000e-08,40.000000,8.000000e-01,5.000000e-08,6.59564891e-01,3.29782446e-08,8.06523406e-02,9.19347659e-01
4.000000e-08,40.000000,8.000000e-01,5.000000e-08,6.59764941e-01,3.29882471e-08,8.05575004e-02,9.19442500e-01
4.000000e-08,40.000000,8.000000e-01,5.000000e-08,6.59964991e-01,3.29982496e-08,8.04625974e-02,9.19537403e-01
4.000000e-08,40.000000,8.000000e-01,5.000000e-08,6.60165041e-01,3.30082521e-08,8.03676315e-02,9.19632368e-01
4.000000e-08,40.000000,8.000000e-01,5.000000e-08,6.60365091e-01,3.30182546e-08,8.02726028e-02,9.19727397e-01
4.000000e-08,40.000000,8.000000e-01,5.000000e-08,6.60565141e-01,3.30282571e-08,8.01775113e-02,9.19822489e-01
4.000000e-08,40.000000,8.000000e-01,5.000000e-08,6.60765191e-01,3.30382596e-08,8.00823571e-02,9.19917643e-01
4.000000e-08,40.000000,8.000000e-01,5.000000e-08,6.60965241e-01,3.30482621e-08,7.99871401e-02,9.20012860e-01
4.000000e-08,40.000000,8.000000e-01,5.000000e-08,6.61165291e-01,3.30582646e-08,7.98918604e-02,9.20108140e-01
4.000000e-08,40.000000,8.000000e-01,5.000000e-08,6.61365341e-01,3.30682671e-08,7.97965179e-02,9.20203482e-01
4.000000e-08,40.000000,8.000000e-01,5.000000e-08,6.61565391e-01,3.30782696e-08,7.97011128e-02,9.20298887e-01
4.000000e-08,40.000000,8.000000e-01,5.000000e-08,6.61765441e-01,3.30882721e-08,7.96056451e-02,9.20394355e-01
4.000000e-08,40.000000,8.000000e-01,5.000000e-08,6.61965491e-01,3.30982746e-08,7.95101147e-02,9.20489885e-01
4.000000e-08,40.000000,8.000000e-01,5.000000e-08,6.62165541e-01,3.31082771e-08,7.94145216e-02,9.20585478e-01
4.000000e-08,40.000000,8.000000e-01,5.000000e-08,6.62365591e-01,3.31182796e-08,7.93188660e-02,9.20681134e-01
4.000000e-08,40.000000,8.000000e-01,5.000000e-08,6.62565641e-01,3.31282821e-08,7.92231478e-02,9.20776852e-01
4.000000e-08,40.000000,8.000000e-01,5.000000e-08,6.62765691e-01,3.31382846e-08,7.91273671e-02,9.20872633e-01
4.000000e-08,40.000000,8.000000e-01,5.000000e-08,6.62965741e-01,3.31482871e-08,7.90315238e-02,9.20968476e-01
4.000000e-08,40.000000,8.000000e-01,5.000000e-08,6.63165791e-01,3.31582896e-08,7.89356181e-02,9.21064382e-01
4.000000e-08,40.000000,8.000000e-01,5.000000e-08,6.63365841e-01,3.31682921e-08,7.88396498e-02,9.21160350e-01
4.000000e-08,40.000000,8.000000e-01,5.000000e-08,6.63565891e-01,3.31782946e-08,7.87436191e-02,9.21256381e-01
4.000000e-08,40.000000,8.000000e-01,5.000000e-08,6.63765941e-01,3.31882971e-08,7.86475260e-02,9.21352474e-01
4.000000e-08,40.000000,8.000000e-01,5.000000e-08,6.63965991e-01,3.31982996e-08,7.85513704e-02,9.21448630e-01
4.000000e-08,40.000000,8.000000e-01,5.000000e-08,6.64166042e-01,3.32083021e-08,7.84551525e-02,9.21544848e-01
4.000000e-08,40.000000,8.000000e-01,5.000000e-08,6.64366092e-01,3.32183046e-08,7.83588722e-02,9.21641128e-01
4.000000e-08,40.000000,8.000000e-01,5.000000e-08,6.64566142e-01,3.32283071e-08,7.82625295e-02,9.21737470e-01
4.000000e-08,40.000000,8.000000e-01,5.000000e-08,6.64766192e-01,3.32383096e-08,7.81661245e-02,9.21833875e-01
4.000000e-08,40.000000,8.000000e-01,5.000000e-08,6.64966242e-01,3.32483121e-08,7.80696573e-02,9.21930343e-01
4.000000e-08,40.000000,8.000000e-01,5.000000e-08,6.65166292e-01,3.32583146e-08,7.79731277e-02,9.22026872e-01
4.000000e-08,40.000000,8.000000e-01,5.000000e-08,6.65366342e-01,3.32683171e-08,7.78765359e-02,9.22123464e-01
4.000000e-08,40.000000,8.000000e-01,5.000000e-08,6.65566392e-01,3.32783196e-08,7.77798819e-02,9.22220118e-01
4.000000e-08,40.000000,8.000000e-01,5.000000e-08,6.65766442e-01,3.32883221e-08,7.76831656e-02,9.22316834e-01
4.000000e-08,40.000000,8.000000e-01,5.000000e-08,6.65966492e-01,3.32983246e-08,7.75863872e-02,9.22413613e-01
4.000000e-08,40.000000,8.000000e-01,5.000000e-08,6.66166542e-01,3.33083271e-08,7.74895466e-02,9.22510453e-01
4.000000e-08,40.000000,8.000000e-01,5.000000e-08,6.66366592e-01,3.33183296e-08,7.73926439e-02,9.22607356e-01
4.000000e-08,40.000000,8.000000e-01,5.000000e-08,6.66566642e-01,3.33283321e-08,7.72956790e-02,9.22704321e-01
4.000000e-08,40.000000,8.000000e-01,5.000000e-08,6.66766692e-01,3.33383346e-08,7.71986521e-02,9.22801348e-01
4.000000e-08,40.000000,8.000000e-01,5.000000e-08,6.66966742e-01,3.33483371e-08,7.71015630e-02,9.22898437e-01
4.000000e-08,40.000000,8.000000e-01,5.000000e-08,6.67166792e-01,3.33583396e-08,7.70044120e-02,9.22995588e-01
4.000000e-08,40.000000,8.000000e-01,5.000000e-08,6.67366842e-01,3.33683421e-08,7.69071989e-02,9.23092801e-01
4.000000e-08,40.000000,8.000000e-01,5.000000e-08,6.67566892e-01,3.33783446e-08,7.68099238e-02,9.23190076e-01
4.000000e-08,40.000000,8.000000e-01,5.000000e-08,6.67766942e-01,3.33883471e-08,7.67125867e-02,9.23287413e-01
4.000000e-08,40.000000,8.000000e-01,5.000000e-08,6.67966992e-01,3.33983496e-08,7.66151876e-02,9.23384812e-01
4.000000e-08,40.000000,8.000000e-01,5.000000e-08,6.68167042e-01,3.34083521e-08,7.65177267e-02,9.23482273e-01
4.000000e-08,40.000000,8.000000e-01,5.000000e-08,6.68367092e-01,3.34183546e-08,7.64202038e-02,9.23579796e-01
4.000000e-08,40.000000,8.000000e-01,5.000000e-08,6.68567142e-01,3.34283571e-08,7.63226190e-02,9.23677381e-01
4.000000e-08,40.000000,8.000000e-01,5.000000e-08,6.68767192e-01,3.34383596e-08,7.62249723e-02,9.23775028e-01
4.000000e-08,40.000000,8.000000e-01,5.000000e-08,6.68967242e-01,3.34483621e-08,7.61272638e-02,9.23872736e-01
4.000000e-08,40.000000,8.000000e-01,5.000000e-08,6.69167292e-01,3.34583646e-08,7.60294935e-02,9.23970506e-01
4.000000e-08,40.000000,8.000000e-01,5.000000e-08,6.69367342e-01,3.34683671e-08,7.59316614e-02,9.24068339e-01
4.000000e-08,40.000000,8.000000e-01,5.000000e-08,6.69567392e-01,3.34783696e-08,7.58337675e-02,9.24166233e-01
4.000000e-08,40.000000,8.000000e-01,5.000000e-08,6.69767442e-01,3.34883721e-08,7.57358118e-02,9.24264188e-01
4.000000e-08,40.000000,8.000000e-01,5.000000e-08,6.69967492e-01,3.34983746e-08,7.56377945e-02,9.24362206e-01
4.000000e-08,40.000000,8.000000e-01,5.000000e-08,6.70167542e-01,3.35083771e-08,7.55397154e-02,9.24460285e-01
4.000000e-08,40.000000,8.000000e-01,5.000000e-08,6.70367592e-01,3.35183796e-08,7.54415746e-02,9.24558425e-01
4.000000e-08,40.000000,8.000000e-01,5.000000e-08,6.70567642e-01,3.35283821e-08,7.53433722e-02,9.24656628e-01
4.000000e-08,40.000000,8.000000e-01,5.000000e-08,6.70767692e-01,3.35383846e-08,7.52451081e-02,9.24754892e-01
4.000000e-08,40.000000,8.000000e-01,5.000000e-08,6.70967742e-01,3.35483871e-08,7.51467824e-02,9.24853218e-01
4.000000e-08,40.000000,8.000000e-01,5.000000e-08,6.71167792e-01,3.35583896e-08,7.50483952e-02,9.24951605e-01
4.000000e-08,40.000000,8.000000e-01,5.000000e-08,6.71367842e-01,3.35683921e-08,7.49499463e-02,9.25050054e-01
4.000000e-08,40.000000,8.000000e-01,5.000000e-08,6.71567892e-01,3.35783946e-08,7.48514359e-02,9.25148564e-01
4.000000e-08,40.000000,8.000000e-01,5.000000e-08,6.71767942e-01,3.35883971e-08,7.47528640e-02,9.25247136e-01
4.000000e-08,40.000000,8.000000e-01,5.000000e-08,6.71967992e-01,3.35983996e-08,7.46542306e-02,9.25345769e-01
4.000000e-08,40.000000,8.000000e-01,5.000000e-08,6.72168042e-01,3.36084021e-08,7.45555357e-02,9.25444464e-01
4.000000e-08,40.000000,8.000000e-01,5.000000e-08,6.72368092e-01,3.36184046e-08,7.44567794e-02,9.25543221e-01
4.000000e-08,40.000000,8.000000e-01,5.000000e-08,6.72568142e-01,3.36284071e-08,7.43579616e-02,9.25642038e-01
4.000000e-08,40.000000,8.000000e-01,5.000000e-08,6.72768192e-01,3.36384096e-08,7.42590824e-02,9.25740918e-01
4.000000e-08,40.000000,8.000000e-01,5.000000e-08,6.72968242e-01,3.36484121e-08,7.41601418e-02,9.25839858e-01
4.000000e-08,40.000000,8.000000e-01,5.000000e-08,6.73168292e-01,3.36584146e-08,7.40611399e-02,9.25938860e-01
4.000000e-08,40.000000,8.000000e-01,5.000000e-08,6.73368342e-01,3.36684171e-08,7.39620766e-02,9.26037923e-01
4.000000e-08,40.000000,8.000000e-01,5.000000e-08,6.73568392e-01,3.36784196e-08,7.38629520e-02,9.26137048e-01
4.000000e-08,40.000000,8.000000e-01,5.000000e-08,6.73768442e-01,3.36884221e-08,7.37637662e-02,9.26236234e-01
4.000000e-08,40.000000,8.000000e-01,5.000000e-08,6.73968492e-01,3.36984246e-08,7.36645190e-02,9.26335481e-01
4.000000e-08,40.000000,8.000000e-01,5.000000e-08,6.74168542e-01,3.37084271e-08,7.35652106e-02,9.26434789e-01
4.000000e-08,40.000000,8.000000e-01,5.000000e-08,6.74368592e-01,3.37184296e-08,7.34658410e-02,9.26534159e-01
4.000000e-08,40.000000,8.000000e-01,5.000000e-08,6.74568642e-01,3.37284321e-08,7.33664102e-02,9.26633590e-01
4.000000e-08,40.000000,8.000000e-01,5.000000e-08,6.74768692e-01,3.37384346e-08,7.32669182e-02,9.26733082e-01
4.000000e-08,40.000000,8.000000e-01,5.000000e-08,6.74968742e-01,3.37484371e-08,7.31673651e-02,9.26832635e-01
4.000000e-08,40.000000,8.000000e-01,5.000000e-08,6.75168792e-01,3.37584396e-08,7.30677508e-02,9.26932249e-01
4.000000e-08,40.000000,8.000000e-01,5.000000e-08,6.75368842e-01,3.37684421e-08,7.29680754e-02,9.27031925e-01
4.000000e-08,40.000000,8.000000e-01,5.000000e-08,6.75568892e-01,3.37784446e-08,7.28683389e-02,9.27131661e-01
4.000000e-08,40.000000,8.000000e-01,5.000000e-08,6.75768942e-01,3.37884471e-08,7.27685414e-02,9.27231459e-01
4.000000e-08,40.000000,8.000000e-01,5.000000e-08,6.75968992e-01,3.37984496e-08,7.26686828e-02,9.27331317e-01
4.000000e-08,40.000000,8.000000e-01,5.000000e-08,6.76169042e-01,3.38084521e-08,7.25687633e-02,9.27431237e-01
4.000000e-08,40.000000,8.000000e-01,5.000000e-08,6.76369092e-01,3.38184546e-08,7.24687827e-02,9.27531217e-01
4.000000e-08,40.000000,8.000000e-01,5.000000e-08,6.76569142e-01,3.38284571e-08,7.23687412e-02,9.27631259e-01
4.000000e-08,40.000000,8.000000e-01,5.000000e-08,6.76769192e-01,3.38384596e-08,7.22686387e-02,9.27731361e-01
4.000000e-08,40.000000,8.000000e-01,5.000000e-08,6.76969242e-01,3.38484621e-08,7.21684753e-02,9.27831525e-01
4.000000e-08,40.000000,8.000000e-01,5.000000e-08,6.77169292e-01,3.38584646e-08,7.20682510e-02,9.27931749e-01
4.000000e-08,40.000000,8.000000e-01,5.000000e-08,6.77369342e-01,3.38684671e-08,7.19679658e-02,9.28032034e-01
4.000000e-08,40.000000,8.000000e-01,5.000000e-08,6.77569392e-01,3.38784696e-08,7.18676198e-02,9.28132380e-01
4.000000e-08,40.000000,8.000000e-01,5.000000e-08,6.77769442e-01,3.38884721e-08,7.17672130e-02,9.28232787e-01
4.000000e-08,40.000000,8.000000e-01,5.000000e-08,6.77969492e-01,3.38984746e-08,7.16667453e-02,9.28333255e-01
4.000000e-08,40.000000,8.000000e-01,5.000000e-08,6.78169542e-01,3.39084771e-08,7.15662169e-02,9.28433783e-01
4.000000e-08,40.000000,8.000000e-01,5.000000e-08,6.78369592e-01,3.39184796e-08,7.14656277e-02,9.28534372e-01
4.000000e-08,40.000000,8.000000e-01,5.000000e-08,6.78569642e-01,3.39284821e-08,7.13649778e-02,9.28635022e-01
4.000000e-08,40.000000,8.000000e-01,5.000000e-08,6.78769692e-01,3.39384846e-08,7.12642672e-02,9.28735733e-01
4.000000e-08,40.000000,8.000000e-01,5.000000e-08,6.78969742e-01,3.39484871e-08,7.11634959e-02,9.28836504e-01
4.000000e-08,40.000000,8.000000e-01,5.000000e-08,6.79169792e-01,3.39584896e-08,7.10626639e-02,9.28937336e-01
4.000000e-08,40.000000,8.000000e-01,5.000000e-08,6.79369842e-01,3.39684921e-08,7.09617713e-02,9.29038229e-01
4.000000e-08,40.000000,8.000000e-01,5.000000e-08,6.79569892e-01,3.39784946e-08,7.08608180e-02,9.29139182e-01
4.000000e-08,40.000000,8.000000e-01,5.000000e-08,6.79769942e-01,3.39884971e-08,7.07598042e-02,9.29240196e-01
4.000000e-08,40.000000,8.000000e-01,5.000000e-08,6.79969992e-01,3.39984996e-08,7.06587298e-02,9.29341270e-01
4.000000e-08,40.000000,8.000000e-01,5.000000e-08,6.80170043e-01,3.40085021e-08,7.05575949e-02,9.29442405e-01
4.000000e-08,40.000000,8.000000e-01,5.000000e-08,6.80370093e-01,3.40185046e-08,7.04563994e-02,9.29543601e-01
4.000000e-08,40.000000,8.000000e-01,5.000000e-08,6.80570143e-01,3.40285071e-08,7.03551435e-02,9.29644857e-01
4.000000e-08,40.000000,8.000000e-01,5.000000e-08,6.80770193e-01,3.40385096e-08,7.02538270e-02,9.29746173e-01
4.000000e-08,40.000000,8.000000e-01,5.000000e-08,6.80970243e-01,3.40485121e-08,7.01524501e-02,9.29847550e-01
4.000000e-08,40.000000,8.000000e-01,5.000000e-08,6.81170293e-01,3.40585146e-08,7.00510128e-02,9.29948987e-01
4.000000e-08,40.000000,8.000000e-01,5.000000e-08,6.81370343e-01,3.40685171e-08,6.99495151e-02,9.30050485e-01
4.000000e-08,40.000000,8.000000e-01,5.000000e-08,6.81570393e-01,3.40785196e-08,6.98479570e-02,9.30152043e-01
4.000000e-08,40.000000,8.000000e-01,5.000000e-08,6.81770443e-01,3.40885221e-08,6.97463386e-02,9.30253661e-01
4.000000e-08,40.000000,8.000000e-01,5.000000e-08,6.81970493e-01,3.40985246e-08,6.96446598e-02,9.30355340e-01
4.000000e-08,40.000000,8.000000e-01,5.000000e-08,6.82170543e-01,3.41085271e-08,6.95429207e-02,9.30457079e-01
4.000000e-08,40.000000,8.000000e-01,5.000000e-08,6.82370593e-01,3.41185296e-08,6.94411213e-02,9.30558879e-01
4.000000e-08,40.000000,8.000000e-01,5.000000e-08,6.82570643e-01,3.41285321e-08,6.93392616e-02,9.30660738e-01
4.000000e-08,40.000000,8.000000e-01,5.000000e-08,6.82770693e-01,3.41385346e-08,6.92373418e-02,9.30762658e-01
4.000000e-08,40.000000,8.000000e-01,5.000000e-08,6.82970743e-01,3.41485371e-08,6.91353617e-02,9.30864638e-01
4.000000e-08,40.000000,8.000000e-01,5.000000e-08,6.83170793e-01,3.41585396e-08,6.90333214e-02,9.30966679e-01
4.000000e-08,40.000000,8.000000e-01,5.000000e-08,6.83370843e-01,3.41685421e-08,6.89312209e-02,9.31068779e-01
4.000000e-08,40.000000,8.000000e-01,5.000000e-08,6.83570893e-01,3.41785446e-08,6.88290603e-02,9.31170940e-01
4.000000e-08,40.000000,8.000000e-01,5.000000e-08,6.83770943e-01,3.41885471e-08,6.87268396e-02,9.31273160e-01
4.000000e-08,40.000000,8.000000e-01,5.000000e-08,6.83970993e-01,3.41985496e-08,6.86245588e-02,9.31375441e-01
4.000000e-08,40.000000,8.000000e-01,5.000000e-08,6.84171043e-01,3.42085521e-08,6.85222179e-02,9.31477782e-01
4.000000e-08,40.000000,8.000000e-01,5.000000e-08,6.84371093e-01,3.42185546e-08,6.84198170e-02,9.31580183e-01
4.000000e-08,40.000000,8.000000e-01,5.000000e-08,6.84571143e-01,3.42285571e-08,6.83173560e-02,9.31682644e-01
4.000000e-08,40.000000,8.000000e-01,5.000000e-08,6.84771193e-01,3.42385596e-08,6.82148350e-02,9.31785165e-01
4.000000e-08,40.000000,8.000000e-01,5.000000e-08,6.84971243e-01,3.42485621e-08,6.81122541e-02,9.31887746e-01
4.000000e-08,40.000000,8.000000e-01,5.000000e-08,6.85171293e-01,3.42585646e-08,6.80096132e-02,9.31990387e-01
4.000000e-08,40.000000,8.000000e-01,5.000000e-08,6.85371343e-01,3.42685671e-08,6.79069124e-02,9.32093088e-01
4.000000e-08,40.000000,8.000000e-01,5.000000e-08,6.85571393e-01,3.42785696e-08,6.78041517e-02,9.32195848e-01
4.000000e-08,40.000000,8.000000e-01,5.000000e-08,6.85771443e-01,3.42885721e-08,6.77013311e-02,9.32298669e-01
4.000000e-08,40.000000,8.000000e-01,5.000000e-08,6.85971493e-01,3.42985746e-08,6.75984506e-02,9.32401549e-01
4.000000e-08,40.000000,8.000000e-01,5.000000e-08,6.86171543e-01,3.43085771e-08,6.74955103e-02,9.32504490e-01
4.000000e-08,40.000000,8.000000e-01,5.000000e-08,6.86371593e-01,3.43185796e-08,6.73925102e-02,9.32607490e-01
4.000000e-08,40.000000,8.000000e-01,5.000000e-08,6.86571643e-01,3.43285821e-08,6.72894503e-02,9.32710550e-01
4.000000e-08,40.000000,8.000000e-01,5.000000e-08,6.86771693e-01,3.43385846e-08,6.71863306e-02,9.32813669e-01
4.000000e-08,40.000000,8.000000e-01,5.000000e-08,6.86971743e-01,3.43485871e-08,6.70831512e-02,9.32916849e-01
4.000000e-08,40.000000,8.000000e-01,5.000000e-08,6.87171793e-01,3.43585896e-08,6.69799121e-02,9.33020088e-01
4.000000e-08,40.000000,8.000000e-01,5.000000e-08,6.87371843e-01,3.43685921e-08,6.68766133e-02,9.33123387e-01
4.000000e-08,40.000000,8.000000e-01,5.000000e-08,6.87571893e-01,3.43785946e-08,6.67732548e-02,9.33226745e-01
4.000000e-08,40.000000,8.000000e-01,5.000000e-08,6.87771943e-01,3.43885971e-08,6.66698367e-02,9.33330163e-01
4.000000e-08,40.000000,8.000000e-01,5.000000e-08,6.87971993e-01,3.43985996e-08,6.65663589e-02,9.33433641e-01
4.000000e-08,40.000000,8.000000e-01,5.000000e-08,6.88172043e-01,3.44086022e-08,6.64628216e-02,9.33537178e-01
4.000000e-08,40.000000,8.000000e-01,5.000000e-08,6.88372093e-01,3.44186047e-08,6.63592247e-02,9.33640775e-01
4.000000e-08,40.000000,8.000000e-01,5.000000e-08,6.88572143e-01,3.44286072e-08,6.62555683e-02,9.33744432e-01
4.000000e-08,40.000000,8.000000e-01,5.000000e-08,6.88772193e-01,3.44386097e-08,6.61518523e-02,9.33848148e-01
4.000000e-08,40.000000,8.000000e-01,5.000000e-08,6.88972243e-01,3.44486122e-08,6.60480768e-02,9.33951923e-01
4.000000e-08,40.000000,8.000000e-01,5.000000e-08,6.89172293e-01,3.44586147e-08,6.59442419e-02,9.34055758e-01
4.000000e-08,40.000000,8.000000e-01,5.000000e-08,6.89372343e-01,3.44686172e-08,6.58403475e-02,9.34159653e-01
4.000000e-08,40.000000,8.000000e-01,5.000000e-08,6.89572393e-01,3.44786197e-08,6.57363937e-02,9.34263606e-01
4.000000e-08,40.000000,8.000000e-01,5.000000e-08,6.89772443e-01,3.44886222e-08,6.56323804e-02,9.34367620e-01
4.000000e-08,40.000000,8.000000e-01,5.000000e-08,6.89972493e-01,3.44986247e-08,6.55283078e-02,9.34471692e-01
4.000000e-08,40.000000,8.000000e-01,5.000000e-08,6.90172543e-01,3.45086272e-08,6.54241759e-02,9.34575824e-01
4.000000e-08,40.000000,8.000000e-01,5.000000e-08,6.90372593e-01,3.45186297e-08,6.53199846e-02,9.34680015e-01
4.000000e-08,40.000000,8.000000e-01,5.000000e-08,6.90572643e-01,3.45286322e-08,6.52157340e-02,9.34784266e-01
4.000000e-08,40.000000,8.000000e-01,5.000000e-08,6.90772693e-01,3.45386347e-08,6.51114241e-02,9.34888576e-01
4.000000e-08,40.000000,8.000000e-01,5.000000e-08,6.90972743e-01,3.45486372e-08,6.50070549e-02,9.34992945e-01
4.000000e-08,40.000000,8.000000e-01,5.000000e-08,6.91172793e-01,3.45586397e-08,6.49026266e-02,9.35097373e-01
4.000000e-08,40.000000,8.000000e-01,5.000000e-08,6.91372843e-01,3.45686422e-08,6.47981390e-02,9.35201861e-01
4.000000e-08,40.000000,8.000000e-01,5.000000e-08,6.91572893e-01,3.45786447e-08,6.46935922e-02,9.35306408e-01
4.000000e-08,40.000000,8.000000e-01,5.000000e-08,6.91772943e-01,3.45886472e-08,6.45889863e-02,9.35411014e-01
4.000000e-08,40.000000,8.000000e-01,5.000000e-08,6.91972993e-01,3.45986497e-08,6.44843212e-02,9.35515679e-01
4.000000e-08,40.000000,8.000000e-01,5.000000e-08,6.92173043e-01,3.46086522e-08,6.43795970e-02,9.35620403e-01
4.000000e-08,40.000000,8.000000e-01,5.000000e-08,6.92373093e-01,3.46186547e-08,6.42748138e-02,9.35725186e-01
4.000000e-08,40.000000,8.000000e-01,5.000000e-08,6.92573143e-01,3.46286572e-08,6.41699714e-02,9.35830029e-01
4.000000e-08,40.000000,8.000000e-01,5.000000e-08,6.92773193e-01,3.46386597e-08,6.40650701e-02,9.35934930e-01
4.000000e-08,40.000000,8.000000e-01,5.000000e-08,6.92973243e-01,3.46486622e-08,6.39601097e-02,9.36039890e-01
4.000000e-08,40.000000,8.000000e-01,5.000000e-08,6.93173293e-01,3.46586647e-08,6.38550903e-02,9.36144910e-01
4.000000e-08,40.000000,8.000000e-01,5.000000e-08,6.93373343e-01,3.46686672e-08,6.37500119e-02,9.36249988e-01
4.000000e-08,40.000000,8.000000e-01,5.000000e-08,6.93573393e-01,3.46786697e-08,6.36448746e-02,9.36355125e-01
4.000000e-08,40.000000,8.000000e-01,5.000000e-08,6.93773443e-01,3.46886722e-08,6.35396784e-02,9.36460322e-01
4.000000e-08,40.000000,8.000000e-01,5.000000e-08,6.93973493e-01,3.46986747e-08,6.34344233e-02,9.36565577e-01
4.000000e-08,40.000000,8.000000e-01,5.000000e-08,6.94173543e-01,3.47086772e-08,6.33291093e-02,9.36670891e-01
4.000000e-08,40.000000,8.000000e-01,5.000000e-08,6.94373593e-01,3.47186797e-08,6.32237365e-02,9.36776263e-01
4.000000e-08,40.000000,8.000000e-01,5.000000e-08,6.94573643e-01,3.47286822e-08,6.31183049e-02,9.36881695e-01
4.000000e-08,40.000000,8.000000e-01,5.000000e-08,6.94773693e-01,3.47386847e-08,6.30128144e-02,9.36987186e-01
4.000000e-08,40.000000,8.000000e-01,5.000000e-08,6.94973743e-01,3.47486872e-08,6.29072652e-02,9.37092735e-01
4.000000e-08,40.000000,8.000000e-01,5.000000e-08,6.95173793e-01,3.47586897e-08,6.28016572e-02,9.37198343e-01
4.000000e-08,40.000000,8.000000e-01,5.000000e-08,6.95373843e-01,3.47686922e-08,6.26959905e-02,9.37304009e-01
4.000000e-08,40.000000,8.000000e-01,5.000000e-08,6.95573893e-01,3.47786947e-08,6.25902651e-02,9.37409735e-01
4.000000e-08,40.000000,8.000000e-01,5.000000e-08,6.95773943e-01,3.47886972e-08,6.24844811e-02,9.37515519e-01
4.000000e-08,40.000000,8.000000e-01,5.000000e-08,6.95973993e-01,3.47986997e-08,6.23786383e-02,9.37621362e-01
4.000000e-08,40.000000,8.000000e-01,5.000000e-08,6.96174044e-01,3.48087022e-08,6.22727370e-02,9.37727263e-01
4.000000e-08,40.000000,8.000000e-01,5.000000e-08,6.96374094e-01,3.48187047e-08,6.21667770e-02,9.37833223e-01
4.000000e-08,40.000000,8.000000e-01,5.000000e-08,6.96574144e-01,3.48287072e-08,6.20607585e-02,9.37939241e-01
4.000000e-08,40.000000,8.000000e-01,5.000000e-08,6.96774194e-01,3.48387097e-08,6.19546814e-02,9.38045319e-01
4.000000e-08,40.000000,8.000000e-01,5.000000e-08,6.96974244e-01,3.48487122e-08,6.18485458e-02,9.38151454e-01
4.000000e-08,40.000000,8.000000e-01,5.000000e-08,6.97174294e-01,3.48587147e-08,6.17423517e-02,9.38257648e-01
4.000000e-08,40.000000,8.000000e-01,5.000000e-08,6.97374344e-01,3.48687172e-08,6.16360991e-02,9.38363901e-01
4.000000e-08,40.000000,8.000000e-01,5.000000e-08,6.97574394e-01,3.48787197e-08,6.15297881e-02,9.38470212e-01
4.000000e-08,40.000000,8.000000e-01,5.000000e-08,6.97774444e-01,3.48887222e-08,6.14234186e-02,9.38576581e-01
4.000000e-08,40.000000,8.000000e-01,5.000000e-08,6.97974494e-01,3.48987247e-08,6.13169907e-02,9.38683009e-01
4.000000e-08,40.000000,8.000000e-01,5.000000e-08,6.98174544e-01,3.49087272e-08,6.12105044e-02,9.38789496e-01
4.000000e-08,40.000000,8.000000e-01,5.000000e-08,6.98374594e-01,3.49187297e-08,6.11039598e-02,9.38896040e-01
4.000000e-08,40.000000,8.000000e-01,5.000000e-08,6.98574644e-01,3.49287322e-08,6.09973568e-02,9.39002643e-01
4.000000e-08,40.000000,8.000000e-01,5.000000e-08,6.98774694e-01,3.49387347e-08,6.08906955e-02,9.39109304e-01
4.000000e-08,40.000000,8.000000e-01,5.000000e-08,6.98974744e-01,3.49487372e-08,6.07839760e-02,9.39216024e-01
4.000000e-08,40.000000,8.000000e-01,5.000000e-08,6.99174794e-01,3.49587397e-08,6.06771982e-02,9.39322802e-01
4.000000e-08,40.000000,8.000000e-01,5.000000e-08,6.99374844e-01,3.49687422e-08,6.05703621e-02,9.39429638e-01
4.000000e-08,40.000000,8.000000e-01,5.000000e-08,6.99574894e-01,3.49787447e-08,6.04634678e-02,9.39536532e-01
4.000000e-08,40.000000,8.000000e-01,5.000000e-08,6.99774944e-01,3.49887472e-08,6.03565154e-02,9.39643485e-01
4.000000e-08,40.000000,8.000000e-01,5.000000e-08,6.99974994e-01,3.49987497e-08,6.02495048e-02,9.39750495e-01
4.000000e-08,40.000000,8.000000e-01,5.000000e-08,7.00175044e-01,3.50087522e-08,6.01424360e-02,9.39857564e-01
4.000000e-08,40.000000,8.000000e-01,5.000000e-08,7.00375094e-01,3.50187547e-08,6.00353092e-02,9.39964691e-01
4.000000e-08,40.000000,8.000000e-01,5.000000e-08,7.00575144e-01,3.50287572e-08,5.99281242e-02,9.40071876e-01
4.000000e-08,40.000000,8.000000e-01,5.000000e-08,7.00775194e-01,3.50387597e-08,5.98208812e-02,9.40179119e-01
4.000000e-08,40.000000,8.000000e-01,5.000000e-08,7.00975244e-01,3.50487622e-08,5.97135802e-02,9.40286420e-01
4.000000e-08,40.000000,8.000000e-01,5.000000e-08,7.01175294e-01,3.50587647e-08,5.96062211e-02,9.40393779e-01
4.000000e-08,40.000000,8.000000e-01,5.000000e-08,7.01375344e-01,3.50687672e-08,5.94988041e-02,9.40501196e-01
4.000000e-08,40.000000,8.000000e-01,5.000000e-08,7.01575394e-01,3.50787697e-08,5.93913290e-02,9.40608671e-01
4.000000e-08,40.000000,8.000000e-01,5.000000e-08,7.01775444e-01,3.50887722e-08,5.92837961e-02,9.40716204e-01
4.000000e-08,40.000000,8.000000e-01,5.000000e-08,7.01975494e-01,3.50987747e-08,5.91762052e-02,9.40823795e-01
4.000000e-08,40.000000,8.000000e-01,5.000000e-08,7.02175544e-01,3.51087772e-08,5.90685565e-02,9.40931444e-01
4.000000e-08,40.000000,8.000000e-01,5.000000e-08,7.02375594e-01,3.51187797e-08,5.89608498e-02,9.41039150e-01
4.000000e-08,40.000000,8.000000e-01,5.000000e-08,7.02575644e-01,3.51287822e-08,5.88530854e-02,9.41146915e-01
4.000000e-08,40.000000,8.000000e-01,5.000000e-08,7.02775694e-01,3.51387847e-08,5.87452631e-02,9.41254737e-01
4.000000e-08,40.000000,8.000000e-01,5.000000e-08,7.02975744e-01,3.51487872e-08,5.86373830e-02,9.41362617e-01
4.000000e-08,40.000000,8.000000e-01,5.000000e-08,7.03175794e-01,3.51587897e-08,5.85294452e-02,9.41470555e-01
4.000000e-08,40.000000,8.000000e-01,5.000000e-08,7.03375844e-01,3.51687922e-08,5.84214496e-02,9.41578550e-01
4.000000e-08,40.000000,8.000000e-01,5.000000e-08,7.03575894e-01,3.51787947e-08,5.83133963e-02,9.41686604e-01
4.000000e-08,40.000000,8.000000e-01,5.000000e-08,7.03775944e-01,3.51887972e-08,5.82052853e-02,9.41794715e-01
4.000000e-08,40.000000,8.000000e-01,5.000000e-08,7.03975994e-01,3.51987997e-08,5.80971167e-02,9.41902883e-01
4.000000e-08,40.000000,8.000000e-01,5.000000e-08,7.04176044e-01,3.52088022e-08,5.79888904e-02,9.42011110e-01
4.000000e-08,40.000000,8.000000e-01,5.000000e-08,7.04376094e-01,3.52188047e-08,5.78806065e-02,9.42119394e-01
4.000000e-08,40.000000,8.000000e-01,5.000000e-08,7.04576144e-01,3.52288072e-08,5.77722650e-02,9.42227735e-01
4.000000e-08,40.000000,8.000000e-01,5.000000e-08,7.04776194e-01,3.52388097e-08,5.76638659e-02,9.42336134e-01
4.000000e-08,40.000000,8.000000e-01,5.000000e-08,7.04976244e-01,3.52488122e-08,5.75554093e-02,9.42444591e-01
4.000000e-08,40.000000,8.000000e-01,5.000000e-08,7.05176294e-01,3.52588147e-08,5.74468952e-02,9.42553105e-01
4.000000e-08,40.000000,8.000000e-01,5.000000e-08,7.05376344e-01,3.52688172e-08,5.73383235e-02,9.42661676e-01
4.000000e-08,40.000000,8.000000e-01,5.000000e-08,7.05576394e-01,3.52788197e-08,5.72296945e-02,9.42770306e-01
4.000000e-08,40.000000,8.000000e-01,5.000000e-08,7.05776444e-01,3.52888222e-08,5.71210079e-02,9.42878992e-01
4.000000e-08,40.000000,8.000000e-01,5.000000e-08,7.05976494e-01,3.52988247e-08,5.70122640e-02,9.42987736e-01
4.000000e-08,40.000000,8.000000e-01,5.000000e-08,7.06176544e-01,3.53088272e-08,5.69034626e-02,9.43096537e-01
4.000000e-08,40.000000,8.000000e-01,5.000000e-08,7.06376594e-01,3.53188297e-08,5.67946039e-02,9.43205396e-01
4.000000e-08,40.000000,8.000000e-01,5.000000e-08,7.06576644e-01,3.53288322e-08,5.66856878e-02,9.43314312e-01
4.000000e-08,40.000000,8.000000e-01,5.000000e-08,7.06776694e-01,3.53388347e-08,5.65767145e-02,9.43423286e-01
4.000000e-08,40.000000,8.000000e-01,5.000000e-08,7.06976744e-01,3.53488372e-08,5.64676838e-02,9.43532316e-01
4.000000e-08,40.000000,8.000000e-01,5.000000e-08,7.07176794e-01,3.53588397e-08,5.63585959e-02,9.43641404e-01
4.000000e-08,40.000000,8.000000e-01,5.000000e-08,7.07376844e-01,3.53688422e-08,5.62494507e-02,9.43750549e-01
4.000000e-08,40.000000,8.000000e-01,5.000000e-08,7.07576894e-01,3.53788447e-08,5.61402483e-02,9.43859752e-01
4.000000e-08,40.000000,8.000000e-01,5.000000e-08,7.07776944e-01,3.53888472e-08,5.60309887e-02,9.43969011e-01
4.000000e-08,40.000000,8.000000e-01,5.000000e-08,7.07976994e-01,3.53988497e-08,5.59216719e-02,9.44078328e-01
4.000000e-08,40.000000,8.000000e-01,5.000000e-08,7.08177044e-01,3.54088522e-08,5.58122980e-02,9.44187702e-01
4.000000e-08,40.000000,8.000000e-01,5.000000e-08,7.08377094e-01,3.54188547e-08,5.57028670e-02,9.44297133e-01
4.000000e-08,40.000000,8.000000e-01,5.000000e-08,7.08577144e-01,3.54288572e-08,5.55933789e-02,9.44406621e-01
4.000000e-08,40.000000,8.000000e-01,5.000000e-08,7.08777194e-01,3.54388597e-08,5.54838337e-02,9.44516166e-01
4.000000e-08,40.000000,8.000000e-01,5.000000e-08,7.08977244e-01,3.54488622e-08,5.53742315e-02,9.44625769e-01
4.000000e-08,40.000000,8.000000e-01,5.000000e-08,7.09177294e-01,3.54588647e-08,5.52645722e-02,9.44735428e-01
4.000000e-08,40.000000,8.000000e-01,5.000000e-08,7.09377344e-01,3.54688672e-08,5.51548560e-02,9.44845144e-01
4.000000e-08,40.000000,8.000000e-01,5.000000e-08,7.09577394e-01,3.54788697e-08,5.50450828e-02,9.44954917e-01
4.000000e-08,40.000000,8.000000e-01,5.000000e-08,7.09777444e-01,3.54888722e-08,5.49352526e-02,9.45064747e-01
4.000000e-08,40.000000,8.000000e-01,5.000000e-08,7.09977494e-01,3.54988747e-08,5.48253656e-02,9.45174634e-01
4.000000e-08,40.000000,8.000000e-01,5.000000e-08,7.10177544e-01,3.55088772e-08,5.47154216e-02,9.45284578e-01
4.000000e-08,40.000000,8.000000e-01,5.000000e-08,7.10377594e-01,3.55188797e-08,5.46054208e-02,9.45394579e-01
4.000000e-08,40.000000,8.000000e-01,5.000000e-08,7.10577644e-01,3.55288822e-08,5.44953631e-02,9.45504637e-01
4.000000e-08,40.000000,8.000000e-01,5.000000e-08,7.10777694e-01,3.55388847e-08,5.43852486e-02,9.45614751e-01
4.000000e-08,40.000000,8.000000e-01,5.000000e-08,7.10977744e-01,3.55488872e-08,5.42750773e-02,9.45724923e-01
4.000000e-08,40.000000,8.000000e-01,5.000000e-08,7.11177794e-01,3.55588897e-08,5.41648493e-02,9.45835151e-01
4.000000e-08,40.000000,8.000000e-01,5.000000e-08,7.11377844e-01,3.55688922e-08,5.40545645e-02,9.45945435e-01
4.000000e-08,40.000000,8.000000e-01,5.000000e-08,7.11577894e-01,3.55788947e-08,5.39442230e-02,9.46055777e-01
4.000000e-08,40.000000,8.000000e-01,5.000000e-08,7.11777944e-01,3.55888972e-08,5.38338248e-02,9.46166175e-01
4.000000e-08,40.000000,8.000000e-01,5.000000e-08,7.11977994e-01,3.55988997e-08,5.37233700e-02,9.46276630e-01
4.000000e-08,40.000000,8.000000e-01,5.000000e-08,7.12178045e-01,3.56089022e-08,5.36128585e-02,9.46387142e-01
4.000000e-08,40.000000,8.000000e-01,5.000000e-08,7.12378095e-01,3.56189047e-08,5.35022904e-02,9.46497710e-01
4.000000e-08,40.000000,8.000000e-01,5.000000e-08,7.12578145e-01,3.56289072e-08,5.33916656e-02,9.46608334e-01
4.000000e-08,40.000000,8.000000e-01,5.000000e-08,7.12778195e-01,3.56389097e-08,5.32809844e-02,9.46719016e-01
4.000000e-08,40.000000,8.000000e-01,5.000000e-08,7.12978245e-01,3.56489122e-08,5.31702466e-02,9.46829753e-01
4.000000e-08,40.000000,8.000000e-01,5.000000e-08,7.13178295e-01,3.56589147e-08,5.30594522e-02,9.46940548e-01
4.000000e-08,40.000000,8.000000e-01,5.000000e-08,7.13378345e-01,3.56689172e-08,5.29486014e-02,9.47051399e-01
4.000000e-08,40.000000,8.000000e-01,5.000000e-08,7.13578395e-01,3.56789197e-08,5.28376942e-02,9.47162306e-01
4.000000e-08,40.000000,8.000000e-01,5.000000e-08,7.13778445e-01,3.56889222e-08,5.27267304e-02,9.47273270e-01
4.000000e-08,40.000000,8.000000e-01,5.000000e-08,7.13978495e-01,3.56989247e-08,5.26157103e-02,9.47384290e-01
4.000000e-08,40.000000,8.000000e-01,5.000000e-08,7.14178545e-01,3.57089272e-08,5.25046338e-02,9.47495366e-01
4.000000e-08,40.000000,8.000000e-01,5.000000e-08,7.14378595e-01,3.57189297e-08,5.23935009e-02,9.47606499e-01
4.000000e-08,40.000000,8.000000e-01,5.000000e-08,7.14578645e-01,3.57289322e-08,5.22823117e-02,9.47717688e-01
4.000000e-08,40.000000,8.000000e-01,5.000000e-08,7.14778695e-01,3.57389347e-08,5.21710662e-02,9.47828934e-01
4.000000e-08,40.000000,8.000000e-01,5.000000e-08,7.14978745e-01,3.57489372e-08,5.20597644e-02,9.47940236e-01
4.000000e-08,40.000000,8.000000e-01,5.000000e-08,7.15178795e-01,3.57589397e-08,5.19484063e-02,9.48051594e-01
4.000000e-08,40.000000,8.000000e-01,5.000000e-08,7.15378845e-01,3.57689422e-08,5.18369920e-02,9.48163008e-01
4.000000e-08,40.000000,8.000000e-01,5.000000e-08,7.15578895e-01,3.57789447e-08,5.17255215e-02,9.48274479e-01
4.000000e-08,40.000000,8.000000e-01,5.000000e-08,7.15778945e-01,3.57889472e-08,5.16139948e-02,9.48386005e-01
4.000000e-08,40.000000,8.000000e-01,5.000000e-08,7.15978995e-01,3.57989497e-08,5.15024119e-02,9.48497588e-01
4.000000e-08,40.000000,8.000000e-01,5.000000e-08,7.16179045e-01,3.58089522e-08,5.13907729e-02,9.48609227e-01
4.000000e-08,40.000000,8.000000e-01,5.000000e-08,7.16379095e-01,3.58189547e-08,5.12790778e-02,9.48720922e-01
4.000000e-08,40.000000,8.000000e-01,5.000000e-08,7.16579145e-01,3.58289572e-08,5.11673266e-02,9.48832673e-01
4.000000e-08,40.000000,8.000000e-01,5.000000e-08,7.16779195e-01,3.58389597e-08,5.10555193e-02,9.48944481e-01
4.000000e-08,40.000000,8.000000e-01,5.000000e-08,7.16979245e-01,3.58489622e-08,5.09436561e-02,9.49056344e-01
4.000000e-08,40.000000,8.000000e-01,5.000000e-08,7.17179295e-01,3.58589647e-08,5.08317368e-02,9.49168263e-01
4.000000e-08,40.000000,8.000000e-01,5.000000e-08,7.17379345e-01,3.58689672e-08,5.07197615e-02,9.49280238e-01
4.000000e-08,40.000000,8.000000e-01,5.000000e-08,7.17579395e-01,3.58789697e-08,5.06077303e-02,9.49392270e-01
4.000000e-08,40.000000,8.000000e-01,5.000000e-08,7.17779445e-01,3.58889722e-08,5.04956431e-02,9.49504357e-01
4.000000e-08,40.000000,8.000000e-01,5.000000e-08,7.17979495e-01,3.58989747e-08,5.03835001e-02,9.49616500e-01
4.000000e-08,40.000000,8.000000e-01,5.000000e-08,7.18179545e-01,3.59089772e-08,5.02713011e-02,9.49728699e-01
4.000000e-08,40.000000,8.000000e-01,5.000000e-08,7.18379595e-01,3.59189797e-08,5.01590463e-02,9.49840954e-01
4.000000e-08,40.000000,8.000000e-01,5.000000e-08,7.18579645e-01,3.59289822e-08,5.00467357e-02,9.49953264e-01
4.000000e-08,40.000000,8.000000e-01,5.000000e-08,7.18779695e-01,3.59389847e-08,4.99343693e-02,9.50065631e-01
4.000000e-08,40.000000,8.000000e-01,5.000000e-08,7.18979745e-01,3.59489872e-08,4.98219471e-02,9.50178053e-01
4.000000e-08,40.000000,8.000000e-01,5.000000e-08,7.19179795e-01,3.59589897e-08,4.97094691e-02,9.50290531e-01
4.000000e-08,40.000000,8.000000e-01,5.000000e-08,7.19379845e-01,3.59689922e-08,4.95969355e-02,9.50403065e-01
4.000000e-08,40.000000,8.000000e-01,5.000000e-08,7.19579895e-01,3.59789947e-08,4.94843461e-02,9.50515654e-01
4.000000e-08,40.000000,8.000000e-01,5.000000e-08,7.19779945e-01,3.59889972e-08,4.93717010e-02,9.50628299e-01
4.000000e-08,40.000000,8.000000e-01,5.000000e-08,7.19979995e-01,3.59989997e-08,4.92590003e-02,9.50741000e-01
4.000000e-08,40.000000,8.000000e-01,5.000000e-08,7.20180045e-01,3.60090023e-08,4.91462440e-02,9.50853756e-01
4.000000e-08,40.000000,8.000000e-01,5.000000e-08,7.20380095e-01,3.60190048e-08,4.90334321e-02,9.50966568e-01
4.000000e-08,40.000000,8.000000e-01,5.000000e-08,7.20580145e-01,3.60290073e-08,4.89205646e-02,9.51079435e-01
4.000000e-08,40.000000,8.000000e-01,5.000000e-08,7.20780195e-01,3.60390098e-08,4.88076416e-02,9.51192358e-01
4.000000e-08,40.000000,8.000000e-01,5.000000e-08,7.20980245e-01,3.60490123e-08,4.86946630e-02,9.51305337e-01
4.000000e-08,40.000000,8.000000e-01,5.000000e-08,7.21180295e-01,3.60590148e-08,4.85816289e-02,9.51418371e-01
4.000000e-08,40.000000,8.000000e-01,5.000000e-08,7.21380345e-01,3.60690173e-08,4.84685394e-02,9.51531461e-01
4.000000e-08,40.000000,8.000000e-01,5.000000e-08,7.21580395e-01,3.60790198e-08,4.83553944e-02,9.51644606e-01
4.000000e-08,40.000000,8.000000e-01,5.000000e-08,7.21780445e-01,3.60890223e-08,4.82421940e-02,9.51757806e-01
4.000000e-08,40.000000,8.000000e-01,5.000000e-08,7.21980495e-01,3.60990248e-08,4.81289383e-02,9.51871062e-01
4.000000e-08,40.000000,8.000000e-01,5.000000e-08,7.22180545e-01,3.61090273e-08,4.80156271e-02,9.51984373e-01
4.000000e-08,40.000000,8.000000e-01,5.000000e-08,7.22380595e-01,3.61190298e-08,4.79022606e-02,9.52097739e-01
4.000000e-08,40.000000,8.000000e-01,5.000000e-08,7.22580645e-01,3.61290323e-08,4.77888388e-02,9.52211161e-01
4.000000e-08,40.000000,8.000000e-01,5.000000e-08,7.22780695e-01,3.61390348e-08,4.76753617e-02,9.52324638e-01
4.000000e-08,40.000000,8.000000e-01,5.000000e-08,7.22980745e-01,3.61490373e-08,4.75618294e-02,9.52438171e-01
4.000000e-08,40.000000,8.000000e-01,5.000000e-08,7.23180795e-01,3.61590398e-08,4.74482418e-02,9.52551758e-01
4.000000e-08,40.000000,8.000000e-01,5.000000e-08,7.23380845e-01,3.61690423e-08,4.73345990e-02,9.52665401e-01
4.000000e-08,40.000000,8.000000e-01,5.000000e-08,7.23580895e-01,3.61790448e-08,4.72209010e-02,9.52779099e-01
4.000000e-08,40.000000,8.000000e-01,5.000000e-08,7.23780945e-01,3.61890473e-08,4.71071478e-02,9.52892852e-01
4.000000e-08,40.000000,8.000000e-01,5.000000e-08,7.23980995e-01,3.61990498e-08,4.69933395e-02,9.53006660e-01
4.000000e-08,40.000000,8.000000e-01,5.000000e-08,7.24181045e-01,3.62090523e-08,4.68794761e-02,9.53120524e-01
4.000000e-08,40.000000,8.000000e-01,5.000000e-08,7.24381095e-01,3.62190548e-08,4.67655576e-02,9.53234442e-01
4.000000e-08,40.000000,8.000000e-01,5.000000e-08,7.24581145e-01,3.62290573e-08,4.66515841e-02,9.53348416e-01
4.000000e-08,40.000000,8.000000e-01,5.000000e-08,7.24781195e-01,3.62390598e-08,4.65375555e-02,9.53462445e-01
4.000000e-08,40.000000,8.000000e-01,5.000000e-08,7.24981245e-01,3.62490623e-08,4.64234719e-02,9.53576528e-01
4.000000e-08,40.000000,8.000000e-01,5.000000e-08,7.25181295e-01,3.62590648e-08,4.63093334e-02,9.53690667e-01
4.000000e-08,40.000000,8.000000e-01,5.000000e-08,7.25381345e-01,3.62690673e-08,4.61951398e-02,9.53804860e-01
4.000000e-08,40.000000,8.000000e-01,5.000000e-08,7.25581395e-01,3.62790698e-08,4.60808914e-02,9.53919109e-01
4.000000e-08,40.000000,8.000000e-01,5.000000e-08,7.25781445e-01,3.62890723e-08,4.59665880e-02,9.54033412e-01
4.000000e-08,40.000000,8.000000e-01,5.000000e-08,7.25981495e-01,3.62990748e-08,4.58522298e-02,9.54147770e-01
4.000000e-08,40.000000,8.000000e-01,5.000000e-08,7.26181545e-01,3.63090773e-08,4.57378168e-02,9.54262183e-01
4.000000e-08,40.000000,8.000000e-01,5.000000e-08,7.26381595e-01,3.63190798e-08,4.56233489e-02,9.54376651e-01
4.000000e-08,40.000000,8.000000e-01,5.000000e-08,7.26581645e-01,3.63290823e-08,4.55088262e-02,9.54491174e-01
4.000000e-08,40.000000,8.000000e-01,5.000000e-08,7.26781695e-01,3.63390848e-08,4.53942487e-02,9.54605751e-01
4.000000e-08,40.000000,8.000000e-01,5.000000e-08,7.26981745e-01,3.63490873e-08,4.52796165e-02,9.54720384e-01
4.000000e-08,40.000000,8.000000e-01,5.000000e-08,7.27181795e-01,3.63590898e-08,4.51649295e-02,9.54835070e-01
4.000000e-08,40.000000,8.000000e-01,5.000000e-08,7.27381845e-01,3.63690923e-08,4.50501879e-02,9.54949812e-01
4.000000e-08,40.000000,8.000000e-01,5.000000e-08,7.27581895e-01,3.63790948e-08,4.49353916e-02,9.55064608e-01
4.000000e-08,40.000000,8.000000e-01,5.000000e-08,7.27781945e-01,3.63890973e-08,4.48205406e-02,9.55179459e-01
4.000000e-08,40.000000,8.000000e-01,5.000000e-08,7.27981995e-01,3.63990998e-08,4.47056351e-02,9.55294365e-01
4.000000e-08,40.000000,8.000000e-01,5.000000e-08,7.28182046e-01,3.64091023e-08,4.45906749e-02,9.55409325e-01
4.000000e-08,40.000000,8.000000e-01,5.000000e-08,7.28382096e-01,3.64191048e-08,4.44756602e-02,9.55524340e-01
4.000000e-08,40.000000,8.000000e-01,5.000000e-08,7.28582146e-01,3.64291073e-08,4.43605909e-02,9.55639409e-01
4.000000e-08,40.000000,8.000000e-01,5.000000e-08,7.28782196e-01,3.64391098e-08,4.42454671e-02,9.55754533e-01
4.000000e-08,40.000000,8.000000e-01,5.000000e-08,7.28982246e-01,3.64491123e-08,4.41302889e-02,9.55869711e-01
4.000000e-08,40.000000,8.000000e-01,5.000000e-08,7.29182296e-01,3.64591148e-08,4.40150562e-02,9.55984944e-01
4.000000e-08,40.000000,8.000000e-01,5.000000e-08,7.29382346e-01,3.64691173e-08,4.38997690e-02,9.56100231e-01
4.000000e-08,40.000000,8.000000e-01,5.000000e-08,7.29582396e-01,3.64791198e-08,4.37844274e-02,9.56215573e-01
4.000000e-08,40.000000,8.000000e-01,5.000000e-08,7.29782446e-01,3.64891223e-08,4.36690315e-02,9.56330969e-01
4.000000e-08,40.000000,8.000000e-01,5.000000e-08,7.29982496e-01,3.64991248e-08,4.35535812e-02,9.56446419e-01
4.000000e-08,40.000000,8.000000e-01,5.000000e-08,7.30182546e-01,3.65091273e-08,4.34380765e-02,9.56561923e-01
4.000000e-08,40.000000,8.000000e-01,5.000000e-08,7.30382596e-01,3.65191298e-08,4.33225176e-02,9.56677482e-01
4.000000e-08,40.000000,8.000000e-01,5.000000e-08,7.30582646e-01,3.65291323e-08,4.32069044e-02,9.56793096e-01
4.000000e-08,40.000000,8.000000e-01,5.000000e-08,7.30782696e-01,3.65391348e-08,4.30912369e-02,9.56908763e-01
4.000000e-08,40.000000,8.000000e-01,5.000000e-08,7.30982746e-01,3.65491373e-08,4.29755152e-02,9.57024485e-01
4.000000e-08,40.000000,8.000000e-01,5.000000e-08,7.31182796e-01,3.65591398e-08,4.28597393e-02,9.57140261e-01
4.000000e-08,40.000000,8.000000e-01,5.000000e-08,7.31382846e-01,3.65691423e-08,4.27439092e-02,9.57256091e-01
4.000000e-08,40.000000,8.000000e-01,5.000000e-08,7.31582896e-01,3.65791448e-08,4.26280250e-02,9.57371975e-01
4.000000e-08,40.000000,8.000000e-01,5.000000e-08,7.31782946e-01,3.65891473e-08,4.25120866e-02,9.57487913e-01
4.000000e-08,40.000000,8.000000e-01,5.000000e-08,7.31982996e-01,3.65991498e-08,4.23960942e-02,9.57603906e-01
4.000000e-08,40.000000,8.000000e-01,5.000000e-08,7.32183046e-01,3.66091523e-08,4.22800476e-02,9.57719952e-01
4.000000e-08,40.000000,8.000000e-01,5.000000e-08,7.32383096e-01,3.66191548e-08,4.21639471e-02,9.57836053e-01
4.000000e-08,40.000000,8.000000e-01,5.000000e-08,7.32583146e-01,3.66291573e-08,4.20477925e-02,9.57952207e-01
4.000000e-08,40.000000,8.000000e-01,5.000000e-08,7.32783196e-01,3.66391598e-08,4.19315839e-02,9.58068416e-01
4.000000e-08,40.000000,8.000000e-01,5.000000e-08,7.32983246e-01,3.66491623e-08,4.18153214e-02,9.58184679e-01
4.000000e-08,40.000000,8.000000e-01,5.000000e-08,7.33183296e-01,3.66591648e-08,4.16990049e-02,9.58300995e-01
4.000000e-08,40.000000,8.000000e-01,5.000000e-08,7.33383346e-01,3.66691673e-08,4.15826345e-02,9.58417365e-01
4.000000e-08,40.000000,8.000000e-01,5.000000e-08,7.33583396e-01,3.66791698e-08,4.14662103e-02,9.58533790e-01
4.000000e-08,40.000000,8.000000e-01,5.000000e-08,7.33783446e-01,3.66891723e-08,4.13497321e-02,9.58650268e-01
4.000000e-08,40.000000,8.000000e-01,5.000000e-08,7.33983496e-01,3.66991748e-08,4.12332002e-02,9.58766800e-01
4.000000e-08,40.000000,8.000000e-01,5.000000e-08,7.34183546e-01,3.67091773e-08,4.11166144e-02,9.58883386e-01
4.000000e-08,40.000000,8.000000e-01,5.000000e-08,7.34383596e-01,3.67191798e-08,4.09999748e-02,9.59000025e-01
4.000000e-08,40.000000,8.000000e-01,5.000000e-08,7.34583646e-01,3.67291823e-08,4.08832815e-02,9.59116718e-01
4.000000e-08,40.000000,8.000000e-01,5.000000e-08,7.34783696e-01,3.67391848e-08,4.07665345e-02,9.59233466e-01
4.000000e-08,40.000000,8.000000e-01,5.000000e-08,7.34983746e-01,3.67491873e-08,4.06497337e-02,9.59350266e-01
4.000000e-08,40.000000,8.000000e-01,5.000000e-08,7.35183796e-01,3.67591898e-08,4.05328793e-02,9.59467121e-01
4.000000e-08,40.000000,8.000000e-01,5.000000e-08,7.35383846e-01,3.67691923e-08,4.04159712e-02,9.59584029e-01
4.000000e-08,40.000000,8.000000e-01,5.000000e-08,7.35583896e-01,3.67791948e-08,4.02990095e-02,9.59700990e-01
4.000000e-08,40.000000,8.000000e-01,5.000000e-08,7.35783946e-01,3.67891973e-08,4.01819942e-02,9.59818006e-01
4.000000e-08,40.000000,8.000000e-01,5.000000e-08,7.35983996e-01,3.67991998e-08,4.00649254e-02,9.59935075e-01
4.000000e-08,40.000000,8.000000e-01,5.000000e-08,7.36184046e-01,3.68092023e-08,3.99478029e-02,9.60052197e-01
4.000000e-08,40.000000,8.000000e-01,5.000000e-08,7.36384096e-01,3.68192048e-08,3.98306270e-02,9.60169373e-01
4.000000e-08,40.000000,8.000000e-01,5.000000e-08,7.36584146e-01,3.68292073e-08,3.97133976e-02,9.60286602e-01
4.000000e-08,40.000000,8.000000e-01,5.000000e-08,7.36784196e-01,3.68392098e-08,3.95961147e-02,9.60403885e-01
4.000000e-08,40.000000,8.000000e-01,5.000000e-08,7.36984246e-01,3.68492123e-08,3.94787784e-02,9.60521222e-01
4.000000e-08,40.000000,8.000000e-01,5.000000e-08,7.37184296e-01,3.68592148e-08,3.93613886e-02,9.60638611e-01
4.000000e-08,40.000000,8.000000e-01,5.000000e-08,7.37384346e-01,3.68692173e-08,3.92439455e-02,9.60756055e-01
4.000000e-08,40.000000,8.000000e-01,5.000000e-08,7.37584396e-01,3.68792198e-08,3.91264490e-02,9.60873551e-01
4.000000e-08,40.000000,8.000000e-01,5.000000e-08,7.37784446e-01,3.68892223e-08,3.90088992e-02,9.60991101e-01
4.000000e-08,40.000000,8.000000e-01,5.000000e-08,7.37984496e-01,3.68992248e-08,3.88912960e-02,9.61108704e-01
4.000000e-08,40.000000,8.000000e-01,5.000000e-08,7.38184546e-01,3.69092273e-08,3.87736396e-02,9.61226360e-01
4.000000e-08,40.000000,8.000000e-01,5.000000e-08,7.38384596e-01,3.69192298e-08,3.86559300e-02,9.61344070e-01
4.000000e-08,40.000000,8.000000e-01,5.000000e-08,7.38584646e-01,3.69292323e-08,3.85381671e-02,9.61461833e-01
4.000000e-08,40.000000,8.000000e-01,5.000000e-08,7.38784696e-01,3.69392348e-08,3.84203510e-02,9.61579649e-01
4.000000e-08,40.000000,8.000000e-01,5.000000e-08,7.38984746e-01,3.69492373e-08,3.83024817e-02,9.61697518e-01
4.000000e-08,40.000000,8.000000e-01,5.000000e-08,7.39184796e-01,3.69592398e-08,3.81845593e-02,9.61815441e-01
4.000000e-08,40.000000,8.000000e-01,5.000000e-08,7.39384846e-01,3.69692423e-08,3.80665837e-02,9.61933416e-01
4.000000e-08,40.000000,8.000000e-01,5.000000e-08,7.39584896e-01,3.69792448e-08,3.79485551e-02,9.62051445e-01
4.000000e-08,40.000000,8.000000e-01,5.000000e-08,7.39784946e-01,3.69892473e-08,3.78304734e-02,9.62169527e-01
4.000000e-08,40.000000,8.000000e-01,5.000000e-08,7.39984996e-01,3.69992498e-08,3.77123386e-02,9.62287661e-01
4.000000e-08,40.000000,8.000000e-01,5.000000e-08,7.40185046e-01,3.70092523e-08,3.75941508e-02,9.62405849e-01
4.000000e-08,40.000000,8.000000e-01,5.000000e-08,7.40385096e-01,3.70192548e-08,3.74759101e-02,9.62524090e-01
4.000000e-08,40.000000,8.000000e-01,5.000000e-08,7.40585146e-01,3.70292573e-08,3.73576163e-02,9.62642384e-01
4.000000e-08,40.000000,8.000000e-01,5.000000e-08,7.40785196e-01,3.70392598e-08,3.72392697e-02,9.62760730e-01
4.000000e-08,40.000000,8.000000e-01,5.000000e-08,7.40985246e-01,3.70492623e-08,3.71208701e-02,9.62879130e-01
4.000000e-08,40.000000,8.000000e-01,5.000000e-08,7.41185296e-01,3.70592648e-08,3.70024176e-02,9.62997582e-01
4.000000e-08,40.000000,8.000000e-01,5.000000e-08,7.41385346e-01,3.70692673e-08,3.68839123e-02,9.63116088e-01
4.000000e-08,40.000000,8.000000e-01,5.000000e-08,7.41585396e-01,3.70792698e-08,3.67653542e-02,9.63234646e-01
4.000000e-08,40.000000,8.000000e-01,5.000000e-08,7.41785446e-01,3.70892723e-08,3.66467432e-02,9.63353257e-01
4.000000e-08,40.000000,8.000000e-01,5.000000e-08,7.41985496e-01,3.70992748e-08,3.65280795e-02,9.63471920e-01
4.000000e-08,40.000000,8.000000e-01,5.000000e-08,7.42185546e-01,3.71092773e-08,3.64093630e-02,9.63590637e-01
4.000000e-08,40.000000,8.000000e-01,5.000000e-08,7.42385596e-01,3.71192798e-08,3.62905938e-02,9.63709406e-01
4.000000e-08,40.000000,8.000000e-01,5.000000e-08,7.42585646e-01,3.71292823e-08,3.61717719e-02,9.63828228e-01
4.000000e-08,40.000000,8.000000e-01,5.000000e-08,7.42785696e-01,3.71392848e-08,3.60528973e-02,9.63947103e-01
4.000000e-08,40.000000,8.000000e-01,5.000000e-08,7.42985746e-01,3.71492873e-08,3.59339701e-02,9.64066030e-01
4.000000e-08,40.000000,8.000000e-01,5.000000e-08,7.43185796e-01,3.71592898e-08,3.58149903e-02,9.64185010e-01
4.000000e-08,40.000000,8.000000e-01,5.000000e-08,7.43385846e-01,3.71692923e-08,3.56959578e-02,9.64304042e-01
4.000000e-08,40.000000,8.000000e-01,5.000000e-08,7.43585896e-01,3.71792948e-08,3.55768728e-02,9.64423127e-01
4.000000e-08,40.000000,8.000000e-01,5.000000e-08,7.43785946e-01,3.71892973e-08,3.54577353e-02,9.64542265e-01
4.000000e-08,40.000000,8.000000e-01,5.000000e-08,7.43985996e-01,3.71992998e-08,3.53385453e-02,9.64661455e-01
4.000000e-08,40.000000,8.000000e-01,5.000000e-08,7.44186047e-01,3.72093023e-08,3.52193027e-02,9.64780697e-01
4.000000e-08,40.000000,8.000000e-01,5.000000e-08,7.44386097e-01,3.72193048e-08,3.51000077e-02,9.64899992e-01
4.000000e-08,40.000000,8.000000e-01,5.000000e-08,7.44586147e-01,3.72293073e-08,3.49806603e-02,9.65019340e-01
4.000000e-08,40.000000,8.000000e-01,5.000000e-08,7.44786197e-01,3.72393098e-08,3.48612605e-02,9.65138740e-01
4.000000e-08,40.000000,8.000000e-01,5.000000e-08,7.44986247e-01,3.72493123e-08,3.47418083e-02,9.65258192e-01
4.000000e-08,40.000000,8.000000e-01,5.000000e-08,7.45186297e-01,3.72593148e-08,3.46223037e-02,9.65377696e-01
4.000000e-08,40.000000,8.000000e-01,5.000000e-08,7.45386347e-01,3.72693173e-08,3.45027468e-02,9.65497253e-01
4.000000e-08,40.000000,8.000000e-01,5.000000e-08,7.45586397e-01,3.72793198e-08,3.43831376e-02,9.65616862e-01
4.000000e-08,40.000000,8.000000e-01,5.000000e-08,7.45786447e-01,3.72893223e-08,3.42634762e-02,9.65736524e-01
4.000000e-08,40.000000,8.000000e-01,5.000000e-08,7.45986497e-01,3.72993248e-08,3.41437625e-02,9.65856238e-01
4.000000e-08,40.000000,8.000000e-01,5.000000e-08,7.46186547e-01,3.73093273e-08,3.40239966e-02,9.65976003e-01
4.000000e-08,40.000000,8.000000e-01,5.000000e-08,7.46386597e-01,3.73193298e-08,3.39041785e-02,9.66095822e-01
4.000000e-08,40.000000,8.000000e-01,5.000000e-08,7.46586647e-01,3.73293323e-08,3.37843082e-02,9.66215692e-01
4.000000e-08,40.000000,8.000000e-01,5.000000e-08,7.46786697e-01,3.73393348e-08,3.36643858e-02,9.66335614e-01
4.000000e-08,40.000000,8.000000e-01,5.000000e-08,7.46986747e-01,3.73493373e-08,3.35444113e-02,9.66455589e-01
4.000000e-08,40.000000,8.000000e-01,5.000000e-08,7.47186797e-01,3.73593398e-08,3.34243846e-02,9.66575615e-01
4.000000e-08,40.000000,8.000000e-01,5.000000e-08,7.47386847e-01,3.73693423e-08,3.33043060e-02,9.66695694e-01
4.000000e-08,40.000000,8.000000e-01,5.000000e-08,7.47586897e-01,3.73793448e-08,3.31841753e-02,9.66815825e-01
4.000000e-08,40.000000,8.000000e-01,5.000000e-08,7.47786947e-01,3.73893473e-08,3.30639926e-02,9.66936007e-01
4.000000e-08,40.000000,8.000000e-01,5.000000e-08,7.47986997e-01,3.73993498e-08,3.29437579e-02,9.67056242e-01
4.000000e-08,40.000000,8.000000e-01,5.000000e-08,7.48187047e-01,3.74093523e-08,3.28234713e-02,9.67176529e-01
4.000000e-08,40.000000,8.000000e-01,5.000000e-08,7.48387097e-01,3.74193548e-08,3.27031327e-02,9.67296867e-01
4.000000e-08,40.000000,8.000000e-01,5.000000e-08,7.48587147e-01,3.74293573e-08,3.25827423e-02,9.67417258e-01
4.000000e-08,40.000000,8.000000e-01,5.000000e-08,7.48787197e-01,3.74393598e-08,3.24623000e-02,9.67537700e-01
4.000000e-08,40.000000,8.000000e-01,5.000000e-08,7.48987247e-01,3.74493623e-08,3.23418058e-02,9.67658194e-01
4.000000e-08,40.000000,8.000000e-01,5.000000e-08,7.49187297e-01,3.74593648e-08,3.22212598e-02,9.67778740e-01
4.000000e-08,40.000000,8.000000e-01,5.000000e-08,7.49387347e-01,3.74693673e-08,3.21006621e-02,9.67899338e-01
4.000000e-08,40.000000,8.000000e-01,5.000000e-08,7.49587397e-01,3.74793698e-08,3.19800125e-02,9.68019987e-01
4.000000e-08,40.000000,8.000000e-01,5.000000e-08,7.49787447e-01,3.74893723e-08,3.18593113e-02,9.68140689e-01
4.000000e-08,40.000000,8.000000e-01,5.000000e-08,7.49987497e-01,3.74993748e-08,3.17385583e-02,9.68261442e-01
4.000000e-08,40.000000,8.000000e-01,5.000000e-08,7.50187547e-01,3.75093773e-08,3.16177536e-02,9.68382246e-01
4.000000e-08,40.000000,8.000000e-01,5.000000e-08,7.50387597e-01,3.75193798e-08,3.14968973e-02,9.68503103e-01
4.000000e-08,40.000000,8.000000e-01,5.000000e-08,7.50587647e-01,3.75293823e-08,3.13759894e-02,9.68624011e-01
4.000000e-08,40.000000,8.000000e-01,5.000000e-08,7.50787697e-01,3.75393848e-08,3.12550299e-02,9.68744970e-01
4.000000e-08,40.000000,8.000000e-01,5.000000e-08,7.50987747e-01,3.75493873e-08,3.11340187e-02,9.68865981e-01
4.000000e-08,40.000000,8.000000e-01,5.000000e-08,7.51187797e-01,3.75593898e-08,3.10129561e-02,9.68987044e-01
4.000000e-08,40.000000,8.000000e-01,5.000000e-08,7.51387847e-01,3.75693923e-08,3.08918419e-02,9.69108158e-01
4.000000e-08,40.000000,8.000000e-01,5.000000e-08,7.51587897e-01,3.75793948e-08,3.07706762e-02,9.69229324e-01
4.000000e-08,40.000000,8.000000e-01,5.000000e-08,7.51787947e-01,3.75893973e-08,3.06494591e-02,9.69350541e-01
4.000000e-08,40.000000,8.000000e-01,5.000000e-08,7.51987997e-01,3.75993998e-08,3.05281905e-02,9.69471809e-01
4.000000e-08,40.000000,8.000000e-01,5.000000e-08,7.52188047e-01,3.76094024e-08,3.04068705e-02,9.69593129e-01
4.000000e-08,40.000000,8.000000e-01,5.000000e-08,7.52388097e-01,3.76194049e-08,3.02854991e-02,9.69714501e-01
4.000000e-08,40.000000,8.000000e-01,5.000000e-08,7.52588147e-01,3.76294074e-08,3.01640764e-02,9.69835924e-01
4.000000e-08,40.000000,8.000000e-01,5.000000e-08,7.52788197e-01,3.76394099e-08,3.00426023e-02,9.69957398e-01
4.000000e-08,40.000000,8.000000e-01,5.000000e-08,7.52988247e-01,3.76494124e-08,2.99210770e-02,9.70078923e-01
4.000000e-08,40.000000,8.000000e-01,5.000000e-08,7.53188297e-01,3.76594149e-08,2.97995003e-02,9.70200500e-01
4.000000e-08,40.000000,8.000000e-01,5.000000e-08,7.53388347e-01,3.76694174e-08,2.96778724e-02,9.70322128e-01
4.000000e-08,40.000000,8.000000e-01,5.000000e-08,7.53588397e-01,3.76794199e-08,2.95561933e-02,9.70443807e-01
4.000000e-08,40.000000,8.000000e-01,5.000000e-08,7.53788447e-01,3.76894224e-08,2.94344630e-02,9.70565537e-01
4.000000e-08,40.000000,8.000000e-01,5.000000e-08,7.53988497e-01,3.76994249e-08,2.93126815e-02,9.70687319e-01
4.000000e-08,40.000000,8.000000e-01,5.000000e-08,7.54188547e-01,3.77094274e-08,2.91908488e-02,9.70809151e-01
4.000000e-08,40.000000,8.000000e-01,5.000000e-08,7.54388597e-01,3.77194299e-08,2.90689651e-02,9.70931035e-01
4.000000e-08,40.000000,8.000000e-01,5.000000e-08,7.54588647e-01,3.77294324e-08,2.89470303e-02,9.71052970e-01
4.000000e-08,40.000000,8.000000e-01,5.000000e-08,7.54788697e-01,3.77394349e-08,2.88250444e-02,9.71174956e-01
4.000000e-08,40.000000,8.000000e-01,5.000000e-08,7.54988747e-01,3.77494374e-08,2.87030074e-02,9.71296993e-01
4.000000e-08,40.000000,8.000000e-01,5.000000e-08,7.55188797e-01,3.77594399e-08,2.85809195e-02,9.71419081e-01
4.000000e-08,40.000000,8.000000e-01,5.000000e-08,7.55388847e-01,3.77694424e-08,2.84587806e-02,9.71541219e-01
4.000000e-08,40.000000,8.000000e-01,5.000000e-08,7.55588897e-01,3.77794449e-08,2.83365907e-02,9.71663409e-01
4.000000e-08,40.000000,8.000000e-01,5.000000e-08,7.55788947e-01,3.77894474e-08,2.82143499e-02,9.71785650e-01
4.000000e-08,40.000000,8.000000e-01,5.000000e-08,7.55988997e-01,3.77994499e-08,2.80920582e-02,9.71907942e-01
4.000000e-08,40.000000,8.000000e-01,5.000000e-08,7.56189047e-01,3.78094524e-08,2.79697156e-02,9.72030284e-01
4.000000e-08,40.000000,8.000000e-01,5.000000e-08,7.56389097e-01,3.78194549e-08,2.78473222e-02,9.72152678e-01
4.000000e-08,40.000000,8.000000e-01,5.000000e-08,7.56589147e-01,3.78294574e-08,2.77248780e-02,9.72275122e-01
4.000000e-08,40.000000,8.000000e-01,5.000000e-08,7.56789197e-01,3.78394599e-08,2.76023830e-02,9.72397617e-01
4.000000e-08,40.000000,8.000000e-01,5.000000e-08,7.56989247e-01,3.78494624e-08,2.74798372e-02,9.72520163e-01
4.000000e-08,40.000000,8.000000e-01,5.000000e-08,7.57189297e-01,3.78594649e-08,2.73572407e-02,9.72642759e-01
4.000000e-08,40.000000,8.000000e-01,5.000000e-08,7.57389347e-01,3.78694674e-08,2.72345935e-02,9.72765407e-01
4.000000e-08,40.000000,8.000000e-01,5.000000e-08,7.57589397e-01,3.78794699e-08,2.71118956e-02,9.72888104e-01
4.000000e-08,40.000000,8.000000e-01,5.000000e-08,7.57789447e-01,3.78894724e-08,2.69891470e-02,9.73010853e-01
4.000000e-08,40.000000,8.000000e-01,5.000000e-08,7.57989497e-01,3.78994749e-08,2.68663478e-02,9.73133652e-01
4.000000e-08,40.000000,8.000000e-01,5.000000e-08,7.58189547e-01,3.79094774e-08,2.67434980e-02,9.73256502e-01
4.000000e-08,40.000000,8.000000e-01,5.000000e-08,7.58389597e-01,3.79194799e-08,2.66205977e-02,9.73379402e-01
4.000000e-08,40.000000,8.000000e-01,5.000000e-08,7.58589647e-01,3.79294824e-08,2.64976467e-02,9.73502353e-01
4.000000e-08,40.000000,8.000000e-01,5.000000e-08,7.58789697e-01,3.79394849e-08,2.63746453e-02,9.73625355e-01
4.000000e-08,40.000000,8.000000e-01,5.000000e-08,7.58989747e-01,3.79494874e-08,2.62515934e-02,9.73748407e-01
4.000000e-08,40.000000,8.000000e-01,5.000000e-08,7.59189797e-01,3.79594899e-08,2.61284910e-02,9.73871509e-01
4.000000e-08,40.000000,8.000000e-01,5.000000e-08,7.59389847e-01,3.79694924e-08,2.60053382e-02,9.73994662e-01
4.000000e-08,40.000000,8.000000e-01,5.000000e-08,7.59589897e-01,3.79794949e-08,2.58821350e-02,9.74117865e-01
4.000000e-08,40.000000,8.000000e-01,5.000000e-08,7.59789947e-01,3.79894974e-08,2.57588814e-02,9.74241119e-01
4.000000e-08,40.000000,8.000000e-01,5.000000e-08,7.59989997e-01,3.79994999e-08,2.56355774e-02,9.74364423e-01
4.000000e-08,40.000000,8.000000e-01,5.000000e-08,7.60190048e-01,3.80095024e-08,2.55122231e-02,9.74487777e-01
4.000000e-08,40.000000,8.000000e-01,5.000000e-08,7.60390098e-01,3.80195049e-08,2.53888185e-02,9.74611181e-01
4.000000e-08,40.000000,8.000000e-01,5.000000e-08,7.60590148e-01,3.80295074e-08,2.52653637e-02,9.74734636e-01
4.000000e-08,40.000000,8.000000e-01,5.000000e-08,7.60790198e-01,3.80395099e-08,2.51418585e-02,9.74858141e-01
4.000000e-08,40.000000,8.000000e-01,5.000000e-08,7.60990248e-01,3.80495124e-08,2.50183032e-02,9.74981697e-01
4.000000e-08,40.000000,8.000000e-01,5.000000e-08,7.61190298e-01,3.80595149e-08,2.48946977e-02,9.75105302e-01
4.000000e-08,40.000000,8.000000e-01,5.000000e-08,7.61390348e-01,3.80695174e-08,2.47710420e-02,9.75228958e-01
4.000000e-08,40.000000,8.000000e-01,5.000000e-08,7.61590398e-01,3.80795199e-08,2.46473362e-02,9.75352664e-01
4.000000e-08,40.000000,8.000000e-01,5.000000e-08,7.61790448e-01,3.80895224e-08,2.45235803e-02,9.75476420e-01
4.000000e-08,40.000000,8.000000e-01,5.000000e-08,7.61990498e-01,3.80995249e-08,2.43997743e-02,9.75600226e-01
4.000000e-08,40.000000,8.000000e-01,5.000000e-08,7.62190548e-01,3.81095274e-08,2.42759182e-02,9.75724082e-01
4.000000e-08,40.000000,8.000000e-01,5.000000e-08,7.62390598e-01,3.81195299e-08,2.41520121e-02,9.75847988e-01
4.000000e-08,40.000000,8.000000e-01,5.000000e-08,7.62590648e-01,3.81295324e-08,2.40280560e-02,9.75971944e-01
4.000000e-08,40.000000,8.000000e-01,5.000000e-08,7.62790698e-01,3.81395349e-08,2.39040499e-02,9.76095950e-01
4.000000e-08,40.000000,8.000000e-01,5.000000e-08,7.62990748e-01,3.81495374e-08,2.37799939e-02,9.76220006e-01
4.000000e-08,40.000000,8.000000e-01,5.000000e-08,7.63190798e-01,3.81595399e-08,2.36558880e-02,9.76344112e-01
4.000000e-08,40.000000,8.000000e-01,5.000000e-08,7.63390848e-01,3.81695424e-08,2.35317322e-02,9.76468268e-01
4.000000e-08,40.000000,8.000000e-01,5.000000e-08,7.63590898e-01,3.81795449e-08,2.34075265e-02,9.76592474e-01
4.000000e-08,40.000000,8.000000e-01,5.000000e-08,7.63790948e-01,3.81895474e-08,2.32832710e-02,9.76716729e-01
4.000000e-08,40.000000,8.000000e-01,5.000000e-08,7.63990998e-01,3.81995499e-08,2.31589657e-02,9.76841034e-01
4.000000e-08,40.000000,8.000000e-01,5.000000e-08,7.64191048e-01,3.82095524e-08,2.30346105e-02,9.76965389e-01
4.000000e-08,40.000000,8.000000e-01,5.000000e-08,7.64391098e-01,3.82195549e-08,2.29102057e-02,9.77089794e-01
4.000000e-08,40.000000,8.000000e-01,5.000000e-08,7.64591148e-01,3.82295574e-08,2.27857511e-02,9.77214249e-01
4.000000e-08,40.000000,8.000000e-01,5.000000e-08,7.64791198e-01,3.82395599e-08,2.26612468e-02,9.77338753e-01
4.000000e-08,40.000000,8.000000e-01,5.000000e-08,7.64991248e-01,3.82495624e-08,2.25366929e-02,9.77463307e-01
4.000000e-08,40.000000,8.000000e-01,5.000000e-08,7.65191298e-01,3.82595649e-08,2.24120893e-02,9.77587911e-01
4.000000e-08,40.000000,8.000000e-01,5.000000e-08,7.65391348e-01,3.82695674e-08,2.22874360e-02,9.77712564e-01
4.000000e-08,40.000000,8.000000e-01,5.000000e-08,7.65591398e-01,3.82795699e-08,2.21627332e-02,9.77837267e-01
4.000000e-08,40.000000,8.000000e-01,5.000000e-08,7.65791448e-01,3.82895724e-08,2.20379809e-02,9.77962019e-01
4.000000e-08,40.000000,8.000000e-01,5.000000e-08,7.65991498e-01,3.82995749e-08,2.19131790e-02,9.78086821e-01
4.000000e-08,40.000000,8.000000e-01,5.000000e-08,7.66191548e-01,3.83095774e-08,2.17883276e-02,9.78211672e-01
4.000000e-08,40.000000,8.000000e-01,5.000000e-08,7.66391598e-01,3.83195799e-08,2.16634267e-02,9.78336573e-01
4.000000e-08,40.000000,8.000000e-01,5.000000e-08,7.66591648e-01,3.83295824e-08,2.15384763e-02,9.78461524e-01
4.000000e-08,40.000000,8.000000e-01,5.000000e-08,7.66791698e-01,3.83395849e-08,2.14134766e-02,9.78586523e-01
4.000000e-08,40.000000,8.000000e-01,5.000000e-08,7.66991748e-01,3.83495874e-08,2.12884274e-02,9.78711573e-01
4.000000e-08,40.000000,8.000000e-01,5.000000e-08,7.67191798e-01,3.83595899e-08,2.11633289e-02,9.78836671e-01
4.000000e-08,40.000000,8.000000e-01,5.000000e-08,7.67391848e-01,3.83695924e-08,2.10381810e-02,9.78961819e-01
4.000000e-08,40.000000,8.000000e-01,5.000000e-08,7.67591898e-01,3.83795949e-08,2.09129838e-02,9.79087016e-01
4.000000e-08,40.000000,8.000000e-01,5.000000e-08,7.67791948e-01,3.83895974e-08,2.07877374e-02,9.79212263e-01
4.000000e-08,40.000000,8.000000e-01,5.000000e-08,7.67991998e-01,3.83995999e-08,2.06624416e-02,9.79337558e-01
4.000000e-08,40.000000,8.000000e-01,5.000000e-08,7.68192048e-01,3.84096024e-08,2.05370967e-02,9.79462903e-01
4.000000e-08,40.000000,8.000000e-01,5.000000e-08,7.68392098e-01,3.84196049e-08,2.04117025e-02,9.79588297e-01
4.000000e-08,40.000000,8.000000e-01,5.000000e-08,7.68592148e-01,3.84296074e-08,2.02862592e-02,9.79713741e-01
4.000000e-08,40.000000,8.000000e-01,5.000000e-08,7.68792198e-01,3.84396099e-08,2.01607667e-02,9.79839233e-01
4.000000e-08,40.000000,8.000000e-01,5.000000e-08,7.68992248e-01,3.84496124e-08,2.00352251e-02,9.79964775e-01
4.000000e-08,40.000000,8.000000e-01,5.000000e-08,7.69192298e-01,3.84596149e-08,1.99096344e-02,9.80090366e-01
4.000000e-08,40.000000,8.000000e-01,5.000000e-08,7.69392348e-01,3.84696174e-08,1.97839946e-02,9.80216005e-01
4.000000e-08,40.000000,8.000000e-01,5.000000e-08,7.69592398e-01,3.84796199e-08,1.96583058e-02,9.80341694e-01
4.000000e-08,40.000000,8.000000e-01,5.000000e-08,7.69792448e-01,3.84896224e-08,1.95325680e-02,9.80467432e-01
4.000000e-08,40.000000,8.000000e-01,5.000000e-08,7.69992498e-01,3.84996249e-08,1.94067812e-02,9.80593219e-01
4.000000e-08,40.000000,8.000000e-01,5.000000e-08,7.70192548e-01,3.85096274e-08,1.92809454e-02,9.80719055e-01
4.000000e-08,40.000000,8.000000e-01,5.000000e-08,7.70392598e-01,3.85196299e-08,1.91550608e-02,9.80844939e-01
4.000000e-08,40.000000,8.000000e-01,5.000000e-08,7.70592648e-01,3.85296324e-08,1.90291272e-02,9.80970873e-01
4.000000e-08,40.000000,8.000000e-01,5.000000e-08,7.70792698e-01,3.85396349e-08,1.89031447e-02,9.81096855e-01
4.000000e-08,40.000000,8.000000e-01,5.000000e-08,7.70992748e-01,3.85496374e-08,1.87771134e-02,9.81222887e-01
4.000000e-08,40.000000,8.000000e-01,5.000000e-08,7.71192798e-01,3.85596399e-08,1.86510333e-02,9.81348967e-01
4.000000e-08,40.000000,8.000000e-01,5.000000e-08,7.71392848e-01,3.85696424e-08,1.85249044e-02,9.81475096e-01
4.000000e-08,40.000000,8.000000e-01,5.000000e-08,7.71592898e-01,3.85796449e-08,1.83987267e-02,9.81601273e-01
4.000000e-08,40.000000,8.000000e-01,5.000000e-08,7.71792948e-01,3.85896474e-08,1.82725003e-02,9.81727500e-01
4.000000e-08,40.000000,8.000000e-01,5.000000e-08,7.71992998e-01,3.85996499e-08,1.81462252e-02,9.81853775e-01
4.000000e-08,40.000000,8.000000e-01,5.000000e-08,7.72193048e-01,3.86096524e-08,1.80199014e-02,9.81980099e-01
4.000000e-08,40.000000,8.000000e-01,5.000000e-08,7.72393098e-01,3.86196549e-08,1.78935290e-02,9.82106471e-01
4.000000e-08,40.000000,8.000000e-01,5.000000e-08,7.72593148e-01,3.86296574e-08,1.77671079e-02,9.82232892e-01
4.000000e-08,40.000000,8.000000e-01,5.000000e-08,7.72793198e-01,3.86396599e-08,1.76406382e-02,9.82359362e-01
4.000000e-08,40.000000,8.000000e-01,5.000000e-08,7.72993248e-01,3.86496624e-08,1.75141200e-02,9.82485880e-01
4.000000e-08,40.000000,8.000000e-01,5.000000e-08,7.73193298e-01,3.86596649e-08,1.73875532e-02,9.82612447e-01
4.000000e-08,40.000000,8.000000e-01,5.000000e-08,7.73393348e-01,3.86696674e-08,1.72609379e-02,9.82739062e-01
4.000000e-08,40.000000,8.000000e-01,5.000000e-08,7.73593398e-01,3.86796699e-08,1.71342742e-02,9.82865726e-01
4.000000e-08,40.000000,8.000000e-01,5.000000e-08,7.73793448e-01,3.86896724e-08,1.70075619e-02,9.82992438e-01
4.000000e-08,40.000000,8.000000e-01,5.000000e-08,7.73993498e-01,3.86996749e-08,1.68808013e-02,9.83119199e-01
4.000000e-08,40.000000,8.000000e-01,5.000000e-08,7.74193548e-01,3.87096774e-08,1.67539922e-02,9.83246008e-01
4.000000e-08,40.000000,8.000000e-01,5.000000e-08,7.74393598e-01,3.87196799e-08,1.66271348e-02,9.83372865e-01
4.000000e-08,40.000000,8.000000e-01,5.000000e-08,7.74593648e-01,3.87296824e-08,1.65002290e-02,9.83499771e-01
4.000000e-08,40.000000,8.000000e-01,5.000000e-08,7.74793698e-01,3.87396849e-08,1.63732749e-02,9.83626725e-01
4.000000e-08,40.000000,8.000000e-01,5.000000e-08,7.74993748e-01,3.87496874e-08,1.62462725e-02,9.83753727e-01
4.000000e-08,40.000000,8.000000e-01,5.000000e-08,7.75193798e-01,3.87596899e-08,1.61192219e-02,9.83880778e-01
4.000000e-08,40.000000,8.000000e-01,5.000000e-08,7.75393848e-01,3.87696924e-08,1.59921230e-02,9.84007877e-01
4.000000e-08,40.000000,8.000000e-01,5.000000e-08,7.75593898e-01,3.87796949e-08,1.58649759e-02,9.84135024e-01
4.000000e-08,40.000000,8.000000e-01,5.000000e-08,7.75793948e-01,3.87896974e-08,1.57377806e-02,9.84262219e-01
4.000000e-08,40.000000,8.000000e-01,5.000000e-08,7.75993998e-01,3.87996999e-08,1.56105372e-02,9.84389463e-01
4.000000e-08,40.000000,8.000000e-01,5.000000e-08,7.76194049e-01,3.88097024e-08,1.54832456e-02,9.84516754e-01
4.000000e-08,40.000000,8.000000e-01,5.000000e-08,7.76394099e-01,3.88197049e-08,1.53559060e-02,9.84644094e-01
4.000000e-08,40.000000,8.000000e-01,5.000000e-08,7.76594149e-01,3.88297074e-08,1.52285182e-02,9.84771482e-01
4.000000e-08,40.000000,8.000000e-01,5.000000e-08,7.76794199e-01,3.88397099e-08,1.51010825e-02,9.84898918e-01
4.000000e-08,40.000000,8.000000e-01,5.000000e-08,7.76994249e-01,3.88497124e-08,1.49735987e-02,9.85026401e-01
4.000000e-08,40.000000,8.000000e-01,5.000000e-08,7.77194299e-01,3.88597149e-08,1.48460670e-02,9.85153933e-01
4.000000e-08,40.000000,8.000000e-01,5.000000e-08,7.77394349e-01,3.88697174e-08,1.47184872e-02,9.85281513e-01
4.000000e-08,40.000000,8.000000e-01,5.000000e-08,7.77594399e-01,3.88797199e-08,1.45908596e-02,9.85409140e-01
4.000000e-08,40.000000,8.000000e-01,5.000000e-08,7.77794449e-01,3.88897224e-08,1.44631840e-02,9.85536816e-01
4.000000e-08,40.000000,8.000000e-01,5.000000e-08,7.77994499e-01,3.88997249e-08,1.43354606e-02,9.85664539e-01
4.000000e-08,40.000000,8.000000e-01,5.000000e-08,7.78194549e-01,3.89097274e-08,1.42076894e-02,9.85792311e-01
4.000000e-08,40.000000,8.000000e-01,5.000000e-08,7.78394599e-01,3.89197299e-08,1.40798703e-02,9.85920130e-01
4.000000e-08,40.000000,8.000000e-01,5.000000e-08,7.78594649e-01,3.89297324e-08,1.39520034e-02,9.86047997e-01
4.000000e-08,40.000000,8.000000e-01,5.000000e-08,7.78794699e-01,3.89397349e-08,1.38240888e-02,9.86175911e-01
4.000000e-08,40.000000,8.000000e-01,5.000000e-08,7.78994749e-01,3.89497374e-08,1.36961264e-02,9.86303874e-01
4.000000e-08,40.000000,8.000000e-01,5.000000e-08,7.79194799e-01,3.89597399e-08,1.35681163e-02,9.86431884e-01
4.000000e-08,40.000000,8.000000e-01,5.000000e-08,7.79394849e-01,3.89697424e-08,1.34400585e-02,9.86559941e-01
4.000000e-08,40.000000,8.000000e-01,5.000000e-08,7.79594899e-01,3.89797449e-08,1.33119531e-02,9.86688047e-01
4.000000e-08,40.000000,8.000000e-01,5.000000e-08,7.79794949e-01,3.89897474e-08,1.31838001e-02,9.86816200e-01
4.000000e-08,40.000000,8.000000e-01,5.000000e-08,7.79994999e-01,3.89997499e-08,1.30555995e-02,9.86944401e-01
4.000000e-08,40.000000,8.000000e-01,5.000000e-08,7.80195049e-01,3.90097524e-08,1.29273513e-02,9.87072649e-01
4.000000e-08,40.000000,8.000000e-01,5.000000e-08,7.80395099e-01,3.90197549e-08,1.27990555e-02,9.87200944e-01
4.000000e-08,40.000000,8.000000e-01,5.000000e-08,7.80595149e-01,3.90297574e-08,1.26707123e-02,9.87329288e-01
4.000000e-08,40.000000,8.000000e-01,5.000000e-08,7.80795199e-01,3.90397599e-08,1.25423216e-02,9.87457678e-01
4.000000e-08,40.000000,8.000000e-01,5.000000e-08,7.80995249e-01,3.90497624e-08,1.24138834e-02,9.87586117e-01
4.000000e-08,40.000000,8.000000e-01,5.000000e-08,7.81195299e-01,3.90597649e-08,1.22853978e-02,9.87714602e-01
4.000000e-08,40.000000,8.000000e-01,5.000000e-08,7.81395349e-01,3.90697674e-08,1.21568648e-02,9.87843135e-01
4.000000e-08,40.000000,8.000000e-01,5.000000e-08,7.81595399e-01,3.90797699e-08,1.20282844e-02,9.87971716e-01
4.000000e-08,40.000000,8.000000e-01,5.000000e-08,7.81795449e-01,3.90897724e-08,1.18996567e-02,9.88100343e-01
4.000000e-08,40.000000,8.000000e-01,5.000000e-08,7.81995499e-01,3.90997749e-08,1.17709816e-02,9.88229018e-01
4.000000e-08,40.000000,8.000000e-01,5.000000e-08,7.82195549e-01,3.91097774e-08,1.16422593e-02,9.88357741e-01
4.000000e-08,40.000000,8.000000e-01,5.000000e-08,7.82395599e-01,3.91197799e-08,1.15134897e-02,9.88486510e-01
4.000000e-08,40.000000,8.000000e-01,5.000000e-08,7.82595649e-01,3.91297824e-08,1.13846729e-02,9.88615327e-01
4.000000e-08,40.000000,8.000000e-01,5.000000e-08,7.82795699e-01,3.91397849e-08,1.12558088e-02,9.88744191e-01
4.000000e-08,40.000000,8.000000e-01,5.000000e-08,7.82995749e-01,3.91497874e-08,1.11268976e-02,9.88873102e-01
4.000000e-08,40.000000,8.000000e-01,5.000000e-08,7.83195799e-01,3.91597899e-08,1.09979393e-02,9.89002061e-01
4.000000e-08,40.000000,8.000000e-01,5.000000e-08,7.83395849e-01,3.91697924e-08,1.08689338e-02,9.89131066e-01
4.000000e-08,40.000000,8.000000e-01,5.000000e-08,7.83595899e-01,3.91797949e-08,1.07398813e-02,9.89260119e-01
4.000000e-08,40.000000,8.000000e-01,5.000000e-08,7.83795949e-01,3.91897974e-08,1.06107817e-02,9.89389218e-01
4.000000e-08,40.000000,8.000000e-01,5.000000e-08,7.83995999e-01,3.91997999e-08,1.04816350e-02,9.89518365e-01
4.000000e-08,40.000000,8.000000e-01,5.000000e-08,7.84196049e-01,3.92098025e-08,1.03524413e-02,9.89647559e-01
4.000000e-08,40.000000,8.000000e-01,5.000000e-08,7.84396099e-01,3.92198050e-08,1.02232007e-02,9.89776799e-01
4.000000e-08,40.000000,8.000000e-01,5.000000e-08,7.84596149e-01,3.92298075e-08,1.00939131e-02,9.89906087e-01
4.000000e-08,40.000000,8.000000e-01,5.000000e-08,7.84796199e-01,3.92398100e-08,9.96457857e-03,9.90035421e-01
4.000000e-08,40.000000,8.000000e-01,5.000000e-08,7.84996249e-01,3.92498125e-08,9.83519715e-03,9.90164803e-01
4.000000e-08,40.000000,8.000000e-01,5.000000e-08,7.85196299e-01,3.92598150e-08,9.70576887e-03,9.90294231e-01
4.000000e-08,40.000000,8.000000e-01,5.000000e-08,7.85396349e-01,3.92698175e-08,9.57629375e-03,9.90423706e-01
4.000000e-08,40.000000,8.000000e-01,5.000000e-08,7.85596399e-01,3.92798200e-08,9.44677181e-03,9.90553228e-01
4.000000e-08,40.000000,8.000000e-01,5.000000e-08,7.85796449e-01,3.92898225e-08,9.31720310e-03,9.90682797e-01
4.000000e-08,40.000000,8.000000e-01,5.000000e-08,7.85996499e-01,3.92998250e-08,9.18758763e-03,9.90812412e-01
4.000000e-08,40.000000,8.000000e-01,5.000000e-08,7.86196549e-01,3.93098275e-08,9.05792543e-03,9.90942075e-01
4.000000e-08,40.000000,8.000000e-01,5.000000e-08,7.86396599e-01,3.93198300e-08,8.92821654e-03,9.91071783e-01
4.000000e-08,40.000000,8.000000e-01,5.000000e-08,7.86596649e-01,3.93298325e-08,8.79846097e-03,9.91201539e-01
4.000000e-08,40.000000,8.000000e-01,5.000000e-08,7.86796699e-01,3.93398350e-08,8.66865876e-03,9.91331341e-01
4.000000e-08,40.000000,8.000000e-01,5.000000e-08,7.86996749e-01,3.93498375e-08,8.53880994e-03,9.91461190e-01
4.000000e-08,40.000000,8.000000e-01,5.000000e-08,7.87196799e-01,3.93598400e-08,8.40891453e-03,9.91591085e-01
4.000000e-08,40.000000,8.000000e-01,5.000000e-08,7.87396849e-01,3.93698425e-08,8.27897256e-03,9.91721027e-01
4.000000e-08,40.000000,8.000000e-01,5.000000e-08,7.87596899e-01,3.93798450e-08,8.14898406e-03,9.91851016e-01
4.000000e-08,40.000000,8.000000e-01,5.000000e-08,7.87796949e-01,3.93898475e-08,8.01894906e-03,9.91981051e-01
4.000000e-08,40.000000,8.000000e-01,5.000000e-08,7.87996999e-01,3.93998500e-08,7.88886759e-03,9.92111132e-01
4.000000e-08,40.000000,8.000000e-01,5.000000e-08,7.88197049e-01,3.94098525e-08,7.75873967e-03,9.92241260e-01
4.000000e-08,40.000000,8.000000e-01,5.000000e-08,7.88397099e-01,3.94198550e-08,7.62856533e-03,9.92371435e-01
4.000000e-08,40.000000,8.000000e-01,5.000000e-08,7.88597149e-01,3.94298575e-08,7.49834461e-03,9.92501655e-01
4.000000e-08,40.000000,8.000000e-01,5.000000e-08,7.88797199e-01,3.94398600e-08,7.36807752e-03,9.92631922e-01
4.000000e-08,40.000000,8.000000e-01,5.000000e-08,7.88997249e-01,3.94498625e-08,7.23776410e-03,9.92762236e-01
4.000000e-08,40.000000,8.000000e-01,5.000000e-08,7.89197299e-01,3.94598650e-08,7.10740438e-03,9.92892596e-01
4.000000e-08,40.000000,8.000000e-01,5.000000e-08,7.89397349e-01,3.94698675e-08,6.97699838e-03,9.93023002e-01
4.000000e-08,40.000000,8.000000e-01,5.000000e-08,7.89597399e-01,3.94798700e-08,6.84654613e-03,9.93153454e-01
4.000000e-08,40.000000,8.000000e-01,5.000000e-08,7.89797449e-01,3.94898725e-08,6.71604766e-03,9.93283952e-01
4.000000e-08,40.000000,8.000000e-01,5.000000e-08,7.89997499e-01,3.94998750e-08,6.58550300e-03,9.93414497e-01
4.000000e-08,40.000000,8.000000e-01,5.000000e-08,7.90197549e-01,3.95098775e-08,6.45491217e-03,9.93545088e-01
4.000000e-08,40.000000,8.000000e-01,5.000000e-08,7.90397599e-01,3.95198800e-08,6.32427521e-03,9.93675725e-01
4.000000e-08,40.000000,8.000000e-01,5.000000e-08,7.90597649e-01,3.95298825e-08,6.19359215e-03,9.93806408e-01
4.000000e-08,40.000000,8.000000e-01,5.000000e-08,7.90797699e-01,3.95398850e-08,6.06286300e-03,9.93937137e-01
4.000000e-08,40.000000,8.000000e-01,5.000000e-08,7.90997749e-01,3.95498875e-08,5.93208780e-03,9.94067912e-01
4.000000e-08,40.000000,8.000000e-01,5.000000e-08,7.91197799e-01,3.95598900e-08,5.80126658e-03,9.94198733e-01
4.000000e-08,40.000000,8.000000e-01,5.000000e-08,7.91397849e-01,3.95698925e-08,5.67039937e-03,9.94329601e-01
4.000000e-08,40.000000,8.000000e-01,5.000000e-08,7.91597899e-01,3.95798950e-08,5.53948619e-03,9.94460514e-01
4.000000e-08,40.000000,8.000000e-01,5.000000e-08,7.91797949e-01,3.95898975e-08,5.40852707e-03,9.94591473e-01
4.000000e-08,40.000000,8.000000e-01,5.000000e-08,7.91997999e-01,3.95999000e-08,5.27752204e-03,9.94722478e-01
4.000000e-08,40.000000,8.000000e-01,5.000000e-08,7.92198050e-01,3.96099025e-08,5.14647113e-03,9.94853529e-01
4.000000e-08,40.000000,8.000000e-01,5.000000e-08,7.92398100e-01,3.96199050e-08,5.01537437e-03,9.94984626e-01
4.000000e-08,40.000000,8.000000e-01,5.000000e-08,7.92598150e-01,3.96299075e-08,4.88423178e-03,9.95115768e-01
4.000000e-08,40.000000,8.000000e-01,5.000000e-08,7.92798200e-01,3.96399100e-08,4.75304340e-03,9.95246957e-01
4.000000e-08,40.000000,8.000000e-01,5.000000e-08,7.92998250e-01,3.96499125e-08,4.62180924e-03,9.95378191e-01
4.000000e-08,40.000000,8.000000e-01,5.000000e-08,7.93198300e-01,3.96599150e-08,4.49052935e-03,9.95509471e-01
4.000000e-08,40.000000,8.000000e-01,5.000000e-08,7.93398350e-01,3.96699175e-08,4.35920375e-03,9.95640796e-01
4.000000e-08,40.000000,8.000000e-01,5.000000e-08,7.93598400e-01,3.96799200e-08,4.22783246e-03,9.95772168e-01
4.000000e-08,40.000000,8.000000e-01,5.000000e-08,7.93798450e-01,3.96899225e-08,4.09641552e-03,9.95903584e-01
4.000000e-08,40.000000,8.000000e-01,5.000000e-08,7.93998500e-01,3.96999250e-08,3.96495295e-03,9.96035047e-01
4.000000e-08,40.000000,8.000000e-01,5.000000e-08,7.94198550e-01,3.97099275e-08,3.83344478e-03,9.96166555e-01
4.000000e-08,40.000000,8.000000e-01,5.000000e-08,7.94398600e-01,3.97199300e-08,3.70189104e-03,9.96298109e-01
4.000000e-08,40.000000,8.000000e-01,5.000000e-08,7.94598650e-01,3.97299325e-08,3.57029176e-03,9.96429708e-01
4.000000e-08,40.000000,8.000000e-01,5.000000e-08,7.94798700e-01,3.97399350e-08,3.43864697e-03,9.96561353e-01
4.000000e-08,40.000000,8.000000e-01,5.000000e-08,7.94998750e-01,3.97499375e-08,3.30695669e-03,9.96693043e-01
4.000000e-08,40.000000,8.000000e-01,5.000000e-08,7.95198800e-01,3.97599400e-08,3.17522095e-03,9.96824779e-01
4.000000e-08,40.000000,8.000000e-01,5.000000e-08,7.95398850e-01,3.97699425e-08,3.04343979e-03,9.96956560e-01
4.000000e-08,40.000000,8.000000e-01,5.000000e-08,7.95598900e-01,3.97799450e-08,2.91161322e-03,9.97088387e-01
4.000000e-08,40.000000,8.000000e-01,5.000000e-08,7.95798950e-01,3.97899475e-08,2.77974129e-03,9.97220259e-01
4.000000e-08,40.000000,8.000000e-01,5.000000e-08,7.95999000e-01,3.97999500e-08,2.64782401e-03,9.97352176e-01
4.000000e-08,40.000000,8.000000e-01,5.000000e-08,7.96199050e-01,3.98099525e-08,2.51586141e-03,9.97484139e-01
4.000000e-08,40.000000,8.000000e-01,5.000000e-08,7.96399100e-01,3.98199550e-08,2.38385353e-03,9.97616146e-01
4.000000e-08,40.000000,8.000000e-01,5.000000e-08,7.96599150e-01,3.98299575e-08,2.25180039e-03,9.97748200e-01
4.000000e-08,40.000000,8.000000e-01,5.000000e-08,7.96799200e-01,3.98399600e-08,2.11970202e-03,9.97880298e-01
4.000000e-08,40.000000,8.000000e-01,5.000000e-08,7.96999250e-01,3.98499625e-08,1.98755845e-03,9.98012442e-01
4.000000e-08,40.000000,8.000000e-01,5.000000e-08,7.97199300e-01,3.98599650e-08,1.85536970e-03,9.98144630e-01
4.000000e-08,40.000000,8.000000e-01,5.000000e-08,7.97399350e-01,3.98699675e-08,1.72313581e-03,9.98276864e-01
4.000000e-08,40.000000,8.000000e-01,5.000000e-08,7.97599400e-01,3.98799700e-08,1.59085681e-03,9.98409143e-01
4.000000e-08,40.000000,8.000000e-01,5.000000e-08,7.97799450e-01,3.98899725e-08,1.45853271e-03,9.98541467e-01
4.000000e-08,40.000000,8.000000e-01,5.000000e-08,7.97999500e-01,3.98999750e-08,1.32616356e-03,9.98673836e-01
4.000000e-08,40.000000,8.000000e-01,5.000000e-08,7.98199550e-01,3.99099775e-08,1.19374938e-03,9.98806251e-01
4.000000e-08,40.000000,8.000000e-01,5.000000e-08,7.98399600e-01,3.99199800e-08,1.06129019e-03,9.98938710e-01
4.000000e-08,40.000000,8.000000e-01,5.000000e-08,7.98599650e-01,3.99299825e-08,9.28786026e-04,9.99071214e-01
4.000000e-08,40.000000,8.000000e-01,5.000000e-08,7.98799700e-01,3.99399850e-08,7.96236919e-04,9.99203763e-01
4.000000e-08,40.000000,8.000000e-01,5.000000e-08,7.98999750e-01,3.99499875e-08,6.63642893e-04,9.99336357e-01
4.000000e-08,40.000000,8.000000e-01,5.000000e-08,7.99199800e-01,3.99599900e-08,5.31003979e-04,9.99468996e-01
4.000000e-08,40.000000,8.000000e-01,5.000000e-08,7.99399850e-01,3.99699925e-08,3.98320204e-04,9.99601680e-01
4.000000e-08,40.000000,8.000000e-01,5.000000e-08,7.99599900e-01,3.99799950e-08,2.65591597e-04,9.99734408e-01
4.000000e-08,40.000000,8.000000e-01,5.000000e-08,7.99799950e-01,3.99899975e-08,1.32818186e-04,9.99867182e-01
4.000000e-08,40.000000,8.000000e-01,5.000000e-08,8.00000000e-01,4.00000000e-08,0.00000000e+00,1.00000000e+00
