d_m,d_nm,d_hat,xi_m,z_hat,z_m,rho_norm,depletion
6.000000e-07,600.000000,1.200000e+01,5.000000e-08,0.00000000e+00,0.00000000e+00,0.00000000e+00,1.00000000e+00
6.000000e-07,600.000000,1.200000e+01,5.000000e-08,3.00075019e-03,1.50037509e-10,3.00074118e-03,9.96999259e-01
6.000000e-07,600.000000,1.200000e+01,5.000000e-08,6.00150038e-03,3.00075019e-10,6.00142832e-03,9.93998572e-01
6.000000e-07,600.000000,1.200000e+01,5.000000e-08,9.00225056e-03,4.50112528e-10,9.00200739e-03,9.90997993e-01
6.000000e-07,600.000000,1.200000e+01,5.000000e-08,1.20030008e-02,6.00150038e-10,1.20024244e-02,9.87997576e-01
6.000000e-07,600.000000,1.200000e+01,5.000000e-08,1.50037509e-02,7.50187547e-10,1.50026252e-02,9.84997375e-01
6.000000e-07,600.000000,1.200000e+01,5.000000e-08,1.80045011e-02,9.00225056e-10,1.80025559e-02,9.81997444e-01
6.000000e-07,600.000000,1.200000e+01,5.000000e-08,2.10052513e-02,1.05026257e-09,2.10021625e-02,9.78997837e-01
6.000000e-07,600.000000,1.200000e+01,5.000000e-08,2.40060015e-02,1.20030008e-09,2.40013911e-02,9.75998609e-01
6.000000e-07,600.000000,1.200000e+01,5.000000e-08,2.70067517e-02,1.35033758e-09,2.70001877e-02,9.72999812e-01
6.000000e-07,600.000000,1.200000e+01,5.000000e-08,3.00075019e-02,1.50037509e-09,2.99984984e-02,9.70001502e-01
6.000000e-07,600.000000,1.200000e+01,5.000000e-08,3.30082521e-02,1.65041260e-09,3.29962693e-02,9.67003731e-01
6.000000e-07,600.000000,1.200000e+01,5.000000e-08,3.60090023e-02,1.80045011e-09,3.59934466e-02,9.64006553e-01
6.000000e-07,600.000000,1.200000e+01,5.000000e-08,3.90097524e-02,1.95048762e-09,3.89899766e-02,9.61010023e-01
6.000000e-07,600.000000,1.200000e+01,5.000000e-08,4.20105026e-02,2.10052513e-09,4.19858055e-02,9.58014194e-01
6.000000e-07,600.000000,1.200000e+01,5.000000e-08,4.50112528e-02,2.25056264e-09,4.49808796e-02,9.55019120e-01
6.000000e-07,600.000000,1.200000e+01,5.000000e-08,4.80120030e-02,2.40060015e-09,4.79751453e-02,9.52024855e-01
6.000000e-07,600.000000,1.200000e+01,5.000000e-08,5.10127532e-02,2.55063766e-09,5.09685490e-02,9.49031451e-01
6.000000e-07,600.000000,1.200000e+01,5.000000e-08,5.40135034e-02,2.70067517e-09,5.39610372e-02,9.46038963e-01
6.000000e-07,600.000000,1.200000e+01,5.000000e-08,5.70142536e-02,2.85071268e-09,5.69525565e-02,9.43047444e-01
6.000000e-07,600.000000,1.200000e+01,5.000000e-08,6.00150038e-02,3.00075019e-09,5.99430534e-02,9.40056947e-01
6.000000e-07,600.000000,1.200000e+01,5.000000e-08,6.30157539e-02,3.15078770e-09,6.29324747e-02,9.37067525e-01
6.000000e-07,600.000000,1.200000e+01,5.000000e-08,6.60165041e-02,3.30082521e-09,6.59207671e-02,9.34079233e-01
6.000000e-07,600.000000,1.200000e+01,5.000000e-08,6.90172543e-02,3.45086272e-09,6.89078775e-02,9.31092122e-01
6.000000e-07,600.000000,1.200000e+01,5.000000e-08,7.20180045e-02,3.60090023e-09,7.18937529e-02,9.28106247e-01
6.000000e-07,600.000000,1.200000e+01,5.000000e-08,7.50187547e-02,3.75093773e-09,7.48783402e-02,9.25121660e-01
6.000000e-07,600.000000,1.200000e+01,5.000000e-08,7.80195049e-02,3.90097524e-09,7.78615867e-02,9.22138413e-01
6.000000e-07,600.000000,1.200000e+01,5.000000e-08,8.10202551e-02,4.05101275e-09,8.08434394e-02,9.19156561e-01
6.000000e-07,600.000000,1.200000e+01,5.000000e-08,8.40210053e-02,4.20105026e-09,8.38238457e-02,9.16176154e-01
6.000000e-07,600.000000,1.200000e+01,5.000000e-08,8.70217554e-02,4.35108777e-09,8.68027531e-02,9.13197247e-01
6.000000e-07,600.000000,1.200000e+01,5.000000e-08,9.00225056e-02,4.50112528e-09,8.97801090e-02,9.10219891e-01
6.000000e-07,600.000000,1.200000e+01,5.000000e-08,9.30232558e-02,4.65116279e-09,9.27558611e-02,9.07244139e-01
6.000000e-07,600.000000,1.200000e+01,5.000000e-08,9.60240060e-02,4.80120030e-09,9.57299572e-02,9.04270043e-01
6.000000e-07,600.000000,1.200000e+01,5.000000e-08,9.90247562e-02,4.95123781e-09,9.87023450e-02,9.01297655e-01
6.000000e-07,600.000000,1.200000e+01,5.000000e-08,1.02025506e-01,5.10127532e-09,1.01672973e-01,8.98327027e-01
6.000000e-07,600.000000,1.200000e+01,5.000000e-08,1.05026257e-01,5.25131283e-09,1.04641788e-01,8.95358212e-01
6.000000e-07,600.000000,1.200000e+01,5.000000e-08,1.08027007e-01,5.40135034e-09,1.07608740e-01,8.92391260e-01
6.000000e-07,600.000000,1.200000e+01,5.000000e-08,1.11027757e-01,5.55138785e-09,1.10573776e-01,8.89426224e-01
6.000000e-07,600.000000,1.200000e+01,5.000000e-08,1.14028507e-01,5.70142536e-09,1.13536846e-01,8.86463154e-01
6.000000e-07,600.000000,1.200000e+01,5.000000e-08,1.17029257e-01,5.85146287e-09,1.16497896e-01,8.83502104e-01
6.000000e-07,600.000000,1.200000e+01,5.000000e-08,1.20030008e-01,6.00150038e-09,1.19456878e-01,8.80543122e-01
6.000000e-07,600.000000,1.200000e+01,5.000000e-08,1.23030758e-01,6.15153788e-09,1.22413739e-01,8.77586261e-01
6.000000e-07,600.000000,1.200000e+01,5.000000e-08,1.26031508e-01,6.30157539e-09,1.25368428e-01,8.74631572e-01
6.000000e-07,600.000000,1.200000e+01,5.000000e-08,1.29032258e-01,6.45161290e-09,1.28320895e-01,8.71679105e-01
6.000000e-07,600.000000,1.200000e+01,5.000000e-08,1.32033008e-01,6.60165041e-09,1.31271089e-01,8.68728911e-01
6.000000e-07,600.000000,1.200000e+01,5.000000e-08,1.35033758e-01,6.75168792e-09,1.34218960e-01,8.65781040e-01
6.000000e-07,600.000000,1.200000e+01,5.000000e-08,1.38034509e-01,6.90172543e-09,1.37164458e-01,8.62835542e-01
6.000000e-07,600.000000,1.200000e+01,5.000000e-08,1.41035259e-01,7.05176294e-09,1.40107531e-01,8.59892469e-01
6.000000e-07,600.000000,1.200000e+01,5.000000e-08,1.44036009e-01,7.20180045e-09,1.43048131e-01,8.56951869e-01
6.000000e-07,600.000000,1.200000e+01,5.000000e-08,1.47036759e-01,7.35183796e-09,1.45986208e-01,8.54013792e-01
6.000000e-07,600.000000,1.200000e+01,5.000000e-08,1.50037509e-01,7.50187547e-09,1.48921711e-01,8.51078289e-01
6.000000e-07,600.000000,1.200000e+01,5.000000e-08,1.53038260e-01,7.65191298e-09,1.51854592e-01,8.48145408e-01
6.000000e-07,600.000000,1.200000e+01,5.000000e-08,1.56039010e-01,7.80195049e-09,1.54784802e-01,8.45215198e-01
6.000000e-07,600.000000,1.200000e+01,5.000000e-08,1.59039760e-01,7.95198800e-09,1.57712291e-01,8.42287709e-01
6.000000e-07,600.000000,1.200000e+01,5.000000e-08,1.62040510e-01,8.10202551e-09,1.60637010e-01,8.39362990e-01
6.000000e-07,600.000000,1.200000e+01,5.000000e-08,1.65041260e-01,8.25206302e-09,1.63558910e-01,8.36441090e-01
6.000000e-07,600.000000,1.200000e+01,5.000000e-08,1.68042011e-01,8.40210053e-09,1.66477945e-01,8.33522055e-01
6.000000e-07,600.000000,1.200000e+01,5.000000e-08,1.71042761e-01,8.55213803e-09,1.69394064e-01,8.30605936e-01
6.000000e-07,600.000000,1.200000e+01,5.000000e-08,1.74043511e-01,8.70217554e-09,1.72307220e-01,8.27692780e-01
6.000000e-07,600.000000,1.200000e+01,5.000000e-08,1.77044261e-01,8.85221305e-09,1.75217365e-01,8.24782635e-01
6.000000e-07,600.000000,1.200000e+01,5.000000e-08,1.80045011e-01,9.00225056e-09,1.78124452e-01,8.21875548e-01
6.000000e-07,600.000000,1.200000e+01,5.000000e-08,1.83045761e-01,9.15228807e-09,1.81028432e-01,8.18971568e-01
6.000000e-07,600.000000,1.200000e+01,5.000000e-08,1.86046512e-01,9.30232558e-09,1.83929259e-01,8.16070741e-01
6.000000e-07,600.000000,1.200000e+01,5.000000e-08,1.89047262e-01,9.45236309e-09,1.86826886e-01,8.13173114e-01
6.000000e-07,600.000000,1.200000e+01,5.000000e-08,1.92048012e-01,9.60240060e-09,1.89721266e-01,8.10278734e-01
6.000000e-07,600.000000,1.200000e+01,5.000000e-08,1.95048762e-01,9.75243811e-09,1.92612352e-01,8.07387648e-01
6.000000e-07,600.000000,1.200000e+01,5.000000e-08,1.98049512e-01,9.90247562e-09,1.95500098e-01,8.04499902e-01
6.000000e-07,600.000000,1.200000e+01,5.000000e-08,2.01050263e-01,1.00525131e-08,1.98384458e-01,8.01615542e-01
6.000000e-07,600.000000,1.200000e+01,5.000000e-08,2.04051013e-01,1.02025506e-08,2.01265386e-01,7.98734614e-01
6.000000e-07,600.000000,1.200000e+01,5.000000e-08,2.07051763e-01,1.03525881e-08,2.04142836e-01,7.95857164e-01
6.000000e-07,600.000000,1.200000e+01,5.000000e-08,2.10052513e-01,1.05026257e-08,2.07016763e-01,7.92983237e-01
6.000000e-07,600.000000,1.200000e+01,5.000000e-08,2.13053263e-01,1.06526632e-08,2.09887121e-01,7.90112879e-01
6.000000e-07,600.000000,1.200000e+01,5.000000e-08,2.16054014e-01,1.08027007e-08,2.12753867e-01,7.87246133e-01
6.000000e-07,600.000000,1.200000e+01,5.000000e-08,2.19054764e-01,1.09527382e-08,2.15616954e-01,7.84383046e-01
6.000000e-07,600.000000,1.200000e+01,5.000000e-08,2.22055514e-01,1.11027757e-08,2.18476338e-01,7.81523662e-01
6.000000e-07,600.000000,1.200000e+01,5.000000e-08,2.25056264e-01,1.12528132e-08,2.21331976e-01,7.78668024e-01
6.000000e-07,600.000000,1.200000e+01,5.000000e-08,2.28057014e-01,1.14028507e-08,2.24183824e-01,7.75816176e-01
6.000000e-07,600.000000,1.200000e+01,5.000000e-08,2.31057764e-01,1.15528882e-08,2.27031836e-01,7.72968164e-01
6.000000e-07,600.000000,1.200000e+01,5.000000e-08,2.34058515e-01,1.17029257e-08,2.29875971e-01,7.70124029e-01
6.000000e-07,600.000000,1.200000e+01,5.000000e-08,2.37059265e-01,1.18529632e-08,2.32716185e-01,7.67283815e-01
6.000000e-07,600.000000,1.200000e+01,5.000000e-08,2.40060015e-01,1.20030008e-08,2.35552435e-01,7.64447565e-01
6.000000e-07,600.000000,1.200000e+01,5.000000e-08,2.43060765e-01,1.21530383e-08,2.38384679e-01,7.61615321e-01
6.000000e-07,600.000000,1.200000e+01,5.000000e-08,2.46061515e-01,1.23030758e-08,2.41212873e-01,7.58787127e-01
6.000000e-07,600.000000,1.200000e+01,5.000000e-08,2.49062266e-01,1.24531133e-08,2.44036976e-01,7.55963024e-01
6.000000e-07,600.000000,1.200000e+01,5.000000e-08,2.52063016e-01,1.26031508e-08,2.46856946e-01,7.53143054e-01
6.000000e-07,600.000000,1.200000e+01,5.000000e-08,2.55063766e-01,1.27531883e-08,2.49672741e-01,7.50327259e-01
6.000000e-07,600.000000,1.200000e+01,5.000000e-08,2.58064516e-01,1.29032258e-08,2.52484320e-01,7.47515680e-01
6.000000e-07,600.000000,1.200000e+01,5.000000e-08,2.61065266e-01,1.30532633e-08,2.55291642e-01,7.44708358e-01
6.000000e-07,600.000000,1.200000e+01,5.000000e-08,2.64066017e-01,1.32033008e-08,2.58094666e-01,7.41905334e-01
6.000000e-07,600.000000,1.200000e+01,5.000000e-08,2.67066767e-01,1.33533383e-08,2.60893352e-01,7.39106648e-01
6.000000e-07,600.000000,1.200000e+01,5.000000e-08,2.70067517e-01,1.35033758e-08,2.63687659e-01,7.36312341e-01
6.000000e-07,600.000000,1.200000e+01,5.000000e-08,2.73068267e-01,1.36534134e-08,2.66477547e-01,7.33522453e-01
6.000000e-07,600.000000,1.200000e+01,5.000000e-08,2.76069017e-01,1.38034509e-08,2.69262978e-01,7.30737022e-01
6.000000e-07,600.000000,1.200000e+01,5.000000e-08,2.79069767e-01,1.39534884e-08,2.72043911e-01,7.27956089e-01
6.000000e-07,600.000000,1.200000e+01,5.000000e-08,2.82070518e-01,1.41035259e-08,2.74820307e-01,7.25179693e-01
6.000000e-07,600.000000,1.200000e+01,5.000000e-08,2.85071268e-01,1.42535634e-08,2.77592128e-01,7.22407872e-01
6.000000e-07,600.000000,1.200000e+01,5.000000e-08,2.88072018e-01,1.44036009e-08,2.80359335e-01,7.19640665e-01
6.000000e-07,600.000000,1.200000e+01,5.000000e-08,2.91072768e-01,1.45536384e-08,2.83121889e-01,7.16878111e-01
6.000000e-07,600.000000,1.200000e+01,5.000000e-08,2.94073518e-01,1.47036759e-08,2.85879754e-01,7.14120246e-01
6.000000e-07,600.000000,1.200000e+01,5.000000e-08,2.97074269e-01,1.48537134e-08,2.88632891e-01,7.11367109e-01
6.000000e-07,600.000000,1.200000e+01,5.000000e-08,3.00075019e-01,1.50037509e-08,2.91381263e-01,7.08618737e-01
6.000000e-07,600.000000,1.200000e+01,5.000000e-08,3.03075769e-01,1.51537884e-08,2.94124834e-01,7.05875166e-01
6.000000e-07,600.000000,1.200000e+01,5.000000e-08,3.06076519e-01,1.53038260e-08,2.96863565e-01,7.03136435e-01
6.000000e-07,600.000000,1.200000e+01,5.000000e-08,3.09077269e-01,1.54538635e-08,2.99597422e-01,7.00402578e-01
6.000000e-07,600.000000,1.200000e+01,5.000000e-08,3.12078020e-01,1.56039010e-08,3.02326367e-01,6.97673633e-01
6.000000e-07,600.000000,1.200000e+01,5.000000e-08,3.15078770e-01,1.57539385e-08,3.05050366e-01,6.94949634e-01
6.000000e-07,600.000000,1.200000e+01,5.000000e-08,3.18079520e-01,1.59039760e-08,3.07769382e-01,6.92230618e-01
6.000000e-07,600.000000,1.200000e+01,5.000000e-08,3.21080270e-01,1.60540135e-08,3.10483380e-01,6.89516620e-01
6.000000e-07,600.000000,1.200000e+01,5.000000e-08,3.24081020e-01,1.62040510e-08,3.13192326e-01,6.86807674e-01
6.000000e-07,600.000000,1.200000e+01,5.000000e-08,3.27081770e-01,1.63540885e-08,3.15896186e-01,6.84103814e-01
6.000000e-07,600.000000,1.200000e+01,5.000000e-08,3.30082521e-01,1.65041260e-08,3.18594923e-01,6.81405077e-01
6.000000e-07,600.000000,1.200000e+01,5.000000e-08,3.33083271e-01,1.66541635e-08,3.21288506e-01,6.78711494e-01
6.000000e-07,600.000000,1.200000e+01,5.000000e-08,3.36084021e-01,1.68042011e-08,3.23976900e-01,6.76023100e-01
6.000000e-07,600.000000,1.200000e+01,5.000000e-08,3.39084771e-01,1.69542386e-08,3.26660072e-01,6.73339928e-01
6.000000e-07,600.000000,1.200000e+01,5.000000e-08,3.42085521e-01,1.71042761e-08,3.29337988e-01,6.70662012e-01
6.000000e-07,600.000000,1.200000e+01,5.000000e-08,3.45086272e-01,1.72543136e-08,3.32010617e-01,6.67989383e-01
6.000000e-07,600.000000,1.200000e+01,5.000000e-08,3.48087022e-01,1.74043511e-08,3.34677926e-01,6.65322074e-01
6.000000e-07,600.000000,1.200000e+01,5.000000e-08,3.51087772e-01,1.75543886e-08,3.37339883e-01,6.62660117e-01
6.000000e-07,600.000000,1.200000e+01,5.000000e-08,3.54088522e-01,1.77044261e-08,3.39996456e-01,6.60003544e-01
6.000000e-07,600.000000,1.200000e+01,5.000000e-08,3.57089272e-01,1.78544636e-08,3.42647614e-01,6.57352386e-01
6.000000e-07,600.000000,1.200000e+01,5.000000e-08,3.60090023e-01,1.80045011e-08,3.45293326e-01,6.54706674e-01
6.000000e-07,600.000000,1.200000e+01,5.000000e-08,3.63090773e-01,1.81545386e-08,3.47933561e-01,6.52066439e-01
6.000000e-07,600.000000,1.200000e+01,5.000000e-08,3.66091523e-01,1.83045761e-08,3.50568288e-01,6.49431712e-01
6.000000e-07,600.000000,1.200000e+01,5.000000e-08,3.69092273e-01,1.84546137e-08,3.53197478e-01,6.46802522e-01
6.000000e-07,600.000000,1.200000e+01,5.000000e-08,3.72093023e-01,1.86046512e-08,3.55821101e-01,6.44178899e-01
6.000000e-07,600.000000,1.200000e+01,5.000000e-08,3.75093773e-01,1.87546887e-08,3.58439127e-01,6.41560873e-01
6.000000e-07,600.000000,1.200000e+01,5.000000e-08,3.78094524e-01,1.89047262e-08,3.61051527e-01,6.38948473e-01
6.000000e-07,600.000000,1.200000e+01,5.000000e-08,3.81095274e-01,1.90547637e-08,3.63658273e-01,6.36341727e-01
6.000000e-07,600.000000,1.200000e+01,5.000000e-08,3.84096024e-01,1.92048012e-08,3.66259335e-01,6.33740665e-01
6.000000e-07,600.000000,1.200000e+01,5.000000e-08,3.87096774e-01,1.93548387e-08,3.68854687e-01,6.31145313e-01
6.000000e-07,600.000000,1.200000e+01,5.000000e-08,3.90097524e-01,1.95048762e-08,3.71444300e-01,6.28555700e-01
6.000000e-07,600.000000,1.200000e+01,5.000000e-08,3.93098275e-01,1.96549137e-08,3.74028146e-01,6.25971854e-01
6.000000e-07,600.000000,1.200000e+01,5.000000e-08,3.96099025e-01,1.98049512e-08,3.76606199e-01,6.23393801e-01
6.000000e-07,600.000000,1.200000e+01,5.000000e-08,3.99099775e-01,1.99549887e-08,3.79178431e-01,6.20821569e-01
6.000000e-07,600.000000,1.200000e+01,5.000000e-08,4.02100525e-01,2.01050263e-08,3.81744817e-01,6.18255183e-01
6.000000e-07,600.000000,1.200000e+01,5.000000e-08,4.05101275e-01,2.02550638e-08,3.84305330e-01,6.15694670e-01
6.000000e-07,600.000000,1.200000e+01,5.000000e-08,4.08102026e-01,2.04051013e-08,3.86859944e-01,6.13140056e-01
6.000000e-07,600.000000,1.200000e+01,5.000000e-08,4.11102776e-01,2.05551388e-08,3.89408633e-01,6.10591367e-01
6.000000e-07,600.000000,1.200000e+01,5.000000e-08,4.14103526e-01,2.07051763e-08,3.91951374e-01,6.08048626e-01
6.000000e-07,600.000000,1.200000e+01,5.000000e-08,4.17104276e-01,2.08552138e-08,3.94488140e-01,6.05511860e-01
6.000000e-07,600.000000,1.200000e+01,5.000000e-08,4.20105026e-01,2.10052513e-08,3.97018907e-01,6.02981093e-01
6.000000e-07,600.000000,1.200000e+01,5.000000e-08,4.23105776e-01,2.11552888e-08,3.99543652e-01,6.00456348e-01
6.000000e-07,600.000000,1.200000e+01,5.000000e-08,4.26106527e-01,2.13053263e-08,4.02062349e-01,5.97937651e-01
6.000000e-07,600.000000,1.200000e+01,5.000000e-08,4.29107277e-01,2.14553638e-08,4.04574977e-01,5.95425023e-01
6.000000e-07,600.000000,1.200000e+01,5.000000e-08,4.32108027e-01,2.16054014e-08,4.07081511e-01,5.92918489e-01
6.000000e-07,600.000000,1.200000e+01,5.000000e-08,4.35108777e-01,2.17554389e-08,4.09581929e-01,5.90418071e-01
6.000000e-07,600.000000,1.200000e+01,5.000000e-08,4.38109527e-01,2.19054764e-08,4.12076208e-01,5.87923792e-01
6.000000e-07,600.000000,1.200000e+01,5.000000e-08,4.41110278e-01,2.20555139e-08,4.14564326e-01,5.85435674e-01
6.000000e-07,600.000000,1.200000e+01,5.000000e-08,4.44111028e-01,2.22055514e-08,4.17046262e-01,5.82953738e-01
6.000000e-07,600.000000,1.200000e+01,5.000000e-08,4.47111778e-01,2.23555889e-08,4.19521993e-01,5.80478007e-01
6.000000e-07,600.000000,1.200000e+01,5.000000e-08,4.50112528e-01,2.25056264e-08,4.21991499e-01,5.78008501e-01
6.000000e-07,600.000000,1.200000e+01,5.000000e-08,4.53113278e-01,2.26556639e-08,4.24454759e-01,5.75545241e-01
6.000000e-07,600.000000,1.200000e+01,5.000000e-08,4.56114029e-01,2.28057014e-08,4.26911751e-01,5.73088249e-01
6.000000e-07,600.000000,1.200000e+01,5.000000e-08,4.59114779e-01,2.29557389e-08,4.29362457e-01,5.70637543e-01
6.000000e-07,600.000000,1.200000e+01,5.000000e-08,4.62115529e-01,2.31057764e-08,4.31806856e-01,5.68193144e-01
6.000000e-07,600.000000,1.200000e+01,5.000000e-08,4.65116279e-01,2.32558140e-08,4.34244928e-01,5.65755072e-01
6.000000e-07,600.000000,1.200000e+01,5.000000e-08,4.68117029e-01,2.34058515e-08,4.36676655e-01,5.63323345e-01
6.000000e-07,600.000000,1.200000e+01,5.000000e-08,4.71117779e-01,2.35558890e-08,4.39102017e-01,5.60897983e-01
6.000000e-07,600.000000,1.200000e+01,5.000000e-08,4.74118530e-01,2.37059265e-08,4.41520996e-01,5.58479004e-01
6.000000e-07,600.000000,1.200000e+01,5.000000e-08,4.77119280e-01,2.38559640e-08,4.43933574e-01,5.56066426e-01
6.000000e-07,600.000000,1.200000e+01,5.000000e-08,4.80120030e-01,2.40060015e-08,4.46339733e-01,5.53660267e-01
6.000000e-07,600.000000,1.200000e+01,5.000000e-08,4.83120780e-01,2.41560390e-08,4.48739455e-01,5.51260545e-01
6.000000e-07,600.000000,1.200000e+01,5.000000e-08,4.86121530e-01,2.43060765e-08,4.51132723e-01,5.48867277e-01
6.000000e-07,600.000000,1.200000e+01,5.000000e-08,4.89122281e-01,2.44561140e-08,4.53519520e-01,5.46480480e-01
6.000000e-07,600.000000,1.200000e+01,5.000000e-08,4.92123031e-01,2.46061515e-08,4.55899830e-01,5.44100170e-01
6.000000e-07,600.000000,1.200000e+01,5.000000e-08,4.95123781e-01,2.47561890e-08,4.58273635e-01,5.41726365e-01
6.000000e-07,600.000000,1.200000e+01,5.000000e-08,4.98124531e-01,2.49062266e-08,4.60640921e-01,5.39359079e-01
6.000000e-07,600.000000,1.200000e+01,5.000000e-08,5.01125281e-01,2.50562641e-08,4.63001672e-01,5.36998328e-01
6.000000e-07,600.000000,1.200000e+01,5.000000e-08,5.04126032e-01,2.52063016e-08,4.65355872e-01,5.34644128e-01
6.000000e-07,600.000000,1.200000e+01,5.000000e-08,5.07126782e-01,2.53563391e-08,4.67703506e-01,5.32296494e-01
6.000000e-07,600.000000,1.200000e+01,5.000000e-08,5.10127532e-01,2.55063766e-08,4.70044560e-01,5.29955440e-01
6.000000e-07,600.000000,1.200000e+01,5.000000e-08,5.13128282e-01,2.56564141e-08,4.72379019e-01,5.27620981e-01
6.000000e-07,600.000000,1.200000e+01,5.000000e-08,5.16129032e-01,2.58064516e-08,4.74706869e-01,5.25293131e-01
6.000000e-07,600.000000,1.200000e+01,5.000000e-08,5.19129782e-01,2.59564891e-08,4.77028097e-01,5.22971903e-01
6.000000e-07,600.000000,1.200000e+01,5.000000e-08,5.22130533e-01,2.61065266e-08,4.79342689e-01,5.20657311e-01
6.000000e-07,600.000000,1.200000e+01,5.000000e-08,5.25131283e-01,2.62565641e-08,4.81650632e-01,5.18349368e-01
6.000000e-07,600.000000,1.200000e+01,5.000000e-08,5.28132033e-01,2.64066017e-08,4.83951913e-01,5.16048087e-01
6.000000e-07,600.000000,1.200000e+01,5.000000e-08,5.31132783e-01,2.65566392e-08,4.86246520e-01,5.13753480e-01
6.000000e-07,600.000000,1.200000e+01,5.000000e-08,5.34133533e-01,2.67066767e-08,4.88534440e-01,5.11465560e-01
6.000000e-07,600.000000,1.200000e+01,5.000000e-08,5.37134284e-01,2.68567142e-08,4.90815663e-01,5.09184337e-01
6.000000e-07,600.000000,1.200000e+01,5.000000e-08,5.40135034e-01,2.70067517e-08,4.93090175e-01,5.06909825e-01
6.000000e-07,600.000000,1.200000e+01,5.000000e-08,5.43135784e-01,2.71567892e-08,4.95357967e-01,5.04642033e-01
6.000000e-07,600.000000,1.200000e+01,5.000000e-08,5.46136534e-01,2.73068267e-08,4.97619027e-01,5.02380973e-01
6.000000e-07,600.000000,1.200000e+01,5.000000e-08,5.49137284e-01,2.74568642e-08,4.99873344e-01,5.00126656e-01
6.000000e-07,600.000000,1.200000e+01,5.000000e-08,5.52138035e-01,2.76069017e-08,5.02120909e-01,4.97879091e-01
6.000000e-07,600.000000,1.200000e+01,5.000000e-08,5.55138785e-01,2.77569392e-08,5.04361711e-01,4.95638289e-01
6.000000e-07,600.000000,1.200000e+01,5.000000e-08,5.58139535e-01,2.79069767e-08,5.06595740e-01,4.93404260e-01
6.000000e-07,600.000000,1.200000e+01,5.000000e-08,5.61140285e-01,2.80570143e-08,5.08822987e-01,4.91177013e-01
6.000000e-07,600.000000,1.200000e+01,5.000000e-08,5.64141035e-01,2.82070518e-08,5.11043444e-01,4.88956556e-01
6.000000e-07,600.000000,1.200000e+01,5.000000e-08,5.67141785e-01,2.83570893e-08,5.13257101e-01,4.86742899e-01
6.000000e-07,600.000000,1.200000e+01,5.000000e-08,5.70142536e-01,2.85071268e-08,5.15463949e-01,4.84536051e-01
6.000000e-07,600.000000,1.200000e+01,5.000000e-08,5.73143286e-01,2.86571643e-08,5.17663981e-01,4.82336019e-01
6.000000e-07,600.000000,1.200000e+01,5.000000e-08,5.76144036e-01,2.88072018e-08,5.19857189e-01,4.80142811e-01
6.000000e-07,600.000000,1.200000e+01,5.000000e-08,5.79144786e-01,2.89572393e-08,5.22043565e-01,4.77956435e-01
6.000000e-07,600.000000,1.200000e+01,5.000000e-08,5.82145536e-01,2.91072768e-08,5.24223101e-01,4.75776899e-01
6.000000e-07,600.000000,1.200000e+01,5.000000e-08,5.85146287e-01,2.92573143e-08,5.26395791e-01,4.73604209e-01
6.000000e-07,600.000000,1.200000e+01,5.000000e-08,5.88147037e-01,2.94073518e-08,5.28561628e-01,4.71438372e-01
6.000000e-07,600.000000,1.200000e+01,5.000000e-08,5.91147787e-01,2.95573893e-08,5.30720606e-01,4.69279394e-01
6.000000e-07,600.000000,1.200000e+01,5.000000e-08,5.94148537e-01,2.97074269e-08,5.32872718e-01,4.67127282e-01
6.000000e-07,600.000000,1.200000e+01,5.000000e-08,5.97149287e-01,2.98574644e-08,5.35017958e-01,4.64982042e-01
6.000000e-07,600.000000,1.200000e+01,5.000000e-08,6.00150038e-01,3.00075019e-08,5.37156322e-01,4.62843678e-01
6.000000e-07,600.000000,1.200000e+01,5.000000e-08,6.03150788e-01,3.01575394e-08,5.39287803e-01,4.60712197e-01
6.000000e-07,600.000000,1.200000e+01,5.000000e-08,6.06151538e-01,3.03075769e-08,5.41412396e-01,4.58587604e-01
6.000000e-07,600.000000,1.200000e+01,5.000000e-08,6.09152288e-01,3.04576144e-08,5.43530097e-01,4.56469903e-01
6.000000e-07,600.000000,1.200000e+01,5.000000e-08,6.12153038e-01,3.06076519e-08,5.45640902e-01,4.54359098e-01
6.000000e-07,600.000000,1.200000e+01,5.000000e-08,6.15153788e-01,3.07576894e-08,5.47744806e-01,4.52255194e-01
6.000000e-07,600.000000,1.200000e+01,5.000000e-08,6.18154539e-01,3.09077269e-08,5.49841805e-01,4.50158195e-01
6.000000e-07,600.000000,1.200000e+01,5.000000e-08,6.21155289e-01,3.10577644e-08,5.51931895e-01,4.48068105e-01
6.000000e-07,600.000000,1.200000e+01,5.000000e-08,6.24156039e-01,3.12078020e-08,5.54015074e-01,4.45984926e-01
6.000000e-07,600.000000,1.200000e+01,5.000000e-08,6.27156789e-01,3.13578395e-08,5.56091338e-01,4.43908662e-01
6.000000e-07,600.000000,1.200000e+01,5.000000e-08,6.30157539e-01,3.15078770e-08,5.58160684e-01,4.41839316e-01
6.000000e-07,600.000000,1.200000e+01,5.000000e-08,6.33158290e-01,3.16579145e-08,5.60223110e-01,4.39776890e-01
6.000000e-07,600.000000,1.200000e+01,5.000000e-08,6.36159040e-01,3.18079520e-08,5.62278613e-01,4.37721387e-01
6.000000e-07,600.000000,1.200000e+01,5.000000e-08,6.39159790e-01,3.19579895e-08,5.64327192e-01,4.35672808e-01
6.000000e-07,600.000000,1.200000e+01,5.000000e-08,6.42160540e-01,3.21080270e-08,5.66368844e-01,4.33631156e-01
6.000000e-07,600.000000,1.200000e+01,5.000000e-08,6.45161290e-01,3.22580645e-08,5.68403568e-01,4.31596432e-01
6.000000e-07,600.000000,1.200000e+01,5.000000e-08,6.48162041e-01,3.24081020e-08,5.70431364e-01,4.29568636e-01
6.000000e-07,600.000000,1.200000e+01,5.000000e-08,6.51162791e-01,3.25581395e-08,5.72452229e-01,4.27547771e-01
6.000000e-07,600.000000,1.200000e+01,5.000000e-08,6.54163541e-01,3.27081770e-08,5.74466163e-01,4.25533837e-01
6.000000e-07,600.000000,1.200000e+01,5.000000e-08,6.57164291e-01,3.28582146e-08,5.76473166e-01,4.23526834e-01
6.000000e-07,600.000000,1.200000e+01,5.000000e-08,6.60165041e-01,3.30082521e-08,5.78473237e-01,4.21526763e-01
6.000000e-07,600.000000,1.200000e+01,5.000000e-08,6.63165791e-01,3.31582896e-08,5.80466376e-01,4.19533624e-01
6.000000e-07,600.000000,1.200000e+01,5.000000e-08,6.66166542e-01,3.33083271e-08,5.82452584e-01,4.17547416e-01
6.000000e-07,600.000000,1.200000e+01,5.000000e-08,6.69167292e-01,3.34583646e-08,5.84431862e-01,4.15568138e-01
6.000000e-07,600.000000,1.200000e+01,5.000000e-08,6.72168042e-01,3.36084021e-08,5.86404209e-01,4.13595791e-01
6.000000e-07,600.000000,1.200000e+01,5.000000e-08,6.75168792e-01,3.37584396e-08,5.88369627e-01,4.11630373e-01
6.000000e-07,600.000000,1.200000e+01,5.000000e-08,6.78169542e-01,3.39084771e-08,5.90328117e-01,4.09671883e-01
6.000000e-07,600.000000,1.200000e+01,5.000000e-08,6.81170293e-01,3.40585146e-08,5.92279681e-01,4.07720319e-01
6.000000e-07,600.000000,1.200000e+01,5.000000e-08,6.84171043e-01,3.42085521e-08,5.94224321e-01,4.05775679e-01
6.000000e-07,600.000000,1.200000e+01,5.000000e-08,6.87171793e-01,3.43585896e-08,5.96162037e-01,4.03837963e-01
6.000000e-07,600.000000,1.200000e+01,5.000000e-08,6.90172543e-01,3.45086272e-08,5.98092834e-01,4.01907166e-01
6.000000e-07,600.000000,1.200000e+01,5.000000e-08,6.93173293e-01,3.46586647e-08,6.00016712e-01,3.99983288e-01
6.000000e-07,600.000000,1.200000e+01,5.000000e-08,6.96174044e-01,3.48087022e-08,6.01933674e-01,3.98066326e-01
6.000000e-07,600.000000,1.200000e+01,5.000000e-08,6.99174794e-01,3.49587397e-08,6.03843725e-01,3.96156275e-01
6.000000e-07,600.000000,1.200000e+01,5.000000e-08,7.02175544e-01,3.51087772e-08,6.05746865e-01,3.94253135e-01
6.000000e-07,600.000000,1.200000e+01,5.000000e-08,7.05176294e-01,3.52588147e-08,6.07643100e-01,3.92356900e-01
6.000000e-07,600.000000,1.200000e+01,5.000000e-08,7.08177044e-01,3.54088522e-08,6.09532432e-01,3.90467568e-01
6.000000e-07,600.000000,1.200000e+01,5.000000e-08,7.11177794e-01,3.55588897e-08,6.11414866e-01,3.88585134e-01
6.000000e-07,600.000000,1.200000e+01,5.000000e-08,7.14178545e-01,3.57089272e-08,6.13290404e-01,3.86709596e-01
6.000000e-07,600.000000,1.200000e+01,5.000000e-08,7.17179295e-01,3.58589647e-08,6.15159052e-01,3.84840948e-01
6.000000e-07,600.000000,1.200000e+01,5.000000e-08,7.20180045e-01,3.60090023e-08,6.17020814e-01,3.82979186e-01
6.000000e-07,600.000000,1.200000e+01,5.000000e-08,7.23180795e-01,3.61590398e-08,6.18875695e-01,3.81124305e-01
6.000000e-07,600.000000,1.200000e+01,5.000000e-08,7.26181545e-01,3.63090773e-08,6.20723699e-01,3.79276301e-01
6.000000e-07,600.000000,1.200000e+01,5.000000e-08,7.29182296e-01,3.64591148e-08,6.22564831e-01,3.77435169e-01
6.000000e-07,600.000000,1.200000e+01,5.000000e-08,7.32183046e-01,3.66091523e-08,6.24399098e-01,3.75600902e-01
6.000000e-07,600.000000,1.200000e+01,5.000000e-08,7.35183796e-01,3.67591898e-08,6.26226503e-01,3.73773497e-01
6.000000e-07,600.000000,1.200000e+01,5.000000e-08,7.38184546e-01,3.69092273e-08,6.28047054e-01,3.71952946e-01
6.000000e-07,600.000000,1.200000e+01,5.000000e-08,7.41185296e-01,3.70592648e-08,6.29860755e-01,3.70139245e-01
6.000000e-07,600.000000,1.200000e+01,5.000000e-08,7.44186047e-01,3.72093023e-08,6.31667614e-01,3.68332386e-01
6.000000e-07,600.000000,1.200000e+01,5.000000e-08,7.47186797e-01,3.73593398e-08,6.33467635e-01,3.66532365e-01
6.000000e-07,600.000000,1.200000e+01,5.000000e-08,7.50187547e-01,3.75093773e-08,6.35260827e-01,3.64739173e-01
6.000000e-07,600.000000,1.200000e+01,5.000000e-08,7.53188297e-01,3.76594149e-08,6.37047195e-01,3.62952805e-01
6.000000e-07,600.000000,1.200000e+01,5.000000e-08,7.56189047e-01,3.78094524e-08,6.38826746e-01,3.61173254e-01
6.000000e-07,600.000000,1.200000e+01,5.000000e-08,7.59189797e-01,3.79594899e-08,6.40599487e-01,3.59400513e-01
6.000000e-07,600.000000,1.200000e+01,5.000000e-08,7.62190548e-01,3.81095274e-08,6.42365427e-01,3.57634573e-01
6.000000e-07,600.000000,1.200000e+01,5.000000e-08,7.65191298e-01,3.82595649e-08,6.44124571e-01,3.55875429e-01
6.000000e-07,600.000000,1.200000e+01,5.000000e-08,7.68192048e-01,3.84096024e-08,6.45876928e-01,3.54123072e-01
6.000000e-07,600.000000,1.200000e+01,5.000000e-08,7.71192798e-01,3.85596399e-08,6.47622506e-01,3.52377494e-01
6.000000e-07,600.000000,1.200000e+01,5.000000e-08,7.74193548e-01,3.87096774e-08,6.49361313e-01,3.50638687e-01
6.000000e-07,600.000000,1.200000e+01,5.000000e-08,7.77194299e-01,3.88597149e-08,6.51093356e-01,3.48906644e-01
6.000000e-07,600.000000,1.200000e+01,5.000000e-08,7.80195049e-01,3.90097524e-08,6.52818644e-01,3.47181356e-01
6.000000e-07,600.000000,1.200000e+01,5.000000e-08,7.83195799e-01,3.91597899e-08,6.54537187e-01,3.45462813e-01
6.000000e-07,600.000000,1.200000e+01,5.000000e-08,7.86196549e-01,3.93098275e-08,6.56248991e-01,3.43751009e-01
6.000000e-07,600.000000,1.200000e+01,5.000000e-08,7.89197299e-01,3.94598650e-08,6.57954067e-01,3.42045933e-01
6.000000e-07,600.000000,1.200000e+01,5.000000e-08,7.92198050e-01,3.96099025e-08,6.59652424e-01,3.40347576e-01
6.000000e-07,600.000000,1.200000e+01,5.000000e-08,7.95198800e-01,3.97599400e-08,6.61344070e-01,3.38655930e-01
6.000000e-07,600.000000,1.200000e+01,5.000000e-08,7.98199550e-01,3.99099775e-08,6.63029015e-01,3.36970985e-01
6.000000e-07,600.000000,1.200000e+01,5.000000e-08,8.01200300e-01,4.00600150e-08,6.64707269e-01,3.35292731e-01
6.000000e-07,600.000000,1.200000e+01,5.000000e-08,8.04201050e-01,4.02100525e-08,6.66378842e-01,3.33621158e-01
6.000000e-07,600.000000,1.200000e+01,5.000000e-08,8.07201800e-01,4.03600900e-08,6.68043742e-01,3.31956258e-01
6.000000e-07,600.000000,1.200000e+01,5.000000e-08,8.10202551e-01,4.05101275e-08,6.69701981e-01,3.30298019e-01
6.000000e-07,600.000000,1.200000e+01,5.000000e-08,8.13203301e-01,4.06601650e-08,6.71353569e-01,3.28646431e-01
6.000000e-07,600.000000,1.200000e+01,5.000000e-08,8.16204051e-01,4.08102026e-08,6.72998515e-01,3.27001485e-01
6.000000e-07,600.000000,1.200000e+01,5.000000e-08,8.19204801e-01,4.09602401e-08,6.74636831e-01,3.25363169e-01
6.000000e-07,600.000000,1.200000e+01,5.000000e-08,8.22205551e-01,4.11102776e-08,6.76268527e-01,3.23731473e-01
6.000000e-07,600.000000,1.200000e+01,5.000000e-08,8.25206302e-01,4.12603151e-08,6.77893614e-01,3.22106386e-01
6.000000e-07,600.000000,1.200000e+01,5.000000e-08,8.28207052e-01,4.14103526e-08,6.79512103e-01,3.20487897e-01
6.000000e-07,600.000000,1.200000e+01,5.000000e-08,8.31207802e-01,4.15603901e-08,6.81124005e-01,3.18875995e-01
6.000000e-07,600.000000,1.200000e+01,5.000000e-08,8.34208552e-01,4.17104276e-08,6.82729332e-01,3.17270668e-01
6.000000e-07,600.000000,1.200000e+01,5.000000e-08,8.37209302e-01,4.18604651e-08,6.84328094e-01,3.15671906e-01
6.000000e-07,600.000000,1.200000e+01,5.000000e-08,8.40210053e-01,4.20105026e-08,6.85920304e-01,3.14079696e-01
6.000000e-07,600.000000,1.200000e+01,5.000000e-08,8.43210803e-01,4.21605401e-08,6.87505972e-01,3.12494028e-01
6.000000e-07,600.000000,1.200000e+01,5.000000e-08,8.46211553e-01,4.23105776e-08,6.89085112e-01,3.10914888e-01
6.000000e-07,600.000000,1.200000e+01,5.000000e-08,8.49212303e-01,4.24606152e-08,6.90657735e-01,3.09342265e-01
6.000000e-07,600.000000,1.200000e+01,5.000000e-08,8.52213053e-01,4.26106527e-08,6.92223852e-01,3.07776148e-01
6.000000e-07,600.000000,1.200000e+01,5.000000e-08,8.55213803e-01,4.27606902e-08,6.93783477e-01,3.06216523e-01
6.000000e-07,600.000000,1.200000e+01,5.000000e-08,8.58214554e-01,4.29107277e-08,6.95336621e-01,3.04663379e-01
6.000000e-07,600.000000,1.200000e+01,5.000000e-08,8.61215304e-01,4.30607652e-08,6.96883298e-01,3.03116702e-01
6.000000e-07,600.000000,1.200000e+01,5.000000e-08,8.64216054e-01,4.32108027e-08,6.98423519e-01,3.01576481e-01
6.000000e-07,600.000000,1.200000e+01,5.000000e-08,8.67216804e-01,4.33608402e-08,6.99957298e-01,3.00042702e-01
6.000000e-07,600.000000,1.200000e+01,5.000000e-08,8.70217554e-01,4.35108777e-08,7.01484648e-01,2.98515352e-01
6.000000e-07,600.000000,1.200000e+01,5.000000e-08,8.73218305e-01,4.36609152e-08,7.03005580e-01,2.96994420e-01
6.000000e-07,600.000000,1.200000e+01,5.000000e-08,8.76219055e-01,4.38109527e-08,7.04520110e-01,2.95479890e-01
6.000000e-07,600.000000,1.200000e+01,5.000000e-08,8.79219805e-01,4.39609902e-08,7.06028249e-01,2.93971751e-01
6.000000e-07,600.000000,1.200000e+01,5.000000e-08,8.82220555e-01,4.41110278e-08,7.07530011e-01,2.92469989e-01
6.000000e-07,600.000000,1.200000e+01,5.000000e-08,8.85221305e-01,4.42610653e-08,7.09025410e-01,2.90974590e-01
6.000000e-07,600.000000,1.200000e+01,5.000000e-08,8.88222056e-01,4.44111028e-08,7.10514460e-01,2.89485540e-01
6.000000e-07,600.000000,1.200000e+01,5.000000e-08,8.91222806e-01,4.45611403e-08,7.11997173e-01,2.88002827e-01
6.000000e-07,600.000000,1.200000e+01,5.000000e-08,8.94223556e-01,4.47111778e-08,7.13473564e-01,2.86526436e-01
6.000000e-07,600.000000,1.200000e+01,5.000000e-08,8.97224306e-01,4.48612153e-08,7.14943647e-01,2.85056353e-01
6.000000e-07,600.000000,1.200000e+01,5.000000e-08,9.00225056e-01,4.50112528e-08,7.16407436e-01,2.83592564e-01
6.000000e-07,600.000000,1.200000e+01,5.000000e-08,9.03225806e-01,4.51612903e-08,7.17864945e-01,2.82135055e-01
6.000000e-07,600.000000,1.200000e+01,5.000000e-08,9.06226557e-01,4.53113278e-08,7.19316187e-01,2.80683813e-01
6.000000e-07,600.000000,1.200000e+01,5.000000e-08,9.09227307e-01,4.54613653e-08,7.20761179e-01,2.79238821e-01
6.000000e-07,600.000000,1.200000e+01,5.000000e-08,9.12228057e-01,4.56114029e-08,7.22199933e-01,2.77800067e-01
6.000000e-07,600.000000,1.200000e+01,5.000000e-08,9.15228807e-01,4.57614404e-08,7.23632465e-01,2.76367535e-01
6.000000e-07,600.000000,1.200000e+01,5.000000e-08,9.18229557e-01,4.59114779e-08,7.25058789e-01,2.74941211e-01
6.000000e-07,600.000000,1.200000e+01,5.000000e-08,9.21230308e-01,4.60615154e-08,7.26478920e-01,2.73521080e-01
6.000000e-07,600.000000,1.200000e+01,5.000000e-08,9.24231058e-01,4.62115529e-08,7.27892873e-01,2.72107127e-01
6.000000e-07,600.000000,1.200000e+01,5.000000e-08,9.27231808e-01,4.63615904e-08,7.29300662e-01,2.70699338e-01
6.000000e-07,600.000000,1.200000e+01,5.000000e-08,9.30232558e-01,4.65116279e-08,7.30702303e-01,2.69297697e-01
6.000000e-07,600.000000,1.200000e+01,5.000000e-08,9.33233308e-01,4.66616654e-08,7.32097812e-01,2.67902188e-01
6.000000e-07,600.000000,1.200000e+01,5.000000e-08,9.36234059e-01,4.68117029e-08,7.33487202e-01,2.66512798e-01
6.000000e-07,600.000000,1.200000e+01,5.000000e-08,9.39234809e-01,4.69617404e-08,7.34870489e-01,2.65129511e-01
6.000000e-07,600.000000,1.200000e+01,5.000000e-08,9.42235559e-01,4.71117779e-08,7.36247689e-01,2.63752311e-01
6.000000e-07,600.000000,1.200000e+01,5.000000e-08,9.45236309e-01,4.72618155e-08,7.37618817e-01,2.62381183e-01
6.000000e-07,600.000000,1.200000e+01,5.000000e-08,9.48237059e-01,4.74118530e-08,7.38983889e-01,2.61016111e-01
6.000000e-07,600.000000,1.200000e+01,5.000000e-08,9.51237809e-01,4.75618905e-08,7.40342920e-01,2.59657080e-01
6.000000e-07,600.000000,1.200000e+01,5.000000e-08,9.54238560e-01,4.77119280e-08,7.41695927e-01,2.58304073e-01
6.000000e-07,600.000000,1.200000e+01,5.000000e-08,9.57239310e-01,4.78619655e-08,7.43042923e-01,2.56957077e-01
6.000000e-07,600.000000,1.200000e+01,5.000000e-08,9.60240060e-01,4.80120030e-08,7.44383927e-01,2.55616073e-01
6.000000e-07,600.000000,1.200000e+01,5.000000e-08,9.63240810e-01,4.81620405e-08,7.45718953e-01,2.54281047e-01
6.000000e-07,600.000000,1.200000e+01,5.000000e-08,9.66241560e-01,4.83120780e-08,7.47048018e-01,2.52951982e-01
6.000000e-07,600.000000,1.200000e+01,5.000000e-08,9.69242311e-01,4.84621155e-08,7.48371137e-01,2.51628863e-01
6.000000e-07,600.000000,1.200000e+01,5.000000e-08,9.72243061e-01,4.86121530e-08,7.49688327e-01,2.50311673e-01
6.000000e-07,600.000000,1.200000e+01,5.000000e-08,9.75243811e-01,4.87621905e-08,7.50999604e-01,2.49000396e-01
6.000000e-07,600.000000,1.200000e+01,5.000000e-08,9.78244561e-01,4.89122281e-08,7.52304984e-01,2.47695016e-01
6.000000e-07,600.000000,1.200000e+01,5.000000e-08,9.81245311e-01,4.90622656e-08,7.53604484e-01,2.46395516e-01
6.000000e-07,600.000000,1.200000e+01,5.000000e-08,9.84246062e-01,4.92123031e-08,7.54898120e-01,2.45101880e-01
6.000000e-07,600.000000,1.200000e+01,5.000000e-08,9.87246812e-01,4.93623406e-08,7.56185908e-01,2.43814092e-01
6.000000e-07,600.000000,1.200000e+01,5.000000e-08,9.90247562e-01,4.95123781e-08,7.57467865e-01,2.42532135e-01
6.000000e-07,600.000000,1.200000e+01,5.000000e-08,9.93248312e-01,4.96624156e-08,7.58744008e-01,2.41255992e-01
6.000000e-07,600.000000,1.200000e+01,5.000000e-08,9.96249062e-01,4.98124531e-08,7.60014352e-01,2.39985648e-01
6.000000e-07,600.000000,1.200000e+01,5.000000e-08,9.99249812e-01,4.99624906e-08,7.61278916e-01,2.38721084e-01
6.000000e-07,600.000000,1.200000e+01,5.000000e-08,1.00225056e+00,5.01125281e-08,7.62537715e-01,2.37462285e-01
6.000000e-07,600.000000,1.200000e+01,5.000000e-08,1.00525131e+00,5.02625656e-08,7.63790767e-01,2.36209233e-01
6.000000e-07,600.000000,1.200000e+01,5.000000e-08,1.00825206e+00,5.04126032e-08,7.65038088e-01,2.34961912e-01
6.000000e-07,600.000000,1.200000e+01,5.000000e-08,1.01125281e+00,5.05626407e-08,7.66279695e-01,2.33720305e-01
6.000000e-07,600.000000,1.200000e+01,5.000000e-08,1.01425356e+00,5.07126782e-08,7.67515606e-01,2.32484394e-01
6.000000e-07,600.000000,1.200000e+01,5.000000e-08,1.01725431e+00,5.08627157e-08,7.68745836e-01,2.31254164e-01
6.000000e-07,600.000000,1.200000e+01,5.000000e-08,1.02025506e+00,5.10127532e-08,7.69970404e-01,2.30029596e-01
6.000000e-07,600.000000,1.200000e+01,5.000000e-08,1.02325581e+00,5.11627907e-08,7.71189326e-01,2.28810674e-01
6.000000e-07,600.000000,1.200000e+01,5.000000e-08,1.02625656e+00,5.13128282e-08,7.72402620e-01,2.27597380e-01
6.000000e-07,600.000000,1.200000e+01,5.000000e-08,1.02925731e+00,5.14628657e-08,7.73610302e-01,2.26389698e-01
6.000000e-07,600.000000,1.200000e+01,5.000000e-08,1.03225806e+00,5.16129032e-08,7.74812391e-01,2.25187609e-01
6.000000e-07,600.000000,1.200000e+01,5.000000e-08,1.03525881e+00,5.17629407e-08,7.76008902e-01,2.23991098e-01
6.000000e-07,600.000000,1.200000e+01,5.000000e-08,1.03825956e+00,5.19129782e-08,7.77199854e-01,2.22800146e-01
6.000000e-07,600.000000,1.200000e+01,5.000000e-08,1.04126032e+00,5.20630158e-08,7.78385264e-01,2.21614736e-01
6.000000e-07,600.000000,1.200000e+01,5.000000e-08,1.04426107e+00,5.22130533e-08,7.79565150e-01,2.20434850e-01
6.000000e-07,600.000000,1.200000e+01,5.000000e-08,1.04726182e+00,5.23630908e-08,7.80739528e-01,2.19260472e-01
6.000000e-07,600.000000,1.200000e+01,5.000000e-08,1.05026257e+00,5.25131283e-08,7.81908416e-01,2.18091584e-01
6.000000e-07,600.000000,1.200000e+01,5.000000e-08,1.05326332e+00,5.26631658e-08,7.83071832e-01,2.16928168e-01
6.000000e-07,600.000000,1.200000e+01,5.000000e-08,1.05626407e+00,5.28132033e-08,7.84229793e-01,2.15770207e-01
6.000000e-07,600.000000,1.200000e+01,5.000000e-08,1.05926482e+00,5.29632408e-08,7.85382317e-01,2.14617683e-01
6.000000e-07,600.000000,1.200000e+01,5.000000e-08,1.06226557e+00,5.31132783e-08,7.86529422e-01,2.13470578e-01
6.000000e-07,600.000000,1.200000e+01,5.000000e-08,1.06526632e+00,5.32633158e-08,7.87671124e-01,2.12328876e-01
6.000000e-07,600.000000,1.200000e+01,5.000000e-08,1.06826707e+00,5.34133533e-08,7.88807442e-01,2.11192558e-01
6.000000e-07,600.000000,1.200000e+01,5.000000e-08,1.07126782e+00,5.35633908e-08,7.89938394e-01,2.10061606e-01
6.000000e-07,600.000000,1.200000e+01,5.000000e-08,1.07426857e+00,5.37134284e-08,7.91063996e-01,2.08936004e-01
6.000000e-07,600.000000,1.200000e+01,5.000000e-08,1.07726932e+00,5.38634659e-08,7.92184268e-01,2.07815732e-01
6.000000e-07,600.000000,1.200000e+01,5.000000e-08,1.08027007e+00,5.40135034e-08,7.93299226e-01,2.06700774e-01
6.000000e-07,600.000000,1.200000e+01,5.000000e-08,1.08327082e+00,5.41635409e-08,7.94408888e-01,2.05591112e-01
6.000000e-07,600.000000,1.200000e+01,5.000000e-08,1.08627157e+00,5.43135784e-08,7.95513272e-01,2.04486728e-01
6.000000e-07,600.000000,1.200000e+01,5.000000e-08,1.08927232e+00,5.44636159e-08,7.96612396e-01,2.03387604e-01
6.000000e-07,600.000000,1.200000e+01,5.000000e-08,1.09227307e+00,5.46136534e-08,7.97706279e-01,2.02293721e-01
6.000000e-07,600.000000,1.200000e+01,5.000000e-08,1.09527382e+00,5.47636909e-08,7.98794936e-01,2.01205064e-01
6.000000e-07,600.000000,1.200000e+01,5.000000e-08,1.09827457e+00,5.49137284e-08,7.99878387e-01,2.00121613e-01
6.000000e-07,600.000000,1.200000e+01,5.000000e-08,1.10127532e+00,5.50637659e-08,8.00956650e-01,1.99043350e-01
6.000000e-07,600.000000,1.200000e+01,5.000000e-08,1.10427607e+00,5.52138035e-08,8.02029742e-01,1.97970258e-01
6.000000e-07,600.000000,1.200000e+01,5.000000e-08,1.10727682e+00,5.53638410e-08,8.03097681e-01,1.96902319e-01
6.000000e-07,600.000000,1.200000e+01,5.000000e-08,1.11027757e+00,5.55138785e-08,8.04160485e-01,1.95839515e-01
6.000000e-07,600.000000,1.200000e+01,5.000000e-08,1.11327832e+00,5.56639160e-08,8.05218173e-01,1.94781827e-01
6.000000e-07,600.000000,1.200000e+01,5.000000e-08,1.11627907e+00,5.58139535e-08,8.06270761e-01,1.93729239e-01
6.000000e-07,600.000000,1.200000e+01,5.000000e-08,1.11927982e+00,5.59639910e-08,8.07318268e-01,1.92681732e-01
6.000000e-07,600.000000,1.200000e+01,5.000000e-08,1.12228057e+00,5.61140285e-08,8.08360713e-01,1.91639287e-01
6.000000e-07,600.000000,1.200000e+01,5.000000e-08,1.12528132e+00,5.62640660e-08,8.09398112e-01,1.90601888e-01
6.000000e-07,600.000000,1.200000e+01,5.000000e-08,1.12828207e+00,5.64141035e-08,8.10430484e-01,1.89569516e-01
6.000000e-07,600.000000,1.200000e+01,5.000000e-08,1.13128282e+00,5.65641410e-08,8.11457847e-01,1.88542153e-01
6.000000e-07,600.000000,1.200000e+01,5.000000e-08,1.13428357e+00,5.67141785e-08,8.12480220e-01,1.87519780e-01
6.000000e-07,600.000000,1.200000e+01,5.000000e-08,1.13728432e+00,5.68642161e-08,8.13497619e-01,1.86502381e-01
6.000000e-07,600.000000,1.200000e+01,5.000000e-08,1.14028507e+00,5.70142536e-08,8.14510063e-01,1.85489937e-01
6.000000e-07,600.000000,1.200000e+01,5.000000e-08,1.14328582e+00,5.71642911e-08,8.15517570e-01,1.84482430e-01
6.000000e-07,600.000000,1.200000e+01,5.000000e-08,1.14628657e+00,5.73143286e-08,8.16520158e-01,1.83479842e-01
6.000000e-07,600.000000,1.200000e+01,5.000000e-08,1.14928732e+00,5.74643661e-08,8.17517845e-01,1.82482155e-01
6.000000e-07,600.000000,1.200000e+01,5.000000e-08,1.15228807e+00,5.76144036e-08,8.18510649e-01,1.81489351e-01
6.000000e-07,600.000000,1.200000e+01,5.000000e-08,1.15528882e+00,5.77644411e-08,8.19498588e-01,1.80501412e-01
6.000000e-07,600.000000,1.200000e+01,5.000000e-08,1.15828957e+00,5.79144786e-08,8.20481680e-01,1.79518320e-01
6.000000e-07,600.000000,1.200000e+01,5.000000e-08,1.16129032e+00,5.80645161e-08,8.21459943e-01,1.78540057e-01
6.000000e-07,600.000000,1.200000e+01,5.000000e-08,1.16429107e+00,5.82145536e-08,8.22433395e-01,1.77566605e-01
6.000000e-07,600.000000,1.200000e+01,5.000000e-08,1.16729182e+00,5.83645911e-08,8.23402055e-01,1.76597945e-01
6.000000e-07,600.000000,1.200000e+01,5.000000e-08,1.17029257e+00,5.85146287e-08,8.24365939e-01,1.75634061e-01
6.000000e-07,600.000000,1.200000e+01,5.000000e-08,1.17329332e+00,5.86646662e-08,8.25325066e-01,1.74674934e-01
6.000000e-07,600.000000,1.200000e+01,5.000000e-08,1.17629407e+00,5.88147037e-08,8.26279454e-01,1.73720546e-01
6.000000e-07,600.000000,1.200000e+01,5.000000e-08,1.17929482e+00,5.89647412e-08,8.27229122e-01,1.72770878e-01
6.000000e-07,600.000000,1.200000e+01,5.000000e-08,1.18229557e+00,5.91147787e-08,8.28174086e-01,1.71825914e-01
6.000000e-07,600.000000,1.200000e+01,5.000000e-08,1.18529632e+00,5.92648162e-08,8.29114365e-01,1.70885635e-01
6.000000e-07,600.000000,1.200000e+01,5.000000e-08,1.18829707e+00,5.94148537e-08,8.30049977e-01,1.69950023e-01
6.000000e-07,600.000000,1.200000e+01,5.000000e-08,1.19129782e+00,5.95648912e-08,8.30980940e-01,1.69019060e-01
6.000000e-07,600.000000,1.200000e+01,5.000000e-08,1.19429857e+00,5.97149287e-08,8.31907271e-01,1.68092729e-01
6.000000e-07,600.000000,1.200000e+01,5.000000e-08,1.19729932e+00,5.98649662e-08,8.32828990e-01,1.67171010e-01
6.000000e-07,600.000000,1.200000e+01,5.000000e-08,1.20030008e+00,6.00150038e-08,8.33746112e-01,1.66253888e-01
6.000000e-07,600.000000,1.200000e+01,5.000000e-08,1.20330083e+00,6.01650413e-08,8.34658657e-01,1.65341343e-01
6.000000e-07,600.000000,1.200000e+01,5.000000e-08,1.20630158e+00,6.03150788e-08,8.35566643e-01,1.64433357e-01
6.000000e-07,600.000000,1.200000e+01,5.000000e-08,1.20930233e+00,6.04651163e-08,8.36470087e-01,1.63529913e-01
6.000000e-07,600.000000,1.200000e+01,5.000000e-08,1.21230308e+00,6.06151538e-08,8.37369006e-01,1.62630994e-01
6.000000e-07,600.000000,1.200000e+01,5.000000e-08,1.21530383e+00,6.07651913e-08,8.38263420e-01,1.61736580e-01
6.000000e-07,600.000000,1.200000e+01,5.000000e-08,1.21830458e+00,6.09152288e-08,8.39153345e-01,1.60846655e-01
6.000000e-07,600.000000,1.200000e+01,5.000000e-08,1.22130533e+00,6.10652663e-08,8.40038799e-01,1.59961201e-01
6.000000e-07,600.000000,1.200000e+01,5.000000e-08,1.22430608e+00,6.12153038e-08,8.40919801e-01,1.59080199e-01
6.000000e-07,600.000000,1.200000e+01,5.000000e-08,1.22730683e+00,6.13653413e-08,8.41796368e-01,1.58203632e-01
6.000000e-07,600.000000,1.200000e+01,5.000000e-08,1.23030758e+00,6.15153788e-08,8.42668518e-01,1.57331482e-01
6.000000e-07,600.000000,1.200000e+01,5.000000e-08,1.23330833e+00,6.16654164e-08,8.43536268e-01,1.56463732e-01
6.000000e-07,600.000000,1.200000e+01,5.000000e-08,1.23630908e+00,6.18154539e-08,8.44399636e-01,1.55600364e-01
6.000000e-07,600.000000,1.200000e+01,5.000000e-08,1.23930983e+00,6.19654914e-08,8.45258640e-01,1.54741360e-01
6.000000e-07,600.000000,1.200000e+01,5.000000e-08,1.24231058e+00,6.21155289e-08,8.46113297e-01,1.53886703e-01
6.000000e-07,600.000000,1.200000e+01,5.000000e-08,1.24531133e+00,6.22655664e-08,8.46963625e-01,1.53036375e-01
6.000000e-07,600.000000,1.200000e+01,5.000000e-08,1.24831208e+00,6.24156039e-08,8.47809643e-01,1.52190357e-01
6.000000e-07,600.000000,1.200000e+01,5.000000e-08,1.25131283e+00,6.25656414e-08,8.48651366e-01,1.51348634e-01
6.000000e-07,600.000000,1.200000e+01,5.000000e-08,1.25431358e+00,6.27156789e-08,8.49488813e-01,1.50511187e-01
6.000000e-07,600.000000,1.200000e+01,5.000000e-08,1.25731433e+00,6.28657164e-08,8.50322002e-01,1.49677998e-01
6.000000e-07,600.000000,1.200000e+01,5.000000e-08,1.26031508e+00,6.30157539e-08,8.51150950e-01,1.48849050e-01
6.000000e-07,600.000000,1.200000e+01,5.000000e-08,1.26331583e+00,6.31657914e-08,8.51975674e-01,1.48024326e-01
6.000000e-07,600.000000,1.200000e+01,5.000000e-08,1.26631658e+00,6.33158290e-08,8.52796191e-01,1.47203809e-01
6.000000e-07,600.000000,1.200000e+01,5.000000e-08,1.26931733e+00,6.34658665e-08,8.53612521e-01,1.46387479e-01
6.000000e-07,600.000000,1.200000e+01,5.000000e-08,1.27231808e+00,6.36159040e-08,8.54424678e-01,1.45575322e-01
6.000000e-07,600.000000,1.200000e+01,5.000000e-08,1.27531883e+00,6.37659415e-08,8.55232682e-01,1.44767318e-01
6.000000e-07,600.000000,1.200000e+01,5.000000e-08,1.27831958e+00,6.39159790e-08,8.56036549e-01,1.43963451e-01
6.000000e-07,600.000000,1.200000e+01,5.000000e-08,1.28132033e+00,6.40660165e-08,8.56836297e-01,1.43163703e-01
6.000000e-07,600.000000,1.200000e+01,5.000000e-08,1.28432108e+00,6.42160540e-08,8.57631943e-01,1.42368057e-01
6.000000e-07,600.000000,1.200000e+01,5.000000e-08,1.28732183e+00,6.43660915e-08,8.58423505e-01,1.41576495e-01
6.000000e-07,600.000000,1.200000e+01,5.000000e-08,1.29032258e+00,6.45161290e-08,8.59210998e-01,1.40789002e-01
6.000000e-07,600.000000,1.200000e+01,5.000000e-08,1.29332333e+00,6.46661665e-08,8.59994442e-01,1.40005558e-01
6.000000e-07,600.000000,1.200000e+01,5.000000e-08,1.29632408e+00,6.48162041e-08,8.60773852e-01,1.39226148e-01
6.000000e-07,600.000000,1.200000e+01,5.000000e-08,1.29932483e+00,6.49662416e-08,8.61549246e-01,1.38450754e-01
6.000000e-07,600.000000,1.200000e+01,5.000000e-08,1.30232558e+00,6.51162791e-08,8.62320642e-01,1.37679358e-01
6.000000e-07,600.000000,1.200000e+01,5.000000e-08,1.30532633e+00,6.52663166e-08,8.63088055e-01,1.36911945e-01
6.000000e-07,600.000000,1.200000e+01,5.000000e-08,1.30832708e+00,6.54163541e-08,8.63851504e-01,1.36148496e-01
6.000000e-07,600.000000,1.200000e+01,5.000000e-08,1.31132783e+00,6.55663916e-08,8.64611005e-01,1.35388995e-01
6.000000e-07,600.000000,1.200000e+01,5.000000e-08,1.31432858e+00,6.57164291e-08,8.65366576e-01,1.34633424e-01
6.000000e-07,600.000000,1.200000e+01,5.000000e-08,1.31732933e+00,6.58664666e-08,8.66118232e-01,1.33881768e-01
6.000000e-07,600.000000,1.200000e+01,5.000000e-08,1.32033008e+00,6.60165041e-08,8.66865991e-01,1.33134009e-01
6.000000e-07,600.000000,1.200000e+01,5.000000e-08,1.32333083e+00,6.61665416e-08,8.67609870e-01,1.32390130e-01
6.000000e-07,600.000000,1.200000e+01,5.000000e-08,1.32633158e+00,6.63165791e-08,8.68349886e-01,1.31650114e-01
6.000000e-07,600.000000,1.200000e+01,5.000000e-08,1.32933233e+00,6.64666167e-08,8.69086056e-01,1.30913944e-01
6.000000e-07,600.000000,1.200000e+01,5.000000e-08,1.33233308e+00,6.66166542e-08,8.69818396e-01,1.30181604e-01
6.000000e-07,600.000000,1.200000e+01,5.000000e-08,1.33533383e+00,6.67666917e-08,8.70546922e-01,1.29453078e-01
6.000000e-07,600.000000,1.200000e+01,5.000000e-08,1.33833458e+00,6.69167292e-08,8.71271653e-01,1.28728347e-01
6.000000e-07,600.000000,1.200000e+01,5.000000e-08,1.34133533e+00,6.70667667e-08,8.71992604e-01,1.28007396e-01
6.000000e-07,600.000000,1.200000e+01,5.000000e-08,1.34433608e+00,6.72168042e-08,8.72709791e-01,1.27290209e-01
6.000000e-07,600.000000,1.200000e+01,5.000000e-08,1.34733683e+00,6.73668417e-08,8.73423233e-01,1.26576767e-01
6.000000e-07,600.000000,1.200000e+01,5.000000e-08,1.35033758e+00,6.75168792e-08,8.74132944e-01,1.25867056e-01
6.000000e-07,600.000000,1.200000e+01,5.000000e-08,1.35333833e+00,6.76669167e-08,8.74838941e-01,1.25161059e-01
6.000000e-07,600.000000,1.200000e+01,5.000000e-08,1.35633908e+00,6.78169542e-08,8.75541242e-01,1.24458758e-01
6.000000e-07,600.000000,1.200000e+01,5.000000e-08,1.35933983e+00,6.79669917e-08,8.76239862e-01,1.23760138e-01
6.000000e-07,600.000000,1.200000e+01,5.000000e-08,1.36234059e+00,6.81170293e-08,8.76934818e-01,1.23065182e-01
6.000000e-07,600.000000,1.200000e+01,5.000000e-08,1.36534134e+00,6.82670668e-08,8.77626126e-01,1.22373874e-01
6.000000e-07,600.000000,1.200000e+01,5.000000e-08,1.36834209e+00,6.84171043e-08,8.78313803e-01,1.21686197e-01
6.000000e-07,600.000000,1.200000e+01,5.000000e-08,1.37134284e+00,6.85671418e-08,8.78997864e-01,1.21002136e-01
6.000000e-07,600.000000,1.200000e+01,5.000000e-08,1.37434359e+00,6.87171793e-08,8.79678326e-01,1.20321674e-01
6.000000e-07,600.000000,1.200000e+01,5.000000e-08,1.37734434e+00,6.88672168e-08,8.80355205e-01,1.19644795e-01
6.000000e-07,600.000000,1.200000e+01,5.000000e-08,1.38034509e+00,6.90172543e-08,8.81028517e-01,1.18971483e-01
6.000000e-07,600.000000,1.200000e+01,5.000000e-08,1.38334584e+00,6.91672918e-08,8.81698278e-01,1.18301722e-01
6.000000e-07,600.000000,1.200000e+01,5.000000e-08,1.38634659e+00,6.93173293e-08,8.82364505e-01,1.17635495e-01
6.000000e-07,600.000000,1.200000e+01,5.000000e-08,1.38934734e+00,6.94673668e-08,8.83027213e-01,1.16972787e-01
6.000000e-07,600.000000,1.200000e+01,5.000000e-08,1.39234809e+00,6.96174044e-08,8.83686419e-01,1.16313581e-01
6.000000e-07,600.000000,1.200000e+01,5.000000e-08,1.39534884e+00,6.97674419e-08,8.84342137e-01,1.15657863e-01
6.000000e-07,600.000000,1.200000e+01,5.000000e-08,1.39834959e+00,6.99174794e-08,8.84994385e-01,1.15005615e-01
6.000000e-07,600.000000,1.200000e+01,5.000000e-08,1.40135034e+00,7.00675169e-08,8.85643177e-01,1.14356823e-01
6.000000e-07,600.000000,1.200000e+01,5.000000e-08,1.40435109e+00,7.02175544e-08,8.86288530e-01,1.13711470e-01
6.000000e-07,600.000000,1.200000e+01,5.000000e-08,1.40735184e+00,7.03675919e-08,8.86930460e-01,1.13069540e-01
6.000000e-07,600.000000,1.200000e+01,5.000000e-08,1.41035259e+00,7.05176294e-08,8.87568982e-01,1.12431018e-01
6.000000e-07,600.000000,1.200000e+01,5.000000e-08,1.41335334e+00,7.06676669e-08,8.88204111e-01,1.11795889e-01
6.000000e-07,600.000000,1.200000e+01,5.000000e-08,1.41635409e+00,7.08177044e-08,8.88835864e-01,1.11164136e-01
6.000000e-07,600.000000,1.200000e+01,5.000000e-08,1.41935484e+00,7.09677419e-08,8.89464256e-01,1.10535744e-01
6.000000e-07,600.000000,1.200000e+01,5.000000e-08,1.42235559e+00,7.11177794e-08,8.90089303e-01,1.09910697e-01
6.000000e-07,600.000000,1.200000e+01,5.000000e-08,1.42535634e+00,7.12678170e-08,8.90711020e-01,1.09288980e-01
6.000000e-07,600.000000,1.200000e+01,5.000000e-08,1.42835709e+00,7.14178545e-08,8.91329421e-01,1.08670579e-01
6.000000e-07,600.000000,1.200000e+01,5.000000e-08,1.43135784e+00,7.15678920e-08,8.91944524e-01,1.08055476e-01
6.000000e-07,600.000000,1.200000e+01,5.000000e-08,1.43435859e+00,7.17179295e-08,8.92556343e-01,1.07443657e-01
6.000000e-07,600.000000,1.200000e+01,5.000000e-08,1.43735934e+00,7.18679670e-08,8.93164893e-01,1.06835107e-01
6.000000e-07,600.000000,1.200000e+01,5.000000e-08,1.44036009e+00,7.20180045e-08,8.93770190e-01,1.06229810e-01
6.000000e-07,600.000000,1.200000e+01,5.000000e-08,1.44336084e+00,7.21680420e-08,8.94372249e-01,1.05627751e-01
6.000000e-07,600.000000,1.200000e+01,5.000000e-08,1.44636159e+00,7.23180795e-08,8.94971085e-01,1.05028915e-01
6.000000e-07,600.000000,1.200000e+01,5.000000e-08,1.44936234e+00,7.24681170e-08,8.95566713e-01,1.04433287e-01
6.000000e-07,600.000000,1.200000e+01,5.000000e-08,1.45236309e+00,7.26181545e-08,8.96159149e-01,1.03840851e-01
6.000000e-07,600.000000,1.200000e+01,5.000000e-08,1.45536384e+00,7.27681920e-08,8.96748407e-01,1.03251593e-01
6.000000e-07,600.000000,1.200000e+01,5.000000e-08,1.45836459e+00,7.29182296e-08,8.97334501e-01,1.02665499e-01
6.000000e-07,600.000000,1.200000e+01,5.000000e-08,1.46136534e+00,7.30682671e-08,8.97917448e-01,1.02082552e-01
6.000000e-07,600.000000,1.200000e+01,5.000000e-08,1.46436609e+00,7.32183046e-08,8.98497263e-01,1.01502737e-01
6.000000e-07,600.000000,1.200000e+01,5.000000e-08,1.46736684e+00,7.33683421e-08,8.99073959e-01,1.00926041e-01
6.000000e-07,600.000000,1.200000e+01,5.000000e-08,1.47036759e+00,7.35183796e-08,8.99647551e-01,1.00352449e-01
6.000000e-07,600.000000,1.200000e+01,5.000000e-08,1.47336834e+00,7.36684171e-08,9.00218055e-01,9.97819449e-02
6.000000e-07,600.000000,1.200000e+01,5.000000e-08,1.47636909e+00,7.38184546e-08,9.00785485e-01,9.92145148e-02
6.000000e-07,600.000000,1.200000e+01,5.000000e-08,1.47936984e+00,7.39684921e-08,9.01349856e-01,9.86501440e-02
6.000000e-07,600.000000,1.200000e+01,5.000000e-08,1.48237059e+00,7.41185296e-08,9.01911182e-01,9.80888179e-02
6.000000e-07,600.000000,1.200000e+01,5.000000e-08,1.48537134e+00,7.42685671e-08,9.02469478e-01,9.75305220e-02
6.000000e-07,600.000000,1.200000e+01,5.000000e-08,1.48837209e+00,7.44186047e-08,9.03024758e-01,9.69752417e-02
6.000000e-07,600.000000,1.200000e+01,5.000000e-08,1.49137284e+00,7.45686422e-08,9.03577037e-01,9.64229626e-02
6.000000e-07,600.000000,1.200000e+01,5.000000e-08,1.49437359e+00,7.47186797e-08,9.04126330e-01,9.58736703e-02
6.000000e-07,600.000000,1.200000e+01,5.000000e-08,1.49737434e+00,7.48687172e-08,9.04672650e-01,9.53273505e-02
6.000000e-07,600.000000,1.200000e+01,5.000000e-08,1.50037509e+00,7.50187547e-08,9.05216011e-01,9.47839888e-02
6.000000e-07,600.000000,1.200000e+01,5.000000e-08,1.50337584e+00,7.51687922e-08,9.05756429e-01,9.42435710e-02
6.000000e-07,600.000000,1.200000e+01,5.000000e-08,1.50637659e+00,7.53188297e-08,9.06293917e-01,9.37060829e-02
6.000000e-07,600.000000,1.200000e+01,5.000000e-08,1.50937734e+00,7.54688672e-08,9.06828490e-01,9.31715103e-02
6.000000e-07,600.000000,1.200000e+01,5.000000e-08,1.51237809e+00,7.56189047e-08,9.07360161e-01,9.26398391e-02
6.000000e-07,600.000000,1.200000e+01,5.000000e-08,1.51537884e+00,7.57689422e-08,9.07888945e-01,9.21110553e-02
6.000000e-07,600.000000,1.200000e+01,5.000000e-08,1.51837959e+00,7.59189797e-08,9.08414855e-01,9.15851448e-02
6.000000e-07,600.000000,1.200000e+01,5.000000e-08,1.52138035e+00,7.60690173e-08,9.08937906e-01,9.10620938e-02
6.000000e-07,600.000000,1.200000e+01,5.000000e-08,1.52438110e+00,7.62190548e-08,9.09458112e-01,9.05418881e-02
6.000000e-07,600.000000,1.200000e+01,5.000000e-08,1.52738185e+00,7.63690923e-08,9.09975486e-01,9.00245141e-02
6.000000e-07,600.000000,1.200000e+01,5.000000e-08,1.53038260e+00,7.65191298e-08,9.10490042e-01,8.95099579e-02
6.000000e-07,600.000000,1.200000e+01,5.000000e-08,1.53338335e+00,7.66691673e-08,9.11001794e-01,8.89982057e-02
6.000000e-07,600.000000,1.200000e+01,5.000000e-08,1.53638410e+00,7.68192048e-08,9.11510756e-01,8.84892438e-02
6.000000e-07,600.000000,1.200000e+01,5.000000e-08,1.53938485e+00,7.69692423e-08,9.12016941e-01,8.79830586e-02
6.000000e-07,600.000000,1.200000e+01,5.000000e-08,1.54238560e+00,7.71192798e-08,9.12520364e-01,8.74796363e-02
6.000000e-07,600.000000,1.200000e+01,5.000000e-08,1.54538635e+00,7.72693173e-08,9.13021036e-01,8.69789635e-02
6.000000e-07,600.000000,1.200000e+01,5.000000e-08,1.54838710e+00,7.74193548e-08,9.13518973e-01,8.64810267e-02
6.000000e-07,600.000000,1.200000e+01,5.000000e-08,1.55138785e+00,7.75693923e-08,9.14014188e-01,8.59858123e-02
6.000000e-07,600.000000,1.200000e+01,5.000000e-08,1.55438860e+00,7.77194299e-08,9.14506693e-01,8.54933069e-02
6.000000e-07,600.000000,1.200000e+01,5.000000e-08,1.55738935e+00,7.78694674e-08,9.14996503e-01,8.50034973e-02
6.000000e-07,600.000000,1.200000e+01,5.000000e-08,1.56039010e+00,7.80195049e-08,9.15483630e-01,8.45163699e-02
6.000000e-07,600.000000,1.200000e+01,5.000000e-08,1.56339085e+00,7.81695424e-08,9.15968088e-01,8.40319116e-02
6.000000e-07,600.000000,1.200000e+01,5.000000e-08,1.56639160e+00,7.83195799e-08,9.16449891e-01,8.35501092e-02
6.000000e-07,600.000000,1.200000e+01,5.000000e-08,1.56939235e+00,7.84696174e-08,9.16929051e-01,8.30709495e-02
6.000000e-07,600.000000,1.200000e+01,5.000000e-08,1.57239310e+00,7.86196549e-08,9.17405581e-01,8.25944193e-02
6.000000e-07,600.000000,1.200000e+01,5.000000e-08,1.57539385e+00,7.87696924e-08,9.17879494e-01,8.21205055e-02
6.000000e-07,600.000000,1.200000e+01,5.000000e-08,1.57839460e+00,7.89197299e-08,9.18350805e-01,8.16491953e-02
6.000000e-07,600.000000,1.200000e+01,5.000000e-08,1.58139535e+00,7.90697674e-08,9.18819525e-01,8.11804755e-02
6.000000e-07,600.000000,1.200000e+01,5.000000e-08,1.58439610e+00,7.92198050e-08,9.19285667e-01,8.07143332e-02
6.000000e-07,600.000000,1.200000e+01,5.000000e-08,1.58739685e+00,7.93698425e-08,9.19749244e-01,8.02507556e-02
6.000000e-07,600.000000,1.200000e+01,5.000000e-08,1.59039760e+00,7.95198800e-08,9.20210270e-01,7.97897299e-02
6.000000e-07,600.000000,1.200000e+01,5.000000e-08,1.59339835e+00,7.96699175e-08,9.20668757e-01,7.93312432e-02
6.000000e-07,600.000000,1.200000e+01,5.000000e-08,1.59639910e+00,7.98199550e-08,9.21124717e-01,7.88752828e-02
6.000000e-07,600.000000,1.200000e+01,5.000000e-08,1.59939985e+00,7.99699925e-08,9.21578164e-01,7.84218361e-02
6.000000e-07,600.000000,1.200000e+01,5.000000e-08,1.60240060e+00,8.01200300e-08,9.22029110e-01,7.79708904e-02
6.000000e-07,600.000000,1.200000e+01,5.000000e-08,1.60540135e+00,8.02700675e-08,9.22477567e-01,7.75224332e-02
6.000000e-07,600.000000,1.200000e+01,5.000000e-08,1.60840210e+00,8.04201050e-08,9.22923548e-01,7.70764519e-02
6.000000e-07,600.000000,1.200000e+01,5.000000e-08,1.61140285e+00,8.05701425e-08,9.23367066e-01,7.66329340e-02
6.000000e-07,600.000000,1.200000e+01,5.000000e-08,1.61440360e+00,8.07201800e-08,9.23808133e-01,7.61918671e-02
6.000000e-07,600.000000,1.200000e+01,5.000000e-08,1.61740435e+00,8.08702176e-08,9.24246761e-01,7.57532388e-02
6.000000e-07,600.000000,1.200000e+01,5.000000e-08,1.62040510e+00,8.10202551e-08,9.24682963e-01,7.53170367e-02
6.000000e-07,600.000000,1.200000e+01,5.000000e-08,1.62340585e+00,8.11702926e-08,9.25116751e-01,7.48832487e-02
6.000000e-07,600.000000,1.200000e+01,5.000000e-08,1.62640660e+00,8.13203301e-08,9.25548138e-01,7.44518624e-02
6.000000e-07,600.000000,1.200000e+01,5.000000e-08,1.62940735e+00,8.14703676e-08,9.25977134e-01,7.40228657e-02
6.000000e-07,600.000000,1.200000e+01,5.000000e-08,1.63240810e+00,8.16204051e-08,9.26403754e-01,7.35962465e-02
6.000000e-07,600.000000,1.200000e+01,5.000000e-08,1.63540885e+00,8.17704426e-08,9.26828007e-01,7.31719925e-02
6.000000e-07,600.000000,1.200000e+01,5.000000e-08,1.63840960e+00,8.19204801e-08,9.27249908e-01,7.27500919e-02
6.000000e-07,600.000000,1.200000e+01,5.000000e-08,1.64141035e+00,8.20705176e-08,9.27669467e-01,7.23305326e-02
6.000000e-07,600.000000,1.200000e+01,5.000000e-08,1.64441110e+00,8.22205551e-08,9.28086697e-01,7.19133026e-02
6.000000e-07,600.000000,1.200000e+01,5.000000e-08,1.64741185e+00,8.23705926e-08,9.28501610e-01,7.14983901e-02
6.000000e-07,600.000000,1.200000e+01,5.000000e-08,1.65041260e+00,8.25206302e-08,9.28914217e-01,7.10857833e-02
6.000000e-07,600.000000,1.200000e+01,5.000000e-08,1.65341335e+00,8.26706677e-08,9.29324530e-01,7.06754703e-02
6.000000e-07,600.000000,1.200000e+01,5.000000e-08,1.65641410e+00,8.28207052e-08,9.29732561e-01,7.02674393e-02
6.000000e-07,600.000000,1.200000e+01,5.000000e-08,1.65941485e+00,8.29707427e-08,9.30138321e-01,6.98616788e-02
6.000000e-07,600.000000,1.200000e+01,5.000000e-08,1.66241560e+00,8.31207802e-08,9.30541823e-01,6.94581770e-02
6.000000e-07,600.000000,1.200000e+01,5.000000e-08,1.66541635e+00,8.32708177e-08,9.30943078e-01,6.90569223e-02
6.000000e-07,600.000000,1.200000e+01,5.000000e-08,1.66841710e+00,8.34208552e-08,9.31342097e-01,6.86579032e-02
6.000000e-07,600.000000,1.200000e+01,5.000000e-08,1.67141785e+00,8.35708927e-08,9.31738892e-01,6.82611082e-02
6.000000e-07,600.000000,1.200000e+01,5.000000e-08,1.67441860e+00,8.37209302e-08,9.32133474e-01,6.78665258e-02
6.000000e-07,600.000000,1.200000e+01,5.000000e-08,1.67741935e+00,8.38709677e-08,9.32525855e-01,6.74741446e-02
6.000000e-07,600.000000,1.200000e+01,5.000000e-08,1.68042011e+00,8.40210053e-08,9.32916047e-01,6.70839532e-02
6.000000e-07,600.000000,1.200000e+01,5.000000e-08,1.68342086e+00,8.41710428e-08,9.33304060e-01,6.66959404e-02
6.000000e-07,600.000000,1.200000e+01,5.000000e-08,1.68642161e+00,8.43210803e-08,9.33689905e-01,6.63100949e-02
6.000000e-07,600.000000,1.200000e+01,5.000000e-08,1.68942236e+00,8.44711178e-08,9.34073595e-01,6.59264054e-02
6.000000e-07,600.000000,1.200000e+01,5.000000e-08,1.69242311e+00,8.46211553e-08,9.34455139e-01,6.55448608e-02
6.000000e-07,600.000000,1.200000e+01,5.000000e-08,1.69542386e+00,8.47711928e-08,9.34834550e-01,6.51654499e-02
6.000000e-07,600.000000,1.200000e+01,5.000000e-08,1.69842461e+00,8.49212303e-08,9.35211838e-01,6.47881618e-02
6.000000e-07,600.000000,1.200000e+01,5.000000e-08,1.70142536e+00,8.50712678e-08,9.35587015e-01,6.44129853e-02
6.000000e-07,600.000000,1.200000e+01,5.000000e-08,1.70442611e+00,8.52213053e-08,9.35960091e-01,6.40399095e-02
6.000000e-07,600.000000,1.200000e+01,5.000000e-08,1.70742686e+00,8.53713428e-08,9.36331077e-01,6.36689234e-02
6.000000e-07,600.000000,1.200000e+01,5.000000e-08,1.71042761e+00,8.55213803e-08,9.36699984e-01,6.33000162e-02
6.000000e-07,600.000000,1.200000e+01,5.000000e-08,1.71342836e+00,8.56714179e-08,9.37066823e-01,6.29331771e-02
6.000000e-07,600.000000,1.200000e+01,5.000000e-08,1.71642911e+00,8.58214554e-08,9.37431605e-01,6.25683952e-02
6.000000e-07,600.000000,1.200000e+01,5.000000e-08,1.71942986e+00,8.59714929e-08,9.37794340e-01,6.22056598e-02
6.000000e-07,600.000000,1.200000e+01,5.000000e-08,1.72243061e+00,8.61215304e-08,9.38155040e-01,6.18449602e-02
6.000000e-07,600.000000,1.200000e+01,5.000000e-08,1.72543136e+00,8.62715679e-08,9.38513714e-01,6.14862857e-02
6.000000e-07,600.000000,1.200000e+01,5.000000e-08,1.72843211e+00,8.64216054e-08,9.38870374e-01,6.11296258e-02
6.000000e-07,600.000000,1.200000e+01,5.000000e-08,1.73143286e+00,8.65716429e-08,9.39225030e-01,6.07749699e-02
6.000000e-07,600.000000,1.200000e+01,5.000000e-08,1.73443361e+00,8.67216804e-08,9.39577693e-01,6.04223075e-02
6.000000e-07,600.000000,1.200000e+01,5.000000e-08,1.73743436e+00,8.68717179e-08,9.39928372e-01,6.00716281e-02
6.000000e-07,600.000000,1.200000e+01,5.000000e-08,1.74043511e+00,8.70217554e-08,9.40277079e-01,5.97229213e-02
6.000000e-07,600.000000,1.200000e+01,5.000000e-08,1.74343586e+00,8.71717929e-08,9.40623823e-01,5.93761767e-02
6.000000e-07,600.000000,1.200000e+01,5.000000e-08,1.74643661e+00,8.73218305e-08,9.40968616e-01,5.90313841e-02
6.000000e-07,600.000000,1.200000e+01,5.000000e-08,1.74943736e+00,8.74718680e-08,9.41311467e-01,5.86885331e-02
6.000000e-07,600.000000,1.200000e+01,5.000000e-08,1.75243811e+00,8.76219055e-08,9.41652387e-01,5.83476135e-02
6.000000e-07,600.000000,1.200000e+01,5.000000e-08,1.75543886e+00,8.77719430e-08,9.41991385e-01,5.80086151e-02
6.000000e-07,600.000000,1.200000e+01,5.000000e-08,1.75843961e+00,8.79219805e-08,9.42328472e-01,5.76715278e-02
6.000000e-07,600.000000,1.200000e+01,5.000000e-08,1.76144036e+00,8.80720180e-08,9.42663659e-01,5.73363414e-02
6.000000e-07,600.000000,1.200000e+01,5.000000e-08,1.76444111e+00,8.82220555e-08,9.42996954e-01,5.70030460e-02
6.000000e-07,600.000000,1.200000e+01,5.000000e-08,1.76744186e+00,8.83720930e-08,9.43328368e-01,5.66716315e-02
6.000000e-07,600.000000,1.200000e+01,5.000000e-08,1.77044261e+00,8.85221305e-08,9.43657912e-01,5.63420880e-02
6.000000e-07,600.000000,1.200000e+01,5.000000e-08,1.77344336e+00,8.86721680e-08,9.43985595e-01,5.60144055e-02
6.000000e-07,600.000000,1.200000e+01,5.000000e-08,1.77644411e+00,8.88222056e-08,9.44311426e-01,5.56885742e-02
6.000000e-07,600.000000,1.200000e+01,5.000000e-08,1.77944486e+00,8.89722431e-08,9.44635416e-01,5.53645842e-02
6.000000e-07,600.000000,1.200000e+01,5.000000e-08,1.78244561e+00,8.91222806e-08,9.44957574e-01,5.50424259e-02
6.000000e-07,600.000000,1.200000e+01,5.000000e-08,1.78544636e+00,8.92723181e-08,9.45277911e-01,5.47220893e-02
6.000000e-07,600.000000,1.200000e+01,5.000000e-08,1.78844711e+00,8.94223556e-08,9.45596435e-01,5.44035650e-02
6.000000e-07,600.000000,1.200000e+01,5.000000e-08,1.79144786e+00,8.95723931e-08,9.45913157e-01,5.40868431e-02
6.000000e-07,600.000000,1.200000e+01,5.000000e-08,1.79444861e+00,8.97224306e-08,9.46228086e-01,5.37719141e-02
6.000000e-07,600.000000,1.200000e+01,5.000000e-08,1.79744936e+00,8.98724681e-08,9.46541231e-01,5.34587685e-02
6.000000e-07,600.000000,1.200000e+01,5.000000e-08,1.80045011e+00,9.00225056e-08,9.46852603e-01,5.31473967e-02
6.000000e-07,600.000000,1.200000e+01,5.000000e-08,1.80345086e+00,9.01725431e-08,9.47162211e-01,5.28377893e-02
6.000000e-07,600.000000,1.200000e+01,5.000000e-08,1.80645161e+00,9.03225806e-08,9.47470063e-01,5.25299368e-02
6.000000e-07,600.000000,1.200000e+01,5.000000e-08,1.80945236e+00,9.04726182e-08,9.47776170e-01,5.22238299e-02
6.000000e-07,600.000000,1.200000e+01,5.000000e-08,1.81245311e+00,9.06226557e-08,9.48080541e-01,5.19194591e-02
6.000000e-07,600.000000,1.200000e+01,5.000000e-08,1.81545386e+00,9.07726932e-08,9.48383185e-01,5.16168154e-02
6.000000e-07,600.000000,1.200000e+01,5.000000e-08,1.81845461e+00,9.09227307e-08,9.48684111e-01,5.13158892e-02
6.000000e-07,600.000000,1.200000e+01,5.000000e-08,1.82145536e+00,9.10727682e-08,9.48983328e-01,5.10166716e-02
6.000000e-07,600.000000,1.200000e+01,5.000000e-08,1.82445611e+00,9.12228057e-08,9.49280847e-01,5.07191532e-02
6.000000e-07,600.000000,1.200000e+01,5.000000e-08,1.82745686e+00,9.13728432e-08,9.49576675e-01,5.04233250e-02
6.000000e-07,600.000000,1.200000e+01,5.000000e-08,1.83045761e+00,9.15228807e-08,9.49870822e-01,5.01291779e-02
6.000000e-07,600.000000,1.200000e+01,5.000000e-08,1.83345836e+00,9.16729182e-08,9.50163297e-01,4.98367029e-02
6.000000e-07,600.000000,1.200000e+01,5.000000e-08,1.83645911e+00,9.18229557e-08,9.50454109e-01,4.95458909e-02
6.000000e-07,600.000000,1.200000e+01,5.000000e-08,1.83945986e+00,9.19729932e-08,9.50743267e-01,4.92567331e-02
6.000000e-07,600.000000,1.200000e+01,5.000000e-08,1.84246062e+00,9.21230308e-08,9.51030780e-01,4.89692204e-02
6.000000e-07,600.000000,1.200000e+01,5.000000e-08,1.84546137e+00,9.22730683e-08,9.51316656e-01,4.86833441e-02
6.000000e-07,600.000000,1.200000e+01,5.000000e-08,1.84846212e+00,9.24231058e-08,9.51600905e-01,4.83990953e-02
6.000000e-07,600.000000,1.200000e+01,5.000000e-08,1.85146287e+00,9.25731433e-08,9.51883535e-01,4.81164652e-02
6.000000e-07,600.000000,1.200000e+01,5.000000e-08,1.85446362e+00,9.27231808e-08,9.52164555e-01,4.78354452e-02
6.000000e-07,600.000000,1.200000e+01,5.000000e-08,1.85746437e+00,9.28732183e-08,9.52443974e-01,4.75560263e-02
6.000000e-07,600.000000,1.200000e+01,5.000000e-08,1.86046512e+00,9.30232558e-08,9.52721800e-01,4.72782002e-02
6.000000e-07,600.000000,1.200000e+01,5.000000e-08,1.86346587e+00,9.31732933e-08,9.52998042e-01,4.70019580e-02
6.000000e-07,600.000000,1.200000e+01,5.000000e-08,1.86646662e+00,9.33233308e-08,9.53272709e-01,4.67272913e-02
6.000000e-07,600.000000,1.200000e+01,5.000000e-08,1.86946737e+00,9.34733683e-08,9.53545809e-01,4.64541914e-02
6.000000e-07,600.000000,1.200000e+01,5.000000e-08,1.87246812e+00,9.36234059e-08,9.53817350e-01,4.61826500e-02
6.000000e-07,600.000000,1.200000e+01,5.000000e-08,1.87546887e+00,9.37734434e-08,9.54087341e-01,4.59126585e-02
6.000000e-07,600.000000,1.200000e+01,5.000000e-08,1.87846962e+00,9.39234809e-08,9.54355791e-01,4.56442086e-02
6.000000e-07,600.000000,1.200000e+01,5.000000e-08,1.88147037e+00,9.40735184e-08,9.54622708e-01,4.53772919e-02
6.000000e-07,600.000000,1.200000e+01,5.000000e-08,1.88447112e+00,9.42235559e-08,9.54888100e-01,4.51118999e-02
6.000000e-07,600.000000,1.200000e+01,5.000000e-08,1.88747187e+00,9.43735934e-08,9.55151975e-01,4.48480246e-02
6.000000e-07,600.000000,1.200000e+01,5.000000e-08,1.89047262e+00,9.45236309e-08,9.55414343e-01,4.45856575e-02
6.000000e-07,600.000000,1.200000e+01,5.000000e-08,1.89347337e+00,9.46736684e-08,9.55675210e-01,4.43247905e-02
6.000000e-07,600.000000,1.200000e+01,5.000000e-08,1.89647412e+00,9.48237059e-08,9.55934585e-01,4.40654154e-02
6.000000e-07,600.000000,1.200000e+01,5.000000e-08,1.89947487e+00,9.49737434e-08,9.56192476e-01,4.38075241e-02
6.000000e-07,600.000000,1.200000e+01,5.000000e-08,1.90247562e+00,9.51237809e-08,9.56448891e-01,4.35511085e-02
6.000000e-07,600.000000,1.200000e+01,5.000000e-08,1.90547637e+00,9.52738185e-08,9.56703839e-01,4.32961606e-02
6.000000e-07,600.000000,1.200000e+01,5.000000e-08,1.90847712e+00,9.54238560e-08,9.56957328e-01,4.30426723e-02
6.000000e-07,600.000000,1.200000e+01,5.000000e-08,1.91147787e+00,9.55738935e-08,9.57209364e-01,4.27906356e-02
6.000000e-07,600.000000,1.200000e+01,5.000000e-08,1.91447862e+00,9.57239310e-08,9.57459957e-01,4.25400426e-02
6.000000e-07,600.000000,1.200000e+01,5.000000e-08,1.91747937e+00,9.58739685e-08,9.57709114e-01,4.22908855e-02
6.000000e-07,600.000000,1.200000e+01,5.000000e-08,1.92048012e+00,9.60240060e-08,9.57956844e-01,4.20431564e-02
6.000000e-07,600.000000,1.200000e+01,5.000000e-08,1.92348087e+00,9.61740435e-08,9.58203153e-01,4.17968474e-02
6.000000e-07,600.000000,1.200000e+01,5.000000e-08,1.92648162e+00,9.63240810e-08,9.58448049e-01,4.15519508e-02
6.000000e-07,600.000000,1.200000e+01,5.000000e-08,1.92948237e+00,9.64741185e-08,9.58691541e-01,4.13084588e-02
6.000000e-07,600.000000,1.200000e+01,5.000000e-08,1.93248312e+00,9.66241560e-08,9.58933636e-01,4.10663637e-02
6.000000e-07,600.000000,1.200000e+01,5.000000e-08,1.93548387e+00,9.67741935e-08,9.59174342e-01,4.08256579e-02
6.000000e-07,600.000000,1.200000e+01,5.000000e-08,1.93848462e+00,9.69242311e-08,9.59413666e-01,4.05863338e-02
6.000000e-07,600.000000,1.200000e+01,5.000000e-08,1.94148537e+00,9.70742686e-08,9.59651616e-01,4.03483837e-02
6.000000e-07,600.000000,1.200000e+01,5.000000e-08,1.94448612e+00,9.72243061e-08,9.59888200e-01,4.01118001e-02
6.000000e-07,600.000000,1.200000e+01,5.000000e-08,1.94748687e+00,9.73743436e-08,9.60123425e-01,3.98765754e-02
6.000000e-07,600.000000,1.200000e+01,5.000000e-08,1.95048762e+00,9.75243811e-08,9.60357298e-01,3.96427023e-02
6.000000e-07,600.000000,1.200000e+01,5.000000e-08,1.95348837e+00,9.76744186e-08,9.60589827e-01,3.94101733e-02
6.000000e-07,600.000000,1.200000e+01,5.000000e-08,1.95648912e+00,9.78244561e-08,9.60821019e-01,3.91789809e-02
6.000000e-07,600.000000,1.200000e+01,5.000000e-08,1.95948987e+00,9.79744936e-08,9.61050882e-01,3.89491178e-02
6.000000e-07,600.000000,1.200000e+01,5.000000e-08,1.96249062e+00,9.81245311e-08,9.61279423e-01,3.87205768e-02
6.000000e-07,600.000000,1.200000e+01,5.000000e-08,1.96549137e+00,9.82745686e-08,9.61506650e-01,3.84933503e-02
6.000000e-07,600.000000,1.200000e+01,5.000000e-08,1.96849212e+00,9.84246062e-08,9.61732569e-01,3.82674314e-02
6.000000e-07,600.000000,1.200000e+01,5.000000e-08,1.97149287e+00,9.85746437e-08,9.61957187e-01,3.80428126e-02
6.000000e-07,600.000000,1.200000e+01,5.000000e-08,1.97449362e+00,9.87246812e-08,9.62180513e-01,3.78194869e-02
6.000000e-07,600.000000,1.200000e+01,5.000000e-08,1.97749437e+00,9.88747187e-08,9.62402553e-01,3.75974470e-02
6.000000e-07,600.000000,1.200000e+01,5.000000e-08,1.98049512e+00,9.90247562e-08,9.62623314e-01,3.73766859e-02
6.000000e-07,600.000000,1.200000e+01,5.000000e-08,1.98349587e+00,9.91747937e-08,9.62842803e-01,3.71571966e-02
6.000000e-07,600.000000,1.200000e+01,5.000000e-08,1.98649662e+00,9.93248312e-08,9.63061028e-01,3.69389718e-02
6.000000e-07,600.000000,1.200000e+01,5.000000e-08,1.98949737e+00,9.94748687e-08,9.63277995e-01,3.67220048e-02
6.000000e-07,600.000000,1.200000e+01,5.000000e-08,1.99249812e+00,9.96249062e-08,9.63493712e-01,3.65062884e-02
6.000000e-07,600.000000,1.200000e+01,5.000000e-08,1.99549887e+00,9.97749437e-08,9.63708184e-01,3.62918158e-02
6.000000e-07,600.000000,1.200000e+01,5.000000e-08,1.99849962e+00,9.99249812e-08,9.63921420e-01,3.60785801e-02
6.000000e-07,600.000000,1.200000e+01,5.000000e-08,2.00150038e+00,1.00075019e-07,9.64133426e-01,3.58665744e-02
6.000000e-07,600.000000,1.200000e+01,5.000000e-08,2.00450113e+00,1.00225056e-07,9.64344208e-01,3.56557918e-02
6.000000e-07,600.000000,1.200000e+01,5.000000e-08,2.00750188e+00,1.00375094e-07,9.64553774e-01,3.54462256e-02
6.000000e-07,600.000000,1.200000e+01,5.000000e-08,2.01050263e+00,1.00525131e-07,9.64762131e-01,3.52378691e-02
6.000000e-07,600.000000,1.200000e+01,5.000000e-08,2.01350338e+00,1.00675169e-07,9.64969285e-01,3.50307154e-02
6.000000e-07,600.000000,1.200000e+01,5.000000e-08,2.01650413e+00,1.00825206e-07,9.65175242e-01,3.48247580e-02
6.000000e-07,600.000000,1.200000e+01,5.000000e-08,2.01950488e+00,1.00975244e-07,9.65380010e-01,3.46199901e-02
6.000000e-07,600.000000,1.200000e+01,5.000000e-08,2.02250563e+00,1.01125281e-07,9.65583595e-01,3.44164052e-02
6.000000e-07,600.000000,1.200000e+01,5.000000e-08,2.02550638e+00,1.01275319e-07,9.65786003e-01,3.42139966e-02
6.000000e-07,600.000000,1.200000e+01,5.000000e-08,2.02850713e+00,1.01425356e-07,9.65987242e-01,3.40127578e-02
6.000000e-07,600.000000,1.200000e+01,5.000000e-08,2.03150788e+00,1.01575394e-07,9.66187318e-01,3.38126823e-02
6.000000e-07,600.000000,1.200000e+01,5.000000e-08,2.03450863e+00,1.01725431e-07,9.66386236e-01,3.36137636e-02
6.000000e-07,600.000000,1.200000e+01,5.000000e-08,2.03750938e+00,1.01875469e-07,9.66584005e-01,3.34159952e-02
6.000000e-07,600.000000,1.200000e+01,5.000000e-08,2.04051013e+00,1.02025506e-07,9.66780629e-01,3.32193708e-02
6.000000e-07,600.000000,1.200000e+01,5.000000e-08,2.04351088e+00,1.02175544e-07,9.66976116e-01,3.30238839e-02
6.000000e-07,600.000000,1.200000e+01,5.000000e-08,2.04651163e+00,1.02325581e-07,9.67170472e-01,3.28295282e-02
6.000000e-07,600.000000,1.200000e+01,5.000000e-08,2.04951238e+00,1.02475619e-07,9.67363703e-01,3.26362973e-02
6.000000e-07,600.000000,1.200000e+01,5.000000e-08,2.05251313e+00,1.02625656e-07,9.67555815e-01,3.24441851e-02
6.000000e-07,600.000000,1.200000e+01,5.000000e-08,2.05551388e+00,1.02775694e-07,9.67746815e-01,3.22531851e-02
6.000000e-07,600.000000,1.200000e+01,5.000000e-08,2.05851463e+00,1.02925731e-07,9.67936709e-01,3.20632913e-02
6.000000e-07,600.000000,1.200000e+01,5.000000e-08,2.06151538e+00,1.03075769e-07,9.68125503e-01,3.18744973e-02
6.000000e-07,600.000000,1.200000e+01,5.000000e-08,2.06451613e+00,1.03225806e-07,9.68313203e-01,3.16867971e-02
6.000000e-07,600.000000,1.200000e+01,5.000000e-08,2.06751688e+00,1.03375844e-07,9.68499815e-01,3.15001846e-02
6.000000e-07,600.000000,1.200000e+01,5.000000e-08,2.07051763e+00,1.03525881e-07,9.68685346e-01,3.13146535e-02
6.000000e-07,600.000000,1.200000e+01,5.000000e-08,2.07351838e+00,1.03675919e-07,9.68869802e-01,3.11301980e-02
6.000000e-07,600.000000,1.200000e+01,5.000000e-08,2.07651913e+00,1.03825956e-07,9.69053188e-01,3.09468119e-02
6.000000e-07,600.000000,1.200000e+01,5.000000e-08,2.07951988e+00,1.03975994e-07,9.69235511e-01,3.07644892e-02
6.000000e-07,600.000000,1.200000e+01,5.000000e-08,2.08252063e+00,1.04126032e-07,9.69416776e-01,3.05832239e-02
6.000000e-07,600.000000,1.200000e+01,5.000000e-08,2.08552138e+00,1.04276069e-07,9.69596990e-01,3.04030102e-02
6.000000e-07,600.000000,1.200000e+01,5.000000e-08,2.08852213e+00,1.04426107e-07,9.69776158e-01,3.02238422e-02
6.000000e-07,600.000000,1.200000e+01,5.000000e-08,2.09152288e+00,1.04576144e-07,9.69954286e-01,3.00457139e-02
6.000000e-07,600.000000,1.200000e+01,5.000000e-08,2.09452363e+00,1.04726182e-07,9.70131381e-01,2.98686194e-02
6.000000e-07,600.000000,1.200000e+01,5.000000e-08,2.09752438e+00,1.04876219e-07,9.70307447e-01,2.96925531e-02
6.000000e-07,600.000000,1.200000e+01,5.000000e-08,2.10052513e+00,1.05026257e-07,9.70482491e-01,2.95175091e-02
6.000000e-07,600.000000,1.200000e+01,5.000000e-08,2.10352588e+00,1.05176294e-07,9.70656518e-01,2.93434817e-02
6.000000e-07,600.000000,1.200000e+01,5.000000e-08,2.10652663e+00,1.05326332e-07,9.70829535e-01,2.91704650e-02
6.000000e-07,600.000000,1.200000e+01,5.000000e-08,2.10952738e+00,1.05476369e-07,9.71001546e-01,2.89984535e-02
6.000000e-07,600.000000,1.200000e+01,5.000000e-08,2.11252813e+00,1.05626407e-07,9.71172558e-01,2.88274415e-02
6.000000e-07,600.000000,1.200000e+01,5.000000e-08,2.11552888e+00,1.05776444e-07,9.71342577e-01,2.86574234e-02
6.000000e-07,600.000000,1.200000e+01,5.000000e-08,2.11852963e+00,1.05926482e-07,9.71511607e-01,2.84883934e-02
6.000000e-07,600.000000,1.200000e+01,5.000000e-08,2.12153038e+00,1.06076519e-07,9.71679654e-01,2.83203462e-02
6.000000e-07,600.000000,1.200000e+01,5.000000e-08,2.12453113e+00,1.06226557e-07,9.71846724e-01,2.81532760e-02
6.000000e-07,600.000000,1.200000e+01,5.000000e-08,2.12753188e+00,1.06376594e-07,9.72012822e-01,2.79871775e-02
6.000000e-07,600.000000,1.200000e+01,5.000000e-08,2.13053263e+00,1.06526632e-07,9.72177955e-01,2.78220451e-02
6.000000e-07,600.000000,1.200000e+01,5.000000e-08,2.13353338e+00,1.06676669e-07,9.72342127e-01,2.76578733e-02
6.000000e-07,600.000000,1.200000e+01,5.000000e-08,2.13653413e+00,1.06826707e-07,9.72505343e-01,2.74946568e-02
6.000000e-07,600.000000,1.200000e+01,5.000000e-08,2.13953488e+00,1.06976744e-07,9.72667610e-01,2.73323902e-02
6.000000e-07,600.000000,1.200000e+01,5.000000e-08,2.14253563e+00,1.07126782e-07,9.72828932e-01,2.71710680e-02
6.000000e-07,600.000000,1.200000e+01,5.000000e-08,2.14553638e+00,1.07276819e-07,9.72989315e-01,2.70106849e-02
6.000000e-07,600.000000,1.200000e+01,5.000000e-08,2.14853713e+00,1.07426857e-07,9.73148764e-01,2.68512356e-02
6.000000e-07,600.000000,1.200000e+01,5.000000e-08,2.15153788e+00,1.07576894e-07,9.73307285e-01,2.66927149e-02
6.000000e-07,600.000000,1.200000e+01,5.000000e-08,2.15453863e+00,1.07726932e-07,9.73464883e-01,2.65351174e-02
6.000000e-07,600.000000,1.200000e+01,5.000000e-08,2.15753938e+00,1.07876969e-07,9.73621562e-01,2.63784379e-02
6.000000e-07,600.000000,1.200000e+01,5.000000e-08,2.16054014e+00,1.08027007e-07,9.73777329e-01,2.62226714e-02
6.000000e-07,600.000000,1.200000e+01,5.000000e-08,2.16354089e+00,1.08177044e-07,9.73932188e-01,2.60678124e-02
6.000000e-07,600.000000,1.200000e+01,5.000000e-08,2.16654164e+00,1.08327082e-07,9.74086144e-01,2.59138560e-02
6.000000e-07,600.000000,1.200000e+01,5.000000e-08,2.16954239e+00,1.08477119e-07,9.74239203e-01,2.57607970e-02
6.000000e-07,600.000000,1.200000e+01,5.000000e-08,2.17254314e+00,1.08627157e-07,9.74391370e-01,2.56086303e-02
6.000000e-07,600.000000,1.200000e+01,5.000000e-08,2.17554389e+00,1.08777194e-07,9.74542649e-01,2.54573508e-02
6.000000e-07,600.000000,1.200000e+01,5.000000e-08,2.17854464e+00,1.08927232e-07,9.74693046e-01,2.53069536e-02
6.000000e-07,600.000000,1.200000e+01,5.000000e-08,2.18154539e+00,1.09077269e-07,9.74842566e-01,2.51574335e-02
6.000000e-07,600.000000,1.200000e+01,5.000000e-08,2.18454614e+00,1.09227307e-07,9.74991214e-01,2.50087857e-02
6.000000e-07,600.000000,1.200000e+01,5.000000e-08,2.18754689e+00,1.09377344e-07,9.75138995e-01,2.48610051e-02
6.000000e-07,600.000000,1.200000e+01,5.000000e-08,2.19054764e+00,1.09527382e-07,9.75285913e-01,2.47140869e-02
6.000000e-07,600.000000,1.200000e+01,5.000000e-08,2.19354839e+00,1.09677419e-07,9.75431974e-01,2.45680261e-02
6.000000e-07,600.000000,1.200000e+01,5.000000e-08,2.19654914e+00,1.09827457e-07,9.75577182e-01,2.44228178e-02
6.000000e-07,600.000000,1.200000e+01,5.000000e-08,2.19954989e+00,1.09977494e-07,9.75721543e-01,2.42784572e-02
6.000000e-07,600.000000,1.200000e+01,5.000000e-08,2.20255064e+00,1.10127532e-07,9.75865060e-01,2.41349395e-02
6.000000e-07,600.000000,1.200000e+01,5.000000e-08,2.20555139e+00,1.10277569e-07,9.76007740e-01,2.39922599e-02
6.000000e-07,600.000000,1.200000e+01,5.000000e-08,2.20855214e+00,1.10427607e-07,9.76149586e-01,2.38504136e-02
6.000000e-07,600.000000,1.200000e+01,5.000000e-08,2.21155289e+00,1.10577644e-07,9.76290604e-01,2.37093959e-02
6.000000e-07,600.000000,1.200000e+01,5.000000e-08,2.21455364e+00,1.10727682e-07,9.76430798e-01,2.35692020e-02
6.000000e-07,600.000000,1.200000e+01,5.000000e-08,2.21755439e+00,1.10877719e-07,9.76570173e-01,2.34298272e-02
6.000000e-07,600.000000,1.200000e+01,5.000000e-08,2.22055514e+00,1.11027757e-07,9.76708733e-01,2.32912669e-02
6.000000e-07,600.000000,1.200000e+01,5.000000e-08,2.22355589e+00,1.11177794e-07,9.76846484e-01,2.31535164e-02
6.000000e-07,600.000000,1.200000e+01,5.000000e-08,2.22655664e+00,1.11327832e-07,9.76983429e-01,2.30165712e-02
6.000000e-07,600.000000,1.200000e+01,5.000000e-08,2.22955739e+00,1.11477869e-07,9.77119574e-01,2.28804265e-02
6.000000e-07,600.000000,1.200000e+01,5.000000e-08,2.23255814e+00,1.11627907e-07,9.77254922e-01,2.27450779e-02
6.000000e-07,600.000000,1.200000e+01,5.000000e-08,2.23555889e+00,1.11777944e-07,9.77389479e-01,2.26105208e-02
6.000000e-07,600.000000,1.200000e+01,5.000000e-08,2.23855964e+00,1.11927982e-07,9.77523249e-01,2.24767506e-02
6.000000e-07,600.000000,1.200000e+01,5.000000e-08,2.24156039e+00,1.12078020e-07,9.77656237e-01,2.23437629e-02
6.000000e-07,600.000000,1.200000e+01,5.000000e-08,2.24456114e+00,1.12228057e-07,9.77788447e-01,2.22115533e-02
6.000000e-07,600.000000,1.200000e+01,5.000000e-08,2.24756189e+00,1.12378095e-07,9.77919883e-01,2.20801172e-02
6.000000e-07,600.000000,1.200000e+01,5.000000e-08,2.25056264e+00,1.12528132e-07,9.78050550e-01,2.19494502e-02
6.000000e-07,600.000000,1.200000e+01,5.000000e-08,2.25356339e+00,1.12678170e-07,9.78180452e-01,2.18195480e-02
6.000000e-07,600.000000,1.200000e+01,5.000000e-08,2.25656414e+00,1.12828207e-07,9.78309594e-01,2.16904062e-02
6.000000e-07,600.000000,1.200000e+01,5.000000e-08,2.25956489e+00,1.12978245e-07,9.78437980e-01,2.15620203e-02
6.000000e-07,600.000000,1.200000e+01,5.000000e-08,2.26256564e+00,1.13128282e-07,9.78565614e-01,2.14343862e-02
6.000000e-07,600.000000,1.200000e+01,5.000000e-08,2.26556639e+00,1.13278320e-07,9.78692501e-01,2.13074994e-02
6.000000e-07,600.000000,1.200000e+01,5.000000e-08,2.26856714e+00,1.13428357e-07,9.78818644e-01,2.11813557e-02
6.000000e-07,600.000000,1.200000e+01,5.000000e-08,2.27156789e+00,1.13578395e-07,9.78944049e-01,2.10559509e-02
6.000000e-07,600.000000,1.200000e+01,5.000000e-08,2.27456864e+00,1.13728432e-07,9.79068719e-01,2.09312807e-02
6.000000e-07,600.000000,1.200000e+01,5.000000e-08,2.27756939e+00,1.13878470e-07,9.79192659e-01,2.08073408e-02
6.000000e-07,600.000000,1.200000e+01,5.000000e-08,2.28057014e+00,1.14028507e-07,9.79315873e-01,2.06841272e-02
6.000000e-07,600.000000,1.200000e+01,5.000000e-08,2.28357089e+00,1.14178545e-07,9.79438364e-01,2.05616357e-02
6.000000e-07,600.000000,1.200000e+01,5.000000e-08,2.28657164e+00,1.14328582e-07,9.79560138e-01,2.04398620e-02
6.000000e-07,600.000000,1.200000e+01,5.000000e-08,2.28957239e+00,1.14478620e-07,9.79681198e-01,2.03188022e-02
6.000000e-07,600.000000,1.200000e+01,5.000000e-08,2.29257314e+00,1.14628657e-07,9.79801548e-01,2.01984520e-02
6.000000e-07,600.000000,1.200000e+01,5.000000e-08,2.29557389e+00,1.14778695e-07,9.79921193e-01,2.00788074e-02
6.000000e-07,600.000000,1.200000e+01,5.000000e-08,2.29857464e+00,1.14928732e-07,9.80040136e-01,1.99598644e-02
6.000000e-07,600.000000,1.200000e+01,5.000000e-08,2.30157539e+00,1.15078770e-07,9.80158381e-01,1.98416190e-02
6.000000e-07,600.000000,1.200000e+01,5.000000e-08,2.30457614e+00,1.15228807e-07,9.80275933e-01,1.97240670e-02
6.000000e-07,600.000000,1.200000e+01,5.000000e-08,2.30757689e+00,1.15378845e-07,9.80392795e-01,1.96072046e-02
6.000000e-07,600.000000,1.200000e+01,5.000000e-08,2.31057764e+00,1.15528882e-07,9.80508972e-01,1.94910278e-02
6.000000e-07,600.000000,1.200000e+01,5.000000e-08,2.31357839e+00,1.15678920e-07,9.80624467e-01,1.93755327e-02
6.000000e-07,600.000000,1.200000e+01,5.000000e-08,2.31657914e+00,1.15828957e-07,9.80739285e-01,1.92607152e-02
6.000000e-07,600.000000,1.200000e+01,5.000000e-08,2.31957989e+00,1.15978995e-07,9.80853428e-01,1.91465716e-02
6.000000e-07,600.000000,1.200000e+01,5.000000e-08,2.32258065e+00,1.16129032e-07,9.80966902e-01,1.90330979e-02
6.000000e-07,600.000000,1.200000e+01,5.000000e-08,2.32558140e+00,1.16279070e-07,9.81079710e-01,1.89202903e-02
6.000000e-07,600.000000,1.200000e+01,5.000000e-08,2.32858215e+00,1.16429107e-07,9.81191855e-01,1.88081449e-02
6.000000e-07,600.000000,1.200000e+01,5.000000e-08,2.33158290e+00,1.16579145e-07,9.81303342e-01,1.86966580e-02
6.000000e-07,600.000000,1.200000e+01,5.000000e-08,2.33458365e+00,1.16729182e-07,9.81414174e-01,1.85858258e-02
6.000000e-07,600.000000,1.200000e+01,5.000000e-08,2.33758440e+00,1.16879220e-07,9.81524356e-01,1.84756444e-02
6.000000e-07,600.000000,1.200000e+01,5.000000e-08,2.34058515e+00,1.17029257e-07,9.81633890e-01,1.83661102e-02
6.000000e-07,600.000000,1.200000e+01,5.000000e-08,2.34358590e+00,1.17179295e-07,9.81742781e-01,1.82572193e-02
6.000000e-07,600.000000,1.200000e+01,5.000000e-08,2.34658665e+00,1.17329332e-07,9.81851032e-01,1.81489682e-02
6.000000e-07,600.000000,1.200000e+01,5.000000e-08,2.34958740e+00,1.17479370e-07,9.81958647e-01,1.80413530e-02
6.000000e-07,600.000000,1.200000e+01,5.000000e-08,2.35258815e+00,1.17629407e-07,9.82065630e-01,1.79343702e-02
6.000000e-07,600.000000,1.200000e+01,5.000000e-08,2.35558890e+00,1.17779445e-07,9.82171984e-01,1.78280161e-02
6.000000e-07,600.000000,1.200000e+01,5.000000e-08,2.35858965e+00,1.17929482e-07,9.82277713e-01,1.77222870e-02
6.000000e-07,600.000000,1.200000e+01,5.000000e-08,2.36159040e+00,1.18079520e-07,9.82382821e-01,1.76171794e-02
6.000000e-07,600.000000,1.200000e+01,5.000000e-08,2.36459115e+00,1.18229557e-07,9.82487310e-01,1.75126896e-02
6.000000e-07,600.000000,1.200000e+01,5.000000e-08,2.36759190e+00,1.18379595e-07,9.82591186e-01,1.74088142e-02
6.000000e-07,600.000000,1.200000e+01,5.000000e-08,2.37059265e+00,1.18529632e-07,9.82694450e-01,1.73055495e-02
6.000000e-07,600.000000,1.200000e+01,5.000000e-08,2.37359340e+00,1.18679670e-07,9.82797108e-01,1.72028921e-02
6.000000e-07,600.000000,1.200000e+01,5.000000e-08,2.37659415e+00,1.18829707e-07,9.82899162e-01,1.71008383e-02
6.000000e-07,600.000000,1.200000e+01,5.000000e-08,2.37959490e+00,1.18979745e-07,9.83000615e-01,1.69993848e-02
6.000000e-07,600.000000,1.200000e+01,5.000000e-08,2.38259565e+00,1.19129782e-07,9.83101472e-01,1.68985280e-02
6.000000e-07,600.000000,1.200000e+01,5.000000e-08,2.38559640e+00,1.19279820e-07,9.83201735e-01,1.67982646e-02
6.000000e-07,600.000000,1.200000e+01,5.000000e-08,2.38859715e+00,1.19429857e-07,9.83301409e-01,1.66985910e-02
6.000000e-07,600.000000,1.200000e+01,5.000000e-08,2.39159790e+00,1.19579895e-07,9.83400496e-01,1.65995040e-02
6.000000e-07,600.000000,1.200000e+01,5.000000e-08,2.39459865e+00,1.19729932e-07,9.83499000e-01,1.65009999e-02
6.000000e-07,600.000000,1.200000e+01,5.000000e-08,2.39759940e+00,1.19879970e-07,9.83596924e-01,1.64030756e-02
6.000000e-07,600.000000,1.200000e+01,5.000000e-08,2.40060015e+00,1.20030008e-07,9.83694272e-01,1.63057277e-02
6.000000e-07,600.000000,1.200000e+01,5.000000e-08,2.40360090e+00,1.20180045e-07,9.83791047e-01,1.62089527e-02
6.000000e-07,600.000000,1.200000e+01,5.000000e-08,2.40660165e+00,1.20330083e-07,9.83887252e-01,1.61127475e-02
6.000000e-07,600.000000,1.200000e+01,5.000000e-08,2.40960240e+00,1.20480120e-07,9.83982891e-01,1.60171087e-02
6.000000e-07,600.000000,1.200000e+01,5.000000e-08,2.41260315e+00,1.20630158e-07,9.84077967e-01,1.59220329e-02
6.000000e-07,600.000000,1.200000e+01,5.000000e-08,2.41560390e+00,1.20780195e-07,9.84172483e-01,1.58275171e-02
6.000000e-07,600.000000,1.200000e+01,5.000000e-08,2.41860465e+00,1.20930233e-07,9.84266442e-01,1.57335578e-02
6.000000e-07,600.000000,1.200000e+01,5.000000e-08,2.42160540e+00,1.21080270e-07,9.84359848e-01,1.56401520e-02
6.000000e-07,600.000000,1.200000e+01,5.000000e-08,2.42460615e+00,1.21230308e-07,9.84452704e-01,1.55472963e-02
6.000000e-07,600.000000,1.200000e+01,5.000000e-08,2.42760690e+00,1.21380345e-07,9.84545012e-01,1.54549876e-02
6.000000e-07,600.000000,1.200000e+01,5.000000e-08,2.43060765e+00,1.21530383e-07,9.84636777e-01,1.53632227e-02
6.000000e-07,600.000000,1.200000e+01,5.000000e-08,2.43360840e+00,1.21680420e-07,9.84728001e-01,1.52719985e-02
6.000000e-07,600.000000,1.200000e+01,5.000000e-08,2.43660915e+00,1.21830458e-07,9.84818688e-01,1.51813119e-02
6.000000e-07,600.000000,1.200000e+01,5.000000e-08,2.43960990e+00,1.21980495e-07,9.84908840e-01,1.50911596e-02
6.000000e-07,600.000000,1.200000e+01,5.000000e-08,2.44261065e+00,1.22130533e-07,9.84998461e-01,1.50015387e-02
6.000000e-07,600.000000,1.200000e+01,5.000000e-08,2.44561140e+00,1.22280570e-07,9.85087554e-01,1.49124460e-02
6.000000e-07,600.000000,1.200000e+01,5.000000e-08,2.44861215e+00,1.22430608e-07,9.85176122e-01,1.48238784e-02
6.000000e-07,600.000000,1.200000e+01,5.000000e-08,2.45161290e+00,1.22580645e-07,9.85264167e-01,1.47358330e-02
6.000000e-07,600.000000,1.200000e+01,5.000000e-08,2.45461365e+00,1.22730683e-07,9.85351693e-01,1.46483066e-02
6.000000e-07,600.000000,1.200000e+01,5.000000e-08,2.45761440e+00,1.22880720e-07,9.85438704e-01,1.45612963e-02
6.000000e-07,600.000000,1.200000e+01,5.000000e-08,2.46061515e+00,1.23030758e-07,9.85525201e-01,1.44747991e-02
6.000000e-07,600.000000,1.200000e+01,5.000000e-08,2.46361590e+00,1.23180795e-07,9.85611188e-01,1.43888120e-02
6.000000e-07,600.000000,1.200000e+01,5.000000e-08,2.46661665e+00,1.23330833e-07,9.85696668e-01,1.43033320e-02
6.000000e-07,600.000000,1.200000e+01,5.000000e-08,2.46961740e+00,1.23480870e-07,9.85781644e-01,1.42183562e-02
6.000000e-07,600.000000,1.200000e+01,5.000000e-08,2.47261815e+00,1.23630908e-07,9.85866118e-01,1.41338816e-02
6.000000e-07,600.000000,1.200000e+01,5.000000e-08,2.47561890e+00,1.23780945e-07,9.85950095e-01,1.40499054e-02
6.000000e-07,600.000000,1.200000e+01,5.000000e-08,2.47861965e+00,1.23930983e-07,9.86033575e-01,1.39664246e-02
6.000000e-07,600.000000,1.200000e+01,5.000000e-08,2.48162041e+00,1.24081020e-07,9.86116564e-01,1.38834363e-02
6.000000e-07,600.000000,1.200000e+01,5.000000e-08,2.48462116e+00,1.24231058e-07,9.86199062e-01,1.38009378e-02
6.000000e-07,600.000000,1.200000e+01,5.000000e-08,2.48762191e+00,1.24381095e-07,9.86281074e-01,1.37189260e-02
6.000000e-07,600.000000,1.200000e+01,5.000000e-08,2.49062266e+00,1.24531133e-07,9.86362602e-01,1.36373983e-02
6.000000e-07,600.000000,1.200000e+01,5.000000e-08,2.49362341e+00,1.24681170e-07,9.86443648e-01,1.35563518e-02
6.000000e-07,600.000000,1.200000e+01,5.000000e-08,2.49662416e+00,1.24831208e-07,9.86524216e-01,1.34757837e-02
6.000000e-07,600.000000,1.200000e+01,5.000000e-08,2.49962491e+00,1.24981245e-07,9.86604309e-01,1.33956912e-02
6.000000e-07,600.000000,1.200000e+01,5.000000e-08,2.50262566e+00,1.25131283e-07,9.86683929e-01,1.33160715e-02
6.000000e-07,600.000000,1.200000e+01,5.000000e-08,2.50562641e+00,1.25281320e-07,9.86763078e-01,1.32369219e-02
6.000000e-07,600.000000,1.200000e+01,5.000000e-08,2.50862716e+00,1.25431358e-07,9.86841760e-01,1.31582396e-02
6.000000e-07,600.000000,1.200000e+01,5.000000e-08,2.51162791e+00,1.25581395e-07,9.86919978e-01,1.30800220e-02
6.000000e-07,600.000000,1.200000e+01,5.000000e-08,2.51462866e+00,1.25731433e-07,9.86997734e-01,1.30022663e-02
6.000000e-07,600.000000,1.200000e+01,5.000000e-08,2.51762941e+00,1.25881470e-07,9.87075030e-01,1.29249697e-02
6.000000e-07,600.000000,1.200000e+01,5.000000e-08,2.52063016e+00,1.26031508e-07,9.87151870e-01,1.28481298e-02
6.000000e-07,600.000000,1.200000e+01,5.000000e-08,2.52363091e+00,1.26181545e-07,9.87228256e-01,1.27717437e-02
6.000000e-07,600.000000,1.200000e+01,5.000000e-08,2.52663166e+00,1.26331583e-07,9.87304191e-01,1.26958089e-02
6.000000e-07,600.000000,1.200000e+01,5.000000e-08,2.52963241e+00,1.26481620e-07,9.87379677e-01,1.26203227e-02
6.000000e-07,600.000000,1.200000e+01,5.000000e-08,2.53263316e+00,1.26631658e-07,9.87454718e-01,1.25452824e-02
6.000000e-07,600.000000,1.200000e+01,5.000000e-08,2.53563391e+00,1.26781695e-07,9.87529314e-01,1.24706856e-02
6.000000e-07,600.000000,1.200000e+01,5.000000e-08,2.53863466e+00,1.26931733e-07,9.87603470e-01,1.23965296e-02
6.000000e-07,600.000000,1.200000e+01,5.000000e-08,2.54163541e+00,1.27081770e-07,9.87677188e-01,1.23228117e-02
6.000000e-07,600.000000,1.200000e+01,5.000000e-08,2.54463616e+00,1.27231808e-07,9.87750470e-01,1.22495296e-02
6.000000e-07,600.000000,1.200000e+01,5.000000e-08,2.54763691e+00,1.27381845e-07,9.87823319e-01,1.21766806e-02
6.000000e-07,600.000000,1.200000e+01,5.000000e-08,2.55063766e+00,1.27531883e-07,9.87895738e-01,1.21042622e-02
6.000000e-07,600.000000,1.200000e+01,5.000000e-08,2.55363841e+00,1.27681920e-07,9.87967728e-01,1.20322719e-02
6.000000e-07,600.000000,1.200000e+01,5.000000e-08,2.55663916e+00,1.27831958e-07,9.88039293e-01,1.19607072e-02
6.000000e-07,600.000000,1.200000e+01,5.000000e-08,2.55963991e+00,1.27981995e-07,9.88110434e-01,1.18895656e-02
6.000000e-07,600.000000,1.200000e+01,5.000000e-08,2.56264066e+00,1.28132033e-07,9.88181155e-01,1.18188446e-02
6.000000e-07,600.000000,1.200000e+01,5.000000e-08,2.56564141e+00,1.28282071e-07,9.88251458e-01,1.17485418e-02
6.000000e-07,600.000000,1.200000e+01,5.000000e-08,2.56864216e+00,1.28432108e-07,9.88321345e-01,1.16786547e-02
6.000000e-07,600.000000,1.200000e+01,5.000000e-08,2.57164291e+00,1.28582146e-07,9.88390819e-01,1.16091809e-02
6.000000e-07,600.000000,1.200000e+01,5.000000e-08,2.57464366e+00,1.28732183e-07,9.88459882e-01,1.15401180e-02
6.000000e-07,600.000000,1.200000e+01,5.000000e-08,2.57764441e+00,1.28882221e-07,9.88528536e-01,1.14714636e-02
6.000000e-07,600.000000,1.200000e+01,5.000000e-08,2.58064516e+00,1.29032258e-07,9.88596785e-01,1.14032153e-02
6.000000e-07,600.000000,1.200000e+01,5.000000e-08,2.58364591e+00,1.29182296e-07,9.88664629e-01,1.13353707e-02
6.000000e-07,600.000000,1.200000e+01,5.000000e-08,2.58664666e+00,1.29332333e-07,9.88732072e-01,1.12679275e-02
6.000000e-07,600.000000,1.200000e+01,5.000000e-08,2.58964741e+00,1.29482371e-07,9.88799117e-01,1.12008833e-02
6.000000e-07,600.000000,1.200000e+01,5.000000e-08,2.59264816e+00,1.29632408e-07,9.88865764e-01,1.11342358e-02
6.000000e-07,600.000000,1.200000e+01,5.000000e-08,2.59564891e+00,1.29782446e-07,9.88932017e-01,1.10679826e-02
6.000000e-07,600.000000,1.200000e+01,5.000000e-08,2.59864966e+00,1.29932483e-07,9.88997878e-01,1.10021215e-02
6.000000e-07,600.000000,1.200000e+01,5.000000e-08,2.60165041e+00,1.30082521e-07,9.89063350e-01,1.09366502e-02
6.000000e-07,600.000000,1.200000e+01,5.000000e-08,2.60465116e+00,1.30232558e-07,9.89128434e-01,1.08715663e-02
6.000000e-07,600.000000,1.200000e+01,5.000000e-08,2.60765191e+00,1.30382596e-07,9.89193132e-01,1.08068677e-02
6.000000e-07,600.000000,1.200000e+01,5.000000e-08,2.61065266e+00,1.30532633e-07,9.89257448e-01,1.07425520e-02
6.000000e-07,600.000000,1.200000e+01,5.000000e-08,2.61365341e+00,1.30682671e-07,9.89321383e-01,1.06786170e-02
6.000000e-07,600.000000,1.200000e+01,5.000000e-08,2.61665416e+00,1.30832708e-07,9.89384940e-01,1.06150605e-02
6.000000e-07,600.000000,1.200000e+01,5.000000e-08,2.61965491e+00,1.30982746e-07,9.89448120e-01,1.05518803e-02
6.000000e-07,600.000000,1.200000e+01,5.000000e-08,2.62265566e+00,1.31132783e-07,9.89510926e-01,1.04890741e-02
6.000000e-07,600.000000,1.200000e+01,5.000000e-08,2.62565641e+00,1.31282821e-07,9.89573360e-01,1.04266398e-02
6.000000e-07,600.000000,1.200000e+01,5.000000e-08,2.62865716e+00,1.31432858e-07,9.89635425e-01,1.03645752e-02
6.000000e-07,600.000000,1.200000e+01,5.000000e-08,2.63165791e+00,1.31582896e-07,9.89697122e-01,1.03028781e-02
6.000000e-07,600.000000,1.200000e+01,5.000000e-08,2.63465866e+00,1.31732933e-07,9.89758454e-01,1.02415464e-02
6.000000e-07,600.000000,1.200000e+01,5.000000e-08,2.63765941e+00,1.31882971e-07,9.89819422e-01,1.01805780e-02
6.000000e-07,600.000000,1.200000e+01,5.000000e-08,2.64066017e+00,1.32033008e-07,9.89880029e-01,1.01199706e-02
6.000000e-07,600.000000,1.200000e+01,5.000000e-08,2.64366092e+00,1.32183046e-07,9.89940278e-01,1.00597222e-02
6.000000e-07,600.000000,1.200000e+01,5.000000e-08,2.64666167e+00,1.32333083e-07,9.90000169e-01,9.99983074e-03
6.000000e-07,600.000000,1.200000e+01,5.000000e-08,2.64966242e+00,1.32483121e-07,9.90059706e-01,9.94029404e-03
6.000000e-07,600.000000,1.200000e+01,5.000000e-08,2.65266317e+00,1.32633158e-07,9.90118890e-01,9.88111006e-03
6.000000e-07,600.000000,1.200000e+01,5.000000e-08,2.65566392e+00,1.32783196e-07,9.90177723e-01,9.82227671e-03
6.000000e-07,600.000000,1.200000e+01,5.000000e-08,2.65866467e+00,1.32933233e-07,9.90236208e-01,9.76379195e-03
6.000000e-07,600.000000,1.200000e+01,5.000000e-08,2.66166542e+00,1.33083271e-07,9.90294346e-01,9.70565373e-03
6.000000e-07,600.000000,1.200000e+01,5.000000e-08,2.66466617e+00,1.33233308e-07,9.90352140e-01,9.64786001e-03
6.000000e-07,600.000000,1.200000e+01,5.000000e-08,2.66766692e+00,1.33383346e-07,9.90409591e-01,9.59040878e-03
6.000000e-07,600.000000,1.200000e+01,5.000000e-08,2.67066767e+00,1.33533383e-07,9.90466702e-01,9.53329803e-03
6.000000e-07,600.000000,1.200000e+01,5.000000e-08,2.67366842e+00,1.33683421e-07,9.90523474e-01,9.47652575e-03
6.000000e-07,600.000000,1.200000e+01,5.000000e-08,2.67666917e+00,1.33833458e-07,9.90579910e-01,9.42008996e-03
6.000000e-07,600.000000,1.200000e+01,5.000000e-08,2.67966992e+00,1.33983496e-07,9.90636011e-01,9.36398869e-03
6.000000e-07,600.000000,1.200000e+01,5.000000e-08,2.68267067e+00,1.34133533e-07,9.90691780e-01,9.30821996e-03
6.000000e-07,600.000000,1.200000e+01,5.000000e-08,2.68567142e+00,1.34283571e-07,9.90747218e-01,9.25278184e-03
6.000000e-07,600.000000,1.200000e+01,5.000000e-08,2.68867217e+00,1.34433608e-07,9.90802328e-01,9.19767237e-03
6.000000e-07,600.000000,1.200000e+01,5.000000e-08,2.69167292e+00,1.34583646e-07,9.90857110e-01,9.14288963e-03
6.000000e-07,600.000000,1.200000e+01,5.000000e-08,2.69467367e+00,1.34733683e-07,9.90911568e-01,9.08843169e-03
6.000000e-07,600.000000,1.200000e+01,5.000000e-08,2.69767442e+00,1.34883721e-07,9.90965703e-01,9.03429665e-03
6.000000e-07,600.000000,1.200000e+01,5.000000e-08,2.70067517e+00,1.35033758e-07,9.91019517e-01,8.98048262e-03
6.000000e-07,600.000000,1.200000e+01,5.000000e-08,2.70367592e+00,1.35183796e-07,9.91073012e-01,8.92698770e-03
6.000000e-07,600.000000,1.200000e+01,5.000000e-08,2.70667667e+00,1.35333833e-07,9.91126190e-01,8.87381002e-03
6.000000e-07,600.000000,1.200000e+01,5.000000e-08,2.70967742e+00,1.35483871e-07,9.91179052e-01,8.82094772e-03
6.000000e-07,600.000000,1.200000e+01,5.000000e-08,2.71267817e+00,1.35633908e-07,9.91231601e-01,8.76839894e-03
6.000000e-07,600.000000,1.200000e+01,5.000000e-08,2.71567892e+00,1.35783946e-07,9.91283838e-01,8.71616184e-03
6.000000e-07,600.000000,1.200000e+01,5.000000e-08,2.71867967e+00,1.35933983e-07,9.91335765e-01,8.66423459e-03
6.000000e-07,600.000000,1.200000e+01,5.000000e-08,2.72168042e+00,1.36084021e-07,9.91387385e-01,8.61261536e-03
6.000000e-07,600.000000,1.200000e+01,5.000000e-08,2.72468117e+00,1.36234059e-07,9.91438698e-01,8.56130235e-03
6.000000e-07,600.000000,1.200000e+01,5.000000e-08,2.72768192e+00,1.36384096e-07,9.91489706e-01,8.51029375e-03
6.000000e-07,600.000000,1.200000e+01,5.000000e-08,2.73068267e+00,1.36534134e-07,9.91540412e-01,8.45958777e-03
6.000000e-07,600.000000,1.200000e+01,5.000000e-08,2.73368342e+00,1.36684171e-07,9.91590817e-01,8.40918264e-03
6.000000e-07,600.000000,1.200000e+01,5.000000e-08,2.73668417e+00,1.36834209e-07,9.91640923e-01,8.35907658e-03
6.000000e-07,600.000000,1.200000e+01,5.000000e-08,2.73968492e+00,1.36984246e-07,9.91690732e-01,8.30926783e-03
6.000000e-07,600.000000,1.200000e+01,5.000000e-08,2.74268567e+00,1.37134284e-07,9.91740245e-01,8.25975464e-03
6.000000e-07,600.000000,1.200000e+01,5.000000e-08,2.74568642e+00,1.37284321e-07,9.91789465e-01,8.21053529e-03
6.000000e-07,600.000000,1.200000e+01,5.000000e-08,2.74868717e+00,1.37434359e-07,9.91838392e-01,8.16160802e-03
6.000000e-07,600.000000,1.200000e+01,5.000000e-08,2.75168792e+00,1.37584396e-07,9.91887029e-01,8.11297114e-03
6.000000e-07,600.000000,1.200000e+01,5.000000e-08,2.75468867e+00,1.37734434e-07,9.91935377e-01,8.06462292e-03
6.000000e-07,600.000000,1.200000e+01,5.000000e-08,2.75768942e+00,1.37884471e-07,9.91983438e-01,8.01656167e-03
6.000000e-07,600.000000,1.200000e+01,5.000000e-08,2.76069017e+00,1.38034509e-07,9.92031214e-01,7.96878570e-03
6.000000e-07,600.000000,1.200000e+01,5.000000e-08,2.76369092e+00,1.38184546e-07,9.92078707e-01,7.92129332e-03
6.000000e-07,600.000000,1.200000e+01,5.000000e-08,2.76669167e+00,1.38334584e-07,9.92125917e-01,7.87408288e-03
6.000000e-07,600.000000,1.200000e+01,5.000000e-08,2.76969242e+00,1.38484621e-07,9.92172847e-01,7.82715270e-03
6.000000e-07,600.000000,1.200000e+01,5.000000e-08,2.77269317e+00,1.38634659e-07,9.92219499e-01,7.78050115e-03
6.000000e-07,600.000000,1.200000e+01,5.000000e-08,2.77569392e+00,1.38784696e-07,9.92265873e-01,7.73412657e-03
6.000000e-07,600.000000,1.200000e+01,5.000000e-08,2.77869467e+00,1.38934734e-07,9.92311973e-01,7.68802733e-03
6.000000e-07,600.000000,1.200000e+01,5.000000e-08,2.78169542e+00,1.39084771e-07,9.92357798e-01,7.64220182e-03
6.000000e-07,600.000000,1.200000e+01,5.000000e-08,2.78469617e+00,1.39234809e-07,9.92403352e-01,7.59664842e-03
6.000000e-07,600.000000,1.200000e+01,5.000000e-08,2.78769692e+00,1.39384846e-07,9.92448634e-01,7.55136552e-03
6.000000e-07,600.000000,1.200000e+01,5.000000e-08,2.79069767e+00,1.39534884e-07,9.92493648e-01,7.50635154e-03
6.000000e-07,600.000000,1.200000e+01,5.000000e-08,2.79369842e+00,1.39684921e-07,9.92538395e-01,7.46160488e-03
6.000000e-07,600.000000,1.200000e+01,5.000000e-08,2.79669917e+00,1.39834959e-07,9.92582876e-01,7.41712398e-03
6.000000e-07,600.000000,1.200000e+01,5.000000e-08,2.79969992e+00,1.39984996e-07,9.92627093e-01,7.37290727e-03
6.000000e-07,600.000000,1.200000e+01,5.000000e-08,2.80270068e+00,1.40135034e-07,9.92671047e-01,7.32895318e-03
6.000000e-07,600.000000,1.200000e+01,5.000000e-08,2.80570143e+00,1.40285071e-07,9.92714740e-01,7.28526017e-03
6.000000e-07,600.000000,1.200000e+01,5.000000e-08,2.80870218e+00,1.40435109e-07,9.92758173e-01,7.24182671e-03
6.000000e-07,600.000000,1.200000e+01,5.000000e-08,2.81170293e+00,1.40585146e-07,9.92801349e-01,7.19865125e-03
6.000000e-07,600.000000,1.200000e+01,5.000000e-08,2.81470368e+00,1.40735184e-07,9.92844268e-01,7.15573228e-03
6.000000e-07,600.000000,1.200000e+01,5.000000e-08,2.81770443e+00,1.40885221e-07,9.92886932e-01,7.11306829e-03
6.000000e-07,600.000000,1.200000e+01,5.000000e-08,2.82070518e+00,1.41035259e-07,9.92929342e-01,7.07065778e-03
6.000000e-07,600.000000,1.200000e+01,5.000000e-08,2.82370593e+00,1.41185296e-07,9.92971501e-01,7.02849923e-03
6.000000e-07,600.000000,1.200000e+01,5.000000e-08,2.82670668e+00,1.41335334e-07,9.93013409e-01,6.98659118e-03
6.000000e-07,600.000000,1.200000e+01,5.000000e-08,2.82970743e+00,1.41485371e-07,9.93055068e-01,6.94493215e-03
6.000000e-07,600.000000,1.200000e+01,5.000000e-08,2.83270818e+00,1.41635409e-07,9.93096479e-01,6.90352065e-03
6.000000e-07,600.000000,1.200000e+01,5.000000e-08,2.83570893e+00,1.41785446e-07,9.93137645e-01,6.86235524e-03
6.000000e-07,600.000000,1.200000e+01,5.000000e-08,2.83870968e+00,1.41935484e-07,9.93178566e-01,6.82143446e-03
6.000000e-07,600.000000,1.200000e+01,5.000000e-08,2.84171043e+00,1.42085521e-07,9.93219243e-01,6.78075686e-03
6.000000e-07,600.000000,1.200000e+01,5.000000e-08,2.84471118e+00,1.42235559e-07,9.93259679e-01,6.74032102e-03
6.000000e-07,600.000000,1.200000e+01,5.000000e-08,2.84771193e+00,1.42385596e-07,9.93299874e-01,6.70012550e-03
6.000000e-07,600.000000,1.200000e+01,5.000000e-08,2.85071268e+00,1.42535634e-07,9.93339831e-01,6.66016889e-03
6.000000e-07,600.000000,1.200000e+01,5.000000e-08,2.85371343e+00,1.42685671e-07,9.93379550e-01,6.62044977e-03
6.000000e-07,600.000000,1.200000e+01,5.000000e-08,2.85671418e+00,1.42835709e-07,9.93419033e-01,6.58096675e-03
6.000000e-07,600.000000,1.200000e+01,5.000000e-08,2.85971493e+00,1.42985746e-07,9.93458282e-01,6.54171843e-03
6.000000e-07,600.000000,1.200000e+01,5.000000e-08,2.86271568e+00,1.43135784e-07,9.93497297e-01,6.50270342e-03
6.000000e-07,600.000000,1.200000e+01,5.000000e-08,2.86571643e+00,1.43285821e-07,9.93536080e-01,6.46392034e-03
6.000000e-07,600.000000,1.200000e+01,5.000000e-08,2.86871718e+00,1.43435859e-07,9.93574632e-01,6.42536783e-03
6.000000e-07,600.000000,1.200000e+01,5.000000e-08,2.87171793e+00,1.43585896e-07,9.93612955e-01,6.38704453e-03
6.000000e-07,600.000000,1.200000e+01,5.000000e-08,2.87471868e+00,1.43735934e-07,9.93651051e-01,6.34894907e-03
6.000000e-07,600.000000,1.200000e+01,5.000000e-08,2.87771943e+00,1.43885971e-07,9.93688920e-01,6.31108012e-03
6.000000e-07,600.000000,1.200000e+01,5.000000e-08,2.88072018e+00,1.44036009e-07,9.93726564e-01,6.27343634e-03
6.000000e-07,600.000000,1.200000e+01,5.000000e-08,2.88372093e+00,1.44186047e-07,9.93763984e-01,6.23601638e-03
6.000000e-07,600.000000,1.200000e+01,5.000000e-08,2.88672168e+00,1.44336084e-07,9.93801181e-01,6.19881895e-03
6.000000e-07,600.000000,1.200000e+01,5.000000e-08,2.88972243e+00,1.44486122e-07,9.93838157e-01,6.16184271e-03
6.000000e-07,600.000000,1.200000e+01,5.000000e-08,2.89272318e+00,1.44636159e-07,9.93874914e-01,6.12508636e-03
6.000000e-07,600.000000,1.200000e+01,5.000000e-08,2.89572393e+00,1.44786197e-07,9.93911451e-01,6.08854860e-03
6.000000e-07,600.000000,1.200000e+01,5.000000e-08,2.89872468e+00,1.44936234e-07,9.93947772e-01,6.05222815e-03
6.000000e-07,600.000000,1.200000e+01,5.000000e-08,2.90172543e+00,1.45086272e-07,9.93983876e-01,6.01612370e-03
6.000000e-07,600.000000,1.200000e+01,5.000000e-08,2.90472618e+00,1.45236309e-07,9.94019766e-01,5.98023400e-03
6.000000e-07,600.000000,1.200000e+01,5.000000e-08,2.90772693e+00,1.45386347e-07,9.94055442e-01,5.94455776e-03
6.000000e-07,600.000000,1.200000e+01,5.000000e-08,2.91072768e+00,1.45536384e-07,9.94090906e-01,5.90909373e-03
6.000000e-07,600.000000,1.200000e+01,5.000000e-08,2.91372843e+00,1.45686422e-07,9.94126159e-01,5.87384065e-03
6.000000e-07,600.000000,1.200000e+01,5.000000e-08,2.91672918e+00,1.45836459e-07,9.94161203e-01,5.83879728e-03
6.000000e-07,600.000000,1.200000e+01,5.000000e-08,2.91972993e+00,1.45986497e-07,9.94196038e-01,5.80396237e-03
6.000000e-07,600.000000,1.200000e+01,5.000000e-08,2.92273068e+00,1.46136534e-07,9.94230665e-01,5.76933469e-03
6.000000e-07,600.000000,1.200000e+01,5.000000e-08,2.92573143e+00,1.46286572e-07,9.94265087e-01,5.73491302e-03
6.000000e-07,600.000000,1.200000e+01,5.000000e-08,2.92873218e+00,1.46436609e-07,9.94299304e-01,5.70069613e-03
6.000000e-07,600.000000,1.200000e+01,5.000000e-08,2.93173293e+00,1.46586647e-07,9.94333317e-01,5.66668282e-03
6.000000e-07,600.000000,1.200000e+01,5.000000e-08,2.93473368e+00,1.46736684e-07,9.94367128e-01,5.63287188e-03
6.000000e-07,600.000000,1.200000e+01,5.000000e-08,2.93773443e+00,1.46886722e-07,9.94400738e-01,5.59926212e-03
6.000000e-07,600.000000,1.200000e+01,5.000000e-08,2.94073518e+00,1.47036759e-07,9.94434148e-01,5.56585234e-03
6.000000e-07,600.000000,1.200000e+01,5.000000e-08,2.94373593e+00,1.47186797e-07,9.94467359e-01,5.53264136e-03
6.000000e-07,600.000000,1.200000e+01,5.000000e-08,2.94673668e+00,1.47336834e-07,9.94500372e-01,5.49962801e-03
6.000000e-07,600.000000,1.200000e+01,5.000000e-08,2.94973743e+00,1.47486872e-07,9.94533189e-01,5.46681111e-03
6.000000e-07,600.000000,1.200000e+01,5.000000e-08,2.95273818e+00,1.47636909e-07,9.94565810e-01,5.43418950e-03
6.000000e-07,600.000000,1.200000e+01,5.000000e-08,2.95573893e+00,1.47786947e-07,9.94598238e-01,5.40176203e-03
6.000000e-07,600.000000,1.200000e+01,5.000000e-08,2.95873968e+00,1.47936984e-07,9.94630472e-01,5.36952755e-03
6.000000e-07,600.000000,1.200000e+01,5.000000e-08,2.96174044e+00,1.48087022e-07,9.94662515e-01,5.33748491e-03
6.000000e-07,600.000000,1.200000e+01,5.000000e-08,2.96474119e+00,1.48237059e-07,9.94694367e-01,5.30563298e-03
6.000000e-07,600.000000,1.200000e+01,5.000000e-08,2.96774194e+00,1.48387097e-07,9.94726029e-01,5.27397064e-03
6.000000e-07,600.000000,1.200000e+01,5.000000e-08,2.97074269e+00,1.48537134e-07,9.94757503e-01,5.24249675e-03
6.000000e-07,600.000000,1.200000e+01,5.000000e-08,2.97374344e+00,1.48687172e-07,9.94788790e-01,5.21121020e-03
6.000000e-07,600.000000,1.200000e+01,5.000000e-08,2.97674419e+00,1.48837209e-07,9.94819890e-01,5.18010989e-03
6.000000e-07,600.000000,1.200000e+01,5.000000e-08,2.97974494e+00,1.48987247e-07,9.94850805e-01,5.14919471e-03
6.000000e-07,600.000000,1.200000e+01,5.000000e-08,2.98274569e+00,1.49137284e-07,9.94881536e-01,5.11846356e-03
6.000000e-07,600.000000,1.200000e+01,5.000000e-08,2.98574644e+00,1.49287322e-07,9.94912085e-01,5.08791536e-03
6.000000e-07,600.000000,1.200000e+01,5.000000e-08,2.98874719e+00,1.49437359e-07,9.94942451e-01,5.05754902e-03
6.000000e-07,600.000000,1.200000e+01,5.000000e-08,2.99174794e+00,1.49587397e-07,9.94972637e-01,5.02736346e-03
6.000000e-07,600.000000,1.200000e+01,5.000000e-08,2.99474869e+00,1.49737434e-07,9.95002642e-01,4.99735762e-03
6.000000e-07,600.000000,1.200000e+01,5.000000e-08,2.99774944e+00,1.49887472e-07,9.95032470e-01,4.96753042e-03
6.000000e-07,600.000000,1.200000e+01,5.000000e-08,3.00075019e+00,1.50037509e-07,9.95062119e-01,4.93788081e-03
6.000000e-07,600.000000,1.200000e+01,5.000000e-08,3.00375094e+00,1.50187547e-07,9.95091592e-01,4.90840774e-03
6.000000e-07,600.000000,1.200000e+01,5.000000e-08,3.00675169e+00,1.50337584e-07,9.95120890e-01,4.87911017e-03
6.000000e-07,600.000000,1.200000e+01,5.000000e-08,3.00975244e+00,1.50487622e-07,9.95150013e-01,4.84998704e-03
6.000000e-07,600.000000,1.200000e+01,5.000000e-08,3.01275319e+00,1.50637659e-07,9.95178963e-01,4.82103734e-03
6.000000e-07,600.000000,1.200000e+01,5.000000e-08,3.01575394e+00,1.50787697e-07,9.95207740e-01,4.79226002e-03
6.000000e-07,600.000000,1.200000e+01,5.000000e-08,3.01875469e+00,1.50937734e-07,9.95236346e-01,4.76365408e-03
6.000000e-07,600.000000,1.200000e+01,5.000000e-08,3.02175544e+00,1.51087772e-07,9.95264782e-01,4.73521849e-03
6.000000e-07,600.000000,1.200000e+01,5.000000e-08,3.02475619e+00,1.51237809e-07,9.95293048e-01,4.70695224e-03
6.000000e-07,600.000000,1.200000e+01,5.000000e-08,3.02775694e+00,1.51387847e-07,9.95321146e-01,4.67885433e-03
6.000000e-07,600.000000,1.200000e+01,5.000000e-08,3.03075769e+00,1.51537884e-07,9.95349076e-01,4.65092377e-03
6.000000e-07,600.000000,1.200000e+01,5.000000e-08,3.03375844e+00,1.51687922e-07,9.95376840e-01,4.62315955e-03
6.000000e-07,600.000000,1.200000e+01,5.000000e-08,3.03675919e+00,1.51837959e-07,9.95404439e-01,4.59556070e-03
6.000000e-07,600.000000,1.200000e+01,5.000000e-08,3.03975994e+00,1.51987997e-07,9.95431874e-01,4.56812624e-03
6.000000e-07,600.000000,1.200000e+01,5.000000e-08,3.04276069e+00,1.52138035e-07,9.95459145e-01,4.54085518e-03
6.000000e-07,600.000000,1.200000e+01,5.000000e-08,3.04576144e+00,1.52288072e-07,9.95486253e-01,4.51374657e-03
6.000000e-07,600.000000,1.200000e+01,5.000000e-08,3.04876219e+00,1.52438110e-07,9.95513201e-01,4.48679943e-03
6.000000e-07,600.000000,1.200000e+01,5.000000e-08,3.05176294e+00,1.52588147e-07,9.95539987e-01,4.46001281e-03
6.000000e-07,600.000000,1.200000e+01,5.000000e-08,3.05476369e+00,1.52738185e-07,9.95566614e-01,4.43338576e-03
6.000000e-07,600.000000,1.200000e+01,5.000000e-08,3.05776444e+00,1.52888222e-07,9.95593083e-01,4.40691734e-03
6.000000e-07,600.000000,1.200000e+01,5.000000e-08,3.06076519e+00,1.53038260e-07,9.95619393e-01,4.38060659e-03
6.000000e-07,600.000000,1.200000e+01,5.000000e-08,3.06376594e+00,1.53188297e-07,9.95645547e-01,4.35445259e-03
6.000000e-07,600.000000,1.200000e+01,5.000000e-08,3.06676669e+00,1.53338335e-07,9.95671546e-01,4.32845441e-03
6.000000e-07,600.000000,1.200000e+01,5.000000e-08,3.06976744e+00,1.53488372e-07,9.95697389e-01,4.30261112e-03
6.000000e-07,600.000000,1.200000e+01,5.000000e-08,3.07276819e+00,1.53638410e-07,9.95723078e-01,4.27692180e-03
6.000000e-07,600.000000,1.200000e+01,5.000000e-08,3.07576894e+00,1.53788447e-07,9.95748614e-01,4.25138554e-03
6.000000e-07,600.000000,1.200000e+01,5.000000e-08,3.07876969e+00,1.53938485e-07,9.95773999e-01,4.22600143e-03
6.000000e-07,600.000000,1.200000e+01,5.000000e-08,3.08177044e+00,1.54088522e-07,9.95799231e-01,4.20076857e-03
6.000000e-07,600.000000,1.200000e+01,5.000000e-08,3.08477119e+00,1.54238560e-07,9.95824314e-01,4.17568607e-03
6.000000e-07,600.000000,1.200000e+01,5.000000e-08,3.08777194e+00,1.54388597e-07,9.95849247e-01,4.15075302e-03
6.000000e-07,600.000000,1.200000e+01,5.000000e-08,3.09077269e+00,1.54538635e-07,9.95874031e-01,4.12596855e-03
6.000000e-07,600.000000,1.200000e+01,5.000000e-08,3.09377344e+00,1.54688672e-07,9.95898668e-01,4.10133177e-03
6.000000e-07,600.000000,1.200000e+01,5.000000e-08,3.09677419e+00,1.54838710e-07,9.95923158e-01,4.07684180e-03
6.000000e-07,600.000000,1.200000e+01,5.000000e-08,3.09977494e+00,1.54988747e-07,9.95947502e-01,4.05249777e-03
6.000000e-07,600.000000,1.200000e+01,5.000000e-08,3.10277569e+00,1.55138785e-07,9.95971701e-01,4.02829883e-03
6.000000e-07,600.000000,1.200000e+01,5.000000e-08,3.10577644e+00,1.55288822e-07,9.95995756e-01,4.00424410e-03
6.000000e-07,600.000000,1.200000e+01,5.000000e-08,3.10877719e+00,1.55438860e-07,9.96019667e-01,3.98033273e-03
6.000000e-07,600.000000,1.200000e+01,5.000000e-08,3.11177794e+00,1.55588897e-07,9.96043436e-01,3.95656386e-03
6.000000e-07,600.000000,1.200000e+01,5.000000e-08,3.11477869e+00,1.55738935e-07,9.96067063e-01,3.93293667e-03
6.000000e-07,600.000000,1.200000e+01,5.000000e-08,3.11777944e+00,1.55888972e-07,9.96090550e-01,3.90945029e-03
6.000000e-07,600.000000,1.200000e+01,5.000000e-08,3.12078020e+00,1.56039010e-07,9.96113896e-01,3.88610390e-03
6.000000e-07,600.000000,1.200000e+01,5.000000e-08,3.12378095e+00,1.56189047e-07,9.96137103e-01,3.86289667e-03
6.000000e-07,600.000000,1.200000e+01,5.000000e-08,3.12678170e+00,1.56339085e-07,9.96160172e-01,3.83982776e-03
6.000000e-07,600.000000,1.200000e+01,5.000000e-08,3.12978245e+00,1.56489122e-07,9.96183104e-01,3.81689636e-03
6.000000e-07,600.000000,1.200000e+01,5.000000e-08,3.13278320e+00,1.56639160e-07,9.96205898e-01,3.79410166e-03
6.000000e-07,600.000000,1.200000e+01,5.000000e-08,3.13578395e+00,1.56789197e-07,9.96228557e-01,3.77144283e-03
6.000000e-07,600.000000,1.200000e+01,5.000000e-08,3.13878470e+00,1.56939235e-07,9.96251081e-01,3.74891908e-03
6.000000e-07,600.000000,1.200000e+01,5.000000e-08,3.14178545e+00,1.57089272e-07,9.96273470e-01,3.72652960e-03
6.000000e-07,600.000000,1.200000e+01,5.000000e-08,3.14478620e+00,1.57239310e-07,9.96295726e-01,3.70427359e-03
6.000000e-07,600.000000,1.200000e+01,5.000000e-08,3.14778695e+00,1.57389347e-07,9.96317850e-01,3.68215026e-03
6.000000e-07,600.000000,1.200000e+01,5.000000e-08,3.15078770e+00,1.57539385e-07,9.96339841e-01,3.66015882e-03
6.000000e-07,600.000000,1.200000e+01,5.000000e-08,3.15378845e+00,1.57689422e-07,9.96361702e-01,3.63829849e-03
6.000000e-07,600.000000,1.200000e+01,5.000000e-08,3.15678920e+00,1.57839460e-07,9.96383432e-01,3.61656850e-03
6.000000e-07,600.000000,1.200000e+01,5.000000e-08,3.15978995e+00,1.57989497e-07,9.96405032e-01,3.59496806e-03
6.000000e-07,600.000000,1.200000e+01,5.000000e-08,3.16279070e+00,1.58139535e-07,9.96426504e-01,3.57349640e-03
6.000000e-07,600.000000,1.200000e+01,5.000000e-08,3.16579145e+00,1.58289572e-07,9.96447847e-01,3.55215277e-03
6.000000e-07,600.000000,1.200000e+01,5.000000e-08,3.16879220e+00,1.58439610e-07,9.96469064e-01,3.53093640e-03
6.000000e-07,600.000000,1.200000e+01,5.000000e-08,3.17179295e+00,1.58589647e-07,9.96490153e-01,3.50984653e-03
6.000000e-07,600.000000,1.200000e+01,5.000000e-08,3.17479370e+00,1.58739685e-07,9.96511118e-01,3.48888242e-03
6.000000e-07,600.000000,1.200000e+01,5.000000e-08,3.17779445e+00,1.58889722e-07,9.96531957e-01,3.46804331e-03
6.000000e-07,600.000000,1.200000e+01,5.000000e-08,3.18079520e+00,1.59039760e-07,9.96552672e-01,3.44732847e-03
6.000000e-07,600.000000,1.200000e+01,5.000000e-08,3.18379595e+00,1.59189797e-07,9.96573263e-01,3.42673715e-03
6.000000e-07,600.000000,1.200000e+01,5.000000e-08,3.18679670e+00,1.59339835e-07,9.96593731e-01,3.40626862e-03
6.000000e-07,600.000000,1.200000e+01,5.000000e-08,3.18979745e+00,1.59489872e-07,9.96614078e-01,3.38592215e-03
6.000000e-07,600.000000,1.200000e+01,5.000000e-08,3.19279820e+00,1.59639910e-07,9.96634303e-01,3.36569702e-03
6.000000e-07,600.000000,1.200000e+01,5.000000e-08,3.19579895e+00,1.59789947e-07,9.96654407e-01,3.34559250e-03
6.000000e-07,600.000000,1.200000e+01,5.000000e-08,3.19879970e+00,1.59939985e-07,9.96674392e-01,3.32560789e-03
6.000000e-07,600.000000,1.200000e+01,5.000000e-08,3.20180045e+00,1.60090023e-07,9.96694258e-01,3.30574245e-03
6.000000e-07,600.000000,1.200000e+01,5.000000e-08,3.20480120e+00,1.60240060e-07,9.96714005e-01,3.28599550e-03
6.000000e-07,600.000000,1.200000e+01,5.000000e-08,3.20780195e+00,1.60390098e-07,9.96733634e-01,3.26636631e-03
6.000000e-07,600.000000,1.200000e+01,5.000000e-08,3.21080270e+00,1.60540135e-07,9.96753146e-01,3.24685420e-03
6.000000e-07,600.000000,1.200000e+01,5.000000e-08,3.21380345e+00,1.60690173e-07,9.96772542e-01,3.22745847e-03
6.000000e-07,600.000000,1.200000e+01,5.000000e-08,3.21680420e+00,1.60840210e-07,9.96791822e-01,3.20817842e-03
6.000000e-07,600.000000,1.200000e+01,5.000000e-08,3.21980495e+00,1.60990248e-07,9.96810987e-01,3.18901337e-03
6.000000e-07,600.000000,1.200000e+01,5.000000e-08,3.22280570e+00,1.61140285e-07,9.96830037e-01,3.16996263e-03
6.000000e-07,600.000000,1.200000e+01,5.000000e-08,3.22580645e+00,1.61290323e-07,9.96848974e-01,3.15102552e-03
6.000000e-07,600.000000,1.200000e+01,5.000000e-08,3.22880720e+00,1.61440360e-07,9.96867799e-01,3.13220137e-03
6.000000e-07,600.000000,1.200000e+01,5.000000e-08,3.23180795e+00,1.61590398e-07,9.96886510e-01,3.11348951e-03
6.000000e-07,600.000000,1.200000e+01,5.000000e-08,3.23480870e+00,1.61740435e-07,9.96905111e-01,3.09488927e-03
6.000000e-07,600.000000,1.200000e+01,5.000000e-08,3.23780945e+00,1.61890473e-07,9.96923600e-01,3.07639998e-03
6.000000e-07,600.000000,1.200000e+01,5.000000e-08,3.24081020e+00,1.62040510e-07,9.96941979e-01,3.05802099e-03
6.000000e-07,600.000000,1.200000e+01,5.000000e-08,3.24381095e+00,1.62190548e-07,9.96960248e-01,3.03975164e-03
6.000000e-07,600.000000,1.200000e+01,5.000000e-08,3.24681170e+00,1.62340585e-07,9.96978409e-01,3.02159128e-03
6.000000e-07,600.000000,1.200000e+01,5.000000e-08,3.24981245e+00,1.62490623e-07,9.96996461e-01,3.00353925e-03
6.000000e-07,600.000000,1.200000e+01,5.000000e-08,3.25281320e+00,1.62640660e-07,9.97014405e-01,2.98559492e-03
6.000000e-07,600.000000,1.200000e+01,5.000000e-08,3.25581395e+00,1.62790698e-07,9.97032242e-01,2.96775765e-03
6.000000e-07,600.000000,1.200000e+01,5.000000e-08,3.25881470e+00,1.62940735e-07,9.97049973e-01,2.95002679e-03
6.000000e-07,600.000000,1.200000e+01,5.000000e-08,3.26181545e+00,1.63090773e-07,9.97067598e-01,2.93240171e-03
6.000000e-07,600.000000,1.200000e+01,5.000000e-08,3.26481620e+00,1.63240810e-07,9.97085118e-01,2.91488180e-03
6.000000e-07,600.000000,1.200000e+01,5.000000e-08,3.26781695e+00,1.63390848e-07,9.97102534e-01,2.89746641e-03
6.000000e-07,600.000000,1.200000e+01,5.000000e-08,3.27081770e+00,1.63540885e-07,9.97119845e-01,2.88015493e-03
6.000000e-07,600.000000,1.200000e+01,5.000000e-08,3.27381845e+00,1.63690923e-07,9.97137053e-01,2.86294674e-03
6.000000e-07,600.000000,1.200000e+01,5.000000e-08,3.27681920e+00,1.63840960e-07,9.97154159e-01,2.84584122e-03
6.000000e-07,600.000000,1.200000e+01,5.000000e-08,3.27981995e+00,1.63990998e-07,9.97171162e-01,2.82883777e-03
6.000000e-07,600.000000,1.200000e+01,5.000000e-08,3.28282071e+00,1.64141035e-07,9.97188064e-01,2.81193578e-03
6.000000e-07,600.000000,1.200000e+01,5.000000e-08,3.28582146e+00,1.64291073e-07,9.97204865e-01,2.79513464e-03
6.000000e-07,600.000000,1.200000e+01,5.000000e-08,3.28882221e+00,1.64441110e-07,9.97221566e-01,2.77843376e-03
6.000000e-07,600.000000,1.200000e+01,5.000000e-08,3.29182296e+00,1.64591148e-07,9.97238167e-01,2.76183253e-03
6.000000e-07,600.000000,1.200000e+01,5.000000e-08,3.29482371e+00,1.64741185e-07,9.97254670e-01,2.74533037e-03
6.000000e-07,600.000000,1.200000e+01,5.000000e-08,3.29782446e+00,1.64891223e-07,9.97271073e-01,2.72892668e-03
6.000000e-07,600.000000,1.200000e+01,5.000000e-08,3.30082521e+00,1.65041260e-07,9.97287379e-01,2.71262088e-03
6.000000e-07,600.000000,1.200000e+01,5.000000e-08,3.30382596e+00,1.65191298e-07,9.97303588e-01,2.69641239e-03
6.000000e-07,600.000000,1.200000e+01,5.000000e-08,3.30682671e+00,1.65341335e-07,9.97319699e-01,2.68030062e-03
6.000000e-07,600.000000,1.200000e+01,5.000000e-08,3.30982746e+00,1.65491373e-07,9.97335715e-01,2.66428501e-03
6.000000e-07,600.000000,1.200000e+01,5.000000e-08,3.31282821e+00,1.65641410e-07,9.97351635e-01,2.64836497e-03
6.000000e-07,600.000000,1.200000e+01,5.000000e-08,3.31582896e+00,1.65791448e-07,9.97367460e-01,2.63253995e-03
6.000000e-07,600.000000,1.200000e+01,5.000000e-08,3.31882971e+00,1.65941485e-07,9.97383191e-01,2.61680937e-03
6.000000e-07,600.000000,1.200000e+01,5.000000e-08,3.32183046e+00,1.66091523e-07,9.97398827e-01,2.60117267e-03
6.000000e-07,600.000000,1.200000e+01,5.000000e-08,3.32483121e+00,1.66241560e-07,9.97414371e-01,2.58562930e-03
6.000000e-07,600.000000,1.200000e+01,5.000000e-08,3.32783196e+00,1.66391598e-07,9.97429821e-01,2.57017870e-03
6.000000e-07,600.000000,1.200000e+01,5.000000e-08,3.33083271e+00,1.66541635e-07,9.97445180e-01,2.55482031e-03
6.000000e-07,600.000000,1.200000e+01,5.000000e-08,3.33383346e+00,1.66691673e-07,9.97460446e-01,2.53955359e-03
6.000000e-07,600.000000,1.200000e+01,5.000000e-08,3.33683421e+00,1.66841710e-07,9.97475622e-01,2.52437799e-03
6.000000e-07,600.000000,1.200000e+01,5.000000e-08,3.33983496e+00,1.66991748e-07,9.97490707e-01,2.50929298e-03
6.000000e-07,600.000000,1.200000e+01,5.000000e-08,3.34283571e+00,1.67141785e-07,9.97505702e-01,2.49429800e-03
6.000000e-07,600.000000,1.200000e+01,5.000000e-08,3.34583646e+00,1.67291823e-07,9.97520607e-01,2.47939252e-03
6.000000e-07,600.000000,1.200000e+01,5.000000e-08,3.34883721e+00,1.67441860e-07,9.97535424e-01,2.46457602e-03
6.000000e-07,600.000000,1.200000e+01,5.000000e-08,3.35183796e+00,1.67591898e-07,9.97550152e-01,2.44984796e-03
6.000000e-07,600.000000,1.200000e+01,5.000000e-08,3.35483871e+00,1.67741935e-07,9.97564792e-01,2.43520781e-03
6.000000e-07,600.000000,1.200000e+01,5.000000e-08,3.35783946e+00,1.67891973e-07,9.97579345e-01,2.42065506e-03
6.000000e-07,600.000000,1.200000e+01,5.000000e-08,3.36084021e+00,1.68042011e-07,9.97593811e-01,2.40618917e-03
6.000000e-07,600.000000,1.200000e+01,5.000000e-08,3.36384096e+00,1.68192048e-07,9.97608190e-01,2.39180964e-03
6.000000e-07,600.000000,1.200000e+01,5.000000e-08,3.36684171e+00,1.68342086e-07,9.97622484e-01,2.37751595e-03
6.000000e-07,600.000000,1.200000e+01,5.000000e-08,3.36984246e+00,1.68492123e-07,9.97636692e-01,2.36330759e-03
6.000000e-07,600.000000,1.200000e+01,5.000000e-08,3.37284321e+00,1.68642161e-07,9.97650816e-01,2.34918405e-03
6.000000e-07,600.000000,1.200000e+01,5.000000e-08,3.37584396e+00,1.68792198e-07,9.97664855e-01,2.33514482e-03
6.000000e-07,600.000000,1.200000e+01,5.000000e-08,3.37884471e+00,1.68942236e-07,9.97678811e-01,2.32118941e-03
6.000000e-07,600.000000,1.200000e+01,5.000000e-08,3.38184546e+00,1.69092273e-07,9.97692683e-01,2.30731731e-03
6.000000e-07,600.000000,1.200000e+01,5.000000e-08,3.38484621e+00,1.69242311e-07,9.97706472e-01,2.29352803e-03
6.000000e-07,600.000000,1.200000e+01,5.000000e-08,3.38784696e+00,1.69392348e-07,9.97720179e-01,2.27982107e-03
6.000000e-07,600.000000,1.200000e+01,5.000000e-08,3.39084771e+00,1.69542386e-07,9.97733804e-01,2.26619595e-03
6.000000e-07,600.000000,1.200000e+01,5.000000e-08,3.39384846e+00,1.69692423e-07,9.97747348e-01,2.25265218e-03
6.000000e-07,600.000000,1.200000e+01,5.000000e-08,3.39684921e+00,1.69842461e-07,9.97760811e-01,2.23918926e-03
6.000000e-07,600.000000,1.200000e+01,5.000000e-08,3.39984996e+00,1.69992498e-07,9.97774193e-01,2.22580673e-03
6.000000e-07,600.000000,1.200000e+01,5.000000e-08,3.40285071e+00,1.70142536e-07,9.97787496e-01,2.21250410e-03
6.000000e-07,600.000000,1.200000e+01,5.000000e-08,3.40585146e+00,1.70292573e-07,9.97800719e-01,2.19928089e-03
6.000000e-07,600.000000,1.200000e+01,5.000000e-08,3.40885221e+00,1.70442611e-07,9.97813863e-01,2.18613664e-03
6.000000e-07,600.000000,1.200000e+01,5.000000e-08,3.41185296e+00,1.70592648e-07,9.97826929e-01,2.17307087e-03
6.000000e-07,600.000000,1.200000e+01,5.000000e-08,3.41485371e+00,1.70742686e-07,9.97839917e-01,2.16008312e-03
6.000000e-07,600.000000,1.200000e+01,5.000000e-08,3.41785446e+00,1.70892723e-07,9.97852827e-01,2.14717292e-03
6.000000e-07,600.000000,1.200000e+01,5.000000e-08,3.42085521e+00,1.71042761e-07,9.97865660e-01,2.13433980e-03
6.000000e-07,600.000000,1.200000e+01,5.000000e-08,3.42385596e+00,1.71192798e-07,9.97878417e-01,2.12158331e-03
6.000000e-07,600.000000,1.200000e+01,5.000000e-08,3.42685671e+00,1.71342836e-07,9.97891097e-01,2.10890300e-03
6.000000e-07,600.000000,1.200000e+01,5.000000e-08,3.42985746e+00,1.71492873e-07,9.97903702e-01,2.09629840e-03
6.000000e-07,600.000000,1.200000e+01,5.000000e-08,3.43285821e+00,1.71642911e-07,9.97916231e-01,2.08376907e-03
6.000000e-07,600.000000,1.200000e+01,5.000000e-08,3.43585896e+00,1.71792948e-07,9.97928685e-01,2.07131457e-03
6.000000e-07,600.000000,1.200000e+01,5.000000e-08,3.43885971e+00,1.71942986e-07,9.97941066e-01,2.05893443e-03
6.000000e-07,600.000000,1.200000e+01,5.000000e-08,3.44186047e+00,1.72093023e-07,9.97953372e-01,2.04662822e-03
6.000000e-07,600.000000,1.200000e+01,5.000000e-08,3.44486122e+00,1.72243061e-07,9.97965604e-01,2.03439551e-03
6.000000e-07,600.000000,1.200000e+01,5.000000e-08,3.44786197e+00,1.72393098e-07,9.97977764e-01,2.02223584e-03
6.000000e-07,600.000000,1.200000e+01,5.000000e-08,3.45086272e+00,1.72543136e-07,9.97989851e-01,2.01014879e-03
6.000000e-07,600.000000,1.200000e+01,5.000000e-08,3.45386347e+00,1.72693173e-07,9.98001866e-01,1.99813393e-03
6.000000e-07,600.000000,1.200000e+01,5.000000e-08,3.45686422e+00,1.72843211e-07,9.98013809e-01,1.98619082e-03
6.000000e-07,600.000000,1.200000e+01,5.000000e-08,3.45986497e+00,1.72993248e-07,9.98025681e-01,1.97431903e-03
6.000000e-07,600.000000,1.200000e+01,5.000000e-08,3.46286572e+00,1.73143286e-07,9.98037482e-01,1.96251815e-03
6.000000e-07,600.000000,1.200000e+01,5.000000e-08,3.46586647e+00,1.73293323e-07,9.98049212e-01,1.95078774e-03
6.000000e-07,600.000000,1.200000e+01,5.000000e-08,3.46886722e+00,1.73443361e-07,9.98060873e-01,1.93912739e-03
6.000000e-07,600.000000,1.200000e+01,5.000000e-08,3.47186797e+00,1.73593398e-07,9.98072463e-01,1.92753669e-03
6.000000e-07,600.000000,1.200000e+01,5.000000e-08,3.47486872e+00,1.73743436e-07,9.98083985e-01,1.91601521e-03
6.000000e-07,600.000000,1.200000e+01,5.000000e-08,3.47786947e+00,1.73893473e-07,9.98095437e-01,1.90456254e-03
6.000000e-07,600.000000,1.200000e+01,5.000000e-08,3.48087022e+00,1.74043511e-07,9.98106822e-01,1.89317827e-03
6.000000e-07,600.000000,1.200000e+01,5.000000e-08,3.48387097e+00,1.74193548e-07,9.98118138e-01,1.88186200e-03
6.000000e-07,600.000000,1.200000e+01,5.000000e-08,3.48687172e+00,1.74343586e-07,9.98129387e-01,1.87061332e-03
6.000000e-07,600.000000,1.200000e+01,5.000000e-08,3.48987247e+00,1.74493623e-07,9.98140568e-01,1.85943183e-03
6.000000e-07,600.000000,1.200000e+01,5.000000e-08,3.49287322e+00,1.74643661e-07,9.98151683e-01,1.84831712e-03
6.000000e-07,600.000000,1.200000e+01,5.000000e-08,3.49587397e+00,1.74793698e-07,9.98162731e-01,1.83726880e-03
6.000000e-07,600.000000,1.200000e+01,5.000000e-08,3.49887472e+00,1.74943736e-07,9.98173714e-01,1.82628648e-03
6.000000e-07,600.000000,1.200000e+01,5.000000e-08,3.50187547e+00,1.75093773e-07,9.98184630e-01,1.81536975e-03
6.000000e-07,600.000000,1.200000e+01,5.000000e-08,3.50487622e+00,1.75243811e-07,9.98195482e-01,1.80451823e-03
6.000000e-07,600.000000,1.200000e+01,5.000000e-08,3.50787697e+00,1.75393848e-07,9.98206268e-01,1.79373153e-03
6.000000e-07,600.000000,1.200000e+01,5.000000e-08,3.51087772e+00,1.75543886e-07,9.98216991e-01,1.78300927e-03
6.000000e-07,600.000000,1.200000e+01,5.000000e-08,3.51387847e+00,1.75693923e-07,9.98227649e-01,1.77235105e-03
6.000000e-07,600.000000,1.200000e+01,5.000000e-08,3.51687922e+00,1.75843961e-07,9.98238243e-01,1.76175650e-03
6.000000e-07,600.000000,1.200000e+01,5.000000e-08,3.51987997e+00,1.75993998e-07,9.98248775e-01,1.75122524e-03
6.000000e-07,600.000000,1.200000e+01,5.000000e-08,3.52288072e+00,1.76144036e-07,9.98259243e-01,1.74075689e-03
6.000000e-07,600.000000,1.200000e+01,5.000000e-08,3.52588147e+00,1.76294074e-07,9.98269649e-01,1.73035107e-03
6.000000e-07,600.000000,1.200000e+01,5.000000e-08,3.52888222e+00,1.76444111e-07,9.98279993e-01,1.72000742e-03
6.000000e-07,600.000000,1.200000e+01,5.000000e-08,3.53188297e+00,1.76594149e-07,9.98290274e-01,1.70972556e-03
6.000000e-07,600.000000,1.200000e+01,5.000000e-08,3.53488372e+00,1.76744186e-07,9.98300495e-01,1.69950512e-03
6.000000e-07,600.000000,1.200000e+01,5.000000e-08,3.53788447e+00,1.76894224e-07,9.98310654e-01,1.68934573e-03
6.000000e-07,600.000000,1.200000e+01,5.000000e-08,3.54088522e+00,1.77044261e-07,9.98320753e-01,1.67924705e-03
6.000000e-07,600.000000,1.200000e+01,5.000000e-08,3.54388597e+00,1.77194299e-07,9.98330791e-01,1.66920869e-03
6.000000e-07,600.000000,1.200000e+01,5.000000e-08,3.54688672e+00,1.77344336e-07,9.98340770e-01,1.65923030e-03
6.000000e-07,600.000000,1.200000e+01,5.000000e-08,3.54988747e+00,1.77494374e-07,9.98350688e-01,1.64931153e-03
6.000000e-07,600.000000,1.200000e+01,5.000000e-08,3.55288822e+00,1.77644411e-07,9.98360548e-01,1.63945201e-03
6.000000e-07,600.000000,1.200000e+01,5.000000e-08,3.55588897e+00,1.77794449e-07,9.98370349e-01,1.62965140e-03
6.000000e-07,600.000000,1.200000e+01,5.000000e-08,3.55888972e+00,1.77944486e-07,9.98380091e-01,1.61990935e-03
6.000000e-07,600.000000,1.200000e+01,5.000000e-08,3.56189047e+00,1.78094524e-07,9.98389775e-01,1.61022550e-03
6.000000e-07,600.000000,1.200000e+01,5.000000e-08,3.56489122e+00,1.78244561e-07,9.98399400e-01,1.60059950e-03
6.000000e-07,600.000000,1.200000e+01,5.000000e-08,3.56789197e+00,1.78394599e-07,9.98408969e-01,1.59103102e-03
6.000000e-07,600.000000,1.200000e+01,5.000000e-08,3.57089272e+00,1.78544636e-07,9.98418480e-01,1.58151971e-03
6.000000e-07,600.000000,1.200000e+01,5.000000e-08,3.57389347e+00,1.78694674e-07,9.98427935e-01,1.57206522e-03
6.000000e-07,600.000000,1.200000e+01,5.000000e-08,3.57689422e+00,1.78844711e-07,9.98437333e-01,1.56266723e-03
6.000000e-07,600.000000,1.200000e+01,5.000000e-08,3.57989497e+00,1.78994749e-07,9.98446675e-01,1.55332538e-03
6.000000e-07,600.000000,1.200000e+01,5.000000e-08,3.58289572e+00,1.79144786e-07,9.98455961e-01,1.54403936e-03
6.000000e-07,600.000000,1.200000e+01,5.000000e-08,3.58589647e+00,1.79294824e-07,9.98465191e-01,1.53480882e-03
6.000000e-07,600.000000,1.200000e+01,5.000000e-08,3.58889722e+00,1.79444861e-07,9.98474367e-01,1.52563343e-03
6.000000e-07,600.000000,1.200000e+01,5.000000e-08,3.59189797e+00,1.79594899e-07,9.98483487e-01,1.51651287e-03
6.000000e-07,600.000000,1.200000e+01,5.000000e-08,3.59489872e+00,1.79744936e-07,9.98492553e-01,1.50744680e-03
6.000000e-07,600.000000,1.200000e+01,5.000000e-08,3.59789947e+00,1.79894974e-07,9.98501565e-01,1.49843491e-03
6.000000e-07,600.000000,1.200000e+01,5.000000e-08,3.60090023e+00,1.80045011e-07,9.98510523e-01,1.48947687e-03
6.000000e-07,600.000000,1.200000e+01,5.000000e-08,3.60390098e+00,1.80195049e-07,9.98519428e-01,1.48057236e-03
6.000000e-07,600.000000,1.200000e+01,5.000000e-08,3.60690173e+00,1.80345086e-07,9.98528279e-01,1.47172105e-03
6.000000e-07,600.000000,1.200000e+01,5.000000e-08,3.60990248e+00,1.80495124e-07,9.98537077e-01,1.46292264e-03
6.000000e-07,600.000000,1.200000e+01,5.000000e-08,3.61290323e+00,1.80645161e-07,9.98545823e-01,1.45417680e-03
6.000000e-07,600.000000,1.200000e+01,5.000000e-08,3.61590398e+00,1.80795199e-07,9.98554517e-01,1.44548323e-03
6.000000e-07,600.000000,1.200000e+01,5.000000e-08,3.61890473e+00,1.80945236e-07,9.98563158e-01,1.43684160e-03
6.000000e-07,600.000000,1.200000e+01,5.000000e-08,3.62190548e+00,1.81095274e-07,9.98571748e-01,1.42825162e-03
6.000000e-07,600.000000,1.200000e+01,5.000000e-08,3.62490623e+00,1.81245311e-07,9.98580287e-01,1.41971297e-03
6.000000e-07,600.000000,1.200000e+01,5.000000e-08,3.62790698e+00,1.81395349e-07,9.98588775e-01,1.41122535e-03
6.000000e-07,600.000000,1.200000e+01,5.000000e-08,3.63090773e+00,1.81545386e-07,9.98597212e-01,1.40278845e-03
6.000000e-07,600.000000,1.200000e+01,5.000000e-08,3.63390848e+00,1.81695424e-07,9.98605598e-01,1.39440197e-03
6.000000e-07,600.000000,1.200000e+01,5.000000e-08,3.63690923e+00,1.81845461e-07,9.98613934e-01,1.38606560e-03
6.000000e-07,600.000000,1.200000e+01,5.000000e-08,3.63990998e+00,1.81995499e-07,9.98622221e-01,1.37777906e-03
6.000000e-07,600.000000,1.200000e+01,5.000000e-08,3.64291073e+00,1.82145536e-07,9.98630458e-01,1.36954204e-03
6.000000e-07,600.000000,1.200000e+01,5.000000e-08,3.64591148e+00,1.82295574e-07,9.98638646e-01,1.36135425e-03
6.000000e-07,600.000000,1.200000e+01,5.000000e-08,3.64891223e+00,1.82445611e-07,9.98646785e-01,1.35321539e-03
6.000000e-07,600.000000,1.200000e+01,5.000000e-08,3.65191298e+00,1.82595649e-07,9.98654875e-01,1.34512517e-03
6.000000e-07,600.000000,1.200000e+01,5.000000e-08,3.65491373e+00,1.82745686e-07,9.98662917e-01,1.33708330e-03
6.000000e-07,600.000000,1.200000e+01,5.000000e-08,3.65791448e+00,1.82895724e-07,9.98670911e-01,1.32908950e-03
6.000000e-07,600.000000,1.200000e+01,5.000000e-08,3.66091523e+00,1.83045761e-07,9.98678857e-01,1.32114347e-03
6.000000e-07,600.000000,1.200000e+01,5.000000e-08,3.66391598e+00,1.83195799e-07,9.98686755e-01,1.31324493e-03
6.000000e-07,600.000000,1.200000e+01,5.000000e-08,3.66691673e+00,1.83345836e-07,9.98694606e-01,1.30539360e-03
6.000000e-07,600.000000,1.200000e+01,5.000000e-08,3.66991748e+00,1.83495874e-07,9.98702411e-01,1.29758919e-03
6.000000e-07,600.000000,1.200000e+01,5.000000e-08,3.67291823e+00,1.83645911e-07,9.98710169e-01,1.28983143e-03
6.000000e-07,600.000000,1.200000e+01,5.000000e-08,3.67591898e+00,1.83795949e-07,9.98717880e-01,1.28212004e-03
6.000000e-07,600.000000,1.200000e+01,5.000000e-08,3.67891973e+00,1.83945986e-07,9.98725545e-01,1.27445474e-03
6.000000e-07,600.000000,1.200000e+01,5.000000e-08,3.68192048e+00,1.84096024e-07,9.98733165e-01,1.26683526e-03
6.000000e-07,600.000000,1.200000e+01,5.000000e-08,3.68492123e+00,1.84246062e-07,9.98740739e-01,1.25926131e-03
6.000000e-07,600.000000,1.200000e+01,5.000000e-08,3.68792198e+00,1.84396099e-07,9.98748267e-01,1.25173264e-03
6.000000e-07,600.000000,1.200000e+01,5.000000e-08,3.69092273e+00,1.84546137e-07,9.98755751e-01,1.24424897e-03
6.000000e-07,600.000000,1.200000e+01,5.000000e-08,3.69392348e+00,1.84696174e-07,9.98763190e-01,1.23681003e-03
6.000000e-07,600.000000,1.200000e+01,5.000000e-08,3.69692423e+00,1.84846212e-07,9.98770584e-01,1.22941556e-03
6.000000e-07,600.000000,1.200000e+01,5.000000e-08,3.69992498e+00,1.84996249e-07,9.98777935e-01,1.22206528e-03
6.000000e-07,600.000000,1.200000e+01,5.000000e-08,3.70292573e+00,1.85146287e-07,9.98785241e-01,1.21475894e-03
6.000000e-07,600.000000,1.200000e+01,5.000000e-08,3.70592648e+00,1.85296324e-07,9.98792504e-01,1.20749628e-03
6.000000e-07,600.000000,1.200000e+01,5.000000e-08,3.70892723e+00,1.85446362e-07,9.98799723e-01,1.20027703e-03
6.000000e-07,600.000000,1.200000e+01,5.000000e-08,3.71192798e+00,1.85596399e-07,9.98806899e-01,1.19310093e-03
6.000000e-07,600.000000,1.200000e+01,5.000000e-08,3.71492873e+00,1.85746437e-07,9.98814032e-01,1.18596772e-03
6.000000e-07,600.000000,1.200000e+01,5.000000e-08,3.71792948e+00,1.85896474e-07,9.98821123e-01,1.17887716e-03
6.000000e-07,600.000000,1.200000e+01,5.000000e-08,3.72093023e+00,1.86046512e-07,9.98828171e-01,1.17182899e-03
6.000000e-07,600.000000,1.200000e+01,5.000000e-08,3.72393098e+00,1.86196549e-07,9.98835177e-01,1.16482294e-03
6.000000e-07,600.000000,1.200000e+01,5.000000e-08,3.72693173e+00,1.86346587e-07,9.98842141e-01,1.15785878e-03
6.000000e-07,600.000000,1.200000e+01,5.000000e-08,3.72993248e+00,1.86496624e-07,9.98849064e-01,1.15093625e-03
6.000000e-07,600.000000,1.200000e+01,5.000000e-08,3.73293323e+00,1.86646662e-07,9.98855945e-01,1.14405511e-03
6.000000e-07,600.000000,1.200000e+01,5.000000e-08,3.73593398e+00,1.86796699e-07,9.98862785e-01,1.13721509e-03
6.000000e-07,600.000000,1.200000e+01,5.000000e-08,3.73893473e+00,1.86946737e-07,9.98869584e-01,1.13041597e-03
6.000000e-07,600.000000,1.200000e+01,5.000000e-08,3.74193548e+00,1.87096774e-07,9.98876342e-01,1.12365750e-03
6.000000e-07,600.000000,1.200000e+01,5.000000e-08,3.74493623e+00,1.87246812e-07,9.98883061e-01,1.11693943e-03
6.000000e-07,600.000000,1.200000e+01,5.000000e-08,3.74793698e+00,1.87396849e-07,9.98889738e-01,1.11026152e-03
6.000000e-07,600.000000,1.200000e+01,5.000000e-08,3.75093773e+00,1.87546887e-07,9.98896376e-01,1.10362354e-03
6.000000e-07,600.000000,1.200000e+01,5.000000e-08,3.75393848e+00,1.87696924e-07,9.98902975e-01,1.09702524e-03
6.000000e-07,600.000000,1.200000e+01,5.000000e-08,3.75693923e+00,1.87846962e-07,9.98909534e-01,1.09046639e-03
6.000000e-07,600.000000,1.200000e+01,5.000000e-08,3.75993998e+00,1.87996999e-07,9.98916053e-01,1.08394675e-03
6.000000e-07,600.000000,1.200000e+01,5.000000e-08,3.76294074e+00,1.88147037e-07,9.98922534e-01,1.07746609e-03
6.000000e-07,600.000000,1.200000e+01,5.000000e-08,3.76594149e+00,1.88297074e-07,9.98928976e-01,1.07102417e-03
6.000000e-07,600.000000,1.200000e+01,5.000000e-08,3.76894224e+00,1.88447112e-07,9.98935379e-01,1.06462077e-03
6.000000e-07,600.000000,1.200000e+01,5.000000e-08,3.77194299e+00,1.88597149e-07,9.98941744e-01,1.05825565e-03
6.000000e-07,600.000000,1.200000e+01,5.000000e-08,3.77494374e+00,1.88747187e-07,9.98948071e-01,1.05192859e-03
6.000000e-07,600.000000,1.200000e+01,5.000000e-08,3.77794449e+00,1.88897224e-07,9.98954361e-01,1.04563936e-03
6.000000e-07,600.000000,1.200000e+01,5.000000e-08,3.78094524e+00,1.89047262e-07,9.98960612e-01,1.03938773e-03
6.000000e-07,600.000000,1.200000e+01,5.000000e-08,3.78394599e+00,1.89197299e-07,9.98966827e-01,1.03317348e-03
6.000000e-07,600.000000,1.200000e+01,5.000000e-08,3.78694674e+00,1.89347337e-07,9.98973004e-01,1.02699638e-03
6.000000e-07,600.000000,1.200000e+01,5.000000e-08,3.78994749e+00,1.89497374e-07,9.98979144e-01,1.02085622e-03
6.000000e-07,600.000000,1.200000e+01,5.000000e-08,3.79294824e+00,1.89647412e-07,9.98985247e-01,1.01475277e-03
6.000000e-07,600.000000,1.200000e+01,5.000000e-08,3.79594899e+00,1.89797449e-07,9.98991314e-01,1.00868582e-03
6.000000e-07,600.000000,1.200000e+01,5.000000e-08,3.79894974e+00,1.89947487e-07,9.98997345e-01,1.00265514e-03
6.000000e-07,600.000000,1.200000e+01,5.000000e-08,3.80195049e+00,1.90097524e-07,9.99003339e-01,9.96660520e-04
6.000000e-07,600.000000,1.200000e+01,5.000000e-08,3.80495124e+00,1.90247562e-07,9.99009298e-01,9.90701745e-04
6.000000e-07,600.000000,1.200000e+01,5.000000e-08,3.80795199e+00,1.90397599e-07,9.99015221e-01,9.84778600e-04
6.000000e-07,600.000000,1.200000e+01,5.000000e-08,3.81095274e+00,1.90547637e-07,9.99021109e-01,9.78890873e-04
6.000000e-07,600.000000,1.200000e+01,5.000000e-08,3.81395349e+00,1.90697674e-07,9.99026962e-01,9.73038351e-04
6.000000e-07,600.000000,1.200000e+01,5.000000e-08,3.81695424e+00,1.90847712e-07,9.99032779e-01,9.67220826e-04
6.000000e-07,600.000000,1.200000e+01,5.000000e-08,3.81995499e+00,1.90997749e-07,9.99038562e-01,9.61438087e-04
6.000000e-07,600.000000,1.200000e+01,5.000000e-08,3.82295574e+00,1.91147787e-07,9.99044310e-01,9.55689928e-04
6.000000e-07,600.000000,1.200000e+01,5.000000e-08,3.82595649e+00,1.91297824e-07,9.99050024e-01,9.49976141e-04
6.000000e-07,600.000000,1.200000e+01,5.000000e-08,3.82895724e+00,1.91447862e-07,9.99055703e-01,9.44296522e-04
6.000000e-07,600.000000,1.200000e+01,5.000000e-08,3.83195799e+00,1.91597899e-07,9.99061349e-01,9.38650867e-04
6.000000e-07,600.000000,1.200000e+01,5.000000e-08,3.83495874e+00,1.91747937e-07,9.99066961e-01,9.33038973e-04
6.000000e-07,600.000000,1.200000e+01,5.000000e-08,3.83795949e+00,1.91897974e-07,9.99072539e-01,9.27460638e-04
6.000000e-07,600.000000,1.200000e+01,5.000000e-08,3.84096024e+00,1.92048012e-07,9.99078084e-01,9.21915662e-04
6.000000e-07,600.000000,1.200000e+01,5.000000e-08,3.84396099e+00,1.92198050e-07,9.99083596e-01,9.16403845e-04
6.000000e-07,600.000000,1.200000e+01,5.000000e-08,3.84696174e+00,1.92348087e-07,9.99089075e-01,9.10924991e-04
6.000000e-07,600.000000,1.200000e+01,5.000000e-08,3.84996249e+00,1.92498125e-07,9.99094521e-01,9.05478901e-04
6.000000e-07,600.000000,1.200000e+01,5.000000e-08,3.85296324e+00,1.92648162e-07,9.99099935e-01,9.00065381e-04
6.000000e-07,600.000000,1.200000e+01,5.000000e-08,3.85596399e+00,1.92798200e-07,9.99105316e-01,8.94684236e-04
6.000000e-07,600.000000,1.200000e+01,5.000000e-08,3.85896474e+00,1.92948237e-07,9.99110665e-01,8.89335272e-04
6.000000e-07,600.000000,1.200000e+01,5.000000e-08,3.86196549e+00,1.93098275e-07,9.99115982e-01,8.84018298e-04
6.000000e-07,600.000000,1.200000e+01,5.000000e-08,3.86496624e+00,1.93248312e-07,9.99121267e-01,8.78733123e-04
6.000000e-07,600.000000,1.200000e+01,5.000000e-08,3.86796699e+00,1.93398350e-07,9.99126520e-01,8.73479556e-04
6.000000e-07,600.000000,1.200000e+01,5.000000e-08,3.87096774e+00,1.93548387e-07,9.99131743e-01,8.68257409e-04
6.000000e-07,600.000000,1.200000e+01,5.000000e-08,3.87396849e+00,1.93698425e-07,9.99136934e-01,8.63066494e-04
6.000000e-07,600.000000,1.200000e+01,5.000000e-08,3.87696924e+00,1.93848462e-07,9.99142093e-01,8.57906625e-04
6.000000e-07,600.000000,1.200000e+01,5.000000e-08,3.87996999e+00,1.93998500e-07,9.99147222e-01,8.52777617e-04
6.000000e-07,600.000000,1.200000e+01,5.000000e-08,3.88297074e+00,1.94148537e-07,9.99152321e-01,8.47679284e-04
6.000000e-07,600.000000,1.200000e+01,5.000000e-08,3.88597149e+00,1.94298575e-07,9.99157389e-01,8.42611445e-04
6.000000e-07,600.000000,1.200000e+01,5.000000e-08,3.88897224e+00,1.94448612e-07,9.99162426e-01,8.37573917e-04
6.000000e-07,600.000000,1.200000e+01,5.000000e-08,3.89197299e+00,1.94598650e-07,9.99167433e-01,8.32566518e-04
6.000000e-07,600.000000,1.200000e+01,5.000000e-08,3.89497374e+00,1.94748687e-07,9.99172411e-01,8.27589070e-04
6.000000e-07,600.000000,1.200000e+01,5.000000e-08,3.89797449e+00,1.94898725e-07,9.99177359e-01,8.22641393e-04
6.000000e-07,600.000000,1.200000e+01,5.000000e-08,3.90097524e+00,1.95048762e-07,9.99182277e-01,8.17723309e-04
6.000000e-07,600.000000,1.200000e+01,5.000000e-08,3.90397599e+00,1.95198800e-07,9.99187165e-01,8.12834642e-04
6.000000e-07,600.000000,1.200000e+01,5.000000e-08,3.90697674e+00,1.95348837e-07,9.99192025e-01,8.07975216e-04
6.000000e-07,600.000000,1.200000e+01,5.000000e-08,3.90997749e+00,1.95498875e-07,9.99196855e-01,8.03144857e-04
6.000000e-07,600.000000,1.200000e+01,5.000000e-08,3.91297824e+00,1.95648912e-07,9.99201657e-01,7.98343391e-04
6.000000e-07,600.000000,1.200000e+01,5.000000e-08,3.91597899e+00,1.95798950e-07,9.99206429e-01,7.93570645e-04
6.000000e-07,600.000000,1.200000e+01,5.000000e-08,3.91897974e+00,1.95948987e-07,9.99211174e-01,7.88826448e-04
6.000000e-07,600.000000,1.200000e+01,5.000000e-08,3.92198050e+00,1.96099025e-07,9.99215889e-01,7.84110629e-04
6.000000e-07,600.000000,1.200000e+01,5.000000e-08,3.92498125e+00,1.96249062e-07,9.99220577e-01,7.79423020e-04
6.000000e-07,600.000000,1.200000e+01,5.000000e-08,3.92798200e+00,1.96399100e-07,9.99225237e-01,7.74763451e-04
6.000000e-07,600.000000,1.200000e+01,5.000000e-08,3.93098275e+00,1.96549137e-07,9.99229868e-01,7.70131755e-04
6.000000e-07,600.000000,1.200000e+01,5.000000e-08,3.93398350e+00,1.96699175e-07,9.99234472e-01,7.65527766e-04
6.000000e-07,600.000000,1.200000e+01,5.000000e-08,3.93698425e+00,1.96849212e-07,9.99239049e-01,7.60951318e-04
6.000000e-07,600.000000,1.200000e+01,5.000000e-08,3.93998500e+00,1.96999250e-07,9.99243598e-01,7.56402247e-04
6.000000e-07,600.000000,1.200000e+01,5.000000e-08,3.94298575e+00,1.97149287e-07,9.99248120e-01,7.51880389e-04
6.000000e-07,600.000000,1.200000e+01,5.000000e-08,3.94598650e+00,1.97299325e-07,9.99252614e-01,7.47385582e-04
6.000000e-07,600.000000,1.200000e+01,5.000000e-08,3.94898725e+00,1.97449362e-07,9.99257082e-01,7.42917664e-04
6.000000e-07,600.000000,1.200000e+01,5.000000e-08,3.95198800e+00,1.97599400e-07,9.99261524e-01,7.38476475e-04
6.000000e-07,600.000000,1.200000e+01,5.000000e-08,3.95498875e+00,1.97749437e-07,9.99265938e-01,7.34061855e-04
6.000000e-07,600.000000,1.200000e+01,5.000000e-08,3.95798950e+00,1.97899475e-07,9.99270326e-01,7.29673645e-04
6.000000e-07,600.000000,1.200000e+01,5.000000e-08,3.96099025e+00,1.98049512e-07,9.99274688e-01,7.25311688e-04
6.000000e-07,600.000000,1.200000e+01,5.000000e-08,3.96399100e+00,1.98199550e-07,9.99279024e-01,7.20975828e-04
6.000000e-07,600.000000,1.200000e+01,5.000000e-08,3.96699175e+00,1.98349587e-07,9.99283334e-01,7.16665907e-04
6.000000e-07,600.000000,1.200000e+01,5.000000e-08,3.96999250e+00,1.98499625e-07,9.99287618e-01,7.12381771e-04
6.000000e-07,600.000000,1.200000e+01,5.000000e-08,3.97299325e+00,1.98649662e-07,9.99291877e-01,7.08123267e-04
6.000000e-07,600.000000,1.200000e+01,5.000000e-08,3.97599400e+00,1.98799700e-07,9.99296110e-01,7.03890241e-04
6.000000e-07,600.000000,1.200000e+01,5.000000e-08,3.97899475e+00,1.98949737e-07,9.99300317e-01,6.99682541e-04
6.000000e-07,600.000000,1.200000e+01,5.000000e-08,3.98199550e+00,1.99099775e-07,9.99304500e-01,6.95500016e-04
6.000000e-07,600.000000,1.200000e+01,5.000000e-08,3.98499625e+00,1.99249812e-07,9.99308657e-01,6.91342515e-04
6.000000e-07,600.000000,1.200000e+01,5.000000e-08,3.98799700e+00,1.99399850e-07,9.99312790e-01,6.87209890e-04
6.000000e-07,600.000000,1.200000e+01,5.000000e-08,3.99099775e+00,1.99549887e-07,9.99316898e-01,6.83101991e-04
6.000000e-07,600.000000,1.200000e+01,5.000000e-08,3.99399850e+00,1.99699925e-07,9.99320981e-01,6.79018670e-04
6.000000e-07,600.000000,1.200000e+01,5.000000e-08,3.99699925e+00,1.99849962e-07,9.99325040e-01,6.74959782e-04
6.000000e-07,600.000000,1.200000e+01,5.000000e-08,4.00000000e+00,2.00000000e-07,9.99329075e-01,6.70925180e-04
6.000000e-07,600.000000,1.200000e+01,5.000000e-08,4.00300075e+00,2.00150038e-07,9.99333085e-01,6.66914720e-04
6.000000e-07,600.000000,1.200000e+01,5.000000e-08,4.00600150e+00,2.00300075e-07,9.99337072e-01,6.62928256e-04
6.000000e-07,600.000000,1.200000e+01,5.000000e-08,4.00900225e+00,2.00450113e-07,9.99341034e-01,6.58965646e-04
6.000000e-07,600.000000,1.200000e+01,5.000000e-08,4.01200300e+00,2.00600150e-07,9.99344973e-01,6.55026747e-04
6.000000e-07,600.000000,1.200000e+01,5.000000e-08,4.01500375e+00,2.00750188e-07,9.99348889e-01,6.51111418e-04
6.000000e-07,600.000000,1.200000e+01,5.000000e-08,4.01800450e+00,2.00900225e-07,9.99352780e-01,6.47219518e-04
6.000000e-07,600.000000,1.200000e+01,5.000000e-08,4.02100525e+00,2.01050263e-07,9.99356649e-01,6.43350906e-04
6.000000e-07,600.000000,1.200000e+01,5.000000e-08,4.02400600e+00,2.01200300e-07,9.99360495e-01,6.39505445e-04
6.000000e-07,600.000000,1.200000e+01,5.000000e-08,4.02700675e+00,2.01350338e-07,9.99364317e-01,6.35682996e-04
6.000000e-07,600.000000,1.200000e+01,5.000000e-08,4.03000750e+00,2.01500375e-07,9.99368117e-01,6.31883421e-04
6.000000e-07,600.000000,1.200000e+01,5.000000e-08,4.03300825e+00,2.01650413e-07,9.99371893e-01,6.28106583e-04
6.000000e-07,600.000000,1.200000e+01,5.000000e-08,4.03600900e+00,2.01800450e-07,9.99375648e-01,6.24352347e-04
6.000000e-07,600.000000,1.200000e+01,5.000000e-08,4.03900975e+00,2.01950488e-07,9.99379379e-01,6.20620579e-04
6.000000e-07,600.000000,1.200000e+01,5.000000e-08,4.04201050e+00,2.02100525e-07,9.99383089e-01,6.16911143e-04
6.000000e-07,600.000000,1.200000e+01,5.000000e-08,4.04501125e+00,2.02250563e-07,9.99386776e-01,6.13223907e-04
6.000000e-07,600.000000,1.200000e+01,5.000000e-08,4.04801200e+00,2.02400600e-07,9.99390441e-01,6.09558737e-04
6.000000e-07,600.000000,1.200000e+01,5.000000e-08,4.05101275e+00,2.02550638e-07,9.99394084e-01,6.05915503e-04
6.000000e-07,600.000000,1.200000e+01,5.000000e-08,4.05401350e+00,2.02700675e-07,9.99397706e-01,6.02294073e-04
6.000000e-07,600.000000,1.200000e+01,5.000000e-08,4.05701425e+00,2.02850713e-07,9.99401306e-01,5.98694316e-04
6.000000e-07,600.000000,1.200000e+01,5.000000e-08,4.06001500e+00,2.03000750e-07,9.99404884e-01,5.95116104e-04
6.000000e-07,600.000000,1.200000e+01,5.000000e-08,4.06301575e+00,2.03150788e-07,9.99408441e-01,5.91559308e-04
6.000000e-07,600.000000,1.200000e+01,5.000000e-08,4.06601650e+00,2.03300825e-07,9.99411976e-01,5.88023800e-04
6.000000e-07,600.000000,1.200000e+01,5.000000e-08,4.06901725e+00,2.03450863e-07,9.99415491e-01,5.84509453e-04
6.000000e-07,600.000000,1.200000e+01,5.000000e-08,4.07201800e+00,2.03600900e-07,9.99418984e-01,5.81016141e-04
6.000000e-07,600.000000,1.200000e+01,5.000000e-08,4.07501875e+00,2.03750938e-07,9.99422456e-01,5.77543737e-04
6.000000e-07,600.000000,1.200000e+01,5.000000e-08,4.07801950e+00,2.03900975e-07,9.99425908e-01,5.74092117e-04
6.000000e-07,600.000000,1.200000e+01,5.000000e-08,4.08102026e+00,2.04051013e-07,9.99429339e-01,5.70661157e-04
6.000000e-07,600.000000,1.200000e+01,5.000000e-08,4.08402101e+00,2.04201050e-07,9.99432749e-01,5.67250734e-04
6.000000e-07,600.000000,1.200000e+01,5.000000e-08,4.08702176e+00,2.04351088e-07,9.99436139e-01,5.63860725e-04
6.000000e-07,600.000000,1.200000e+01,5.000000e-08,4.09002251e+00,2.04501125e-07,9.99439509e-01,5.60491007e-04
6.000000e-07,600.000000,1.200000e+01,5.000000e-08,4.09302326e+00,2.04651163e-07,9.99442859e-01,5.57141461e-04
6.000000e-07,600.000000,1.200000e+01,5.000000e-08,4.09602401e+00,2.04801200e-07,9.99446188e-01,5.53811965e-04
6.000000e-07,600.000000,1.200000e+01,5.000000e-08,4.09902476e+00,2.04951238e-07,9.99449498e-01,5.50502400e-04
6.000000e-07,600.000000,1.200000e+01,5.000000e-08,4.10202551e+00,2.05101275e-07,9.99452787e-01,5.47212646e-04
6.000000e-07,600.000000,1.200000e+01,5.000000e-08,4.10502626e+00,2.05251313e-07,9.99456057e-01,5.43942586e-04
6.000000e-07,600.000000,1.200000e+01,5.000000e-08,4.10802701e+00,2.05401350e-07,9.99459308e-01,5.40692102e-04
6.000000e-07,600.000000,1.200000e+01,5.000000e-08,4.11102776e+00,2.05551388e-07,9.99462539e-01,5.37461077e-04
6.000000e-07,600.000000,1.200000e+01,5.000000e-08,4.11402851e+00,2.05701425e-07,9.99465751e-01,5.34249394e-04
6.000000e-07,600.000000,1.200000e+01,5.000000e-08,4.11702926e+00,2.05851463e-07,9.99468943e-01,5.31056939e-04
6.000000e-07,600.000000,1.200000e+01,5.000000e-08,4.12003001e+00,2.06001500e-07,9.99472116e-01,5.27883596e-04
6.000000e-07,600.000000,1.200000e+01,5.000000e-08,4.12303076e+00,2.06151538e-07,9.99475271e-01,5.24729252e-04
6.000000e-07,600.000000,1.200000e+01,5.000000e-08,4.12603151e+00,2.06301575e-07,9.99478406e-01,5.21593792e-04
6.000000e-07,600.000000,1.200000e+01,5.000000e-08,4.12903226e+00,2.06451613e-07,9.99481523e-01,5.18477105e-04
6.000000e-07,600.000000,1.200000e+01,5.000000e-08,4.13203301e+00,2.06601650e-07,9.99484621e-01,5.15379077e-04
6.000000e-07,600.000000,1.200000e+01,5.000000e-08,4.13503376e+00,2.06751688e-07,9.99487700e-01,5.12299599e-04
6.000000e-07,600.000000,1.200000e+01,5.000000e-08,4.13803451e+00,2.06901725e-07,9.99490761e-01,5.09238558e-04
6.000000e-07,600.000000,1.200000e+01,5.000000e-08,4.14103526e+00,2.07051763e-07,9.99493804e-01,5.06195845e-04
6.000000e-07,600.000000,1.200000e+01,5.000000e-08,4.14403601e+00,2.07201800e-07,9.99496829e-01,5.03171350e-04
6.000000e-07,600.000000,1.200000e+01,5.000000e-08,4.14703676e+00,2.07351838e-07,9.99499835e-01,5.00164965e-04
6.000000e-07,600.000000,1.200000e+01,5.000000e-08,4.15003751e+00,2.07501875e-07,9.99502823e-01,4.97176582e-04
6.000000e-07,600.000000,1.200000e+01,5.000000e-08,4.15303826e+00,2.07651913e-07,9.99505794e-01,4.94206092e-04
6.000000e-07,600.000000,1.200000e+01,5.000000e-08,4.15603901e+00,2.07801950e-07,9.99508747e-01,4.91253390e-04
6.000000e-07,600.000000,1.200000e+01,5.000000e-08,4.15903976e+00,2.07951988e-07,9.99511682e-01,4.88318369e-04
6.000000e-07,600.000000,1.200000e+01,5.000000e-08,4.16204051e+00,2.08102026e-07,9.99514599e-01,4.85400923e-04
6.000000e-07,600.000000,1.200000e+01,5.000000e-08,4.16504126e+00,2.08252063e-07,9.99517499e-01,4.82500948e-04
6.000000e-07,600.000000,1.200000e+01,5.000000e-08,4.16804201e+00,2.08402101e-07,9.99520382e-01,4.79618339e-04
6.000000e-07,600.000000,1.200000e+01,5.000000e-08,4.17104276e+00,2.08552138e-07,9.99523247e-01,4.76752992e-04
6.000000e-07,600.000000,1.200000e+01,5.000000e-08,4.17404351e+00,2.08702176e-07,9.99526095e-01,4.73904805e-04
6.000000e-07,600.000000,1.200000e+01,5.000000e-08,4.17704426e+00,2.08852213e-07,9.99528926e-01,4.71073675e-04
6.000000e-07,600.000000,1.200000e+01,5.000000e-08,4.18004501e+00,2.09002251e-07,9.99531740e-01,4.68259501e-04
6.000000e-07,600.000000,1.200000e+01,5.000000e-08,4.18304576e+00,2.09152288e-07,9.99534538e-01,4.65462180e-04
6.000000e-07,600.000000,1.200000e+01,5.000000e-08,4.18604651e+00,2.09302326e-07,9.99537318e-01,4.62681613e-04
6.000000e-07,600.000000,1.200000e+01,5.000000e-08,4.18904726e+00,2.09452363e-07,9.99540082e-01,4.59917699e-04
6.000000e-07,600.000000,1.200000e+01,5.000000e-08,4.19204801e+00,2.09602401e-07,9.99542830e-01,4.57170339e-04
6.000000e-07,600.000000,1.200000e+01,5.000000e-08,4.19504876e+00,2.09752438e-07,9.99545561e-01,4.54439434e-04
6.000000e-07,600.000000,1.200000e+01,5.000000e-08,4.19804951e+00,2.09902476e-07,9.99548275e-01,4.51724886e-04
6.000000e-07,600.000000,1.200000e+01,5.000000e-08,4.20105026e+00,2.10052513e-07,9.99550973e-01,4.49026597e-04
6.000000e-07,600.000000,1.200000e+01,5.000000e-08,4.20405101e+00,2.10202551e-07,9.99553656e-01,4.46344471e-04
6.000000e-07,600.000000,1.200000e+01,5.000000e-08,4.20705176e+00,2.10352588e-07,9.99556322e-01,4.43678410e-04
6.000000e-07,600.000000,1.200000e+01,5.000000e-08,4.21005251e+00,2.10502626e-07,9.99558972e-01,4.41028319e-04
6.000000e-07,600.000000,1.200000e+01,5.000000e-08,4.21305326e+00,2.10652663e-07,9.99561606e-01,4.38394103e-04
6.000000e-07,600.000000,1.200000e+01,5.000000e-08,4.21605401e+00,2.10802701e-07,9.99564224e-01,4.35775667e-04
6.000000e-07,600.000000,1.200000e+01,5.000000e-08,4.21905476e+00,2.10952738e-07,9.99566827e-01,4.33172916e-04
6.000000e-07,600.000000,1.200000e+01,5.000000e-08,4.22205551e+00,2.11102776e-07,9.99569414e-01,4.30585757e-04
6.000000e-07,600.000000,1.200000e+01,5.000000e-08,4.22505626e+00,2.11252813e-07,9.99571986e-01,4.28014096e-04
6.000000e-07,600.000000,1.200000e+01,5.000000e-08,4.22805701e+00,2.11402851e-07,9.99574542e-01,4.25457843e-04
6.000000e-07,600.000000,1.200000e+01,5.000000e-08,4.23105776e+00,2.11552888e-07,9.99577083e-01,4.22916903e-04
6.000000e-07,600.000000,1.200000e+01,5.000000e-08,4.23405851e+00,2.11702926e-07,9.99579609e-01,4.20391187e-04
6.000000e-07,600.000000,1.200000e+01,5.000000e-08,4.23705926e+00,2.11852963e-07,9.99582119e-01,4.17880603e-04
6.000000e-07,600.000000,1.200000e+01,5.000000e-08,4.24006002e+00,2.12003001e-07,9.99584615e-01,4.15385061e-04
6.000000e-07,600.000000,1.200000e+01,5.000000e-08,4.24306077e+00,2.12153038e-07,9.99587096e-01,4.12904471e-04
6.000000e-07,600.000000,1.200000e+01,5.000000e-08,4.24606152e+00,2.12303076e-07,9.99589561e-01,4.10438743e-04
6.000000e-07,600.000000,1.200000e+01,5.000000e-08,4.24906227e+00,2.12453113e-07,9.99592012e-01,4.07987790e-04
6.000000e-07,600.000000,1.200000e+01,5.000000e-08,4.25206302e+00,2.12603151e-07,9.99594448e-01,4.05551523e-04
6.000000e-07,600.000000,1.200000e+01,5.000000e-08,4.25506377e+00,2.12753188e-07,9.99596870e-01,4.03129854e-04
6.000000e-07,600.000000,1.200000e+01,5.000000e-08,4.25806452e+00,2.12903226e-07,9.99599277e-01,4.00722697e-04
6.000000e-07,600.000000,1.200000e+01,5.000000e-08,4.26106527e+00,2.13053263e-07,9.99601670e-01,3.98329964e-04
6.000000e-07,600.000000,1.200000e+01,5.000000e-08,4.26406602e+00,2.13203301e-07,9.99604048e-01,3.95951569e-04
6.000000e-07,600.000000,1.200000e+01,5.000000e-08,4.26706677e+00,2.13353338e-07,9.99606413e-01,3.93587428e-04
6.000000e-07,600.000000,1.200000e+01,5.000000e-08,4.27006752e+00,2.13503376e-07,9.99608763e-01,3.91237454e-04
6.000000e-07,600.000000,1.200000e+01,5.000000e-08,4.27306827e+00,2.13653413e-07,9.99611098e-01,3.88901564e-04
6.000000e-07,600.000000,1.200000e+01,5.000000e-08,4.27606902e+00,2.13803451e-07,9.99613420e-01,3.86579673e-04
6.000000e-07,600.000000,1.200000e+01,5.000000e-08,4.27906977e+00,2.13953488e-07,9.99615728e-01,3.84271698e-04
6.000000e-07,600.000000,1.200000e+01,5.000000e-08,4.28207052e+00,2.14103526e-07,9.99618022e-01,3.81977556e-04
6.000000e-07,600.000000,1.200000e+01,5.000000e-08,4.28507127e+00,2.14253563e-07,9.99620303e-01,3.79697164e-04
6.000000e-07,600.000000,1.200000e+01,5.000000e-08,4.28807202e+00,2.14403601e-07,9.99622570e-01,3.77430441e-04
6.000000e-07,600.000000,1.200000e+01,5.000000e-08,4.29107277e+00,2.14553638e-07,9.99624823e-01,3.75177304e-04
6.000000e-07,600.000000,1.200000e+01,5.000000e-08,4.29407352e+00,2.14703676e-07,9.99627062e-01,3.72937672e-04
6.000000e-07,600.000000,1.200000e+01,5.000000e-08,4.29707427e+00,2.14853713e-07,9.99629289e-01,3.70711466e-04
6.000000e-07,600.000000,1.200000e+01,5.000000e-08,4.30007502e+00,2.15003751e-07,9.99631501e-01,3.68498604e-04
6.000000e-07,600.000000,1.200000e+01,5.000000e-08,4.30307577e+00,2.15153788e-07,9.99633701e-01,3.66299008e-04
6.000000e-07,600.000000,1.200000e+01,5.000000e-08,4.30607652e+00,2.15303826e-07,9.99635887e-01,3.64112598e-04
6.000000e-07,600.000000,1.200000e+01,5.000000e-08,4.30907727e+00,2.15453863e-07,9.99638061e-01,3.61939296e-04
6.000000e-07,600.000000,1.200000e+01,5.000000e-08,4.31207802e+00,2.15603901e-07,9.99640221e-01,3.59779022e-04
6.000000e-07,600.000000,1.200000e+01,5.000000e-08,4.31507877e+00,2.15753938e-07,9.99642368e-01,3.57631701e-04
6.000000e-07,600.000000,1.200000e+01,5.000000e-08,4.31807952e+00,2.15903976e-07,9.99644503e-01,3.55497253e-04
6.000000e-07,600.000000,1.200000e+01,5.000000e-08,4.32108027e+00,2.16054014e-07,9.99646624e-01,3.53375604e-04
6.000000e-07,600.000000,1.200000e+01,5.000000e-08,4.32408102e+00,2.16204051e-07,9.99648733e-01,3.51266675e-04
6.000000e-07,600.000000,1.200000e+01,5.000000e-08,4.32708177e+00,2.16354089e-07,9.99650830e-01,3.49170392e-04
6.000000e-07,600.000000,1.200000e+01,5.000000e-08,4.33008252e+00,2.16504126e-07,9.99652913e-01,3.47086679e-04
6.000000e-07,600.000000,1.200000e+01,5.000000e-08,4.33308327e+00,2.16654164e-07,9.99654985e-01,3.45015460e-04
6.000000e-07,600.000000,1.200000e+01,5.000000e-08,4.33608402e+00,2.16804201e-07,9.99657043e-01,3.42956662e-04
6.000000e-07,600.000000,1.200000e+01,5.000000e-08,4.33908477e+00,2.16954239e-07,9.99659090e-01,3.40910211e-04
6.000000e-07,600.000000,1.200000e+01,5.000000e-08,4.34208552e+00,2.17104276e-07,9.99661124e-01,3.38876032e-04
6.000000e-07,600.000000,1.200000e+01,5.000000e-08,4.34508627e+00,2.17254314e-07,9.99663146e-01,3.36854052e-04
6.000000e-07,600.000000,1.200000e+01,5.000000e-08,4.34808702e+00,2.17404351e-07,9.99665156e-01,3.34844199e-04
6.000000e-07,600.000000,1.200000e+01,5.000000e-08,4.35108777e+00,2.17554389e-07,9.99667154e-01,3.32846401e-04
6.000000e-07,600.000000,1.200000e+01,5.000000e-08,4.35408852e+00,2.17704426e-07,9.99669139e-01,3.30860585e-04
6.000000e-07,600.000000,1.200000e+01,5.000000e-08,4.35708927e+00,2.17854464e-07,9.99671113e-01,3.28886680e-04
6.000000e-07,600.000000,1.200000e+01,5.000000e-08,4.36009002e+00,2.18004501e-07,9.99673075e-01,3.26924616e-04
6.000000e-07,600.000000,1.200000e+01,5.000000e-08,4.36309077e+00,2.18154539e-07,9.99675026e-01,3.24974320e-04
6.000000e-07,600.000000,1.200000e+01,5.000000e-08,4.36609152e+00,2.18304576e-07,9.99676964e-01,3.23035725e-04
6.000000e-07,600.000000,1.200000e+01,5.000000e-08,4.36909227e+00,2.18454614e-07,9.99678891e-01,3.21108758e-04
6.000000e-07,600.000000,1.200000e+01,5.000000e-08,4.37209302e+00,2.18604651e-07,9.99680807e-01,3.19193352e-04
6.000000e-07,600.000000,1.200000e+01,5.000000e-08,4.37509377e+00,2.18754689e-07,9.99682711e-01,3.17289437e-04
6.000000e-07,600.000000,1.200000e+01,5.000000e-08,4.37809452e+00,2.18904726e-07,9.99684603e-01,3.15396945e-04
6.000000e-07,600.000000,1.200000e+01,5.000000e-08,4.38109527e+00,2.19054764e-07,9.99686484e-01,3.13515807e-04
6.000000e-07,600.000000,1.200000e+01,5.000000e-08,4.38409602e+00,2.19204801e-07,9.99688354e-01,3.11645957e-04
6.000000e-07,600.000000,1.200000e+01,5.000000e-08,4.38709677e+00,2.19354839e-07,9.99690213e-01,3.09787326e-04
6.000000e-07,600.000000,1.200000e+01,5.000000e-08,4.39009752e+00,2.19504876e-07,9.99692060e-01,3.07939848e-04
6.000000e-07,600.000000,1.200000e+01,5.000000e-08,4.39309827e+00,2.19654914e-07,9.99693897e-01,3.06103456e-04
6.000000e-07,600.000000,1.200000e+01,5.000000e-08,4.39609902e+00,2.19804951e-07,9.99695722e-01,3.04278084e-04
6.000000e-07,600.000000,1.200000e+01,5.000000e-08,4.39909977e+00,2.19954989e-07,9.99697536e-01,3.02463667e-04
6.000000e-07,600.000000,1.200000e+01,5.000000e-08,4.40210053e+00,2.20105026e-07,9.99699340e-01,3.00660139e-04
6.000000e-07,600.000000,1.200000e+01,5.000000e-08,4.40510128e+00,2.20255064e-07,9.99701133e-01,2.98867436e-04
6.000000e-07,600.000000,1.200000e+01,5.000000e-08,4.40810203e+00,2.20405101e-07,9.99702915e-01,2.97085492e-04
6.000000e-07,600.000000,1.200000e+01,5.000000e-08,4.41110278e+00,2.20555139e-07,9.99704686e-01,2.95314244e-04
6.000000e-07,600.000000,1.200000e+01,5.000000e-08,4.41410353e+00,2.20705176e-07,9.99706446e-01,2.93553628e-04
6.000000e-07,600.000000,1.200000e+01,5.000000e-08,4.41710428e+00,2.20855214e-07,9.99708196e-01,2.91803581e-04
6.000000e-07,600.000000,1.200000e+01,5.000000e-08,4.42010503e+00,2.21005251e-07,9.99709936e-01,2.90064039e-04
6.000000e-07,600.000000,1.200000e+01,5.000000e-08,4.42310578e+00,2.21155289e-07,9.99711665e-01,2.88334941e-04
6.000000e-07,600.000000,1.200000e+01,5.000000e-08,4.42610653e+00,2.21305326e-07,9.99713384e-01,2.86616223e-04
6.000000e-07,600.000000,1.200000e+01,5.000000e-08,4.42910728e+00,2.21455364e-07,9.99715092e-01,2.84907824e-04
6.000000e-07,600.000000,1.200000e+01,5.000000e-08,4.43210803e+00,2.21605401e-07,9.99716790e-01,2.83209683e-04
6.000000e-07,600.000000,1.200000e+01,5.000000e-08,4.43510878e+00,2.21755439e-07,9.99718478e-01,2.81521738e-04
6.000000e-07,600.000000,1.200000e+01,5.000000e-08,4.43810953e+00,2.21905476e-07,9.99720156e-01,2.79843928e-04
6.000000e-07,600.000000,1.200000e+01,5.000000e-08,4.44111028e+00,2.22055514e-07,9.99721824e-01,2.78176194e-04
6.000000e-07,600.000000,1.200000e+01,5.000000e-08,4.44411103e+00,2.22205551e-07,9.99723482e-01,2.76518475e-04
6.000000e-07,600.000000,1.200000e+01,5.000000e-08,4.44711178e+00,2.22355589e-07,9.99725129e-01,2.74870712e-04
6.000000e-07,600.000000,1.200000e+01,5.000000e-08,4.45011253e+00,2.22505626e-07,9.99726767e-01,2.73232845e-04
6.000000e-07,600.000000,1.200000e+01,5.000000e-08,4.45311328e+00,2.22655664e-07,9.99728395e-01,2.71604815e-04
6.000000e-07,600.000000,1.200000e+01,5.000000e-08,4.45611403e+00,2.22805701e-07,9.99730013e-01,2.69986564e-04
6.000000e-07,600.000000,1.200000e+01,5.000000e-08,4.45911478e+00,2.22955739e-07,9.99731622e-01,2.68378033e-04
6.000000e-07,600.000000,1.200000e+01,5.000000e-08,4.46211553e+00,2.23105776e-07,9.99733221e-01,2.66779165e-04
6.000000e-07,600.000000,1.200000e+01,5.000000e-08,4.46511628e+00,2.23255814e-07,9.99734810e-01,2.65189902e-04
6.000000e-07,600.000000,1.200000e+01,5.000000e-08,4.46811703e+00,2.23405851e-07,9.99736390e-01,2.63610187e-04
6.000000e-07,600.000000,1.200000e+01,5.000000e-08,4.47111778e+00,2.23555889e-07,9.99737960e-01,2.62039963e-04
6.000000e-07,600.000000,1.200000e+01,5.000000e-08,4.47411853e+00,2.23705926e-07,9.99739521e-01,2.60479174e-04
6.000000e-07,600.000000,1.200000e+01,5.000000e-08,4.47711928e+00,2.23855964e-07,9.99741072e-01,2.58927763e-04
6.000000e-07,600.000000,1.200000e+01,5.000000e-08,4.48012003e+00,2.24006002e-07,9.99742614e-01,2.57385674e-04
6.000000e-07,600.000000,1.200000e+01,5.000000e-08,4.48312078e+00,2.24156039e-07,9.99744147e-01,2.55852852e-04
6.000000e-07,600.000000,1.200000e+01,5.000000e-08,4.48612153e+00,2.24306077e-07,9.99745671e-01,2.54329242e-04
6.000000e-07,600.000000,1.200000e+01,5.000000e-08,4.48912228e+00,2.24456114e-07,9.99747185e-01,2.52814789e-04
6.000000e-07,600.000000,1.200000e+01,5.000000e-08,4.49212303e+00,2.24606152e-07,9.99748691e-01,2.51309439e-04
6.000000e-07,600.000000,1.200000e+01,5.000000e-08,4.49512378e+00,2.24756189e-07,9.99750187e-01,2.49813137e-04
6.000000e-07,600.000000,1.200000e+01,5.000000e-08,4.49812453e+00,2.24906227e-07,9.99751674e-01,2.48325829e-04
6.000000e-07,600.000000,1.200000e+01,5.000000e-08,4.50112528e+00,2.25056264e-07,9.99753153e-01,2.46847462e-04
6.000000e-07,600.000000,1.200000e+01,5.000000e-08,4.50412603e+00,2.25206302e-07,9.99754622e-01,2.45377983e-04
6.000000e-07,600.000000,1.200000e+01,5.000000e-08,4.50712678e+00,2.25356339e-07,9.99756083e-01,2.43917339e-04
6.000000e-07,600.000000,1.200000e+01,5.000000e-08,4.51012753e+00,2.25506377e-07,9.99757535e-01,2.42465477e-04
6.000000e-07,600.000000,1.200000e+01,5.000000e-08,4.51312828e+00,2.25656414e-07,9.99758978e-01,2.41022345e-04
6.000000e-07,600.000000,1.200000e+01,5.000000e-08,4.51612903e+00,2.25806452e-07,9.99760412e-01,2.39587891e-04
6.000000e-07,600.000000,1.200000e+01,5.000000e-08,4.51912978e+00,2.25956489e-07,9.99761838e-01,2.38162064e-04
6.000000e-07,600.000000,1.200000e+01,5.000000e-08,4.52213053e+00,2.26106527e-07,9.99763255e-01,2.36744811e-04
6.000000e-07,600.000000,1.200000e+01,5.000000e-08,4.52513128e+00,2.26256564e-07,9.99764664e-01,2.35336083e-04
6.000000e-07,600.000000,1.200000e+01,5.000000e-08,4.52813203e+00,2.26406602e-07,9.99766064e-01,2.33935828e-04
6.000000e-07,600.000000,1.200000e+01,5.000000e-08,4.53113278e+00,2.26556639e-07,9.99767456e-01,2.32543996e-04
6.000000e-07,600.000000,1.200000e+01,5.000000e-08,4.53413353e+00,2.26706677e-07,9.99768839e-01,2.31160537e-04
6.000000e-07,600.000000,1.200000e+01,5.000000e-08,4.53713428e+00,2.26856714e-07,9.99770215e-01,2.29785401e-04
6.000000e-07,600.000000,1.200000e+01,5.000000e-08,4.54013503e+00,2.27006752e-07,9.99771581e-01,2.28418539e-04
6.000000e-07,600.000000,1.200000e+01,5.000000e-08,4.54313578e+00,2.27156789e-07,9.99772940e-01,2.27059901e-04
6.000000e-07,600.000000,1.200000e+01,5.000000e-08,4.54613653e+00,2.27306827e-07,9.99774291e-01,2.25709438e-04
6.000000e-07,600.000000,1.200000e+01,5.000000e-08,4.54913728e+00,2.27456864e-07,9.99775633e-01,2.24367103e-04
6.000000e-07,600.000000,1.200000e+01,5.000000e-08,4.55213803e+00,2.27606902e-07,9.99776967e-01,2.23032846e-04
6.000000e-07,600.000000,1.200000e+01,5.000000e-08,4.55513878e+00,2.27756939e-07,9.99778293e-01,2.21706620e-04
6.000000e-07,600.000000,1.200000e+01,5.000000e-08,4.55813953e+00,2.27906977e-07,9.99779612e-01,2.20388376e-04
6.000000e-07,600.000000,1.200000e+01,5.000000e-08,4.56114029e+00,2.28057014e-07,9.99780922e-01,2.19078068e-04
6.000000e-07,600.000000,1.200000e+01,5.000000e-08,4.56414104e+00,2.28207052e-07,9.99782224e-01,2.17775648e-04
6.000000e-07,600.000000,1.200000e+01,5.000000e-08,4.56714179e+00,2.28357089e-07,9.99783519e-01,2.16481069e-04
6.000000e-07,600.000000,1.200000e+01,5.000000e-08,4.57014254e+00,2.28507127e-07,9.99784806e-01,2.15194285e-04
6.000000e-07,600.000000,1.200000e+01,5.000000e-08,4.57314329e+00,2.28657164e-07,9.99786085e-01,2.13915250e-04
6.000000e-07,600.000000,1.200000e+01,5.000000e-08,4.57614404e+00,2.28807202e-07,9.99787356e-01,2.12643917e-04
6.000000e-07,600.000000,1.200000e+01,5.000000e-08,4.57914479e+00,2.28957239e-07,9.99788620e-01,2.11380240e-04
6.000000e-07,600.000000,1.200000e+01,5.000000e-08,4.58214554e+00,2.29107277e-07,9.99789876e-01,2.10124175e-04
6.000000e-07,600.000000,1.200000e+01,5.000000e-08,4.58514629e+00,2.29257314e-07,9.99791124e-01,2.08875675e-04
6.000000e-07,600.000000,1.200000e+01,5.000000e-08,4.58814704e+00,2.29407352e-07,9.99792365e-01,2.07634697e-04
6.000000e-07,600.000000,1.200000e+01,5.000000e-08,4.59114779e+00,2.29557389e-07,9.99793599e-01,2.06401195e-04
6.000000e-07,600.000000,1.200000e+01,5.000000e-08,4.59414854e+00,2.29707427e-07,9.99794825e-01,2.05175124e-04
6.000000e-07,600.000000,1.200000e+01,5.000000e-08,4.59714929e+00,2.29857464e-07,9.99796044e-01,2.03956442e-04
6.000000e-07,600.000000,1.200000e+01,5.000000e-08,4.60015004e+00,2.30007502e-07,9.99797255e-01,2.02745103e-04
6.000000e-07,600.000000,1.200000e+01,5.000000e-08,4.60315079e+00,2.30157539e-07,9.99798459e-01,2.01541065e-04
6.000000e-07,600.000000,1.200000e+01,5.000000e-08,4.60615154e+00,2.30307577e-07,9.99799656e-01,2.00344284e-04
6.000000e-07,600.000000,1.200000e+01,5.000000e-08,4.60915229e+00,2.30457614e-07,9.99800845e-01,1.99154716e-04
6.000000e-07,600.000000,1.200000e+01,5.000000e-08,4.61215304e+00,2.30607652e-07,9.99802028e-01,1.97972320e-04
6.000000e-07,600.000000,1.200000e+01,5.000000e-08,4.61515379e+00,2.30757689e-07,9.99803203e-01,1.96797052e-04
6.000000e-07,600.000000,1.200000e+01,5.000000e-08,4.61815454e+00,2.30907727e-07,9.99804371e-01,1.95628870e-04
6.000000e-07,600.000000,1.200000e+01,5.000000e-08,4.62115529e+00,2.31057764e-07,9.99805532e-01,1.94467732e-04
6.000000e-07,600.000000,1.200000e+01,5.000000e-08,4.62415604e+00,2.31207802e-07,9.99806686e-01,1.93313597e-04
6.000000e-07,600.000000,1.200000e+01,5.000000e-08,4.62715679e+00,2.31357839e-07,9.99807834e-01,1.92166423e-04
6.000000e-07,600.000000,1.200000e+01,5.000000e-08,4.63015754e+00,2.31507877e-07,9.99808974e-01,1.91026168e-04
6.000000e-07,600.000000,1.200000e+01,5.000000e-08,4.63315829e+00,2.31657914e-07,9.99810107e-01,1.89892791e-04
6.000000e-07,600.000000,1.200000e+01,5.000000e-08,4.63615904e+00,2.31807952e-07,9.99811234e-01,1.88766252e-04
6.000000e-07,600.000000,1.200000e+01,5.000000e-08,4.63915979e+00,2.31957989e-07,9.99812353e-01,1.87646510e-04
6.000000e-07,600.000000,1.200000e+01,5.000000e-08,4.64216054e+00,2.32108027e-07,9.99813466e-01,1.86533525e-04
6.000000e-07,600.000000,1.200000e+01,5.000000e-08,4.64516129e+00,2.32258065e-07,9.99814573e-01,1.85427257e-04
6.000000e-07,600.000000,1.200000e+01,5.000000e-08,4.64816204e+00,2.32408102e-07,9.99815672e-01,1.84327666e-04
6.000000e-07,600.000000,1.200000e+01,5.000000e-08,4.65116279e+00,2.32558140e-07,9.99816765e-01,1.83234712e-04
6.000000e-07,600.000000,1.200000e+01,5.000000e-08,4.65416354e+00,2.32708177e-07,9.99817852e-01,1.82148356e-04
6.000000e-07,600.000000,1.200000e+01,5.000000e-08,4.65716429e+00,2.32858215e-07,9.99818931e-01,1.81068558e-04
6.000000e-07,600.000000,1.200000e+01,5.000000e-08,4.66016504e+00,2.33008252e-07,9.99820005e-01,1.79995281e-04
6.000000e-07,600.000000,1.200000e+01,5.000000e-08,4.66316579e+00,2.33158290e-07,9.99821072e-01,1.78928485e-04
6.000000e-07,600.000000,1.200000e+01,5.000000e-08,4.66616654e+00,2.33308327e-07,9.99822132e-01,1.77868133e-04
6.000000e-07,600.000000,1.200000e+01,5.000000e-08,4.66916729e+00,2.33458365e-07,9.99823186e-01,1.76814185e-04
6.000000e-07,600.000000,1.200000e+01,5.000000e-08,4.67216804e+00,2.33608402e-07,9.99824233e-01,1.75766603e-04
6.000000e-07,600.000000,1.200000e+01,5.000000e-08,4.67516879e+00,2.33758440e-07,9.99825275e-01,1.74725351e-04
6.000000e-07,600.000000,1.200000e+01,5.000000e-08,4.67816954e+00,2.33908477e-07,9.99826310e-01,1.73690391e-04
6.000000e-07,600.000000,1.200000e+01,5.000000e-08,4.68117029e+00,2.34058515e-07,9.99827338e-01,1.72661685e-04
6.000000e-07,600.000000,1.200000e+01,5.000000e-08,4.68417104e+00,2.34208552e-07,9.99828361e-01,1.71639196e-04
6.000000e-07,600.000000,1.200000e+01,5.000000e-08,4.68717179e+00,2.34358590e-07,9.99829377e-01,1.70622888e-04
6.000000e-07,600.000000,1.200000e+01,5.000000e-08,4.69017254e+00,2.34508627e-07,9.99830387e-01,1.69612724e-04
6.000000e-07,600.000000,1.200000e+01,5.000000e-08,4.69317329e+00,2.34658665e-07,9.99831391e-01,1.68608667e-04
6.000000e-07,600.000000,1.200000e+01,5.000000e-08,4.69617404e+00,2.34808702e-07,9.99832389e-01,1.67610682e-04
6.000000e-07,600.000000,1.200000e+01,5.000000e-08,4.69917479e+00,2.34958740e-07,9.99833381e-01,1.66618732e-04
6.000000e-07,600.000000,1.200000e+01,5.000000e-08,4.70217554e+00,2.35108777e-07,9.99834367e-01,1.65632783e-04
6.000000e-07,600.000000,1.200000e+01,5.000000e-08,4.70517629e+00,2.35258815e-07,9.99835347e-01,1.64652797e-04
6.000000e-07,600.000000,1.200000e+01,5.000000e-08,4.70817704e+00,2.35408852e-07,9.99836321e-01,1.63678741e-04
6.000000e-07,600.000000,1.200000e+01,5.000000e-08,4.71117779e+00,2.35558890e-07,9.99837289e-01,1.62710578e-04
6.000000e-07,600.000000,1.200000e+01,5.000000e-08,4.71417854e+00,2.35708927e-07,9.99838252e-01,1.61748275e-04
6.000000e-07,600.000000,1.200000e+01,5.000000e-08,4.71717929e+00,2.35858965e-07,9.99839208e-01,1.60791796e-04
6.000000e-07,600.000000,1.200000e+01,5.000000e-08,4.72018005e+00,2.36009002e-07,9.99840159e-01,1.59841107e-04
6.000000e-07,600.000000,1.200000e+01,5.000000e-08,4.72318080e+00,2.36159040e-07,9.99841104e-01,1.58896174e-04
6.000000e-07,600.000000,1.200000e+01,5.000000e-08,4.72618155e+00,2.36309077e-07,9.99842043e-01,1.57956963e-04
6.000000e-07,600.000000,1.200000e+01,5.000000e-08,4.72918230e+00,2.36459115e-07,9.99842977e-01,1.57023440e-04
6.000000e-07,600.000000,1.200000e+01,5.000000e-08,4.73218305e+00,2.36609152e-07,9.99843904e-01,1.56095571e-04
6.000000e-07,600.000000,1.200000e+01,5.000000e-08,4.73518380e+00,2.36759190e-07,9.99844827e-01,1.55173323e-04
6.000000e-07,600.000000,1.200000e+01,5.000000e-08,4.73818455e+00,2.36909227e-07,9.99845743e-01,1.54256663e-04
6.000000e-07,600.000000,1.200000e+01,5.000000e-08,4.74118530e+00,2.37059265e-07,9.99846654e-01,1.53345558e-04
6.000000e-07,600.000000,1.200000e+01,5.000000e-08,4.74418605e+00,2.37209302e-07,9.99847560e-01,1.52439974e-04
6.000000e-07,600.000000,1.200000e+01,5.000000e-08,4.74718680e+00,2.37359340e-07,9.99848460e-01,1.51539880e-04
6.000000e-07,600.000000,1.200000e+01,5.000000e-08,4.75018755e+00,2.37509377e-07,9.99849355e-01,1.50645243e-04
6.000000e-07,600.000000,1.200000e+01,5.000000e-08,4.75318830e+00,2.37659415e-07,9.99850244e-01,1.49756031e-04
6.000000e-07,600.000000,1.200000e+01,5.000000e-08,4.75618905e+00,2.37809452e-07,9.99851128e-01,1.48872211e-04
6.000000e-07,600.000000,1.200000e+01,5.000000e-08,4.75918980e+00,2.37959490e-07,9.99852006e-01,1.47993753e-04
6.000000e-07,600.000000,1.200000e+01,5.000000e-08,4.76219055e+00,2.38109527e-07,9.99852879e-01,1.47120624e-04
6.000000e-07,600.000000,1.200000e+01,5.000000e-08,4.76519130e+00,2.38259565e-07,9.99853747e-01,1.46252792e-04
6.000000e-07,600.000000,1.200000e+01,5.000000e-08,4.76819205e+00,2.38409602e-07,9.99854610e-01,1.45390227e-04
6.000000e-07,600.000000,1.200000e+01,5.000000e-08,4.77119280e+00,2.38559640e-07,9.99855467e-01,1.44532898e-04
6.000000e-07,600.000000,1.200000e+01,5.000000e-08,4.77419355e+00,2.38709677e-07,9.99856319e-01,1.43680773e-04
6.000000e-07,600.000000,1.200000e+01,5.000000e-08,4.77719430e+00,2.38859715e-07,9.99857166e-01,1.42833823e-04
6.000000e-07,600.000000,1.200000e+01,5.000000e-08,4.78019505e+00,2.39009752e-07,9.99858008e-01,1.41992016e-04
6.000000e-07,600.000000,1.200000e+01,5.000000e-08,4.78319580e+00,2.39159790e-07,9.99858845e-01,1.41155322e-04
6.000000e-07,600.000000,1.200000e+01,5.000000e-08,4.78619655e+00,2.39309827e-07,9.99859676e-01,1.40323711e-04
6.000000e-07,600.000000,1.200000e+01,5.000000e-08,4.78919730e+00,2.39459865e-07,9.99860503e-01,1.39497154e-04
6.000000e-07,600.000000,1.200000e+01,5.000000e-08,4.79219805e+00,2.39609902e-07,9.99861324e-01,1.38675619e-04
6.000000e-07,600.000000,1.200000e+01,5.000000e-08,4.79519880e+00,2.39759940e-07,9.99862141e-01,1.37859079e-04
6.000000e-07,600.000000,1.200000e+01,5.000000e-08,4.79819955e+00,2.39909977e-07,9.99862952e-01,1.37047503e-04
6.000000e-07,600.000000,1.200000e+01,5.000000e-08,4.80120030e+00,2.40060015e-07,9.99863759e-01,1.36240862e-04
6.000000e-07,600.000000,1.200000e+01,5.000000e-08,4.80420105e+00,2.40210053e-07,9.99864561e-01,1.35439128e-04
6.000000e-07,600.000000,1.200000e+01,5.000000e-08,4.80720180e+00,2.40360090e-07,9.99865358e-01,1.34642271e-04
6.000000e-07,600.000000,1.200000e+01,5.000000e-08,4.81020255e+00,2.40510128e-07,9.99866150e-01,1.33850262e-04
6.000000e-07,600.000000,1.200000e+01,5.000000e-08,4.81320330e+00,2.40660165e-07,9.99866937e-01,1.33063073e-04
6.000000e-07,600.000000,1.200000e+01,5.000000e-08,4.81620405e+00,2.40810203e-07,9.99867719e-01,1.32280676e-04
6.000000e-07,600.000000,1.200000e+01,5.000000e-08,4.81920480e+00,2.40960240e-07,9.99868497e-01,1.31503043e-04
6.000000e-07,600.000000,1.200000e+01,5.000000e-08,4.82220555e+00,2.41110278e-07,9.99869270e-01,1.30730145e-04
6.000000e-07,600.000000,1.200000e+01,5.000000e-08,4.82520630e+00,2.41260315e-07,9.99870038e-01,1.29961955e-04
6.000000e-07,600.000000,1.200000e+01,5.000000e-08,4.82820705e+00,2.41410353e-07,9.99870802e-01,1.29198446e-04
6.000000e-07,600.000000,1.200000e+01,5.000000e-08,4.83120780e+00,2.41560390e-07,9.99871560e-01,1.28439588e-04
6.000000e-07,600.000000,1.200000e+01,5.000000e-08,4.83420855e+00,2.41710428e-07,9.99872315e-01,1.27685356e-04
6.000000e-07,600.000000,1.200000e+01,5.000000e-08,4.83720930e+00,2.41860465e-07,9.99873064e-01,1.26935723e-04
6.000000e-07,600.000000,1.200000e+01,5.000000e-08,4.84021005e+00,2.42010503e-07,9.99873809e-01,1.26190660e-04
6.000000e-07,600.000000,1.200000e+01,5.000000e-08,4.84321080e+00,2.42160540e-07,9.99874550e-01,1.25450141e-04
6.000000e-07,600.000000,1.200000e+01,5.000000e-08,4.84621155e+00,2.42310578e-07,9.99875286e-01,1.24714141e-04
6.000000e-07,600.000000,1.200000e+01,5.000000e-08,4.84921230e+00,2.42460615e-07,9.99876017e-01,1.23982631e-04
6.000000e-07,600.000000,1.200000e+01,5.000000e-08,4.85221305e+00,2.42610653e-07,9.99876744e-01,1.23255586e-04
6.000000e-07,600.000000,1.200000e+01,5.000000e-08,4.85521380e+00,2.42760690e-07,9.99877467e-01,1.22532980e-04
6.000000e-07,600.000000,1.200000e+01,5.000000e-08,4.85821455e+00,2.42910728e-07,9.99878185e-01,1.21814787e-04
6.000000e-07,600.000000,1.200000e+01,5.000000e-08,4.86121530e+00,2.43060765e-07,9.99878899e-01,1.21100980e-04
6.000000e-07,600.000000,1.200000e+01,5.000000e-08,4.86421605e+00,2.43210803e-07,9.99879608e-01,1.20391534e-04
6.000000e-07,600.000000,1.200000e+01,5.000000e-08,4.86721680e+00,2.43360840e-07,9.99880314e-01,1.19686424e-04
6.000000e-07,600.000000,1.200000e+01,5.000000e-08,4.87021755e+00,2.43510878e-07,9.99881014e-01,1.18985624e-04
6.000000e-07,600.000000,1.200000e+01,5.000000e-08,4.87321830e+00,2.43660915e-07,9.99881711e-01,1.18289109e-04
6.000000e-07,600.000000,1.200000e+01,5.000000e-08,4.87621905e+00,2.43810953e-07,9.99882403e-01,1.17596853e-04
6.000000e-07,600.000000,1.200000e+01,5.000000e-08,4.87921980e+00,2.43960990e-07,9.99883091e-01,1.16908833e-04
6.000000e-07,600.000000,1.200000e+01,5.000000e-08,4.88222056e+00,2.44111028e-07,9.99883775e-01,1.16225023e-04
6.000000e-07,600.000000,1.200000e+01,5.000000e-08,4.88522131e+00,2.44261065e-07,9.99884455e-01,1.15545398e-04
6.000000e-07,600.000000,1.200000e+01,5.000000e-08,4.88822206e+00,2.44411103e-07,9.99885130e-01,1.14869934e-04
6.000000e-07,600.000000,1.200000e+01,5.000000e-08,4.89122281e+00,2.44561140e-07,9.99885801e-01,1.14198607e-04
6.000000e-07,600.000000,1.200000e+01,5.000000e-08,4.89422356e+00,2.44711178e-07,9.99886469e-01,1.13531392e-04
6.000000e-07,600.000000,1.200000e+01,5.000000e-08,4.89722431e+00,2.44861215e-07,9.99887132e-01,1.12868266e-04
6.000000e-07,600.000000,1.200000e+01,5.000000e-08,4.90022506e+00,2.45011253e-07,9.99887791e-01,1.12209205e-04
6.000000e-07,600.000000,1.200000e+01,5.000000e-08,4.90322581e+00,2.45161290e-07,9.99888446e-01,1.11554184e-04
6.000000e-07,600.000000,1.200000e+01,5.000000e-08,4.90622656e+00,2.45311328e-07,9.99889097e-01,1.10903181e-04
6.000000e-07,600.000000,1.200000e+01,5.000000e-08,4.90922731e+00,2.45461365e-07,9.99889744e-01,1.10256172e-04
6.000000e-07,600.000000,1.200000e+01,5.000000e-08,4.91222806e+00,2.45611403e-07,9.99890387e-01,1.09613133e-04
6.000000e-07,600.000000,1.200000e+01,5.000000e-08,4.91522881e+00,2.45761440e-07,9.99891026e-01,1.08974042e-04
6.000000e-07,600.000000,1.200000e+01,5.000000e-08,4.91822956e+00,2.45911478e-07,9.99891661e-01,1.08338875e-04
6.000000e-07,600.000000,1.200000e+01,5.000000e-08,4.92123031e+00,2.46061515e-07,9.99892292e-01,1.07707609e-04
6.000000e-07,600.000000,1.200000e+01,5.000000e-08,4.92423106e+00,2.46211553e-07,9.99892920e-01,1.07080223e-04
6.000000e-07,600.000000,1.200000e+01,5.000000e-08,4.92723181e+00,2.46361590e-07,9.99893543e-01,1.06456692e-04
6.000000e-07,600.000000,1.200000e+01,5.000000e-08,4.93023256e+00,2.46511628e-07,9.99894163e-01,1.05836996e-04
6.000000e-07,600.000000,1.200000e+01,5.000000e-08,4.93323331e+00,2.46661665e-07,9.99894779e-01,1.05221111e-04
6.000000e-07,600.000000,1.200000e+01,5.000000e-08,4.93623406e+00,2.46811703e-07,9.99895391e-01,1.04609015e-04
6.000000e-07,600.000000,1.200000e+01,5.000000e-08,4.93923481e+00,2.46961740e-07,9.99895999e-01,1.04000687e-04
6.000000e-07,600.000000,1.200000e+01,5.000000e-08,4.94223556e+00,2.47111778e-07,9.99896604e-01,1.03396104e-04
6.000000e-07,600.000000,1.200000e+01,5.000000e-08,4.94523631e+00,2.47261815e-07,9.99897205e-01,1.02795244e-04
6.000000e-07,600.000000,1.200000e+01,5.000000e-08,4.94823706e+00,2.47411853e-07,9.99897802e-01,1.02198086e-04
6.000000e-07,600.000000,1.200000e+01,5.000000e-08,4.95123781e+00,2.47561890e-07,9.99898395e-01,1.01604609e-04
6.000000e-07,600.000000,1.200000e+01,5.000000e-08,4.95423856e+00,2.47711928e-07,9.99898985e-01,1.01014791e-04
6.000000e-07,600.000000,1.200000e+01,5.000000e-08,4.95723931e+00,2.47861965e-07,9.99899571e-01,1.00428611e-04
6.000000e-07,600.000000,1.200000e+01,5.000000e-08,4.96024006e+00,2.48012003e-07,9.99900154e-01,9.98460471e-05
6.000000e-07,600.000000,1.200000e+01,5.000000e-08,4.96324081e+00,2.48162041e-07,9.99900733e-01,9.92670793e-05
6.000000e-07,600.000000,1.200000e+01,5.000000e-08,4.96624156e+00,2.48312078e-07,9.99901308e-01,9.86916863e-05
6.000000e-07,600.000000,1.200000e+01,5.000000e-08,4.96924231e+00,2.48462116e-07,9.99901880e-01,9.81198476e-05
6.000000e-07,600.000000,1.200000e+01,5.000000e-08,4.97224306e+00,2.48612153e-07,9.99902448e-01,9.75515425e-05
6.000000e-07,600.000000,1.200000e+01,5.000000e-08,4.97524381e+00,2.48762191e-07,9.99903013e-01,9.69867504e-05
6.000000e-07,600.000000,1.200000e+01,5.000000e-08,4.97824456e+00,2.48912228e-07,9.99903575e-01,9.64254512e-05
6.000000e-07,600.000000,1.200000e+01,5.000000e-08,4.98124531e+00,2.49062266e-07,9.99904132e-01,9.58676246e-05
6.000000e-07,600.000000,1.200000e+01,5.000000e-08,4.98424606e+00,2.49212303e-07,9.99904687e-01,9.53132504e-05
6.000000e-07,600.000000,1.200000e+01,5.000000e-08,4.98724681e+00,2.49362341e-07,9.99905238e-01,9.47623088e-05
6.000000e-07,600.000000,1.200000e+01,5.000000e-08,4.99024756e+00,2.49512378e-07,9.99905785e-01,9.42147799e-05
6.000000e-07,600.000000,1.200000e+01,5.000000e-08,4.99324831e+00,2.49662416e-07,9.99906329e-01,9.36706440e-05
6.000000e-07,600.000000,1.200000e+01,5.000000e-08,4.99624906e+00,2.49812453e-07,9.99906870e-01,9.31298815e-05
6.000000e-07,600.000000,1.200000e+01,5.000000e-08,4.99924981e+00,2.49962491e-07,9.99907408e-01,9.25924728e-05
6.000000e-07,600.000000,1.200000e+01,5.000000e-08,5.00225056e+00,2.50112528e-07,9.99907942e-01,9.20583988e-05
6.000000e-07,600.000000,1.200000e+01,5.000000e-08,5.00525131e+00,2.50262566e-07,9.99908472e-01,9.15276401e-05
6.000000e-07,600.000000,1.200000e+01,5.000000e-08,5.00825206e+00,2.50412603e-07,9.99909000e-01,9.10001775e-05
6.000000e-07,600.000000,1.200000e+01,5.000000e-08,5.01125281e+00,2.50562641e-07,9.99909524e-01,9.04759923e-05
6.000000e-07,600.000000,1.200000e+01,5.000000e-08,5.01425356e+00,2.50712678e-07,9.99910045e-01,8.99550654e-05
6.000000e-07,600.000000,1.200000e+01,5.000000e-08,5.01725431e+00,2.50862716e-07,9.99910563e-01,8.94373780e-05
6.000000e-07,600.000000,1.200000e+01,5.000000e-08,5.02025506e+00,2.51012753e-07,9.99911077e-01,8.89229117e-05
6.000000e-07,600.000000,1.200000e+01,5.000000e-08,5.02325581e+00,2.51162791e-07,9.99911588e-01,8.84116477e-05
6.000000e-07,600.000000,1.200000e+01,5.000000e-08,5.02625656e+00,2.51312828e-07,9.99912096e-01,8.79035678e-05
6.000000e-07,600.000000,1.200000e+01,5.000000e-08,5.02925731e+00,2.51462866e-07,9.99912601e-01,8.73986536e-05
6.000000e-07,600.000000,1.200000e+01,5.000000e-08,5.03225806e+00,2.51612903e-07,9.99913103e-01,8.68968870e-05
6.000000e-07,600.000000,1.200000e+01,5.000000e-08,5.03525881e+00,2.51762941e-07,9.99913602e-01,8.63982498e-05
6.000000e-07,600.000000,1.200000e+01,5.000000e-08,5.03825956e+00,2.51912978e-07,9.99914097e-01,8.59027241e-05
6.000000e-07,600.000000,1.200000e+01,5.000000e-08,5.04126032e+00,2.52063016e-07,9.99914590e-01,8.54102922e-05
6.000000e-07,600.000000,1.200000e+01,5.000000e-08,5.04426107e+00,2.52213053e-07,9.99915079e-01,8.49209361e-05
6.000000e-07,600.000000,1.200000e+01,5.000000e-08,5.04726182e+00,2.52363091e-07,9.99915565e-01,8.44346384e-05
6.000000e-07,600.000000,1.200000e+01,5.000000e-08,5.05026257e+00,2.52513128e-07,9.99916049e-01,8.39513815e-05
6.000000e-07,600.000000,1.200000e+01,5.000000e-08,5.05326332e+00,2.52663166e-07,9.99916529e-01,8.34711480e-05
6.000000e-07,600.000000,1.200000e+01,5.000000e-08,5.05626407e+00,2.52813203e-07,9.99917006e-01,8.29939207e-05
6.000000e-07,600.000000,1.200000e+01,5.000000e-08,5.05926482e+00,2.52963241e-07,9.99917480e-01,8.25196823e-05
6.000000e-07,600.000000,1.200000e+01,5.000000e-08,5.06226557e+00,2.53113278e-07,9.99917952e-01,8.20484157e-05
6.000000e-07,600.000000,1.200000e+01,5.000000e-08,5.06526632e+00,2.53263316e-07,9.99918420e-01,8.15801040e-05
6.000000e-07,600.000000,1.200000e+01,5.000000e-08,5.06826707e+00,2.53413353e-07,9.99918885e-01,8.11147303e-05
6.000000e-07,600.000000,1.200000e+01,5.000000e-08,5.07126782e+00,2.53563391e-07,9.99919348e-01,8.06522779e-05
6.000000e-07,600.000000,1.200000e+01,5.000000e-08,5.07426857e+00,2.53713428e-07,9.99919807e-01,8.01927302e-05
6.000000e-07,600.000000,1.200000e+01,5.000000e-08,5.07726932e+00,2.53863466e-07,9.99920264e-01,7.97360705e-05
6.000000e-07,600.000000,1.200000e+01,5.000000e-08,5.08027007e+00,2.54013503e-07,9.99920718e-01,7.92822824e-05
6.000000e-07,600.000000,1.200000e+01,5.000000e-08,5.08327082e+00,2.54163541e-07,9.99921169e-01,7.88313495e-05
6.000000e-07,600.000000,1.200000e+01,5.000000e-08,5.08627157e+00,2.54313578e-07,9.99921617e-01,7.83832558e-05
6.000000e-07,600.000000,1.200000e+01,5.000000e-08,5.08927232e+00,2.54463616e-07,9.99922062e-01,7.79379849e-05
6.000000e-07,600.000000,1.200000e+01,5.000000e-08,5.09227307e+00,2.54613653e-07,9.99922504e-01,7.74955209e-05
6.000000e-07,600.000000,1.200000e+01,5.000000e-08,5.09527382e+00,2.54763691e-07,9.99922944e-01,7.70558479e-05
6.000000e-07,600.000000,1.200000e+01,5.000000e-08,5.09827457e+00,2.54913728e-07,9.99923381e-01,7.66189499e-05
6.000000e-07,600.000000,1.200000e+01,5.000000e-08,5.10127532e+00,2.55063766e-07,9.99923815e-01,7.61848113e-05
6.000000e-07,600.000000,1.200000e+01,5.000000e-08,5.10427607e+00,2.55213803e-07,9.99924247e-01,7.57534165e-05
6.000000e-07,600.000000,1.200000e+01,5.000000e-08,5.10727682e+00,2.55363841e-07,9.99924675e-01,7.53247499e-05
6.000000e-07,600.000000,1.200000e+01,5.000000e-08,5.11027757e+00,2.55513878e-07,9.99925101e-01,7.48987960e-05
6.000000e-07,600.000000,1.200000e+01,5.000000e-08,5.11327832e+00,2.55663916e-07,9.99925524e-01,7.44755396e-05
6.000000e-07,600.000000,1.200000e+01,5.000000e-08,5.11627907e+00,2.55813953e-07,9.99925945e-01,7.40549654e-05
6.000000e-07,600.000000,1.200000e+01,5.000000e-08,5.11927982e+00,2.55963991e-07,9.99926363e-01,7.36370582e-05
6.000000e-07,600.000000,1.200000e+01,5.000000e-08,5.12228057e+00,2.56114029e-07,9.99926778e-01,7.32218030e-05
6.000000e-07,600.000000,1.200000e+01,5.000000e-08,5.12528132e+00,2.56264066e-07,9.99927191e-01,7.28091849e-05
6.000000e-07,600.000000,1.200000e+01,5.000000e-08,5.12828207e+00,2.56414104e-07,9.99927601e-01,7.23991889e-05
6.000000e-07,600.000000,1.200000e+01,5.000000e-08,5.13128282e+00,2.56564141e-07,9.99928008e-01,7.19918004e-05
6.000000e-07,600.000000,1.200000e+01,5.000000e-08,5.13428357e+00,2.56714179e-07,9.99928413e-01,7.15870046e-05
6.000000e-07,600.000000,1.200000e+01,5.000000e-08,5.13728432e+00,2.56864216e-07,9.99928815e-01,7.11847870e-05
6.000000e-07,600.000000,1.200000e+01,5.000000e-08,5.14028507e+00,2.57014254e-07,9.99929215e-01,7.07851331e-05
6.000000e-07,600.000000,1.200000e+01,5.000000e-08,5.14328582e+00,2.57164291e-07,9.99929612e-01,7.03880285e-05
6.000000e-07,600.000000,1.200000e+01,5.000000e-08,5.14628657e+00,2.57314329e-07,9.99930007e-01,6.99934588e-05
6.000000e-07,600.000000,1.200000e+01,5.000000e-08,5.14928732e+00,2.57464366e-07,9.99930399e-01,6.96014100e-05
6.000000e-07,600.000000,1.200000e+01,5.000000e-08,5.15228807e+00,2.57614404e-07,9.99930788e-01,6.92118678e-05
6.000000e-07,600.000000,1.200000e+01,5.000000e-08,5.15528882e+00,2.57764441e-07,9.99931175e-01,6.88248183e-05
6.000000e-07,600.000000,1.200000e+01,5.000000e-08,5.15828957e+00,2.57914479e-07,9.99931560e-01,6.84402475e-05
6.000000e-07,600.000000,1.200000e+01,5.000000e-08,5.16129032e+00,2.58064516e-07,9.99931942e-01,6.80581415e-05
6.000000e-07,600.000000,1.200000e+01,5.000000e-08,5.16429107e+00,2.58214554e-07,9.99932322e-01,6.76784867e-05
6.000000e-07,600.000000,1.200000e+01,5.000000e-08,5.16729182e+00,2.58364591e-07,9.99932699e-01,6.73012692e-05
6.000000e-07,600.000000,1.200000e+01,5.000000e-08,5.17029257e+00,2.58514629e-07,9.99933074e-01,6.69264757e-05
6.000000e-07,600.000000,1.200000e+01,5.000000e-08,5.17329332e+00,2.58664666e-07,9.99933446e-01,6.65540924e-05
6.000000e-07,600.000000,1.200000e+01,5.000000e-08,5.17629407e+00,2.58814704e-07,9.99933816e-01,6.61841061e-05
6.000000e-07,600.000000,1.200000e+01,5.000000e-08,5.17929482e+00,2.58964741e-07,9.99934183e-01,6.58165034e-05
6.000000e-07,600.000000,1.200000e+01,5.000000e-08,5.18229557e+00,2.59114779e-07,9.99934549e-01,6.54512711e-05
6.000000e-07,600.000000,1.200000e+01,5.000000e-08,5.18529632e+00,2.59264816e-07,9.99934912e-01,6.50883960e-05
6.000000e-07,600.000000,1.200000e+01,5.000000e-08,5.18829707e+00,2.59414854e-07,9.99935272e-01,6.47278650e-05
6.000000e-07,600.000000,1.200000e+01,5.000000e-08,5.19129782e+00,2.59564891e-07,9.99935630e-01,6.43696652e-05
6.000000e-07,600.000000,1.200000e+01,5.000000e-08,5.19429857e+00,2.59714929e-07,9.99935986e-01,6.40137837e-05
6.000000e-07,600.000000,1.200000e+01,5.000000e-08,5.19729932e+00,2.59864966e-07,9.99936340e-01,6.36602077e-05
6.000000e-07,600.000000,1.200000e+01,5.000000e-08,5.20030008e+00,2.60015004e-07,9.99936691e-01,6.33089244e-05
6.000000e-07,600.000000,1.200000e+01,5.000000e-08,5.20330083e+00,2.60165041e-07,9.99937040e-01,6.29599211e-05
6.000000e-07,600.000000,1.200000e+01,5.000000e-08,5.20630158e+00,2.60315079e-07,9.99937387e-01,6.26131854e-05
6.000000e-07,600.000000,1.200000e+01,5.000000e-08,5.20930233e+00,2.60465116e-07,9.99937731e-01,6.22687046e-05
6.000000e-07,600.000000,1.200000e+01,5.000000e-08,5.21230308e+00,2.60615154e-07,9.99938074e-01,6.19264665e-05
6.000000e-07,600.000000,1.200000e+01,5.000000e-08,5.21530383e+00,2.60765191e-07,9.99938414e-01,6.15864587e-05
6.000000e-07,600.000000,1.200000e+01,5.000000e-08,5.21830458e+00,2.60915229e-07,9.99938751e-01,6.12486689e-05
6.000000e-07,600.000000,1.200000e+01,5.000000e-08,5.22130533e+00,2.61065266e-07,9.99939087e-01,6.09130850e-05
6.000000e-07,600.000000,1.200000e+01,5.000000e-08,5.22430608e+00,2.61215304e-07,9.99939420e-01,6.05796949e-05
6.000000e-07,600.000000,1.200000e+01,5.000000e-08,5.22730683e+00,2.61365341e-07,9.99939752e-01,6.02484866e-05
6.000000e-07,600.000000,1.200000e+01,5.000000e-08,5.23030758e+00,2.61515379e-07,9.99940081e-01,5.99194481e-05
6.000000e-07,600.000000,1.200000e+01,5.000000e-08,5.23330833e+00,2.61665416e-07,9.99940407e-01,5.95925677e-05
6.000000e-07,600.000000,1.200000e+01,5.000000e-08,5.23630908e+00,2.61815454e-07,9.99940732e-01,5.92678335e-05
6.000000e-07,600.000000,1.200000e+01,5.000000e-08,5.23930983e+00,2.61965491e-07,9.99941055e-01,5.89452338e-05
6.000000e-07,600.000000,1.200000e+01,5.000000e-08,5.24231058e+00,2.62115529e-07,9.99941375e-01,5.86247571e-05
6.000000e-07,600.000000,1.200000e+01,5.000000e-08,5.24531133e+00,2.62265566e-07,9.99941694e-01,5.83063918e-05
6.000000e-07,600.000000,1.200000e+01,5.000000e-08,5.24831208e+00,2.62415604e-07,9.99942010e-01,5.79901264e-05
6.000000e-07,600.000000,1.200000e+01,5.000000e-08,5.25131283e+00,2.62565641e-07,9.99942324e-01,5.76759495e-05
6.000000e-07,600.000000,1.200000e+01,5.000000e-08,5.25431358e+00,2.62715679e-07,9.99942636e-01,5.73638499e-05
6.000000e-07,600.000000,1.200000e+01,5.000000e-08,5.25731433e+00,2.62865716e-07,9.99942946e-01,5.70538162e-05
6.000000e-07,600.000000,1.200000e+01,5.000000e-08,5.26031508e+00,2.63015754e-07,9.99943254e-01,5.67458374e-05
6.000000e-07,600.000000,1.200000e+01,5.000000e-08,5.26331583e+00,2.63165791e-07,9.99943560e-01,5.64399022e-05
6.000000e-07,600.000000,1.200000e+01,5.000000e-08,5.26631658e+00,2.63315829e-07,9.99943864e-01,5.61359998e-05
6.000000e-07,600.000000,1.200000e+01,5.000000e-08,5.26931733e+00,2.63465866e-07,9.99944166e-01,5.58341192e-05
6.000000e-07,600.000000,1.200000e+01,5.000000e-08,5.27231808e+00,2.63615904e-07,9.99944466e-01,5.55342494e-05
6.000000e-07,600.000000,1.200000e+01,5.000000e-08,5.27531883e+00,2.63765941e-07,9.99944764e-01,5.52363797e-05
6.000000e-07,600.000000,1.200000e+01,5.000000e-08,5.27831958e+00,2.63915979e-07,9.99945060e-01,5.49404994e-05
6.000000e-07,600.000000,1.200000e+01,5.000000e-08,5.28132033e+00,2.64066017e-07,9.99945353e-01,5.46465978e-05
6.000000e-07,600.000000,1.200000e+01,5.000000e-08,5.28432108e+00,2.64216054e-07,9.99945645e-01,5.43546644e-05
6.000000e-07,600.000000,1.200000e+01,5.000000e-08,5.28732183e+00,2.64366092e-07,9.99945935e-01,5.40646885e-05
6.000000e-07,600.000000,1.200000e+01,5.000000e-08,5.29032258e+00,2.64516129e-07,9.99946223e-01,5.37766599e-05
6.000000e-07,600.000000,1.200000e+01,5.000000e-08,5.29332333e+00,2.64666167e-07,9.99946509e-01,5.34905680e-05
6.000000e-07,600.000000,1.200000e+01,5.000000e-08,5.29632408e+00,2.64816204e-07,9.99946794e-01,5.32064026e-05
6.000000e-07,600.000000,1.200000e+01,5.000000e-08,5.29932483e+00,2.64966242e-07,9.99947076e-01,5.29241535e-05
6.000000e-07,600.000000,1.200000e+01,5.000000e-08,5.30232558e+00,2.65116279e-07,9.99947356e-01,5.26438105e-05
6.000000e-07,600.000000,1.200000e+01,5.000000e-08,5.30532633e+00,2.65266317e-07,9.99947635e-01,5.23653635e-05
6.000000e-07,600.000000,1.200000e+01,5.000000e-08,5.30832708e+00,2.65416354e-07,9.99947911e-01,5.20888025e-05
6.000000e-07,600.000000,1.200000e+01,5.000000e-08,5.31132783e+00,2.65566392e-07,9.99948186e-01,5.18141174e-05
6.000000e-07,600.000000,1.200000e+01,5.000000e-08,5.31432858e+00,2.65716429e-07,9.99948459e-01,5.15412985e-05
6.000000e-07,600.000000,1.200000e+01,5.000000e-08,5.31732933e+00,2.65866467e-07,9.99948730e-01,5.12703359e-05
6.000000e-07,600.000000,1.200000e+01,5.000000e-08,5.32033008e+00,2.66016504e-07,9.99948999e-01,5.10012199e-05
6.000000e-07,600.000000,1.200000e+01,5.000000e-08,5.32333083e+00,2.66166542e-07,9.99949266e-01,5.07339407e-05
6.000000e-07,600.000000,1.200000e+01,5.000000e-08,5.32633158e+00,2.66316579e-07,9.99949532e-01,5.04684887e-05
6.000000e-07,600.000000,1.200000e+01,5.000000e-08,5.32933233e+00,2.66466617e-07,9.99949795e-01,5.02048544e-05
6.000000e-07,600.000000,1.200000e+01,5.000000e-08,5.33233308e+00,2.66616654e-07,9.99950057e-01,4.99430282e-05
6.000000e-07,600.000000,1.200000e+01,5.000000e-08,5.33533383e+00,2.66766692e-07,9.99950317e-01,4.96830008e-05
6.000000e-07,600.000000,1.200000e+01,5.000000e-08,5.33833458e+00,2.66916729e-07,9.99950575e-01,4.94247628e-05
6.000000e-07,600.000000,1.200000e+01,5.000000e-08,5.34133533e+00,2.67066767e-07,9.99950832e-01,4.91683048e-05
6.000000e-07,600.000000,1.200000e+01,5.000000e-08,5.34433608e+00,2.67216804e-07,9.99951086e-01,4.89136177e-05
6.000000e-07,600.000000,1.200000e+01,5.000000e-08,5.34733683e+00,2.67366842e-07,9.99951339e-01,4.86606923e-05
6.000000e-07,600.000000,1.200000e+01,5.000000e-08,5.35033758e+00,2.67516879e-07,9.99951590e-01,4.84095194e-05
6.000000e-07,600.000000,1.200000e+01,5.000000e-08,5.35333833e+00,2.67666917e-07,9.99951840e-01,4.81600900e-05
6.000000e-07,600.000000,1.200000e+01,5.000000e-08,5.35633908e+00,2.67816954e-07,9.99952088e-01,4.79123952e-05
6.000000e-07,600.000000,1.200000e+01,5.000000e-08,5.35933983e+00,2.67966992e-07,9.99952334e-01,4.76664259e-05
6.000000e-07,600.000000,1.200000e+01,5.000000e-08,5.36234059e+00,2.68117029e-07,9.99952578e-01,4.74221735e-05
6.000000e-07,600.000000,1.200000e+01,5.000000e-08,5.36534134e+00,2.68267067e-07,9.99952820e-01,4.71796289e-05
6.000000e-07,600.000000,1.200000e+01,5.000000e-08,5.36834209e+00,2.68417104e-07,9.99953061e-01,4.69387836e-05
6.000000e-07,600.000000,1.200000e+01,5.000000e-08,5.37134284e+00,2.68567142e-07,9.99953300e-01,4.66996289e-05
6.000000e-07,600.000000,1.200000e+01,5.000000e-08,5.37434359e+00,2.68717179e-07,9.99953538e-01,4.64621561e-05
6.000000e-07,600.000000,1.200000e+01,5.000000e-08,5.37734434e+00,2.68867217e-07,9.99953774e-01,4.62263567e-05
6.000000e-07,600.000000,1.200000e+01,5.000000e-08,5.38034509e+00,2.69017254e-07,9.99954008e-01,4.59922221e-05
6.000000e-07,600.000000,1.200000e+01,5.000000e-08,5.38334584e+00,2.69167292e-07,9.99954240e-01,4.57597441e-05
6.000000e-07,600.000000,1.200000e+01,5.000000e-08,5.38634659e+00,2.69317329e-07,9.99954471e-01,4.55289141e-05
6.000000e-07,600.000000,1.200000e+01,5.000000e-08,5.38934734e+00,2.69467367e-07,9.99954700e-01,4.52997239e-05
6.000000e-07,600.000000,1.200000e+01,5.000000e-08,5.39234809e+00,2.69617404e-07,9.99954928e-01,4.50721652e-05
6.000000e-07,600.000000,1.200000e+01,5.000000e-08,5.39534884e+00,2.69767442e-07,9.99955154e-01,4.48462298e-05
6.000000e-07,600.000000,1.200000e+01,5.000000e-08,5.39834959e+00,2.69917479e-07,9.99955378e-01,4.46219097e-05
6.000000e-07,600.000000,1.200000e+01,5.000000e-08,5.40135034e+00,2.70067517e-07,9.99955601e-01,4.43991966e-05
6.000000e-07,600.000000,1.200000e+01,5.000000e-08,5.40435109e+00,2.70217554e-07,9.99955822e-01,4.41780826e-05
6.000000e-07,600.000000,1.200000e+01,5.000000e-08,5.40735184e+00,2.70367592e-07,9.99956041e-01,4.39585598e-05
6.000000e-07,600.000000,1.200000e+01,5.000000e-08,5.41035259e+00,2.70517629e-07,9.99956259e-01,4.37406202e-05
6.000000e-07,600.000000,1.200000e+01,5.000000e-08,5.41335334e+00,2.70667667e-07,9.99956476e-01,4.35242559e-05
6.000000e-07,600.000000,1.200000e+01,5.000000e-08,5.41635409e+00,2.70817704e-07,9.99956691e-01,4.33094593e-05
6.000000e-07,600.000000,1.200000e+01,5.000000e-08,5.41935484e+00,2.70967742e-07,9.99956904e-01,4.30962224e-05
6.000000e-07,600.000000,1.200000e+01,5.000000e-08,5.42235559e+00,2.71117779e-07,9.99957115e-01,4.28845378e-05
6.000000e-07,600.000000,1.200000e+01,5.000000e-08,5.42535634e+00,2.71267817e-07,9.99957326e-01,4.26743977e-05
6.000000e-07,600.000000,1.200000e+01,5.000000e-08,5.42835709e+00,2.71417854e-07,9.99957534e-01,4.24657945e-05
6.000000e-07,600.000000,1.200000e+01,5.000000e-08,5.43135784e+00,2.71567892e-07,9.99957741e-01,4.22587209e-05
6.000000e-07,600.000000,1.200000e+01,5.000000e-08,5.43435859e+00,2.71717929e-07,9.99957947e-01,4.20531692e-05
6.000000e-07,600.000000,1.200000e+01,5.000000e-08,5.43735934e+00,2.71867967e-07,9.99958151e-01,4.18491321e-05
6.000000e-07,600.000000,1.200000e+01,5.000000e-08,5.44036009e+00,2.72018005e-07,9.99958353e-01,4.16466023e-05
6.000000e-07,600.000000,1.200000e+01,5.000000e-08,5.44336084e+00,2.72168042e-07,9.99958554e-01,4.14455725e-05
6.000000e-07,600.000000,1.200000e+01,5.000000e-08,5.44636159e+00,2.72318080e-07,9.99958754e-01,4.12460353e-05
6.000000e-07,600.000000,1.200000e+01,5.000000e-08,5.44936234e+00,2.72468117e-07,9.99958952e-01,4.10479837e-05
6.000000e-07,600.000000,1.200000e+01,5.000000e-08,5.45236309e+00,2.72618155e-07,9.99959149e-01,4.08514105e-05
6.000000e-07,600.000000,1.200000e+01,5.000000e-08,5.45536384e+00,2.72768192e-07,9.99959344e-01,4.06563087e-05
6.000000e-07,600.000000,1.200000e+01,5.000000e-08,5.45836459e+00,2.72918230e-07,9.99959537e-01,4.04626711e-05
6.000000e-07,600.000000,1.200000e+01,5.000000e-08,5.46136534e+00,2.73068267e-07,9.99959730e-01,4.02704908e-05
6.000000e-07,600.000000,1.200000e+01,5.000000e-08,5.46436609e+00,2.73218305e-07,9.99959920e-01,4.00797610e-05
6.000000e-07,600.000000,1.200000e+01,5.000000e-08,5.46736684e+00,2.73368342e-07,9.99960110e-01,3.98904747e-05
6.000000e-07,600.000000,1.200000e+01,5.000000e-08,5.47036759e+00,2.73518380e-07,9.99960297e-01,3.97026251e-05
6.000000e-07,600.000000,1.200000e+01,5.000000e-08,5.47336834e+00,2.73668417e-07,9.99960484e-01,3.95162054e-05
6.000000e-07,600.000000,1.200000e+01,5.000000e-08,5.47636909e+00,2.73818455e-07,9.99960669e-01,3.93312090e-05
6.000000e-07,600.000000,1.200000e+01,5.000000e-08,5.47936984e+00,2.73968492e-07,9.99960852e-01,3.91476291e-05
6.000000e-07,600.000000,1.200000e+01,5.000000e-08,5.48237059e+00,2.74118530e-07,9.99961035e-01,3.89654593e-05
6.000000e-07,600.000000,1.200000e+01,5.000000e-08,5.48537134e+00,2.74268567e-07,9.99961215e-01,3.87846928e-05
6.000000e-07,600.000000,1.200000e+01,5.000000e-08,5.48837209e+00,2.74418605e-07,9.99961395e-01,3.86053232e-05
6.000000e-07,600.000000,1.200000e+01,5.000000e-08,5.49137284e+00,2.74568642e-07,9.99961573e-01,3.84273440e-05
6.000000e-07,600.000000,1.200000e+01,5.000000e-08,5.49437359e+00,2.74718680e-07,9.99961749e-01,3.82507489e-05
6.000000e-07,600.000000,1.200000e+01,5.000000e-08,5.49737434e+00,2.74868717e-07,9.99961924e-01,3.80755314e-05
6.000000e-07,600.000000,1.200000e+01,5.000000e-08,5.50037509e+00,2.75018755e-07,9.99962098e-01,3.79016853e-05
6.000000e-07,600.000000,1.200000e+01,5.000000e-08,5.50337584e+00,2.75168792e-07,9.99962271e-01,3.77292043e-05
6.000000e-07,600.000000,1.200000e+01,5.000000e-08,5.50637659e+00,2.75318830e-07,9.99962442e-01,3.75580821e-05
6.000000e-07,600.000000,1.200000e+01,5.000000e-08,5.50937734e+00,2.75468867e-07,9.99962612e-01,3.73883127e-05
6.000000e-07,600.000000,1.200000e+01,5.000000e-08,5.51237809e+00,2.75618905e-07,9.99962780e-01,3.72198899e-05
6.000000e-07,600.000000,1.200000e+01,5.000000e-08,5.51537884e+00,2.75768942e-07,9.99962947e-01,3.70528076e-05
6.000000e-07,600.000000,1.200000e+01,5.000000e-08,5.51837959e+00,2.75918980e-07,9.99963113e-01,3.68870598e-05
6.000000e-07,600.000000,1.200000e+01,5.000000e-08,5.52138035e+00,2.76069017e-07,9.99963277e-01,3.67226406e-05
6.000000e-07,600.000000,1.200000e+01,5.000000e-08,5.52438110e+00,2.76219055e-07,9.99963440e-01,3.65595440e-05
6.000000e-07,600.000000,1.200000e+01,5.000000e-08,5.52738185e+00,2.76369092e-07,9.99963602e-01,3.63977642e-05
6.000000e-07,600.000000,1.200000e+01,5.000000e-08,5.53038260e+00,2.76519130e-07,9.99963763e-01,3.62372953e-05
6.000000e-07,600.000000,1.200000e+01,5.000000e-08,5.53338335e+00,2.76669167e-07,9.99963922e-01,3.60781315e-05
6.000000e-07,600.000000,1.200000e+01,5.000000e-08,5.53638410e+00,2.76819205e-07,9.99964080e-01,3.59202672e-05
6.000000e-07,600.000000,1.200000e+01,5.000000e-08,5.53938485e+00,2.76969242e-07,9.99964236e-01,3.57636966e-05
6.000000e-07,600.000000,1.200000e+01,5.000000e-08,5.54238560e+00,2.77119280e-07,9.99964392e-01,3.56084140e-05
6.000000e-07,600.000000,1.200000e+01,5.000000e-08,5.54538635e+00,2.77269317e-07,9.99964546e-01,3.54544140e-05
6.000000e-07,600.000000,1.200000e+01,5.000000e-08,5.54838710e+00,2.77419355e-07,9.99964698e-01,3.53016910e-05
6.000000e-07,600.000000,1.200000e+01,5.000000e-08,5.55138785e+00,2.77569392e-07,9.99964850e-01,3.51502394e-05
6.000000e-07,600.000000,1.200000e+01,5.000000e-08,5.55438860e+00,2.77719430e-07,9.99965000e-01,3.50000538e-05
6.000000e-07,600.000000,1.200000e+01,5.000000e-08,5.55738935e+00,2.77869467e-07,9.99965149e-01,3.48511288e-05
6.000000e-07,600.000000,1.200000e+01,5.000000e-08,5.56039010e+00,2.78019505e-07,9.99965297e-01,3.47034590e-05
6.000000e-07,600.000000,1.200000e+01,5.000000e-08,5.56339085e+00,2.78169542e-07,9.99965443e-01,3.45570391e-05
6.000000e-07,600.000000,1.200000e+01,5.000000e-08,5.56639160e+00,2.78319580e-07,9.99965588e-01,3.44118639e-05
6.000000e-07,600.000000,1.200000e+01,5.000000e-08,5.56939235e+00,2.78469617e-07,9.99965732e-01,3.42679280e-05
6.000000e-07,600.000000,1.200000e+01,5.000000e-08,5.57239310e+00,2.78619655e-07,9.99965875e-01,3.41252264e-05
6.000000e-07,600.000000,1.200000e+01,5.000000e-08,5.57539385e+00,2.78769692e-07,9.99966016e-01,3.39837539e-05
6.000000e-07,600.000000,1.200000e+01,5.000000e-08,5.57839460e+00,2.78919730e-07,9.99966156e-01,3.38435054e-05
6.000000e-07,600.000000,1.200000e+01,5.000000e-08,5.58139535e+00,2.79069767e-07,9.99966296e-01,3.37044758e-05
6.000000e-07,600.000000,1.200000e+01,5.000000e-08,5.58439610e+00,2.79219805e-07,9.99966433e-01,3.35666602e-05
6.000000e-07,600.000000,1.200000e+01,5.000000e-08,5.58739685e+00,2.79369842e-07,9.99966570e-01,3.34300535e-05
6.000000e-07,600.000000,1.200000e+01,5.000000e-08,5.59039760e+00,2.79519880e-07,9.99966705e-01,3.32946508e-05
6.000000e-07,600.000000,1.200000e+01,5.000000e-08,5.59339835e+00,2.79669917e-07,9.99966840e-01,3.31604474e-05
6.000000e-07,600.000000,1.200000e+01,5.000000e-08,5.59639910e+00,2.79819955e-07,9.99966973e-01,3.30274382e-05
6.000000e-07,600.000000,1.200000e+01,5.000000e-08,5.59939985e+00,2.79969992e-07,9.99967104e-01,3.28956187e-05
6.000000e-07,600.000000,1.200000e+01,5.000000e-08,5.60240060e+00,2.80120030e-07,9.99967235e-01,3.27649839e-05
6.000000e-07,600.000000,1.200000e+01,5.000000e-08,5.60540135e+00,2.80270068e-07,9.99967364e-01,3.26355292e-05
6.000000e-07,600.000000,1.200000e+01,5.000000e-08,5.60840210e+00,2.80420105e-07,9.99967493e-01,3.25072500e-05
6.000000e-07,600.000000,1.200000e+01,5.000000e-08,5.61140285e+00,2.80570143e-07,9.99967620e-01,3.23801415e-05
6.000000e-07,600.000000,1.200000e+01,5.000000e-08,5.61440360e+00,2.80720180e-07,9.99967746e-01,3.22541993e-05
6.000000e-07,600.000000,1.200000e+01,5.000000e-08,5.61740435e+00,2.80870218e-07,9.99967871e-01,3.21294188e-05
6.000000e-07,600.000000,1.200000e+01,5.000000e-08,5.62040510e+00,2.81020255e-07,9.99967994e-01,3.20057955e-05
6.000000e-07,600.000000,1.200000e+01,5.000000e-08,5.62340585e+00,2.81170293e-07,9.99968117e-01,3.18833250e-05
6.000000e-07,600.000000,1.200000e+01,5.000000e-08,5.62640660e+00,2.81320330e-07,9.99968238e-01,3.17620028e-05
6.000000e-07,600.000000,1.200000e+01,5.000000e-08,5.62940735e+00,2.81470368e-07,9.99968358e-01,3.16418246e-05
6.000000e-07,600.000000,1.200000e+01,5.000000e-08,5.63240810e+00,2.81620405e-07,9.99968477e-01,3.15227861e-05
6.000000e-07,600.000000,1.200000e+01,5.000000e-08,5.63540885e+00,2.81770443e-07,9.99968595e-01,3.14048828e-05
6.000000e-07,600.000000,1.200000e+01,5.000000e-08,5.63840960e+00,2.81920480e-07,9.99968712e-01,3.12881107e-05
6.000000e-07,600.000000,1.200000e+01,5.000000e-08,5.64141035e+00,2.82070518e-07,9.99968828e-01,3.11724656e-05
6.000000e-07,600.000000,1.200000e+01,5.000000e-08,5.64441110e+00,2.82220555e-07,9.99968942e-01,3.10579431e-05
6.000000e-07,600.000000,1.200000e+01,5.000000e-08,5.64741185e+00,2.82370593e-07,9.99969055e-01,3.09445393e-05
6.000000e-07,600.000000,1.200000e+01,5.000000e-08,5.65041260e+00,2.82520630e-07,9.99969168e-01,3.08322500e-05
6.000000e-07,600.000000,1.200000e+01,5.000000e-08,5.65341335e+00,2.82670668e-07,9.99969279e-01,3.07210712e-05
6.000000e-07,600.000000,1.200000e+01,5.000000e-08,5.65641410e+00,2.82820705e-07,9.99969389e-01,3.06109989e-05
6.000000e-07,600.000000,1.200000e+01,5.000000e-08,5.65941485e+00,2.82970743e-07,9.99969498e-01,3.05020291e-05
6.000000e-07,600.000000,1.200000e+01,5.000000e-08,5.66241560e+00,2.83120780e-07,9.99969606e-01,3.03941579e-05
6.000000e-07,600.000000,1.200000e+01,5.000000e-08,5.66541635e+00,2.83270818e-07,9.99969713e-01,3.02873814e-05
6.000000e-07,600.000000,1.200000e+01,5.000000e-08,5.66841710e+00,2.83420855e-07,9.99969818e-01,3.01816958e-05
6.000000e-07,600.000000,1.200000e+01,5.000000e-08,5.67141785e+00,2.83570893e-07,9.99969923e-01,3.00770972e-05
6.000000e-07,600.000000,1.200000e+01,5.000000e-08,5.67441860e+00,2.83720930e-07,9.99970026e-01,2.99735820e-05
6.000000e-07,600.000000,1.200000e+01,5.000000e-08,5.67741935e+00,2.83870968e-07,9.99970129e-01,2.98711463e-05
6.000000e-07,600.000000,1.200000e+01,5.000000e-08,5.68042011e+00,2.84021005e-07,9.99970230e-01,2.97697865e-05
6.000000e-07,600.000000,1.200000e+01,5.000000e-08,5.68342086e+00,2.84171043e-07,9.99970331e-01,2.96694989e-05
6.000000e-07,600.000000,1.200000e+01,5.000000e-08,5.68642161e+00,2.84321080e-07,9.99970430e-01,2.95702799e-05
6.000000e-07,600.000000,1.200000e+01,5.000000e-08,5.68942236e+00,2.84471118e-07,9.99970528e-01,2.94721259e-05
6.000000e-07,600.000000,1.200000e+01,5.000000e-08,5.69242311e+00,2.84621155e-07,9.99970625e-01,2.93750335e-05
6.000000e-07,600.000000,1.200000e+01,5.000000e-08,5.69542386e+00,2.84771193e-07,9.99970721e-01,2.92789991e-05
6.000000e-07,600.000000,1.200000e+01,5.000000e-08,5.69842461e+00,2.84921230e-07,9.99970816e-01,2.91840192e-05
6.000000e-07,600.000000,1.200000e+01,5.000000e-08,5.70142536e+00,2.85071268e-07,9.99970910e-01,2.90900904e-05
6.000000e-07,600.000000,1.200000e+01,5.000000e-08,5.70442611e+00,2.85221305e-07,9.99971003e-01,2.89972094e-05
6.000000e-07,600.000000,1.200000e+01,5.000000e-08,5.70742686e+00,2.85371343e-07,9.99971095e-01,2.89053728e-05
6.000000e-07,600.000000,1.200000e+01,5.000000e-08,5.71042761e+00,2.85521380e-07,9.99971185e-01,2.88145773e-05
6.000000e-07,600.000000,1.200000e+01,5.000000e-08,5.71342836e+00,2.85671418e-07,9.99971275e-01,2.87248196e-05
6.000000e-07,600.000000,1.200000e+01,5.000000e-08,5.71642911e+00,2.85821455e-07,9.99971364e-01,2.86360965e-05
6.000000e-07,600.000000,1.200000e+01,5.000000e-08,5.71942986e+00,2.85971493e-07,9.99971452e-01,2.85484048e-05
6.000000e-07,600.000000,1.200000e+01,5.000000e-08,5.72243061e+00,2.86121530e-07,9.99971538e-01,2.84617414e-05
6.000000e-07,600.000000,1.200000e+01,5.000000e-08,5.72543136e+00,2.86271568e-07,9.99971624e-01,2.83761030e-05
6.000000e-07,600.000000,1.200000e+01,5.000000e-08,5.72843211e+00,2.86421605e-07,9.99971709e-01,2.82914867e-05
6.000000e-07,600.000000,1.200000e+01,5.000000e-08,5.73143286e+00,2.86571643e-07,9.99971792e-01,2.82078894e-05
6.000000e-07,600.000000,1.200000e+01,5.000000e-08,5.73443361e+00,2.86721680e-07,9.99971875e-01,2.81253080e-05
6.000000e-07,600.000000,1.200000e+01,5.000000e-08,5.73743436e+00,2.86871718e-07,9.99971956e-01,2.80437397e-05
6.000000e-07,600.000000,1.200000e+01,5.000000e-08,5.74043511e+00,2.87021755e-07,9.99972037e-01,2.79631814e-05
6.000000e-07,600.000000,1.200000e+01,5.000000e-08,5.74343586e+00,2.87171793e-07,9.99972116e-01,2.78836302e-05
6.000000e-07,600.000000,1.200000e+01,5.000000e-08,5.74643661e+00,2.87321830e-07,9.99972195e-01,2.78050834e-05
6.000000e-07,600.000000,1.200000e+01,5.000000e-08,5.74943736e+00,2.87471868e-07,9.99972272e-01,2.77275380e-05
6.000000e-07,600.000000,1.200000e+01,5.000000e-08,5.75243811e+00,2.87621905e-07,9.99972349e-01,2.76509913e-05
6.000000e-07,600.000000,1.200000e+01,5.000000e-08,5.75543886e+00,2.87771943e-07,9.99972425e-01,2.75754405e-05
6.000000e-07,600.000000,1.200000e+01,5.000000e-08,5.75843961e+00,2.87921980e-07,9.99972499e-01,2.75008830e-05
6.000000e-07,600.000000,1.200000e+01,5.000000e-08,5.76144036e+00,2.88072018e-07,9.99972573e-01,2.74273159e-05
6.000000e-07,600.000000,1.200000e+01,5.000000e-08,5.76444111e+00,2.88222056e-07,9.99972645e-01,2.73547367e-05
6.000000e-07,600.000000,1.200000e+01,5.000000e-08,5.76744186e+00,2.88372093e-07,9.99972717e-01,2.72831427e-05
6.000000e-07,600.000000,1.200000e+01,5.000000e-08,5.77044261e+00,2.88522131e-07,9.99972787e-01,2.72125314e-05
6.000000e-07,600.000000,1.200000e+01,5.000000e-08,5.77344336e+00,2.88672168e-07,9.99972857e-01,2.71429002e-05
6.000000e-07,600.000000,1.200000e+01,5.000000e-08,5.77644411e+00,2.88822206e-07,9.99972926e-01,2.70742467e-05
6.000000e-07,600.000000,1.200000e+01,5.000000e-08,5.77944486e+00,2.88972243e-07,9.99972993e-01,2.70065683e-05
6.000000e-07,600.000000,1.200000e+01,5.000000e-08,5.78244561e+00,2.89122281e-07,9.99973060e-01,2.69398626e-05
6.000000e-07,600.000000,1.200000e+01,5.000000e-08,5.78544636e+00,2.89272318e-07,9.99973126e-01,2.68741272e-05
6.000000e-07,600.000000,1.200000e+01,5.000000e-08,5.78844711e+00,2.89422356e-07,9.99973191e-01,2.68093597e-05
6.000000e-07,600.000000,1.200000e+01,5.000000e-08,5.79144786e+00,2.89572393e-07,9.99973254e-01,2.67455579e-05
6.000000e-07,600.000000,1.200000e+01,5.000000e-08,5.79444861e+00,2.89722431e-07,9.99973317e-01,2.66827193e-05
6.000000e-07,600.000000,1.200000e+01,5.000000e-08,5.79744936e+00,2.89872468e-07,9.99973379e-01,2.66208418e-05
6.000000e-07,600.000000,1.200000e+01,5.000000e-08,5.80045011e+00,2.90022506e-07,9.99973440e-01,2.65599232e-05
6.000000e-07,600.000000,1.200000e+01,5.000000e-08,5.80345086e+00,2.90172543e-07,9.99973500e-01,2.64999611e-05
6.000000e-07,600.000000,1.200000e+01,5.000000e-08,5.80645161e+00,2.90322581e-07,9.99973559e-01,2.64409535e-05
6.000000e-07,600.000000,1.200000e+01,5.000000e-08,5.80945236e+00,2.90472618e-07,9.99973617e-01,2.63828982e-05
6.000000e-07,600.000000,1.200000e+01,5.000000e-08,5.81245311e+00,2.90622656e-07,9.99973674e-01,2.63257932e-05
6.000000e-07,600.000000,1.200000e+01,5.000000e-08,5.81545386e+00,2.90772693e-07,9.99973730e-01,2.62696364e-05
6.000000e-07,600.000000,1.200000e+01,5.000000e-08,5.81845461e+00,2.90922731e-07,9.99973786e-01,2.62144258e-05
6.000000e-07,600.000000,1.200000e+01,5.000000e-08,5.82145536e+00,2.91072768e-07,9.99973840e-01,2.61601593e-05
6.000000e-07,600.000000,1.200000e+01,5.000000e-08,5.82445611e+00,2.91222806e-07,9.99973893e-01,2.61068350e-05
6.000000e-07,600.000000,1.200000e+01,5.000000e-08,5.82745686e+00,2.91372843e-07,9.99973946e-01,2.60544511e-05
6.000000e-07,600.000000,1.200000e+01,5.000000e-08,5.83045761e+00,2.91522881e-07,9.99973997e-01,2.60030055e-05
6.000000e-07,600.000000,1.200000e+01,5.000000e-08,5.83345836e+00,2.91672918e-07,9.99974048e-01,2.59524966e-05
6.000000e-07,600.000000,1.200000e+01,5.000000e-08,5.83645911e+00,2.91822956e-07,9.99974097e-01,2.59029224e-05
6.000000e-07,600.000000,1.200000e+01,5.000000e-08,5.83945986e+00,2.91972993e-07,9.99974146e-01,2.58542811e-05
6.000000e-07,600.000000,1.200000e+01,5.000000e-08,5.84246062e+00,2.92123031e-07,9.99974193e-01,2.58065710e-05
6.000000e-07,600.000000,1.200000e+01,5.000000e-08,5.84546137e+00,2.92273068e-07,9.99974240e-01,2.57597905e-05
6.000000e-07,600.000000,1.200000e+01,5.000000e-08,5.84846212e+00,2.92423106e-07,9.99974286e-01,2.57139377e-05
6.000000e-07,600.000000,1.200000e+01,5.000000e-08,5.85146287e+00,2.92573143e-07,9.99974331e-01,2.56690111e-05
6.000000e-07,600.000000,1.200000e+01,5.000000e-08,5.85446362e+00,2.92723181e-07,9.99974375e-01,2.56250090e-05
6.000000e-07,600.000000,1.200000e+01,5.000000e-08,5.85746437e+00,2.92873218e-07,9.99974418e-01,2.55819299e-05
6.000000e-07,600.000000,1.200000e+01,5.000000e-08,5.86046512e+00,2.93023256e-07,9.99974460e-01,2.55397722e-05
6.000000e-07,600.000000,1.200000e+01,5.000000e-08,5.86346587e+00,2.93173293e-07,9.99974501e-01,2.54985344e-05
6.000000e-07,600.000000,1.200000e+01,5.000000e-08,5.86646662e+00,2.93323331e-07,9.99974542e-01,2.54582149e-05
6.000000e-07,600.000000,1.200000e+01,5.000000e-08,5.86946737e+00,2.93473368e-07,9.99974581e-01,2.54188124e-05
6.000000e-07,600.000000,1.200000e+01,5.000000e-08,5.87246812e+00,2.93623406e-07,9.99974620e-01,2.53803254e-05
6.000000e-07,600.000000,1.200000e+01,5.000000e-08,5.87546887e+00,2.93773443e-07,9.99974657e-01,2.53427526e-05
6.000000e-07,600.000000,1.200000e+01,5.000000e-08,5.87846962e+00,2.93923481e-07,9.99974694e-01,2.53060926e-05
6.000000e-07,600.000000,1.200000e+01,5.000000e-08,5.88147037e+00,2.94073518e-07,9.99974730e-01,2.52703440e-05
6.000000e-07,600.000000,1.200000e+01,5.000000e-08,5.88447112e+00,2.94223556e-07,9.99974764e-01,2.52355056e-05
6.000000e-07,600.000000,1.200000e+01,5.000000e-08,5.88747187e+00,2.94373593e-07,9.99974798e-01,2.52015761e-05
6.000000e-07,600.000000,1.200000e+01,5.000000e-08,5.89047262e+00,2.94523631e-07,9.99974831e-01,2.51685543e-05
6.000000e-07,600.000000,1.200000e+01,5.000000e-08,5.89347337e+00,2.94673668e-07,9.99974864e-01,2.51364390e-05
6.000000e-07,600.000000,1.200000e+01,5.000000e-08,5.89647412e+00,2.94823706e-07,9.99974895e-01,2.51052291e-05
6.000000e-07,600.000000,1.200000e+01,5.000000e-08,5.89947487e+00,2.94973743e-07,9.99974925e-01,2.50749234e-05
6.000000e-07,600.000000,1.200000e+01,5.000000e-08,5.90247562e+00,2.95123781e-07,9.99974954e-01,2.50455209e-05
6.000000e-07,600.000000,1.200000e+01,5.000000e-08,5.90547637e+00,2.95273818e-07,9.99974983e-01,2.50170204e-05
6.000000e-07,600.000000,1.200000e+01,5.000000e-08,5.90847712e+00,2.95423856e-07,9.99975011e-01,2.49894210e-05
6.000000e-07,600.000000,1.200000e+01,5.000000e-08,5.91147787e+00,2.95573893e-07,9.99975037e-01,2.49627216e-05
6.000000e-07,600.000000,1.200000e+01,5.000000e-08,5.91447862e+00,2.95723931e-07,9.99975063e-01,2.49369214e-05
6.000000e-07,600.000000,1.200000e+01,5.000000e-08,5.91747937e+00,2.95873968e-07,9.99975088e-01,2.49120193e-05
6.000000e-07,600.000000,1.200000e+01,5.000000e-08,5.92048012e+00,2.96024006e-07,9.99975112e-01,2.48880145e-05
6.000000e-07,600.000000,1.200000e+01,5.000000e-08,5.92348087e+00,2.96174044e-07,9.99975135e-01,2.48649060e-05
6.000000e-07,600.000000,1.200000e+01,5.000000e-08,5.92648162e+00,2.96324081e-07,9.99975157e-01,2.48426932e-05
6.000000e-07,600.000000,1.200000e+01,5.000000e-08,5.92948237e+00,2.96474119e-07,9.99975179e-01,2.48213752e-05
6.000000e-07,600.000000,1.200000e+01,5.000000e-08,5.93248312e+00,2.96624156e-07,9.99975199e-01,2.48009511e-05
6.000000e-07,600.000000,1.200000e+01,5.000000e-08,5.93548387e+00,2.96774194e-07,9.99975219e-01,2.47814203e-05
6.000000e-07,600.000000,1.200000e+01,5.000000e-08,5.93848462e+00,2.96924231e-07,9.99975237e-01,2.47627821e-05
6.000000e-07,600.000000,1.200000e+01,5.000000e-08,5.94148537e+00,2.97074269e-07,9.99975255e-01,2.47450358e-05
6.000000e-07,600.000000,1.200000e+01,5.000000e-08,5.94448612e+00,2.97224306e-07,9.99975272e-01,2.47281808e-05
6.000000e-07,600.000000,1.200000e+01,5.000000e-08,5.94748687e+00,2.97374344e-07,9.99975288e-01,2.47122164e-05
6.000000e-07,600.000000,1.200000e+01,5.000000e-08,5.95048762e+00,2.97524381e-07,9.99975303e-01,2.46971420e-05
6.000000e-07,600.000000,1.200000e+01,5.000000e-08,5.95348837e+00,2.97674419e-07,9.99975317e-01,2.46829572e-05
6.000000e-07,600.000000,1.200000e+01,5.000000e-08,5.95648912e+00,2.97824456e-07,9.99975330e-01,2.46696615e-05
6.000000e-07,600.000000,1.200000e+01,5.000000e-08,5.95948987e+00,2.97974494e-07,9.99975343e-01,2.46572542e-05
6.000000e-07,600.000000,1.200000e+01,5.000000e-08,5.96249062e+00,2.98124531e-07,9.99975354e-01,2.46457351e-05
6.000000e-07,600.000000,1.200000e+01,5.000000e-08,5.96549137e+00,2.98274569e-07,9.99975365e-01,2.46351037e-05
6.000000e-07,600.000000,1.200000e+01,5.000000e-08,5.96849212e+00,2.98424606e-07,9.99975375e-01,2.46253595e-05
6.000000e-07,600.000000,1.200000e+01,5.000000e-08,5.97149287e+00,2.98574644e-07,9.99975383e-01,2.46165023e-05
6.000000e-07,600.000000,1.200000e+01,5.000000e-08,5.97449362e+00,2.98724681e-07,9.99975391e-01,2.46085317e-05
6.000000e-07,600.000000,1.200000e+01,5.000000e-08,5.97749437e+00,2.98874719e-07,9.99975399e-01,2.46014475e-05
6.000000e-07,600.000000,1.200000e+01,5.000000e-08,5.98049512e+00,2.99024756e-07,9.99975405e-01,2.45952494e-05
6.000000e-07,600.000000,1.200000e+01,5.000000e-08,5.98349587e+00,2.99174794e-07,9.99975410e-01,2.45899371e-05
6.000000e-07,600.000000,1.200000e+01,5.000000e-08,5.98649662e+00,2.99324831e-07,9.99975414e-01,2.45855105e-05
6.000000e-07,600.000000,1.200000e+01,5.000000e-08,5.98949737e+00,2.99474869e-07,9.99975418e-01,2.45819694e-05
6.000000e-07,600.000000,1.200000e+01,5.000000e-08,5.99249812e+00,2.99624906e-07,9.99975421e-01,2.45793137e-05
6.000000e-07,600.000000,1.200000e+01,5.000000e-08,5.99549887e+00,2.99774944e-07,9.99975422e-01,2.45775432e-05
6.000000e-07,600.000000,1.200000e+01,5.000000e-08,5.99849962e+00,2.99924981e-07,9.99975423e-01,2.45766581e-05
6.000000e-07,600.000000,1.200000e+01,5.000000e-08,6.00150038e+00,3.00075019e-07,9.99975423e-01,2.45766581e-05
6.000000e-07,600.000000,1.200000e+01,5.000000e-08,6.00450113e+00,3.00225056e-07,9.99975422e-01,2.45775432e-05
6.000000e-07,600.000000,1.200000e+01,5.000000e-08,6.00750188e+00,3.00375094e-07,9.99975421e-01,2.45793137e-05
6.000000e-07,600.000000,1.200000e+01,5.000000e-08,6.01050263e+00,3.00525131e-07,9.99975418e-01,2.45819694e-05
6.000000e-07,600.000000,1.200000e+01,5.000000e-08,6.01350338e+00,3.00675169e-07,9.99975414e-01,2.45855105e-05
6.000000e-07,600.000000,1.200000e+01,5.000000e-08,6.01650413e+00,3.00825206e-07,9.99975410e-01,2.45899371e-05
6.000000e-07,600.000000,1.200000e+01,5.000000e-08,6.01950488e+00,3.00975244e-07,9.99975405e-01,2.45952494e-05
6.000000e-07,600.000000,1.200000e+01,5.000000e-08,6.02250563e+00,3.01125281e-07,9.99975399e-01,2.46014475e-05
6.000000e-07,600.000000,1.200000e+01,5.000000e-08,6.02550638e+00,3.01275319e-07,9.99975391e-01,2.46085317e-05
6.000000e-07,600.000000,1.200000e+01,5.000000e-08,6.02850713e+00,3.01425356e-07,9.99975383e-01,2.46165023e-05
6.000000e-07,600.000000,1.200000e+01,5.000000e-08,6.03150788e+00,3.01575394e-07,9.99975375e-01,2.46253595e-05
6.000000e-07,600.000000,1.200000e+01,5.000000e-08,6.03450863e+00,3.01725431e-07,9.99975365e-01,2.46351037e-05
6.000000e-07,600.000000,1.200000e+01,5.000000e-08,6.03750938e+00,3.01875469e-07,9.99975354e-01,2.46457351e-05
6.000000e-07,600.000000,1.200000e+01,5.000000e-08,6.04051013e+00,3.02025506e-07,9.99975343e-01,2.46572542e-05
6.000000e-07,600.000000,1.200000e+01,5.000000e-08,6.04351088e+00,3.02175544e-07,9.99975330e-01,2.46696615e-05
6.000000e-07,600.000000,1.200000e+01,5.000000e-08,6.04651163e+00,3.02325581e-07,9.99975317e-01,2.46829572e-05
6.000000e-07,600.000000,1.200000e+01,5.000000e-08,6.04951238e+00,3.02475619e-07,9.99975303e-01,2.46971420e-05
6.000000e-07,600.000000,1.200000e+01,5.000000e-08,6.05251313e+00,3.02625656e-07,9.99975288e-01,2.47122164e-05
6.000000e-07,600.000000,1.200000e+01,5.000000e-08,6.05551388e+00,3.02775694e-07,9.99975272e-01,2.47281808e-05
6.000000e-07,600.000000,1.200000e+01,5.000000e-08,6.05851463e+00,3.02925731e-07,9.99975255e-01,2.47450358e-05
6.000000e-07,600.000000,1.200000e+01,5.000000e-08,6.06151538e+00,3.03075769e-07,9.99975237e-01,2.47627821e-05
6.000000e-07,600.000000,1.200000e+01,5.000000e-08,6.06451613e+00,3.03225806e-07,9.99975219e-01,2.47814203e-05
6.000000e-07,600.000000,1.200000e+01,5.000000e-08,6.06751688e+00,3.03375844e-07,9.99975199e-01,2.48009511e-05
6.000000e-07,600.000000,1.200000e+01,5.000000e-08,6.07051763e+00,3.03525881e-07,9.99975179e-01,2.48213752e-05
6.000000e-07,600.000000,1.200000e+01,5.000000e-08,6.07351838e+00,3.03675919e-07,9.99975157e-01,2.48426932e-05
6.000000e-07,600.000000,1.200000e+01,5.000000e-08,6.07651913e+00,3.03825956e-07,9.99975135e-01,2.48649060e-05
6.000000e-07,600.000000,1.200000e+01,5.000000e-08,6.07951988e+00,3.03975994e-07,9.99975112e-01,2.48880145e-05
6.000000e-07,600.000000,1.200000e+01,5.000000e-08,6.08252063e+00,3.04126032e-07,9.99975088e-01,2.49120193e-05
6.000000e-07,600.000000,1.200000e+01,5.000000e-08,6.08552138e+00,3.04276069e-07,9.99975063e-01,2.49369214e-05
6.000000e-07,600.000000,1.200000e+01,5.000000e-08,6.08852213e+00,3.04426107e-07,9.99975037e-01,2.49627216e-05
6.000000e-07,600.000000,1.200000e+01,5.000000e-08,6.09152288e+00,3.04576144e-07,9.99975011e-01,2.49894210e-05
6.000000e-07,600.000000,1.200000e+01,5.000000e-08,6.09452363e+00,3.04726182e-07,9.99974983e-01,2.50170204e-05
6.000000e-07,600.000000,1.200000e+01,5.000000e-08,6.09752438e+00,3.04876219e-07,9.99974954e-01,2.50455209e-05
6.000000e-07,600.000000,1.200000e+01,5.000000e-08,6.10052513e+00,3.05026257e-07,9.99974925e-01,2.50749234e-05
6.000000e-07,600.000000,1.200000e+01,5.000000e-08,6.10352588e+00,3.05176294e-07,9.99974895e-01,2.51052291e-05
6.000000e-07,600.000000,1.200000e+01,5.000000e-08,6.10652663e+00,3.05326332e-07,9.99974864e-01,2.51364390e-05
6.000000e-07,600.000000,1.200000e+01,5.000000e-08,6.10952738e+00,3.05476369e-07,9.99974831e-01,2.51685543e-05
6.000000e-07,600.000000,1.200000e+01,5.000000e-08,6.11252813e+00,3.05626407e-07,9.99974798e-01,2.52015761e-05
6.000000e-07,600.000000,1.200000e+01,5.000000e-08,6.11552888e+00,3.05776444e-07,9.99974764e-01,2.52355056e-05
6.000000e-07,600.000000,1.200000e+01,5.000000e-08,6.11852963e+00,3.05926482e-07,9.99974730e-01,2.52703440e-05
6.000000e-07,600.000000,1.200000e+01,5.000000e-08,6.12153038e+00,3.06076519e-07,9.99974694e-01,2.53060926e-05
6.000000e-07,600.000000,1.200000e+01,5.000000e-08,6.12453113e+00,3.06226557e-07,9.99974657e-01,2.53427526e-05
6.000000e-07,600.000000,1.200000e+01,5.000000e-08,6.12753188e+00,3.06376594e-07,9.99974620e-01,2.53803254e-05
6.000000e-07,600.000000,1.200000e+01,5.000000e-08,6.13053263e+00,3.06526632e-07,9.99974581e-01,2.54188124e-05
6.000000e-07,600.000000,1.200000e+01,5.000000e-08,6.13353338e+00,3.06676669e-07,9.99974542e-01,2.54582149e-05
6.000000e-07,600.000000,1.200000e+01,5.000000e-08,6.13653413e+00,3.06826707e-07,9.99974501e-01,2.54985344e-05
6.000000e-07,600.000000,1.200000e+01,5.000000e-08,6.13953488e+00,3.06976744e-07,9.99974460e-01,2.55397722e-05
6.000000e-07,600.000000,1.200000e+01,5.000000e-08,6.14253563e+00,3.07126782e-07,9.99974418e-01,2.55819299e-05
6.000000e-07,600.000000,1.200000e+01,5.000000e-08,6.14553638e+00,3.07276819e-07,9.99974375e-01,2.56250090e-05
6.000000e-07,600.000000,1.200000e+01,5.000000e-08,6.14853713e+00,3.07426857e-07,9.99974331e-01,2.56690111e-05
6.000000e-07,600.000000,1.200000e+01,5.000000e-08,6.15153788e+00,3.07576894e-07,9.99974286e-01,2.57139377e-05
6.000000e-07,600.000000,1.200000e+01,5.000000e-08,6.15453863e+00,3.07726932e-07,9.99974240e-01,2.57597905e-05
6.000000e-07,600.000000,1.200000e+01,5.000000e-08,6.15753938e+00,3.07876969e-07,9.99974193e-01,2.58065710e-05
6.000000e-07,600.000000,1.200000e+01,5.000000e-08,6.16054014e+00,3.08027007e-07,9.99974146e-01,2.58542811e-05
6.000000e-07,600.000000,1.200000e+01,5.000000e-08,6.16354089e+00,3.08177044e-07,9.99974097e-01,2.59029224e-05
6.000000e-07,600.000000,1.200000e+01,5.000000e-08,6.16654164e+00,3.08327082e-07,9.99974048e-01,2.59524966e-05
6.000000e-07,600.000000,1.200000e+01,5.000000e-08,6.16954239e+00,3.08477119e-07,9.99973997e-01,2.60030055e-05
6.000000e-07,600.000000,1.200000e+01,5.000000e-08,6.17254314e+00,3.08627157e-07,9.99973946e-01,2.60544511e-05
6.000000e-07,600.000000,1.200000e+01,5.000000e-08,6.17554389e+00,3.08777194e-07,9.99973893e-01,2.61068350e-05
6.000000e-07,600.000000,1.200000e+01,5.000000e-08,6.17854464e+00,3.08927232e-07,9.99973840e-01,2.61601593e-05
6.000000e-07,600.000000,1.200000e+01,5.000000e-08,6.18154539e+00,3.09077269e-07,9.99973786e-01,2.62144258e-05
6.000000e-07,600.000000,1.200000e+01,5.000000e-08,6.18454614e+00,3.09227307e-07,9.99973730e-01,2.62696364e-05
6.000000e-07,600.000000,1.200000e+01,5.000000e-08,6.18754689e+00,3.09377344e-07,9.99973674e-01,2.63257932e-05
6.000000e-07,600.000000,1.200000e+01,5.000000e-08,6.19054764e+00,3.09527382e-07,9.99973617e-01,2.63828982e-05
6.000000e-07,600.000000,1.200000e+01,5.000000e-08,6.19354839e+00,3.09677419e-07,9.99973559e-01,2.64409535e-05
6.000000e-07,600.000000,1.200000e+01,5.000000e-08,6.19654914e+00,3.09827457e-07,9.99973500e-01,2.64999611e-05
6.000000e-07,600.000000,1.200000e+01,5.000000e-08,6.19954989e+00,3.09977494e-07,9.99973440e-01,2.65599232e-05
6.000000e-07,600.000000,1.200000e+01,5.000000e-08,6.20255064e+00,3.10127532e-07,9.99973379e-01,2.66208418e-05
6.000000e-07,600.000000,1.200000e+01,5.000000e-08,6.20555139e+00,3.10277569e-07,9.99973317e-01,2.66827193e-05
6.000000e-07,600.000000,1.200000e+01,5.000000e-08,6.20855214e+00,3.10427607e-07,9.99973254e-01,2.67455579e-05
6.000000e-07,600.000000,1.200000e+01,5.000000e-08,6.21155289e+00,3.10577644e-07,9.99973191e-01,2.68093597e-05
6.000000e-07,600.000000,1.200000e+01,5.000000e-08,6.21455364e+00,3.10727682e-07,9.99973126e-01,2.68741272e-05
6.000000e-07,600.000000,1.200000e+01,5.000000e-08,6.21755439e+00,3.10877719e-07,9.99973060e-01,2.69398626e-05
6.000000e-07,600.000000,1.200000e+01,5.000000e-08,6.22055514e+00,3.11027757e-07,9.99972993e-01,2.70065683e-05
6.000000e-07,600.000000,1.200000e+01,5.000000e-08,6.22355589e+00,3.11177794e-07,9.99972926e-01,2.70742467e-05
6.000000e-07,600.000000,1.200000e+01,5.000000e-08,6.22655664e+00,3.11327832e-07,9.99972857e-01,2.71429002e-05
6.000000e-07,600.000000,1.200000e+01,5.000000e-08,6.22955739e+00,3.11477869e-07,9.99972787e-01,2.72125314e-05
6.000000e-07,600.000000,1.200000e+01,5.000000e-08,6.23255814e+00,3.11627907e-07,9.99972717e-01,2.72831427e-05
6.000000e-07,600.000000,1.200000e+01,5.000000e-08,6.23555889e+00,3.11777944e-07,9.99972645e-01,2.73547367e-05
6.000000e-07,600.000000,1.200000e+01,5.000000e-08,6.23855964e+00,3.11927982e-07,9.99972573e-01,2.74273159e-05
6.000000e-07,600.000000,1.200000e+01,5.000000e-08,6.24156039e+00,3.12078020e-07,9.99972499e-01,2.75008830e-05
6.000000e-07,600.000000,1.200000e+01,5.000000e-08,6.24456114e+00,3.12228057e-07,9.99972425e-01,2.75754405e-05
6.000000e-07,600.000000,1.200000e+01,5.000000e-08,6.24756189e+00,3.12378095e-07,9.99972349e-01,2.76509913e-05
6.000000e-07,600.000000,1.200000e+01,5.000000e-08,6.25056264e+00,3.12528132e-07,9.99972272e-01,2.77275380e-05
6.000000e-07,600.000000,1.200000e+01,5.000000e-08,6.25356339e+00,3.12678170e-07,9.99972195e-01,2.78050834e-05
6.000000e-07,600.000000,1.200000e+01,5.000000e-08,6.25656414e+00,3.12828207e-07,9.99972116e-01,2.78836302e-05
6.000000e-07,600.000000,1.200000e+01,5.000000e-08,6.25956489e+00,3.12978245e-07,9.99972037e-01,2.79631814e-05
6.000000e-07,600.000000,1.200000e+01,5.000000e-08,6.26256564e+00,3.13128282e-07,9.99971956e-01,2.80437397e-05
6.000000e-07,600.000000,1.200000e+01,5.000000e-08,6.26556639e+00,3.13278320e-07,9.99971875e-01,2.81253080e-05
6.000000e-07,600.000000,1.200000e+01,5.000000e-08,6.26856714e+00,3.13428357e-07,9.99971792e-01,2.82078894e-05
6.000000e-07,600.000000,1.200000e+01,5.000000e-08,6.27156789e+00,3.13578395e-07,9.99971709e-01,2.82914867e-05
6.000000e-07,600.000000,1.200000e+01,5.000000e-08,6.27456864e+00,3.13728432e-07,9.99971624e-01,2.83761030e-05
6.000000e-07,600.000000,1.200000e+01,5.000000e-08,6.27756939e+00,3.13878470e-07,9.99971538e-01,2.84617414e-05
6.000000e-07,600.000000,1.200000e+01,5.000000e-08,6.28057014e+00,3.14028507e-07,9.99971452e-01,2.85484048e-05
6.000000e-07,600.000000,1.200000e+01,5.000000e-08,6.28357089e+00,3.14178545e-07,9.99971364e-01,2.86360965e-05
6.000000e-07,600.000000,1.200000e+01,5.000000e-08,6.28657164e+00,3.14328582e-07,9.99971275e-01,2.87248196e-05
6.000000e-07,600.000000,1.200000e+01,5.000000e-08,6.28957239e+00,3.14478620e-07,9.99971185e-01,2.88145773e-05
6.000000e-07,600.000000,1.200000e+01,5.000000e-08,6.29257314e+00,3.14628657e-07,9.99971095e-01,2.89053728e-05
6.000000e-07,600.000000,1.200000e+01,5.000000e-08,6.29557389e+00,3.14778695e-07,9.99971003e-01,2.89972094e-05
6.000000e-07,600.000000,1.200000e+01,5.000000e-08,6.29857464e+00,3.14928732e-07,9.99970910e-01,2.90900904e-05
6.000000e-07,600.000000,1.200000e+01,5.000000e-08,6.30157539e+00,3.15078770e-07,9.99970816e-01,2.91840192e-05
6.000000e-07,600.000000,1.200000e+01,5.000000e-08,6.30457614e+00,3.15228807e-07,9.99970721e-01,2.92789991e-05
6.000000e-07,600.000000,1.200000e+01,5.000000e-08,6.30757689e+00,3.15378845e-07,9.99970625e-01,2.93750335e-05
6.000000e-07,600.000000,1.200000e+01,5.000000e-08,6.31057764e+00,3.15528882e-07,9.99970528e-01,2.94721259e-05
6.000000e-07,600.000000,1.200000e+01,5.000000e-08,6.31357839e+00,3.15678920e-07,9.99970430e-01,2.95702799e-05
6.000000e-07,600.000000,1.200000e+01,5.000000e-08,6.31657914e+00,3.15828957e-07,9.99970331e-01,2.96694989e-05
6.000000e-07,600.000000,1.200000e+01,5.000000e-08,6.31957989e+00,3.15978995e-07,9.99970230e-01,2.97697865e-05
6.000000e-07,600.000000,1.200000e+01,5.000000e-08,6.32258065e+00,3.16129032e-07,9.99970129e-01,2.98711463e-05
6.000000e-07,600.000000,1.200000e+01,5.000000e-08,6.32558140e+00,3.16279070e-07,9.99970026e-01,2.99735820e-05
6.000000e-07,600.000000,1.200000e+01,5.000000e-08,6.32858215e+00,3.16429107e-07,9.99969923e-01,3.00770972e-05
6.000000e-07,600.000000,1.200000e+01,5.000000e-08,6.33158290e+00,3.16579145e-07,9.99969818e-01,3.01816958e-05
6.000000e-07,600.000000,1.200000e+01,5.000000e-08,6.33458365e+00,3.16729182e-07,9.99969713e-01,3.02873814e-05
6.000000e-07,600.000000,1.200000e+01,5.000000e-08,6.33758440e+00,3.16879220e-07,9.99969606e-01,3.03941579e-05
6.000000e-07,600.000000,1.200000e+01,5.000000e-08,6.34058515e+00,3.17029257e-07,9.99969498e-01,3.05020291e-05
6.000000e-07,600.000000,1.200000e+01,5.000000e-08,6.34358590e+00,3.17179295e-07,9.99969389e-01,3.06109989e-05
6.000000e-07,600.000000,1.200000e+01,5.000000e-08,6.34658665e+00,3.17329332e-07,9.99969279e-01,3.07210712e-05
6.000000e-07,600.000000,1.200000e+01,5.000000e-08,6.34958740e+00,3.17479370e-07,9.99969168e-01,3.08322500e-05
6.000000e-07,600.000000,1.200000e+01,5.000000e-08,6.35258815e+00,3.17629407e-07,9.99969055e-01,3.09445393e-05
6.000000e-07,600.000000,1.200000e+01,5.000000e-08,6.35558890e+00,3.17779445e-07,9.99968942e-01,3.10579431e-05
6.000000e-07,600.000000,1.200000e+01,5.000000e-08,6.35858965e+00,3.17929482e-07,9.99968828e-01,3.11724656e-05
6.000000e-07,600.000000,1.200000e+01,5.000000e-08,6.36159040e+00,3.18079520e-07,9.99968712e-01,3.12881107e-05
6.000000e-07,600.000000,1.200000e+01,5.000000e-08,6.36459115e+00,3.18229557e-07,9.99968595e-01,3.14048828e-05
6.000000e-07,600.000000,1.200000e+01,5.000000e-08,6.36759190e+00,3.18379595e-07,9.99968477e-01,3.15227861e-05
6.000000e-07,600.000000,1.200000e+01,5.000000e-08,6.37059265e+00,3.18529632e-07,9.99968358e-01,3.16418246e-05
6.000000e-07,600.000000,1.200000e+01,5.000000e-08,6.37359340e+00,3.18679670e-07,9.99968238e-01,3.17620028e-05
6.000000e-07,600.000000,1.200000e+01,5.000000e-08,6.37659415e+00,3.18829707e-07,9.99968117e-01,3.18833250e-05
6.000000e-07,600.000000,1.200000e+01,5.000000e-08,6.37959490e+00,3.18979745e-07,9.99967994e-01,3.20057955e-05
6.000000e-07,600.000000,1.200000e+01,5.000000e-08,6.38259565e+00,3.19129782e-07,9.99967871e-01,3.21294188e-05
6.000000e-07,600.000000,1.200000e+01,5.000000e-08,6.38559640e+00,3.19279820e-07,9.99967746e-01,3.22541993e-05
6.000000e-07,600.000000,1.200000e+01,5.000000e-08,6.38859715e+00,3.19429857e-07,9.99967620e-01,3.23801415e-05
6.000000e-07,600.000000,1.200000e+01,5.000000e-08,6.39159790e+00,3.19579895e-07,9.99967493e-01,3.25072500e-05
6.000000e-07,600.000000,1.200000e+01,5.000000e-08,6.39459865e+00,3.19729932e-07,9.99967364e-01,3.26355292e-05
6.000000e-07,600.000000,1.200000e+01,5.000000e-08,6.39759940e+00,3.19879970e-07,9.99967235e-01,3.27649839e-05
6.000000e-07,600.000000,1.200000e+01,5.000000e-08,6.40060015e+00,3.20030008e-07,9.99967104e-01,3.28956187e-05
6.000000e-07,600.000000,1.200000e+01,5.000000e-08,6.40360090e+00,3.20180045e-07,9.99966973e-01,3.30274382e-05
6.000000e-07,600.000000,1.200000e+01,5.000000e-08,6.40660165e+00,3.20330083e-07,9.99966840e-01,3.31604474e-05
6.000000e-07,600.000000,1.200000e+01,5.000000e-08,6.40960240e+00,3.20480120e-07,9.99966705e-01,3.32946508e-05
6.000000e-07,600.000000,1.200000e+01,5.000000e-08,6.41260315e+00,3.20630158e-07,9.99966570e-01,3.34300535e-05
6.000000e-07,600.000000,1.200000e+01,5.000000e-08,6.41560390e+00,3.20780195e-07,9.99966433e-01,3.35666602e-05
6.000000e-07,600.000000,1.200000e+01,5.000000e-08,6.41860465e+00,3.20930233e-07,9.99966296e-01,3.37044758e-05
6.000000e-07,600.000000,1.200000e+01,5.000000e-08,6.42160540e+00,3.21080270e-07,9.99966156e-01,3.38435054e-05
6.000000e-07,600.000000,1.200000e+01,5.000000e-08,6.42460615e+00,3.21230308e-07,9.99966016e-01,3.39837539e-05
6.000000e-07,600.000000,1.200000e+01,5.000000e-08,6.42760690e+00,3.21380345e-07,9.99965875e-01,3.41252264e-05
6.000000e-07,600.000000,1.200000e+01,5.000000e-08,6.43060765e+00,3.21530383e-07,9.99965732e-01,3.42679280e-05
6.000000e-07,600.000000,1.200000e+01,5.000000e-08,6.43360840e+00,3.21680420e-07,9.99965588e-01,3.44118639e-05
6.000000e-07,600.000000,1.200000e+01,5.000000e-08,6.43660915e+00,3.21830458e-07,9.99965443e-01,3.45570391e-05
6.000000e-07,600.000000,1.200000e+01,5.000000e-08,6.43960990e+00,3.21980495e-07,9.99965297e-01,3.47034590e-05
6.000000e-07,600.000000,1.200000e+01,5.000000e-08,6.44261065e+00,3.22130533e-07,9.99965149e-01,3.48511288e-05
6.000000e-07,600.000000,1.200000e+01,5.000000e-08,6.44561140e+00,3.22280570e-07,9.99965000e-01,3.50000538e-05
6.000000e-07,600.000000,1.200000e+01,5.000000e-08,6.44861215e+00,3.22430608e-07,9.99964850e-01,3.51502394e-05
6.000000e-07,600.000000,1.200000e+01,5.000000e-08,6.45161290e+00,3.22580645e-07,9.99964698e-01,3.53016910e-05
6.000000e-07,600.000000,1.200000e+01,5.000000e-08,6.45461365e+00,3.22730683e-07,9.99964546e-01,3.54544140e-05
6.000000e-07,600.000000,1.200000e+01,5.000000e-08,6.45761440e+00,3.22880720e-07,9.99964392e-01,3.56084140e-05
6.000000e-07,600.000000,1.200000e+01,5.000000e-08,6.46061515e+00,3.23030758e-07,9.99964236e-01,3.57636966e-05
6.000000e-07,600.000000,1.200000e+01,5.000000e-08,6.46361590e+00,3.23180795e-07,9.99964080e-01,3.59202672e-05
6.000000e-07,600.000000,1.200000e+01,5.000000e-08,6.46661665e+00,3.23330833e-07,9.99963922e-01,3.60781315e-05
6.000000e-07,600.000000,1.200000e+01,5.000000e-08,6.46961740e+00,3.23480870e-07,9.99963763e-01,3.62372953e-05
6.000000e-07,600.000000,1.200000e+01,5.000000e-08,6.47261815e+00,3.23630908e-07,9.99963602e-01,3.63977642e-05
6.000000e-07,600.000000,1.200000e+01,5.000000e-08,6.47561890e+00,3.23780945e-07,9.99963440e-01,3.65595440e-05
6.000000e-07,600.000000,1.200000e+01,5.000000e-08,6.47861965e+00,3.23930983e-07,9.99963277e-01,3.67226406e-05
6.000000e-07,600.000000,1.200000e+01,5.000000e-08,6.48162041e+00,3.24081020e-07,9.99963113e-01,3.68870598e-05
6.000000e-07,600.000000,1.200000e+01,5.000000e-08,6.48462116e+00,3.24231058e-07,9.99962947e-01,3.70528076e-05
6.000000e-07,600.000000,1.200000e+01,5.000000e-08,6.48762191e+00,3.24381095e-07,9.99962780e-01,3.72198899e-05
6.000000e-07,600.000000,1.200000e+01,5.000000e-08,6.49062266e+00,3.24531133e-07,9.99962612e-01,3.73883127e-05
6.000000e-07,600.000000,1.200000e+01,5.000000e-08,6.49362341e+00,3.24681170e-07,9.99962442e-01,3.75580821e-05
6.000000e-07,600.000000,1.200000e+01,5.000000e-08,6.49662416e+00,3.24831208e-07,9.99962271e-01,3.77292043e-05
6.000000e-07,600.000000,1.200000e+01,5.000000e-08,6.49962491e+00,3.24981245e-07,9.99962098e-01,3.79016853e-05
6.000000e-07,600.000000,1.200000e+01,5.000000e-08,6.50262566e+00,3.25131283e-07,9.99961924e-01,3.80755314e-05
6.000000e-07,600.000000,1.200000e+01,5.000000e-08,6.50562641e+00,3.25281320e-07,9.99961749e-01,3.82507489e-05
6.000000e-07,600.000000,1.200000e+01,5.000000e-08,6.50862716e+00,3.25431358e-07,9.99961573e-01,3.84273440e-05
6.000000e-07,600.000000,1.200000e+01,5.000000e-08,6.51162791e+00,3.25581395e-07,9.99961395e-01,3.86053232e-05
6.000000e-07,600.000000,1.200000e+01,5.000000e-08,6.51462866e+00,3.25731433e-07,9.99961215e-01,3.87846928e-05
6.000000e-07,600.000000,1.200000e+01,5.000000e-08,6.51762941e+00,3.25881470e-07,9.99961035e-01,3.89654593e-05
6.000000e-07,600.000000,1.200000e+01,5.000000e-08,6.52063016e+00,3.26031508e-07,9.99960852e-01,3.91476291e-05
6.000000e-07,600.000000,1.200000e+01,5.000000e-08,6.52363091e+00,3.26181545e-07,9.99960669e-01,3.93312090e-05
6.000000e-07,600.000000,1.200000e+01,5.000000e-08,6.52663166e+00,3.26331583e-07,9.99960484e-01,3.95162054e-05
6.000000e-07,600.000000,1.200000e+01,5.000000e-08,6.52963241e+00,3.26481620e-07,9.99960297e-01,3.97026251e-05
6.000000e-07,600.000000,1.200000e+01,5.000000e-08,6.53263316e+00,3.26631658e-07,9.99960110e-01,3.98904747e-05
6.000000e-07,600.000000,1.200000e+01,5.000000e-08,6.53563391e+00,3.26781695e-07,9.99959920e-01,4.00797610e-05
6.000000e-07,600.000000,1.200000e+01,5.000000e-08,6.53863466e+00,3.26931733e-07,9.99959730e-01,4.02704908e-05
6.000000e-07,600.000000,1.200000e+01,5.000000e-08,6.54163541e+00,3.27081770e-07,9.99959537e-01,4.04626711e-05
6.000000e-07,600.000000,1.200000e+01,5.000000e-08,6.54463616e+00,3.27231808e-07,9.99959344e-01,4.06563087e-05
6.000000e-07,600.000000,1.200000e+01,5.000000e-08,6.54763691e+00,3.27381845e-07,9.99959149e-01,4.08514105e-05
6.000000e-07,600.000000,1.200000e+01,5.000000e-08,6.55063766e+00,3.27531883e-07,9.99958952e-01,4.10479837e-05
6.000000e-07,600.000000,1.200000e+01,5.000000e-08,6.55363841e+00,3.27681920e-07,9.99958754e-01,4.12460353e-05
6.000000e-07,600.000000,1.200000e+01,5.000000e-08,6.55663916e+00,3.27831958e-07,9.99958554e-01,4.14455725e-05
6.000000e-07,600.000000,1.200000e+01,5.000000e-08,6.55963991e+00,3.27981995e-07,9.99958353e-01,4.16466023e-05
6.000000e-07,600.000000,1.200000e+01,5.000000e-08,6.56264066e+00,3.28132033e-07,9.99958151e-01,4.18491321e-05
6.000000e-07,600.000000,1.200000e+01,5.000000e-08,6.56564141e+00,3.28282071e-07,9.99957947e-01,4.20531692e-05
6.000000e-07,600.000000,1.200000e+01,5.000000e-08,6.56864216e+00,3.28432108e-07,9.99957741e-01,4.22587209e-05
6.000000e-07,600.000000,1.200000e+01,5.000000e-08,6.57164291e+00,3.28582146e-07,9.99957534e-01,4.24657945e-05
6.000000e-07,600.000000,1.200000e+01,5.000000e-08,6.57464366e+00,3.28732183e-07,9.99957326e-01,4.26743977e-05
6.000000e-07,600.000000,1.200000e+01,5.000000e-08,6.57764441e+00,3.28882221e-07,9.99957115e-01,4.28845378e-05
6.000000e-07,600.000000,1.200000e+01,5.000000e-08,6.58064516e+00,3.29032258e-07,9.99956904e-01,4.30962224e-05
6.000000e-07,600.000000,1.200000e+01,5.000000e-08,6.58364591e+00,3.29182296e-07,9.99956691e-01,4.33094593e-05
6.000000e-07,600.000000,1.200000e+01,5.000000e-08,6.58664666e+00,3.29332333e-07,9.99956476e-01,4.35242559e-05
6.000000e-07,600.000000,1.200000e+01,5.000000e-08,6.58964741e+00,3.29482371e-07,9.99956259e-01,4.37406202e-05
6.000000e-07,600.000000,1.200000e+01,5.000000e-08,6.59264816e+00,3.29632408e-07,9.99956041e-01,4.39585598e-05
6.000000e-07,600.000000,1.200000e+01,5.000000e-08,6.59564891e+00,3.29782446e-07,9.99955822e-01,4.41780826e-05
6.000000e-07,600.000000,1.200000e+01,5.000000e-08,6.59864966e+00,3.29932483e-07,9.99955601e-01,4.43991966e-05
6.000000e-07,600.000000,1.200000e+01,5.000000e-08,6.60165041e+00,3.30082521e-07,9.99955378e-01,4.46219097e-05
6.000000e-07,600.000000,1.200000e+01,5.000000e-08,6.60465116e+00,3.30232558e-07,9.99955154e-01,4.48462298e-05
6.000000e-07,600.000000,1.200000e+01,5.000000e-08,6.60765191e+00,3.30382596e-07,9.99954928e-01,4.50721652e-05
6.000000e-07,600.000000,1.200000e+01,5.000000e-08,6.61065266e+00,3.30532633e-07,9.99954700e-01,4.52997239e-05
6.000000e-07,600.000000,1.200000e+01,5.000000e-08,6.61365341e+00,3.30682671e-07,9.99954471e-01,4.55289141e-05
6.000000e-07,600.000000,1.200000e+01,5.000000e-08,6.61665416e+00,3.30832708e-07,9.99954240e-01,4.57597441e-05
6.000000e-07,600.000000,1.200000e+01,5.000000e-08,6.61965491e+00,3.30982746e-07,9.99954008e-01,4.59922221e-05
6.000000e-07,600.000000,1.200000e+01,5.000000e-08,6.62265566e+00,3.31132783e-07,9.99953774e-01,4.62263567e-05
6.000000e-07,600.000000,1.200000e+01,5.000000e-08,6.62565641e+00,3.31282821e-07,9.99953538e-01,4.64621561e-05
6.000000e-07,600.000000,1.200000e+01,5.000000e-08,6.62865716e+00,3.31432858e-07,9.99953300e-01,4.66996289e-05
6.000000e-07,600.000000,1.200000e+01,5.000000e-08,6.63165791e+00,3.31582896e-07,9.99953061e-01,4.69387836e-05
6.000000e-07,600.000000,1.200000e+01,5.000000e-08,6.63465866e+00,3.31732933e-07,9.99952820e-01,4.71796289e-05
6.000000e-07,600.000000,1.200000e+01,5.000000e-08,6.63765941e+00,3.31882971e-07,9.99952578e-01,4.74221735e-05
6.000000e-07,600.000000,1.200000e+01,5.000000e-08,6.64066017e+00,3.32033008e-07,9.99952334e-01,4.76664259e-05
6.000000e-07,600.000000,1.200000e+01,5.000000e-08,6.64366092e+00,3.32183046e-07,9.99952088e-01,4.79123952e-05
6.000000e-07,600.000000,1.200000e+01,5.000000e-08,6.64666167e+00,3.32333083e-07,9.99951840e-01,4.81600900e-05
6.000000e-07,600.000000,1.200000e+01,5.000000e-08,6.64966242e+00,3.32483121e-07,9.99951590e-01,4.84095194e-05
6.000000e-07,600.000000,1.200000e+01,5.000000e-08,6.65266317e+00,3.32633158e-07,9.99951339e-01,4.86606923e-05
6.000000e-07,600.000000,1.200000e+01,5.000000e-08,6.65566392e+00,3.32783196e-07,9.99951086e-01,4.89136177e-05
6.000000e-07,600.000000,1.200000e+01,5.000000e-08,6.65866467e+00,3.32933233e-07,9.99950832e-01,4.91683048e-05
6.000000e-07,600.000000,1.200000e+01,5.000000e-08,6.66166542e+00,3.33083271e-07,9.99950575e-01,4.94247628e-05
6.000000e-07,600.000000,1.200000e+01,5.000000e-08,6.66466617e+00,3.33233308e-07,9.99950317e-01,4.96830008e-05
6.000000e-07,600.000000,1.200000e+01,5.000000e-08,6.66766692e+00,3.33383346e-07,9.99950057e-01,4.99430282e-05
6.000000e-07,600.000000,1.200000e+01,5.000000e-08,6.67066767e+00,3.33533383e-07,9.99949795e-01,5.02048544e-05
6.000000e-07,600.000000,1.200000e+01,5.000000e-08,6.67366842e+00,3.33683421e-07,9.99949532e-01,5.04684887e-05
6.000000e-07,600.000000,1.200000e+01,5.000000e-08,6.67666917e+00,3.33833458e-07,9.99949266e-01,5.07339407e-05
6.000000e-07,600.000000,1.200000e+01,5.000000e-08,6.67966992e+00,3.33983496e-07,9.99948999e-01,5.10012199e-05
6.000000e-07,600.000000,1.200000e+01,5.000000e-08,6.68267067e+00,3.34133533e-07,9.99948730e-01,5.12703359e-05
6.000000e-07,600.000000,1.200000e+01,5.000000e-08,6.68567142e+00,3.34283571e-07,9.99948459e-01,5.15412985e-05
6.000000e-07,600.000000,1.200000e+01,5.000000e-08,6.68867217e+00,3.34433608e-07,9.99948186e-01,5.18141174e-05
6.000000e-07,600.000000,1.200000e+01,5.000000e-08,6.69167292e+00,3.34583646e-07,9.99947911e-01,5.20888025e-05
6.000000e-07,600.000000,1.200000e+01,5.000000e-08,6.69467367e+00,3.34733683e-07,9.99947635e-01,5.23653635e-05
6.000000e-07,600.000000,1.200000e+01,5.000000e-08,6.69767442e+00,3.34883721e-07,9.99947356e-01,5.26438105e-05
6.000000e-07,600.000000,1.200000e+01,5.000000e-08,6.70067517e+00,3.35033758e-07,9.99947076e-01,5.29241535e-05
6.000000e-07,600.000000,1.200000e+01,5.000000e-08,6.70367592e+00,3.35183796e-07,9.99946794e-01,5.32064026e-05
6.000000e-07,600.000000,1.200000e+01,5.000000e-08,6.70667667e+00,3.35333833e-07,9.99946509e-01,5.34905680e-05
6.000000e-07,600.000000,1.200000e+01,5.000000e-08,6.70967742e+00,3.35483871e-07,9.99946223e-01,5.37766599e-05
6.000000e-07,600.000000,1.200000e+01,5.000000e-08,6.71267817e+00,3.35633908e-07,9.99945935e-01,5.40646885e-05
6.000000e-07,600.000000,1.200000e+01,5.000000e-08,6.71567892e+00,3.35783946e-07,9.99945645e-01,5.43546644e-05
6.000000e-07,600.000000,1.200000e+01,5.000000e-08,6.71867967e+00,3.35933983e-07,9.99945353e-01,5.46465978e-05
6.000000e-07,600.000000,1.200000e+01,5.000000e-08,6.72168042e+00,3.36084021e-07,9.99945060e-01,5.49404994e-05
6.000000e-07,600.000000,1.200000e+01,5.000000e-08,6.72468117e+00,3.36234059e-07,9.99944764e-01,5.52363797e-05
6.000000e-07,600.000000,1.200000e+01,5.000000e-08,6.72768192e+00,3.36384096e-07,9.99944466e-01,5.55342494e-05
6.000000e-07,600.000000,1.200000e+01,5.000000e-08,6.73068267e+00,3.36534134e-07,9.99944166e-01,5.58341192e-05
6.000000e-07,600.000000,1.200000e+01,5.000000e-08,6.73368342e+00,3.36684171e-07,9.99943864e-01,5.61359998e-05
6.000000e-07,600.000000,1.200000e+01,5.000000e-08,6.73668417e+00,3.36834209e-07,9.99943560e-01,5.64399022e-05
6.000000e-07,600.000000,1.200000e+01,5.000000e-08,6.73968492e+00,3.36984246e-07,9.99943254e-01,5.67458374e-05
6.000000e-07,600.000000,1.200000e+01,5.000000e-08,6.74268567e+00,3.37134284e-07,9.99942946e-01,5.70538162e-05
6.000000e-07,600.000000,1.200000e+01,5.000000e-08,6.74568642e+00,3.37284321e-07,9.99942636e-01,5.73638499e-05
6.000000e-07,600.000000,1.200000e+01,5.000000e-08,6.74868717e+00,3.37434359e-07,9.99942324e-01,5.76759495e-05
6.000000e-07,600.000000,1.200000e+01,5.000000e-08,6.75168792e+00,3.37584396e-07,9.99942010e-01,5.79901264e-05
6.000000e-07,600.000000,1.200000e+01,5.000000e-08,6.75468867e+00,3.37734434e-07,9.99941694e-01,5.83063918e-05
6.000000e-07,600.000000,1.200000e+01,5.000000e-08,6.75768942e+00,3.37884471e-07,9.99941375e-01,5.86247571e-05
6.000000e-07,600.000000,1.200000e+01,5.000000e-08,6.76069017e+00,3.38034509e-07,9.99941055e-01,5.89452338e-05
6.000000e-07,600.000000,1.200000e+01,5.000000e-08,6.76369092e+00,3.38184546e-07,9.99940732e-01,5.92678335e-05
6.000000e-07,600.000000,1.200000e+01,5.000000e-08,6.76669167e+00,3.38334584e-07,9.99940407e-01,5.95925677e-05
6.000000e-07,600.000000,1.200000e+01,5.000000e-08,6.76969242e+00,3.38484621e-07,9.99940081e-01,5.99194481e-05
6.000000e-07,600.000000,1.200000e+01,5.000000e-08,6.77269317e+00,3.38634659e-07,9.99939752e-01,6.02484866e-05
6.000000e-07,600.000000,1.200000e+01,5.000000e-08,6.77569392e+00,3.38784696e-07,9.99939420e-01,6.05796949e-05
6.000000e-07,600.000000,1.200000e+01,5.000000e-08,6.77869467e+00,3.38934734e-07,9.99939087e-01,6.09130850e-05
6.000000e-07,600.000000,1.200000e+01,5.000000e-08,6.78169542e+00,3.39084771e-07,9.99938751e-01,6.12486689e-05
6.000000e-07,600.000000,1.200000e+01,5.000000e-08,6.78469617e+00,3.39234809e-07,9.99938414e-01,6.15864587e-05
6.000000e-07,600.000000,1.200000e+01,5.000000e-08,6.78769692e+00,3.39384846e-07,9.99938074e-01,6.19264665e-05
6.000000e-07,600.000000,1.200000e+01,5.000000e-08,6.79069767e+00,3.39534884e-07,9.99937731e-01,6.22687046e-05
6.000000e-07,600.000000,1.200000e+01,5.000000e-08,6.79369842e+00,3.39684921e-07,9.99937387e-01,6.26131854e-05
6.000000e-07,600.000000,1.200000e+01,5.000000e-08,6.79669917e+00,3.39834959e-07,9.99937040e-01,6.29599211e-05
6.000000e-07,600.000000,1.200000e+01,5.000000e-08,6.79969992e+00,3.39984996e-07,9.99936691e-01,6.33089244e-05
6.000000e-07,600.000000,1.200000e+01,5.000000e-08,6.80270068e+00,3.40135034e-07,9.99936340e-01,6.36602077e-05
6.000000e-07,600.000000,1.200000e+01,5.000000e-08,6.80570143e+00,3.40285071e-07,9.99935986e-01,6.40137837e-05
6.000000e-07,600.000000,1.200000e+01,5.000000e-08,6.80870218e+00,3.40435109e-07,9.99935630e-01,6.43696652e-05
6.000000e-07,600.000000,1.200000e+01,5.000000e-08,6.81170293e+00,3.40585146e-07,9.99935272e-01,6.47278650e-05
6.000000e-07,600.000000,1.200000e+01,5.000000e-08,6.81470368e+00,3.40735184e-07,9.99934912e-01,6.50883960e-05
6.000000e-07,600.000000,1.200000e+01,5.000000e-08,6.81770443e+00,3.40885221e-07,9.99934549e-01,6.54512711e-05
6.000000e-07,600.000000,1.200000e+01,5.000000e-08,6.82070518e+00,3.41035259e-07,9.99934183e-01,6.58165034e-05
6.000000e-07,600.000000,1.200000e+01,5.000000e-08,6.82370593e+00,3.41185296e-07,9.99933816e-01,6.61841061e-05
6.000000e-07,600.000000,1.200000e+01,5.000000e-08,6.82670668e+00,3.41335334e-07,9.99933446e-01,6.65540924e-05
6.000000e-07,600.000000,1.200000e+01,5.000000e-08,6.82970743e+00,3.41485371e-07,9.99933074e-01,6.69264757e-05
6.000000e-07,600.000000,1.200000e+01,5.000000e-08,6.83270818e+00,3.41635409e-07,9.99932699e-01,6.73012692e-05
6.000000e-07,600.000000,1.200000e+01,5.000000e-08,6.83570893e+00,3.41785446e-07,9.99932322e-01,6.76784867e-05
6.000000e-07,600.000000,1.200000e+01,5.000000e-08,6.83870968e+00,3.41935484e-07,9.99931942e-01,6.80581415e-05
6.000000e-07,600.000000,1.200000e+01,5.000000e-08,6.84171043e+00,3.42085521e-07,9.99931560e-01,6.84402475e-05
6.000000e-07,600.000000,1.200000e+01,5.000000e-08,6.84471118e+00,3.42235559e-07,9.99931175e-01,6.88248183e-05
6.000000e-07,600.000000,1.200000e+01,5.000000e-08,6.84771193e+00,3.42385596e-07,9.99930788e-01,6.92118678e-05
6.000000e-07,600.000000,1.200000e+01,5.000000e-08,6.85071268e+00,3.42535634e-07,9.99930399e-01,6.96014100e-05
6.000000e-07,600.000000,1.200000e+01,5.000000e-08,6.85371343e+00,3.42685671e-07,9.99930007e-01,6.99934588e-05
6.000000e-07,600.000000,1.200000e+01,5.000000e-08,6.85671418e+00,3.42835709e-07,9.99929612e-01,7.03880285e-05
6.000000e-07,600.000000,1.200000e+01,5.000000e-08,6.85971493e+00,3.42985746e-07,9.99929215e-01,7.07851331e-05
6.000000e-07,600.000000,1.200000e+01,5.000000e-08,6.86271568e+00,3.43135784e-07,9.99928815e-01,7.11847870e-05
6.000000e-07,600.000000,1.200000e+01,5.000000e-08,6.86571643e+00,3.43285821e-07,9.99928413e-01,7.15870046e-05
6.000000e-07,600.000000,1.200000e+01,5.000000e-08,6.86871718e+00,3.43435859e-07,9.99928008e-01,7.19918004e-05
6.000000e-07,600.000000,1.200000e+01,5.000000e-08,6.87171793e+00,3.43585896e-07,9.99927601e-01,7.23991889e-05
6.000000e-07,600.000000,1.200000e+01,5.000000e-08,6.87471868e+00,3.43735934e-07,9.99927191e-01,7.28091849e-05
6.000000e-07,600.000000,1.200000e+01,5.000000e-08,6.87771943e+00,3.43885971e-07,9.99926778e-01,7.32218030e-05
6.000000e-07,600.000000,1.200000e+01,5.000000e-08,6.88072018e+00,3.44036009e-07,9.99926363e-01,7.36370582e-05
6.000000e-07,600.000000,1.200000e+01,5.000000e-08,6.88372093e+00,3.44186047e-07,9.99925945e-01,7.40549654e-05
6.000000e-07,600.000000,1.200000e+01,5.000000e-08,6.88672168e+00,3.44336084e-07,9.99925524e-01,7.44755396e-05
6.000000e-07,600.000000,1.200000e+01,5.000000e-08,6.88972243e+00,3.44486122e-07,9.99925101e-01,7.48987960e-05
6.000000e-07,600.000000,1.200000e+01,5.000000e-08,6.89272318e+00,3.44636159e-07,9.99924675e-01,7.53247499e-05
6.000000e-07,600.000000,1.200000e+01,5.000000e-08,6.89572393e+00,3.44786197e-07,9.99924247e-01,7.57534165e-05
6.000000e-07,600.000000,1.200000e+01,5.000000e-08,6.89872468e+00,3.44936234e-07,9.99923815e-01,7.61848113e-05
6.000000e-07,600.000000,1.200000e+01,5.000000e-08,6.90172543e+00,3.45086272e-07,9.99923381e-01,7.66189499e-05
6.000000e-07,600.000000,1.200000e+01,5.000000e-08,6.90472618e+00,3.45236309e-07,9.99922944e-01,7.70558479e-05
6.000000e-07,600.000000,1.200000e+01,5.000000e-08,6.90772693e+00,3.45386347e-07,9.99922504e-01,7.74955209e-05
6.000000e-07,600.000000,1.200000e+01,5.000000e-08,6.91072768e+00,3.45536384e-07,9.99922062e-01,7.79379849e-05
6.000000e-07,600.000000,1.200000e+01,5.000000e-08,6.91372843e+00,3.45686422e-07,9.99921617e-01,7.83832558e-05
6.000000e-07,600.000000,1.200000e+01,5.000000e-08,6.91672918e+00,3.45836459e-07,9.99921169e-01,7.88313495e-05
6.000000e-07,600.000000,1.200000e+01,5.000000e-08,6.91972993e+00,3.45986497e-07,9.99920718e-01,7.92822824e-05
6.000000e-07,600.000000,1.200000e+01,5.000000e-08,6.92273068e+00,3.46136534e-07,9.99920264e-01,7.97360705e-05
6.000000e-07,600.000000,1.200000e+01,5.000000e-08,6.92573143e+00,3.46286572e-07,9.99919807e-01,8.01927302e-05
6.000000e-07,600.000000,1.200000e+01,5.000000e-08,6.92873218e+00,3.46436609e-07,9.99919348e-01,8.06522779e-05
6.000000e-07,600.000000,1.200000e+01,5.000000e-08,6.93173293e+00,3.46586647e-07,9.99918885e-01,8.11147303e-05
6.000000e-07,600.000000,1.200000e+01,5.000000e-08,6.93473368e+00,3.46736684e-07,9.99918420e-01,8.15801040e-05
6.000000e-07,600.000000,1.200000e+01,5.000000e-08,6.93773443e+00,3.46886722e-07,9.99917952e-01,8.20484157e-05
6.000000e-07,600.000000,1.200000e+01,5.000000e-08,6.94073518e+00,3.47036759e-07,9.99917480e-01,8.25196823e-05
6.000000e-07,600.000000,1.200000e+01,5.000000e-08,6.94373593e+00,3.47186797e-07,9.99917006e-01,8.29939207e-05
6.000000e-07,600.000000,1.200000e+01,5.000000e-08,6.94673668e+00,3.47336834e-07,9.99916529e-01,8.34711480e-05
6.000000e-07,600.000000,1.200000e+01,5.000000e-08,6.94973743e+00,3.47486872e-07,9.99916049e-01,8.39513815e-05
6.000000e-07,600.000000,1.200000e+01,5.000000e-08,6.95273818e+00,3.47636909e-07,9.99915565e-01,8.44346384e-05
6.000000e-07,600.000000,1.200000e+01,5.000000e-08,6.95573893e+00,3.47786947e-07,9.99915079e-01,8.49209361e-05
6.000000e-07,600.000000,1.200000e+01,5.000000e-08,6.95873968e+00,3.47936984e-07,9.99914590e-01,8.54102922e-05
6.000000e-07,600.000000,1.200000e+01,5.000000e-08,6.96174044e+00,3.48087022e-07,9.99914097e-01,8.59027241e-05
6.000000e-07,600.000000,1.200000e+01,5.000000e-08,6.96474119e+00,3.48237059e-07,9.99913602e-01,8.63982498e-05
6.000000e-07,600.000000,1.200000e+01,5.000000e-08,6.96774194e+00,3.48387097e-07,9.99913103e-01,8.68968870e-05
6.000000e-07,600.000000,1.200000e+01,5.000000e-08,6.97074269e+00,3.48537134e-07,9.99912601e-01,8.73986536e-05
6.000000e-07,600.000000,1.200000e+01,5.000000e-08,6.97374344e+00,3.48687172e-07,9.99912096e-01,8.79035678e-05
6.000000e-07,600.000000,1.200000e+01,5.000000e-08,6.97674419e+00,3.48837209e-07,9.99911588e-01,8.84116477e-05
6.000000e-07,600.000000,1.200000e+01,5.000000e-08,6.97974494e+00,3.48987247e-07,9.99911077e-01,8.89229117e-05
6.000000e-07,600.000000,1.200000e+01,5.000000e-08,6.98274569e+00,3.49137284e-07,9.99910563e-01,8.94373780e-05
6.000000e-07,600.000000,1.200000e+01,5.000000e-08,6.98574644e+00,3.49287322e-07,9.99910045e-01,8.99550654e-05
6.000000e-07,600.000000,1.200000e+01,5.000000e-08,6.98874719e+00,3.49437359e-07,9.99909524e-01,9.04759923e-05
6.000000e-07,600.000000,1.200000e+01,5.000000e-08,6.99174794e+00,3.49587397e-07,9.99909000e-01,9.10001775e-05
6.000000e-07,600.000000,1.200000e+01,5.000000e-08,6.99474869e+00,3.49737434e-07,9.99908472e-01,9.15276401e-05
6.000000e-07,600.000000,1.200000e+01,5.000000e-08,6.99774944e+00,3.49887472e-07,9.99907942e-01,9.20583988e-05
6.000000e-07,600.000000,1.200000e+01,5.000000e-08,7.00075019e+00,3.50037509e-07,9.99907408e-01,9.25924728e-05
6.000000e-07,600.000000,1.200000e+01,5.000000e-08,7.00375094e+00,3.50187547e-07,9.99906870e-01,9.31298815e-05
6.000000e-07,600.000000,1.200000e+01,5.000000e-08,7.00675169e+00,3.50337584e-07,9.99906329e-01,9.36706440e-05
6.000000e-07,600.000000,1.200000e+01,5.000000e-08,7.00975244e+00,3.50487622e-07,9.99905785e-01,9.42147799e-05
6.000000e-07,600.000000,1.200000e+01,5.000000e-08,7.01275319e+00,3.50637659e-07,9.99905238e-01,9.47623088e-05
6.000000e-07,600.000000,1.200000e+01,5.000000e-08,7.01575394e+00,3.50787697e-07,9.99904687e-01,9.53132504e-05
6.000000e-07,600.000000,1.200000e+01,5.000000e-08,7.01875469e+00,3.50937734e-07,9.99904132e-01,9.58676246e-05
6.000000e-07,600.000000,1.200000e+01,5.000000e-08,7.02175544e+00,3.51087772e-07,9.99903575e-01,9.64254512e-05
6.000000e-07,600.000000,1.200000e+01,5.000000e-08,7.02475619e+00,3.51237809e-07,9.99903013e-01,9.69867504e-05
6.000000e-07,600.000000,1.200000e+01,5.000000e-08,7.02775694e+00,3.51387847e-07,9.99902448e-01,9.75515425e-05
6.000000e-07,600.000000,1.200000e+01,5.000000e-08,7.03075769e+00,3.51537884e-07,9.99901880e-01,9.81198476e-05
6.000000e-07,600.000000,1.200000e+01,5.000000e-08,7.03375844e+00,3.51687922e-07,9.99901308e-01,9.86916863e-05
6.000000e-07,600.000000,1.200000e+01,5.000000e-08,7.03675919e+00,3.51837959e-07,9.99900733e-01,9.92670793e-05
6.000000e-07,600.000000,1.200000e+01,5.000000e-08,7.03975994e+00,3.51987997e-07,9.99900154e-01,9.98460471e-05
6.000000e-07,600.000000,1.200000e+01,5.000000e-08,7.04276069e+00,3.52138035e-07,9.99899571e-01,1.00428611e-04
6.000000e-07,600.000000,1.200000e+01,5.000000e-08,7.04576144e+00,3.52288072e-07,9.99898985e-01,1.01014791e-04
6.000000e-07,600.000000,1.200000e+01,5.000000e-08,7.04876219e+00,3.52438110e-07,9.99898395e-01,1.01604609e-04
6.000000e-07,600.000000,1.200000e+01,5.000000e-08,7.05176294e+00,3.52588147e-07,9.99897802e-01,1.02198086e-04
6.000000e-07,600.000000,1.200000e+01,5.000000e-08,7.05476369e+00,3.52738185e-07,9.99897205e-01,1.02795244e-04
6.000000e-07,600.000000,1.200000e+01,5.000000e-08,7.05776444e+00,3.52888222e-07,9.99896604e-01,1.03396104e-04
6.000000e-07,600.000000,1.200000e+01,5.000000e-08,7.06076519e+00,3.53038260e-07,9.99895999e-01,1.04000687e-04
6.000000e-07,600.000000,1.200000e+01,5.000000e-08,7.06376594e+00,3.53188297e-07,9.99895391e-01,1.04609015e-04
6.000000e-07,600.000000,1.200000e+01,5.000000e-08,7.06676669e+00,3.53338335e-07,9.99894779e-01,1.05221111e-04
6.000000e-07,600.000000,1.200000e+01,5.000000e-08,7.06976744e+00,3.53488372e-07,9.99894163e-01,1.05836996e-04
6.000000e-07,600.000000,1.200000e+01,5.000000e-08,7.07276819e+00,3.53638410e-07,9.99893543e-01,1.06456692e-04
6.000000e-07,600.000000,1.200000e+01,5.000000e-08,7.07576894e+00,3.53788447e-07,9.99892920e-01,1.07080223e-04
6.000000e-07,600.000000,1.200000e+01,5.000000e-08,7.07876969e+00,3.53938485e-07,9.99892292e-01,1.07707609e-04
6.000000e-07,600.000000,1.200000e+01,5.000000e-08,7.08177044e+00,3.54088522e-07,9.99891661e-01,1.08338875e-04
6.000000e-07,600.000000,1.200000e+01,5.000000e-08,7.08477119e+00,3.54238560e-07,9.99891026e-01,1.08974042e-04
6.000000e-07,600.000000,1.200000e+01,5.000000e-08,7.08777194e+00,3.54388597e-07,9.99890387e-01,1.09613133e-04
6.000000e-07,600.000000,1.200000e+01,5.000000e-08,7.09077269e+00,3.54538635e-07,9.99889744e-01,1.10256172e-04
6.000000e-07,600.000000,1.200000e+01,5.000000e-08,7.09377344e+00,3.54688672e-07,9.99889097e-01,1.10903181e-04
6.000000e-07,600.000000,1.200000e+01,5.000000e-08,7.09677419e+00,3.54838710e-07,9.99888446e-01,1.11554184e-04
6.000000e-07,600.000000,1.200000e+01,5.000000e-08,7.09977494e+00,3.54988747e-07,9.99887791e-01,1.12209205e-04
6.000000e-07,600.000000,1.200000e+01,5.000000e-08,7.10277569e+00,3.55138785e-07,9.99887132e-01,1.12868266e-04
6.000000e-07,600.000000,1.200000e+01,5.000000e-08,7.10577644e+00,3.55288822e-07,9.99886469e-01,1.13531392e-04
6.000000e-07,600.000000,1.200000e+01,5.000000e-08,7.10877719e+00,3.55438860e-07,9.99885801e-01,1.14198607e-04
6.000000e-07,600.000000,1.200000e+01,5.000000e-08,7.11177794e+00,3.55588897e-07,9.99885130e-01,1.14869934e-04
6.000000e-07,600.000000,1.200000e+01,5.000000e-08,7.11477869e+00,3.55738935e-07,9.99884455e-01,1.15545398e-04
6.000000e-07,600.000000,1.200000e+01,5.000000e-08,7.11777944e+00,3.55888972e-07,9.99883775e-01,1.16225023e-04
6.000000e-07,600.000000,1.200000e+01,5.000000e-08,7.12078020e+00,3.56039010e-07,9.99883091e-01,1.16908833e-04
6.000000e-07,600.000000,1.200000e+01,5.000000e-08,7.12378095e+00,3.56189047e-07,9.99882403e-01,1.17596853e-04
6.000000e-07,600.000000,1.200000e+01,5.000000e-08,7.12678170e+00,3.56339085e-07,9.99881711e-01,1.18289109e-04
6.000000e-07,600.000000,1.200000e+01,5.000000e-08,7.12978245e+00,3.56489122e-07,9.99881014e-01,1.18985624e-04
6.000000e-07,600.000000,1.200000e+01,5.000000e-08,7.13278320e+00,3.56639160e-07,9.99880314e-01,1.19686424e-04
6.000000e-07,600.000000,1.200000e+01,5.000000e-08,7.13578395e+00,3.56789197e-07,9.99879608e-01,1.20391534e-04
6.000000e-07,600.000000,1.200000e+01,5.000000e-08,7.13878470e+00,3.56939235e-07,9.99878899e-01,1.21100980e-04
6.000000e-07,600.000000,1.200000e+01,5.000000e-08,7.14178545e+00,3.57089272e-07,9.99878185e-01,1.21814787e-04
6.000000e-07,600.000000,1.200000e+01,5.000000e-08,7.14478620e+00,3.57239310e-07,9.99877467e-01,1.22532980e-04
6.000000e-07,600.000000,1.200000e+01,5.000000e-08,7.14778695e+00,3.57389347e-07,9.99876744e-01,1.23255586e-04
6.000000e-07,600.000000,1.200000e+01,5.000000e-08,7.15078770e+00,3.57539385e-07,9.99876017e-01,1.23982631e-04
6.000000e-07,600.000000,1.200000e+01,5.000000e-08,7.15378845e+00,3.57689422e-07,9.99875286e-01,1.24714141e-04
6.000000e-07,600.000000,1.200000e+01,5.000000e-08,7.15678920e+00,3.57839460e-07,9.99874550e-01,1.25450141e-04
6.000000e-07,600.000000,1.200000e+01,5.000000e-08,7.15978995e+00,3.57989497e-07,9.99873809e-01,1.26190660e-04
6.000000e-07,600.000000,1.200000e+01,5.000000e-08,7.16279070e+00,3.58139535e-07,9.99873064e-01,1.26935723e-04
6.000000e-07,600.000000,1.200000e+01,5.000000e-08,7.16579145e+00,3.58289572e-07,9.99872315e-01,1.27685356e-04
6.000000e-07,600.000000,1.200000e+01,5.000000e-08,7.16879220e+00,3.58439610e-07,9.99871560e-01,1.28439588e-04
6.000000e-07,600.000000,1.200000e+01,5.000000e-08,7.17179295e+00,3.58589647e-07,9.99870802e-01,1.29198446e-04
6.000000e-07,600.000000,1.200000e+01,5.000000e-08,7.17479370e+00,3.58739685e-07,9.99870038e-01,1.29961955e-04
6.000000e-07,600.000000,1.200000e+01,5.000000e-08,7.17779445e+00,3.58889722e-07,9.99869270e-01,1.30730145e-04
6.000000e-07,600.000000,1.200000e+01,5.000000e-08,7.18079520e+00,3.59039760e-07,9.99868497e-01,1.31503043e-04
6.000000e-07,600.000000,1.200000e+01,5.000000e-08,7.18379595e+00,3.59189797e-07,9.99867719e-01,1.32280676e-04
6.000000e-07,600.000000,1.200000e+01,5.000000e-08,7.18679670e+00,3.59339835e-07,9.99866937e-01,1.33063073e-04
6.000000e-07,600.000000,1.200000e+01,5.000000e-08,7.18979745e+00,3.59489872e-07,9.99866150e-01,1.33850262e-04
6.000000e-07,600.000000,1.200000e+01,5.000000e-08,7.19279820e+00,3.59639910e-07,9.99865358e-01,1.34642271e-04
6.000000e-07,600.000000,1.200000e+01,5.000000e-08,7.19579895e+00,3.59789947e-07,9.99864561e-01,1.35439128e-04
6.000000e-07,600.000000,1.200000e+01,5.000000e-08,7.19879970e+00,3.59939985e-07,9.99863759e-01,1.36240862e-04
6.000000e-07,600.000000,1.200000e+01,5.000000e-08,7.20180045e+00,3.60090023e-07,9.99862952e-01,1.37047503e-04
6.000000e-07,600.000000,1.200000e+01,5.000000e-08,7.20480120e+00,3.60240060e-07,9.99862141e-01,1.37859079e-04
6.000000e-07,600.000000,1.200000e+01,5.000000e-08,7.20780195e+00,3.60390098e-07,9.99861324e-01,1.38675619e-04
6.000000e-07,600.000000,1.200000e+01,5.000000e-08,7.21080270e+00,3.60540135e-07,9.99860503e-01,1.39497154e-04
6.000000e-07,600.000000,1.200000e+01,5.000000e-08,7.21380345e+00,3.60690173e-07,9.99859676e-01,1.40323711e-04
6.000000e-07,600.000000,1.200000e+01,5.000000e-08,7.21680420e+00,3.60840210e-07,9.99858845e-01,1.41155322e-04
6.000000e-07,600.000000,1.200000e+01,5.000000e-08,7.21980495e+00,3.60990248e-07,9.99858008e-01,1.41992016e-04
6.000000e-07,600.000000,1.200000e+01,5.000000e-08,7.22280570e+00,3.61140285e-07,9.99857166e-01,1.42833823e-04
6.000000e-07,600.000000,1.200000e+01,5.000000e-08,7.22580645e+00,3.61290323e-07,9.99856319e-01,1.43680773e-04
6.000000e-07,600.000000,1.200000e+01,5.000000e-08,7.22880720e+00,3.61440360e-07,9.99855467e-01,1.44532898e-04
6.000000e-07,600.000000,1.200000e+01,5.000000e-08,7.23180795e+00,3.61590398e-07,9.99854610e-01,1.45390227e-04
6.000000e-07,600.000000,1.200000e+01,5.000000e-08,7.23480870e+00,3.61740435e-07,9.99853747e-01,1.46252792e-04
6.000000e-07,600.000000,1.200000e+01,5.000000e-08,7.23780945e+00,3.61890473e-07,9.99852879e-01,1.47120624e-04
6.000000e-07,600.000000,1.200000e+01,5.000000e-08,7.24081020e+00,3.62040510e-07,9.99852006e-01,1.47993753e-04
6.000000e-07,600.000000,1.200000e+01,5.000000e-08,7.24381095e+00,3.62190548e-07,9.99851128e-01,1.48872211e-04
6.000000e-07,600.000000,1.200000e+01,5.000000e-08,7.24681170e+00,3.62340585e-07,9.99850244e-01,1.49756031e-04
6.000000e-07,600.000000,1.200000e+01,5.000000e-08,7.24981245e+00,3.62490623e-07,9.99849355e-01,1.50645243e-04
6.000000e-07,600.000000,1.200000e+01,5.000000e-08,7.25281320e+00,3.62640660e-07,9.99848460e-01,1.51539880e-04
6.000000e-07,600.000000,1.200000e+01,5.000000e-08,7.25581395e+00,3.62790698e-07,9.99847560e-01,1.52439974e-04
6.000000e-07,600.000000,1.200000e+01,5.000000e-08,7.25881470e+00,3.62940735e-07,9.99846654e-01,1.53345558e-04
6.000000e-07,600.000000,1.200000e+01,5.000000e-08,7.26181545e+00,3.63090773e-07,9.99845743e-01,1.54256663e-04
6.000000e-07,600.000000,1.200000e+01,5.000000e-08,7.26481620e+00,3.63240810e-07,9.99844827e-01,1.55173323e-04
6.000000e-07,600.000000,1.200000e+01,5.000000e-08,7.26781695e+00,3.63390848e-07,9.99843904e-01,1.56095571e-04
6.000000e-07,600.000000,1.200000e+01,5.000000e-08,7.27081770e+00,3.63540885e-07,9.99842977e-01,1.57023440e-04
6.000000e-07,600.000000,1.200000e+01,5.000000e-08,7.27381845e+00,3.63690923e-07,9.99842043e-01,1.57956963e-04
6.000000e-07,600.000000,1.200000e+01,5.000000e-08,7.27681920e+00,3.63840960e-07,9.99841104e-01,1.58896174e-04
6.000000e-07,600.000000,1.200000e+01,5.000000e-08,7.27981995e+00,3.63990998e-07,9.99840159e-01,1.59841107e-04
6.000000e-07,600.000000,1.200000e+01,5.000000e-08,7.28282071e+00,3.64141035e-07,9.99839208e-01,1.60791796e-04
6.000000e-07,600.000000,1.200000e+01,5.000000e-08,7.28582146e+00,3.64291073e-07,9.99838252e-01,1.61748275e-04
6.000000e-07,600.000000,1.200000e+01,5.000000e-08,7.28882221e+00,3.64441110e-07,9.99837289e-01,1.62710578e-04
6.000000e-07,600.000000,1.200000e+01,5.000000e-08,7.29182296e+00,3.64591148e-07,9.99836321e-01,1.63678741e-04
6.000000e-07,600.000000,1.200000e+01,5.000000e-08,7.29482371e+00,3.64741185e-07,9.99835347e-01,1.64652797e-04
6.000000e-07,600.000000,1.200000e+01,5.000000e-08,7.29782446e+00,3.64891223e-07,9.99834367e-01,1.65632783e-04
6.000000e-07,600.000000,1.200000e+01,5.000000e-08,7.30082521e+00,3.65041260e-07,9.99833381e-01,1.66618732e-04
6.000000e-07,600.000000,1.200000e+01,5.000000e-08,7.30382596e+00,3.65191298e-07,9.99832389e-01,1.67610682e-04
6.000000e-07,600.000000,1.200000e+01,5.000000e-08,7.30682671e+00,3.65341335e-07,9.99831391e-01,1.68608667e-04
6.000000e-07,600.000000,1.200000e+01,5.000000e-08,7.30982746e+00,3.65491373e-07,9.99830387e-01,1.69612724e-04
6.000000e-07,600.000000,1.200000e+01,5.000000e-08,7.31282821e+00,3.65641410e-07,9.99829377e-01,1.70622888e-04
6.000000e-07,600.000000,1.200000e+01,5.000000e-08,7.31582896e+00,3.65791448e-07,9.99828361e-01,1.71639196e-04
6.000000e-07,600.000000,1.200000e+01,5.000000e-08,7.31882971e+00,3.65941485e-07,9.99827338e-01,1.72661685e-04
6.000000e-07,600.000000,1.200000e+01,5.000000e-08,7.32183046e+00,3.66091523e-07,9.99826310e-01,1.73690391e-04
6.000000e-07,600.000000,1.200000e+01,5.000000e-08,7.32483121e+00,3.66241560e-07,9.99825275e-01,1.74725351e-04
6.000000e-07,600.000000,1.200000e+01,5.000000e-08,7.32783196e+00,3.66391598e-07,9.99824233e-01,1.75766603e-04
6.000000e-07,600.000000,1.200000e+01,5.000000e-08,7.33083271e+00,3.66541635e-07,9.99823186e-01,1.76814185e-04
6.000000e-07,600.000000,1.200000e+01,5.000000e-08,7.33383346e+00,3.66691673e-07,9.99822132e-01,1.77868133e-04
6.000000e-07,600.000000,1.200000e+01,5.000000e-08,7.33683421e+00,3.66841710e-07,9.99821072e-01,1.78928485e-04
6.000000e-07,600.000000,1.200000e+01,5.000000e-08,7.33983496e+00,3.66991748e-07,9.99820005e-01,1.79995281e-04
6.000000e-07,600.000000,1.200000e+01,5.000000e-08,7.34283571e+00,3.67141785e-07,9.99818931e-01,1.81068558e-04
6.000000e-07,600.000000,1.200000e+01,5.000000e-08,7.34583646e+00,3.67291823e-07,9.99817852e-01,1.82148356e-04
6.000000e-07,600.000000,1.200000e+01,5.000000e-08,7.34883721e+00,3.67441860e-07,9.99816765e-01,1.83234712e-04
6.000000e-07,600.000000,1.200000e+01,5.000000e-08,7.35183796e+00,3.67591898e-07,9.99815672e-01,1.84327666e-04
6.000000e-07,600.000000,1.200000e+01,5.000000e-08,7.35483871e+00,3.67741935e-07,9.99814573e-01,1.85427257e-04
6.000000e-07,600.000000,1.200000e+01,5.000000e-08,7.35783946e+00,3.67891973e-07,9.99813466e-01,1.86533525e-04
6.000000e-07,600.000000,1.200000e+01,5.000000e-08,7.36084021e+00,3.68042011e-07,9.99812353e-01,1.87646510e-04
6.000000e-07,600.000000,1.200000e+01,5.000000e-08,7.36384096e+00,3.68192048e-07,9.99811234e-01,1.88766252e-04
6.000000e-07,600.000000,1.200000e+01,5.000000e-08,7.36684171e+00,3.68342086e-07,9.99810107e-01,1.89892791e-04
6.000000e-07,600.000000,1.200000e+01,5.000000e-08,7.36984246e+00,3.68492123e-07,9.99808974e-01,1.91026168e-04
6.000000e-07,600.000000,1.200000e+01,5.000000e-08,7.37284321e+00,3.68642161e-07,9.99807834e-01,1.92166423e-04
6.000000e-07,600.000000,1.200000e+01,5.000000e-08,7.37584396e+00,3.68792198e-07,9.99806686e-01,1.93313597e-04
6.000000e-07,600.000000,1.200000e+01,5.000000e-08,7.37884471e+00,3.68942236e-07,9.99805532e-01,1.94467732e-04
6.000000e-07,600.000000,1.200000e+01,5.000000e-08,7.38184546e+00,3.69092273e-07,9.99804371e-01,1.95628870e-04
6.000000e-07,600.000000,1.200000e+01,5.000000e-08,7.38484621e+00,3.69242311e-07,9.99803203e-01,1.96797052e-04
6.000000e-07,600.000000,1.200000e+01,5.000000e-08,7.38784696e+00,3.69392348e-07,9.99802028e-01,1.97972320e-04
6.000000e-07,600.000000,1.200000e+01,5.000000e-08,7.39084771e+00,3.69542386e-07,9.99800845e-01,1.99154716e-04
6.000000e-07,600.000000,1.200000e+01,5.000000e-08,7.39384846e+00,3.69692423e-07,9.99799656e-01,2.00344284e-04
6.000000e-07,600.000000,1.200000e+01,5.000000e-08,7.39684921e+00,3.69842461e-07,9.99798459e-01,2.01541065e-04
6.000000e-07,600.000000,1.200000e+01,5.000000e-08,7.39984996e+00,3.69992498e-07,9.99797255e-01,2.02745103e-04
6.000000e-07,600.000000,1.200000e+01,5.000000e-08,7.40285071e+00,3.70142536e-07,9.99796044e-01,2.03956442e-04
6.000000e-07,600.000000,1.200000e+01,5.000000e-08,7.40585146e+00,3.70292573e-07,9.99794825e-01,2.05175124e-04
6.000000e-07,600.000000,1.200000e+01,5.000000e-08,7.40885221e+00,3.70442611e-07,9.99793599e-01,2.06401195e-04
6.000000e-07,600.000000,1.200000e+01,5.000000e-08,7.41185296e+00,3.70592648e-07,9.99792365e-01,2.07634697e-04
6.000000e-07,600.000000,1.200000e+01,5.000000e-08,7.41485371e+00,3.70742686e-07,9.99791124e-01,2.08875675e-04
6.000000e-07,600.000000,1.200000e+01,5.000000e-08,7.41785446e+00,3.70892723e-07,9.99789876e-01,2.10124175e-04
6.000000e-07,600.000000,1.200000e+01,5.000000e-08,7.42085521e+00,3.71042761e-07,9.99788620e-01,2.11380240e-04
6.000000e-07,600.000000,1.200000e+01,5.000000e-08,7.42385596e+00,3.71192798e-07,9.99787356e-01,2.12643917e-04
6.000000e-07,600.000000,1.200000e+01,5.000000e-08,7.42685671e+00,3.71342836e-07,9.99786085e-01,2.13915250e-04
6.000000e-07,600.000000,1.200000e+01,5.000000e-08,7.42985746e+00,3.71492873e-07,9.99784806e-01,2.15194285e-04
6.000000e-07,600.000000,1.200000e+01,5.000000e-08,7.43285821e+00,3.71642911e-07,9.99783519e-01,2.16481069e-04
6.000000e-07,600.000000,1.200000e+01,5.000000e-08,7.43585896e+00,3.71792948e-07,9.99782224e-01,2.17775648e-04
6.000000e-07,600.000000,1.200000e+01,5.000000e-08,7.43885971e+00,3.71942986e-07,9.99780922e-01,2.19078068e-04
6.000000e-07,600.000000,1.200000e+01,5.000000e-08,7.44186047e+00,3.72093023e-07,9.99779612e-01,2.20388376e-04
6.000000e-07,600.000000,1.200000e+01,5.000000e-08,7.44486122e+00,3.72243061e-07,9.99778293e-01,2.21706620e-04
6.000000e-07,600.000000,1.200000e+01,5.000000e-08,7.44786197e+00,3.72393098e-07,9.99776967e-01,2.23032846e-04
6.000000e-07,600.000000,1.200000e+01,5.000000e-08,7.45086272e+00,3.72543136e-07,9.99775633e-01,2.24367103e-04
6.000000e-07,600.000000,1.200000e+01,5.000000e-08,7.45386347e+00,3.72693173e-07,9.99774291e-01,2.25709438e-04
6.000000e-07,600.000000,1.200000e+01,5.000000e-08,7.45686422e+00,3.72843211e-07,9.99772940e-01,2.27059901e-04
6.000000e-07,600.000000,1.200000e+01,5.000000e-08,7.45986497e+00,3.72993248e-07,9.99771581e-01,2.28418539e-04
6.000000e-07,600.000000,1.200000e+01,5.000000e-08,7.46286572e+00,3.73143286e-07,9.99770215e-01,2.29785401e-04
6.000000e-07,600.000000,1.200000e+01,5.000000e-08,7.46586647e+00,3.73293323e-07,9.99768839e-01,2.31160537e-04
6.000000e-07,600.000000,1.200000e+01,5.000000e-08,7.46886722e+00,3.73443361e-07,9.99767456e-01,2.32543996e-04
6.000000e-07,600.000000,1.200000e+01,5.000000e-08,7.47186797e+00,3.73593398e-07,9.99766064e-01,2.33935828e-04
6.000000e-07,600.000000,1.200000e+01,5.000000e-08,7.47486872e+00,3.73743436e-07,9.99764664e-01,2.35336083e-04
6.000000e-07,600.000000,1.200000e+01,5.000000e-08,7.47786947e+00,3.73893473e-07,9.99763255e-01,2.36744811e-04
6.000000e-07,600.000000,1.200000e+01,5.000000e-08,7.48087022e+00,3.74043511e-07,9.99761838e-01,2.38162064e-04
6.000000e-07,600.000000,1.200000e+01,5.000000e-08,7.48387097e+00,3.74193548e-07,9.99760412e-01,2.39587891e-04
6.000000e-07,600.000000,1.200000e+01,5.000000e-08,7.48687172e+00,3.74343586e-07,9.99758978e-01,2.41022345e-04
6.000000e-07,600.000000,1.200000e+01,5.000000e-08,7.48987247e+00,3.74493623e-07,9.99757535e-01,2.42465477e-04
6.000000e-07,600.000000,1.200000e+01,5.000000e-08,7.49287322e+00,3.74643661e-07,9.99756083e-01,2.43917339e-04
6.000000e-07,600.000000,1.200000e+01,5.000000e-08,7.49587397e+00,3.74793698e-07,9.99754622e-01,2.45377983e-04
6.000000e-07,600.000000,1.200000e+01,5.000000e-08,7.49887472e+00,3.74943736e-07,9.99753153e-01,2.46847462e-04
6.000000e-07,600.000000,1.200000e+01,5.000000e-08,7.50187547e+00,3.75093773e-07,9.99751674e-01,2.48325829e-04
6.000000e-07,600.000000,1.200000e+01,5.000000e-08,7.50487622e+00,3.75243811e-07,9.99750187e-01,2.49813137e-04
6.000000e-07,600.000000,1.200000e+01,5.000000e-08,7.50787697e+00,3.75393848e-07,9.99748691e-01,2.51309439e-04
6.000000e-07,600.000000,1.200000e+01,5.000000e-08,7.51087772e+00,3.75543886e-07,9.99747185e-01,2.52814789e-04
6.000000e-07,600.000000,1.200000e+01,5.000000e-08,7.51387847e+00,3.75693923e-07,9.99745671e-01,2.54329242e-04
6.000000e-07,600.000000,1.200000e+01,5.000000e-08,7.51687922e+00,3.75843961e-07,9.99744147e-01,2.55852852e-04
6.000000e-07,600.000000,1.200000e+01,5.000000e-08,7.51987997e+00,3.75993998e-07,9.99742614e-01,2.57385674e-04
6.000000e-07,600.000000,1.200000e+01,5.000000e-08,7.52288072e+00,3.76144036e-07,9.99741072e-01,2.58927763e-04
6.000000e-07,600.000000,1.200000e+01,5.000000e-08,7.52588147e+00,3.76294074e-07,9.99739521e-01,2.60479174e-04
6.000000e-07,600.000000,1.200000e+01,5.000000e-08,7.52888222e+00,3.76444111e-07,9.99737960e-01,2.62039963e-04
6.000000e-07,600.000000,1.200000e+01,5.000000e-08,7.53188297e+00,3.76594149e-07,9.99736390e-01,2.63610187e-04
6.000000e-07,600.000000,1.200000e+01,5.000000e-08,7.53488372e+00,3.76744186e-07,9.99734810e-01,2.65189902e-04
6.000000e-07,600.000000,1.200000e+01,5.000000e-08,7.53788447e+00,3.76894224e-07,9.99733221e-01,2.66779165e-04
6.000000e-07,600.000000,1.200000e+01,5.000000e-08,7.54088522e+00,3.77044261e-07,9.99731622e-01,2.68378033e-04
6.000000e-07,600.000000,1.200000e+01,5.000000e-08,7.54388597e+00,3.77194299e-07,9.99730013e-01,2.69986564e-04
6.000000e-07,600.000000,1.200000e+01,5.000000e-08,7.54688672e+00,3.77344336e-07,9.99728395e-01,2.71604815e-04
6.000000e-07,600.000000,1.200000e+01,5.000000e-08,7.54988747e+00,3.77494374e-07,9.99726767e-01,2.73232845e-04
6.000000e-07,600.000000,1.200000e+01,5.000000e-08,7.55288822e+00,3.77644411e-07,9.99725129e-01,2.74870712e-04
6.000000e-07,600.000000,1.200000e+01,5.000000e-08,7.55588897e+00,3.77794449e-07,9.99723482e-01,2.76518475e-04
6.000000e-07,600.000000,1.200000e+01,5.000000e-08,7.55888972e+00,3.77944486e-07,9.99721824e-01,2.78176194e-04
6.000000e-07,600.000000,1.200000e+01,5.000000e-08,7.56189047e+00,3.78094524e-07,9.99720156e-01,2.79843928e-04
6.000000e-07,600.000000,1.200000e+01,5.000000e-08,7.56489122e+00,3.78244561e-07,9.99718478e-01,2.81521738e-04
6.000000e-07,600.000000,1.200000e+01,5.000000e-08,7.56789197e+00,3.78394599e-07,9.99716790e-01,2.83209683e-04
6.000000e-07,600.000000,1.200000e+01,5.000000e-08,7.57089272e+00,3.78544636e-07,9.99715092e-01,2.84907824e-04
6.000000e-07,600.000000,1.200000e+01,5.000000e-08,7.57389347e+00,3.78694674e-07,9.99713384e-01,2.86616223e-04
6.000000e-07,600.000000,1.200000e+01,5.000000e-08,7.57689422e+00,3.78844711e-07,9.99711665e-01,2.88334941e-04
6.000000e-07,600.000000,1.200000e+01,5.000000e-08,7.57989497e+00,3.78994749e-07,9.99709936e-01,2.90064039e-04
6.000000e-07,600.000000,1.200000e+01,5.000000e-08,7.58289572e+00,3.79144786e-07,9.99708196e-01,2.91803581e-04
6.000000e-07,600.000000,1.200000e+01,5.000000e-08,7.58589647e+00,3.79294824e-07,9.99706446e-01,2.93553628e-04
6.000000e-07,600.000000,1.200000e+01,5.000000e-08,7.58889722e+00,3.79444861e-07,9.99704686e-01,2.95314244e-04
6.000000e-07,600.000000,1.200000e+01,5.000000e-08,7.59189797e+00,3.79594899e-07,9.99702915e-01,2.97085492e-04
6.000000e-07,600.000000,1.200000e+01,5.000000e-08,7.59489872e+00,3.79744936e-07,9.99701133e-01,2.98867436e-04
6.000000e-07,600.000000,1.200000e+01,5.000000e-08,7.59789947e+00,3.79894974e-07,9.99699340e-01,3.00660139e-04
6.000000e-07,600.000000,1.200000e+01,5.000000e-08,7.60090023e+00,3.80045011e-07,9.99697536e-01,3.02463667e-04
6.000000e-07,600.000000,1.200000e+01,5.000000e-08,7.60390098e+00,3.80195049e-07,9.99695722e-01,3.04278084e-04
6.000000e-07,600.000000,1.200000e+01,5.000000e-08,7.60690173e+00,3.80345086e-07,9.99693897e-01,3.06103456e-04
6.000000e-07,600.000000,1.200000e+01,5.000000e-08,7.60990248e+00,3.80495124e-07,9.99692060e-01,3.07939848e-04
6.000000e-07,600.000000,1.200000e+01,5.000000e-08,7.61290323e+00,3.80645161e-07,9.99690213e-01,3.09787326e-04
6.000000e-07,600.000000,1.200000e+01,5.000000e-08,7.61590398e+00,3.80795199e-07,9.99688354e-01,3.11645957e-04
6.000000e-07,600.000000,1.200000e+01,5.000000e-08,7.61890473e+00,3.80945236e-07,9.99686484e-01,3.13515807e-04
6.000000e-07,600.000000,1.200000e+01,5.000000e-08,7.62190548e+00,3.81095274e-07,9.99684603e-01,3.15396945e-04
6.000000e-07,600.000000,1.200000e+01,5.000000e-08,7.62490623e+00,3.81245311e-07,9.99682711e-01,3.17289437e-04
6.000000e-07,600.000000,1.200000e+01,5.000000e-08,7.62790698e+00,3.81395349e-07,9.99680807e-01,3.19193352e-04
6.000000e-07,600.000000,1.200000e+01,5.000000e-08,7.63090773e+00,3.81545386e-07,9.99678891e-01,3.21108758e-04
6.000000e-07,600.000000,1.200000e+01,5.000000e-08,7.63390848e+00,3.81695424e-07,9.99676964e-01,3.23035725e-04
6.000000e-07,600.000000,1.200000e+01,5.000000e-08,7.63690923e+00,3.81845461e-07,9.99675026e-01,3.24974320e-04
6.000000e-07,600.000000,1.200000e+01,5.000000e-08,7.63990998e+00,3.81995499e-07,9.99673075e-01,3.26924616e-04
6.000000e-07,600.000000,1.200000e+01,5.000000e-08,7.64291073e+00,3.82145536e-07,9.99671113e-01,3.28886680e-04
6.000000e-07,600.000000,1.200000e+01,5.000000e-08,7.64591148e+00,3.82295574e-07,9.99669139e-01,3.30860585e-04
6.000000e-07,600.000000,1.200000e+01,5.000000e-08,7.64891223e+00,3.82445611e-07,9.99667154e-01,3.32846401e-04
6.000000e-07,600.000000,1.200000e+01,5.000000e-08,7.65191298e+00,3.82595649e-07,9.99665156e-01,3.34844199e-04
6.000000e-07,600.000000,1.200000e+01,5.000000e-08,7.65491373e+00,3.82745686e-07,9.99663146e-01,3.36854052e-04
6.000000e-07,600.000000,1.200000e+01,5.000000e-08,7.65791448e+00,3.82895724e-07,9.99661124e-01,3.38876032e-04
6.000000e-07,600.000000,1.200000e+01,5.000000e-08,7.66091523e+00,3.83045761e-07,9.99659090e-01,3.40910211e-04
6.000000e-07,600.000000,1.200000e+01,5.000000e-08,7.66391598e+00,3.83195799e-07,9.99657043e-01,3.42956662e-04
6.000000e-07,600.000000,1.200000e+01,5.000000e-08,7.66691673e+00,3.83345836e-07,9.99654985e-01,3.45015460e-04
6.000000e-07,600.000000,1.200000e+01,5.000000e-08,7.66991748e+00,3.83495874e-07,9.99652913e-01,3.47086679e-04
6.000000e-07,600.000000,1.200000e+01,5.000000e-08,7.67291823e+00,3.83645911e-07,9.99650830e-01,3.49170392e-04
6.000000e-07,600.000000,1.200000e+01,5.000000e-08,7.67591898e+00,3.83795949e-07,9.99648733e-01,3.51266675e-04
6.000000e-07,600.000000,1.200000e+01,5.000000e-08,7.67891973e+00,3.83945986e-07,9.99646624e-01,3.53375604e-04
6.000000e-07,600.000000,1.200000e+01,5.000000e-08,7.68192048e+00,3.84096024e-07,9.99644503e-01,3.55497253e-04
6.000000e-07,600.000000,1.200000e+01,5.000000e-08,7.68492123e+00,3.84246062e-07,9.99642368e-01,3.57631701e-04
6.000000e-07,600.000000,1.200000e+01,5.000000e-08,7.68792198e+00,3.84396099e-07,9.99640221e-01,3.59779022e-04
6.000000e-07,600.000000,1.200000e+01,5.000000e-08,7.69092273e+00,3.84546137e-07,9.99638061e-01,3.61939296e-04
6.000000e-07,600.000000,1.200000e+01,5.000000e-08,7.69392348e+00,3.84696174e-07,9.99635887e-01,3.64112598e-04
6.000000e-07,600.000000,1.200000e+01,5.000000e-08,7.69692423e+00,3.84846212e-07,9.99633701e-01,3.66299008e-04
6.000000e-07,600.000000,1.200000e+01,5.000000e-08,7.69992498e+00,3.84996249e-07,9.99631501e-01,3.68498604e-04
6.000000e-07,600.000000,1.200000e+01,5.000000e-08,7.70292573e+00,3.85146287e-07,9.99629289e-01,3.70711466e-04
6.000000e-07,600.000000,1.200000e+01,5.000000e-08,7.70592648e+00,3.85296324e-07,9.99627062e-01,3.72937672e-04
6.000000e-07,600.000000,1.200000e+01,5.000000e-08,7.70892723e+00,3.85446362e-07,9.99624823e-01,3.75177304e-04
6.000000e-07,600.000000,1.200000e+01,5.000000e-08,7.71192798e+00,3.85596399e-07,9.99622570e-01,3.77430441e-04
6.000000e-07,600.000000,1.200000e+01,5.000000e-08,7.71492873e+00,3.85746437e-07,9.99620303e-01,3.79697164e-04
6.000000e-07,600.000000,1.200000e+01,5.000000e-08,7.71792948e+00,3.85896474e-07,9.99618022e-01,3.81977556e-04
6.000000e-07,600.000000,1.200000e+01,5.000000e-08,7.72093023e+00,3.86046512e-07,9.99615728e-01,3.84271698e-04
6.000000e-07,600.000000,1.200000e+01,5.000000e-08,7.72393098e+00,3.86196549e-07,9.99613420e-01,3.86579673e-04
6.000000e-07,600.000000,1.200000e+01,5.000000e-08,7.72693173e+00,3.86346587e-07,9.99611098e-01,3.88901564e-04
6.000000e-07,600.000000,1.200000e+01,5.000000e-08,7.72993248e+00,3.86496624e-07,9.99608763e-01,3.91237454e-04
6.000000e-07,600.000000,1.200000e+01,5.000000e-08,7.73293323e+00,3.86646662e-07,9.99606413e-01,3.93587428e-04
6.000000e-07,600.000000,1.200000e+01,5.000000e-08,7.73593398e+00,3.86796699e-07,9.99604048e-01,3.95951569e-04
6.000000e-07,600.000000,1.200000e+01,5.000000e-08,7.73893473e+00,3.86946737e-07,9.99601670e-01,3.98329964e-04
6.000000e-07,600.000000,1.200000e+01,5.000000e-08,7.74193548e+00,3.87096774e-07,9.99599277e-01,4.00722697e-04
6.000000e-07,600.000000,1.200000e+01,5.000000e-08,7.74493623e+00,3.87246812e-07,9.99596870e-01,4.03129854e-04
6.000000e-07,600.000000,1.200000e+01,5.000000e-08,7.74793698e+00,3.87396849e-07,9.99594448e-01,4.05551523e-04
6.000000e-07,600.000000,1.200000e+01,5.000000e-08,7.75093773e+00,3.87546887e-07,9.99592012e-01,4.07987790e-04
6.000000e-07,600.000000,1.200000e+01,5.000000e-08,7.75393848e+00,3.87696924e-07,9.99589561e-01,4.10438743e-04
6.000000e-07,600.000000,1.200000e+01,5.000000e-08,7.75693923e+00,3.87846962e-07,9.99587096e-01,4.12904471e-04
6.000000e-07,600.000000,1.200000e+01,5.000000e-08,7.75993998e+00,3.87996999e-07,9.99584615e-01,4.15385061e-04
6.000000e-07,600.000000,1.200000e+01,5.000000e-08,7.76294074e+00,3.88147037e-07,9.99582119e-01,4.17880603e-04
6.000000e-07,600.000000,1.200000e+01,5.000000e-08,7.76594149e+00,3.88297074e-07,9.99579609e-01,4.20391187e-04
6.000000e-07,600.000000,1.200000e+01,5.000000e-08,7.76894224e+00,3.88447112e-07,9.99577083e-01,4.22916903e-04
6.000000e-07,600.000000,1.200000e+01,5.000000e-08,7.77194299e+00,3.88597149e-07,9.99574542e-01,4.25457843e-04
6.000000e-07,600.000000,1.200000e+01,5.000000e-08,7.77494374e+00,3.88747187e-07,9.99571986e-01,4.28014096e-04
6.000000e-07,600.000000,1.200000e+01,5.000000e-08,7.77794449e+00,3.88897224e-07,9.99569414e-01,4.30585757e-04
6.000000e-07,600.000000,1.200000e+01,5.000000e-08,7.78094524e+00,3.89047262e-07,9.99566827e-01,4.33172916e-04
6.000000e-07,600.000000,1.200000e+01,5.000000e-08,7.78394599e+00,3.89197299e-07,9.99564224e-01,4.35775667e-04
6.000000e-07,600.000000,1.200000e+01,5.000000e-08,7.78694674e+00,3.89347337e-07,9.99561606e-01,4.38394103e-04
6.000000e-07,600.000000,1.200000e+01,5.000000e-08,7.78994749e+00,3.89497374e-07,9.99558972e-01,4.41028319e-04
6.000000e-07,600.000000,1.200000e+01,5.000000e-08,7.79294824e+00,3.89647412e-07,9.99556322e-01,4.43678410e-04
6.000000e-07,600.000000,1.200000e+01,5.000000e-08,7.79594899e+00,3.89797449e-07,9.99553656e-01,4.46344471e-04
6.000000e-07,600.000000,1.200000e+01,5.000000e-08,7.79894974e+00,3.89947487e-07,9.99550973e-01,4.49026597e-04
6.000000e-07,600.000000,1.200000e+01,5.000000e-08,7.80195049e+00,3.90097524e-07,9.99548275e-01,4.51724886e-04
6.000000e-07,600.000000,1.200000e+01,5.000000e-08,7.80495124e+00,3.90247562e-07,9.99545561e-01,4.54439434e-04
6.000000e-07,600.000000,1.200000e+01,5.000000e-08,7.80795199e+00,3.90397599e-07,9.99542830e-01,4.57170339e-04
6.000000e-07,600.000000,1.200000e+01,5.000000e-08,7.81095274e+00,3.90547637e-07,9.99540082e-01,4.59917699e-04
6.000000e-07,600.000000,1.200000e+01,5.000000e-08,7.81395349e+00,3.90697674e-07,9.99537318e-01,4.62681613e-04
6.000000e-07,600.000000,1.200000e+01,5.000000e-08,7.81695424e+00,3.90847712e-07,9.99534538e-01,4.65462180e-04
6.000000e-07,600.000000,1.200000e+01,5.000000e-08,7.81995499e+00,3.90997749e-07,9.99531740e-01,4.68259501e-04
6.000000e-07,600.000000,1.200000e+01,5.000000e-08,7.82295574e+00,3.91147787e-07,9.99528926e-01,4.71073675e-04
6.000000e-07,600.000000,1.200000e+01,5.000000e-08,7.82595649e+00,3.91297824e-07,9.99526095e-01,4.73904805e-04
6.000000e-07,600.000000,1.200000e+01,5.000000e-08,7.82895724e+00,3.91447862e-07,9.99523247e-01,4.76752992e-04
6.000000e-07,600.000000,1.200000e+01,5.000000e-08,7.83195799e+00,3.91597899e-07,9.99520382e-01,4.79618339e-04
6.000000e-07,600.000000,1.200000e+01,5.000000e-08,7.83495874e+00,3.91747937e-07,9.99517499e-01,4.82500948e-04
6.000000e-07,600.000000,1.200000e+01,5.000000e-08,7.83795949e+00,3.91897974e-07,9.99514599e-01,4.85400923e-04
6.000000e-07,600.000000,1.200000e+01,5.000000e-08,7.84096024e+00,3.92048012e-07,9.99511682e-01,4.88318369e-04
6.000000e-07,600.000000,1.200000e+01,5.000000e-08,7.84396099e+00,3.92198050e-07,9.99508747e-01,4.91253390e-04
6.000000e-07,600.000000,1.200000e+01,5.000000e-08,7.84696174e+00,3.92348087e-07,9.99505794e-01,4.94206092e-04
6.000000e-07,600.000000,1.200000e+01,5.000000e-08,7.84996249e+00,3.92498125e-07,9.99502823e-01,4.97176582e-04
6.000000e-07,600.000000,1.200000e+01,5.000000e-08,7.85296324e+00,3.92648162e-07,9.99499835e-01,5.00164965e-04
6.000000e-07,600.000000,1.200000e+01,5.000000e-08,7.85596399e+00,3.92798200e-07,9.99496829e-01,5.03171350e-04
6.000000e-07,600.000000,1.200000e+01,5.000000e-08,7.85896474e+00,3.92948237e-07,9.99493804e-01,5.06195845e-04
6.000000e-07,600.000000,1.200000e+01,5.000000e-08,7.86196549e+00,3.93098275e-07,9.99490761e-01,5.09238558e-04
6.000000e-07,600.000000,1.200000e+01,5.000000e-08,7.86496624e+00,3.93248312e-07,9.99487700e-01,5.12299599e-04
6.000000e-07,600.000000,1.200000e+01,5.000000e-08,7.86796699e+00,3.93398350e-07,9.99484621e-01,5.15379077e-04
6.000000e-07,600.000000,1.200000e+01,5.000000e-08,7.87096774e+00,3.93548387e-07,9.99481523e-01,5.18477105e-04
6.000000e-07,600.000000,1.200000e+01,5.000000e-08,7.87396849e+00,3.93698425e-07,9.99478406e-01,5.21593792e-04
6.000000e-07,600.000000,1.200000e+01,5.000000e-08,7.87696924e+00,3.93848462e-07,9.99475271e-01,5.24729252e-04
6.000000e-07,600.000000,1.200000e+01,5.000000e-08,7.87996999e+00,3.93998500e-07,9.99472116e-01,5.27883596e-04
6.000000e-07,600.000000,1.200000e+01,5.000000e-08,7.88297074e+00,3.94148537e-07,9.99468943e-01,5.31056939e-04
6.000000e-07,600.000000,1.200000e+01,5.000000e-08,7.88597149e+00,3.94298575e-07,9.99465751e-01,5.34249394e-04
6.000000e-07,600.000000,1.200000e+01,5.000000e-08,7.88897224e+00,3.94448612e-07,9.99462539e-01,5.37461077e-04
6.000000e-07,600.000000,1.200000e+01,5.000000e-08,7.89197299e+00,3.94598650e-07,9.99459308e-01,5.40692102e-04
6.000000e-07,600.000000,1.200000e+01,5.000000e-08,7.89497374e+00,3.94748687e-07,9.99456057e-01,5.43942586e-04
6.000000e-07,600.000000,1.200000e+01,5.000000e-08,7.89797449e+00,3.94898725e-07,9.99452787e-01,5.47212646e-04
6.000000e-07,600.000000,1.200000e+01,5.000000e-08,7.90097524e+00,3.95048762e-07,9.99449498e-01,5.50502400e-04
6.000000e-07,600.000000,1.200000e+01,5.000000e-08,7.90397599e+00,3.95198800e-07,9.99446188e-01,5.53811965e-04
6.000000e-07,600.000000,1.200000e+01,5.000000e-08,7.90697674e+00,3.95348837e-07,9.99442859e-01,5.57141461e-04
6.000000e-07,600.000000,1.200000e+01,5.000000e-08,7.90997749e+00,3.95498875e-07,9.99439509e-01,5.60491007e-04
6.000000e-07,600.000000,1.200000e+01,5.000000e-08,7.91297824e+00,3.95648912e-07,9.99436139e-01,5.63860725e-04
6.000000e-07,600.000000,1.200000e+01,5.000000e-08,7.91597899e+00,3.95798950e-07,9.99432749e-01,5.67250734e-04
6.000000e-07,600.000000,1.200000e+01,5.000000e-08,7.91897974e+00,3.95948987e-07,9.99429339e-01,5.70661157e-04
6.000000e-07,600.000000,1.200000e+01,5.000000e-08,7.92198050e+00,3.96099025e-07,9.99425908e-01,5.74092117e-04
6.000000e-07,600.000000,1.200000e+01,5.000000e-08,7.92498125e+00,3.96249062e-07,9.99422456e-01,5.77543737e-04
6.000000e-07,600.000000,1.200000e+01,5.000000e-08,7.92798200e+00,3.96399100e-07,9.99418984e-01,5.81016141e-04
6.000000e-07,600.000000,1.200000e+01,5.000000e-08,7.93098275e+00,3.96549137e-07,9.99415491e-01,5.84509453e-04
6.000000e-07,600.000000,1.200000e+01,5.000000e-08,7.93398350e+00,3.96699175e-07,9.99411976e-01,5.88023800e-04
6.000000e-07,600.000000,1.200000e+01,5.000000e-08,7.93698425e+00,3.96849212e-07,9.99408441e-01,5.91559308e-04
6.000000e-07,600.000000,1.200000e+01,5.000000e-08,7.93998500e+00,3.96999250e-07,9.99404884e-01,5.95116104e-04
6.000000e-07,600.000000,1.200000e+01,5.000000e-08,7.94298575e+00,3.97149287e-07,9.99401306e-01,5.98694316e-04
6.000000e-07,600.000000,1.200000e+01,5.000000e-08,7.94598650e+00,3.97299325e-07,9.99397706e-01,6.02294073e-04
6.000000e-07,600.000000,1.200000e+01,5.000000e-08,7.94898725e+00,3.97449362e-07,9.99394084e-01,6.05915503e-04
6.000000e-07,600.000000,1.200000e+01,5.000000e-08,7.95198800e+00,3.97599400e-07,9.99390441e-01,6.09558737e-04
6.000000e-07,600.000000,1.200000e+01,5.000000e-08,7.95498875e+00,3.97749437e-07,9.99386776e-01,6.13223907e-04
6.000000e-07,600.000000,1.200000e+01,5.000000e-08,7.95798950e+00,3.97899475e-07,9.99383089e-01,6.16911143e-04
6.000000e-07,600.000000,1.200000e+01,5.000000e-08,7.96099025e+00,3.98049512e-07,9.99379379e-01,6.20620579e-04
6.000000e-07,600.000000,1.200000e+01,5.000000e-08,7.96399100e+00,3.98199550e-07,9.99375648e-01,6.24352347e-04
6.000000e-07,600.000000,1.200000e+01,5.000000e-08,7.96699175e+00,3.98349587e-07,9.99371893e-01,6.28106583e-04
6.000000e-07,600.000000,1.200000e+01,5.000000e-08,7.96999250e+00,3.98499625e-07,9.99368117e-01,6.31883421e-04
6.000000e-07,600.000000,1.200000e+01,5.000000e-08,7.97299325e+00,3.98649662e-07,9.99364317e-01,6.35682996e-04
6.000000e-07,600.000000,1.200000e+01,5.000000e-08,7.97599400e+00,3.98799700e-07,9.99360495e-01,6.39505445e-04
6.000000e-07,600.000000,1.200000e+01,5.000000e-08,7.97899475e+00,3.98949737e-07,9.99356649e-01,6.43350906e-04
6.000000e-07,600.000000,1.200000e+01,5.000000e-08,7.98199550e+00,3.99099775e-07,9.99352780e-01,6.47219518e-04
6.000000e-07,600.000000,1.200000e+01,5.000000e-08,7.98499625e+00,3.99249812e-07,9.99348889e-01,6.51111418e-04
6.000000e-07,600.000000,1.200000e+01,5.000000e-08,7.98799700e+00,3.99399850e-07,9.99344973e-01,6.55026747e-04
6.000000e-07,600.000000,1.200000e+01,5.000000e-08,7.99099775e+00,3.99549887e-07,9.99341034e-01,6.58965646e-04
6.000000e-07,600.000000,1.200000e+01,5.000000e-08,7.99399850e+00,3.99699925e-07,9.99337072e-01,6.62928256e-04
6.000000e-07,600.000000,1.200000e+01,5.000000e-08,7.99699925e+00,3.99849962e-07,9.99333085e-01,6.66914720e-04
6.000000e-07,600.000000,1.200000e+01,5.000000e-08,8.00000000e+00,4.00000000e-07,9.99329075e-01,6.70925180e-04
6.000000e-07,600.000000,1.200000e+01,5.000000e-08,8.00300075e+00,4.00150038e-07,9.99325040e-01,6.74959782e-04
6.000000e-07,600.000000,1.200000e+01,5.000000e-08,8.00600150e+00,4.00300075e-07,9.99320981e-01,6.79018670e-04
6.000000e-07,600.000000,1.200000e+01,5.000000e-08,8.00900225e+00,4.00450113e-07,9.99316898e-01,6.83101991e-04
6.000000e-07,600.000000,1.200000e+01,5.000000e-08,8.01200300e+00,4.00600150e-07,9.99312790e-01,6.87209890e-04
6.000000e-07,600.000000,1.200000e+01,5.000000e-08,8.01500375e+00,4.00750188e-07,9.99308657e-01,6.91342515e-04
6.000000e-07,600.000000,1.200000e+01,5.000000e-08,8.01800450e+00,4.00900225e-07,9.99304500e-01,6.95500016e-04
6.000000e-07,600.000000,1.200000e+01,5.000000e-08,8.02100525e+00,4.01050263e-07,9.99300317e-01,6.99682541e-04
6.000000e-07,600.000000,1.200000e+01,5.000000e-08,8.02400600e+00,4.01200300e-07,9.99296110e-01,7.03890241e-04
6.000000e-07,600.000000,1.200000e+01,5.000000e-08,8.02700675e+00,4.01350338e-07,9.99291877e-01,7.08123267e-04
6.000000e-07,600.000000,1.200000e+01,5.000000e-08,8.03000750e+00,4.01500375e-07,9.99287618e-01,7.12381771e-04
6.000000e-07,600.000000,1.200000e+01,5.000000e-08,8.03300825e+00,4.01650413e-07,9.99283334e-01,7.16665907e-04
6.000000e-07,600.000000,1.200000e+01,5.000000e-08,8.03600900e+00,4.01800450e-07,9.99279024e-01,7.20975828e-04
6.000000e-07,600.000000,1.200000e+01,5.000000e-08,8.03900975e+00,4.01950488e-07,9.99274688e-01,7.25311688e-04
6.000000e-07,600.000000,1.200000e+01,5.000000e-08,8.04201050e+00,4.02100525e-07,9.99270326e-01,7.29673645e-04
6.000000e-07,600.000000,1.200000e+01,5.000000e-08,8.04501125e+00,4.02250563e-07,9.99265938e-01,7.34061855e-04
6.000000e-07,600.000000,1.200000e+01,5.000000e-08,8.04801200e+00,4.02400600e-07,9.99261524e-01,7.38476475e-04
6.000000e-07,600.000000,1.200000e+01,5.000000e-08,8.05101275e+00,4.02550638e-07,9.99257082e-01,7.42917664e-04
6.000000e-07,600.000000,1.200000e+01,5.000000e-08,8.05401350e+00,4.02700675e-07,9.99252614e-01,7.47385582e-04
6.000000e-07,600.000000,1.200000e+01,5.000000e-08,8.05701425e+00,4.02850713e-07,9.99248120e-01,7.51880389e-04
6.000000e-07,600.000000,1.200000e+01,5.000000e-08,8.06001500e+00,4.03000750e-07,9.99243598e-01,7.56402247e-04
6.000000e-07,600.000000,1.200000e+01,5.000000e-08,8.06301575e+00,4.03150788e-07,9.99239049e-01,7.60951318e-04
6.000000e-07,600.000000,1.200000e+01,5.000000e-08,8.06601650e+00,4.03300825e-07,9.99234472e-01,7.65527766e-04
6.000000e-07,600.000000,1.200000e+01,5.000000e-08,8.06901725e+00,4.03450863e-07,9.99229868e-01,7.70131755e-04
6.000000e-07,600.000000,1.200000e+01,5.000000e-08,8.07201800e+00,4.03600900e-07,9.99225237e-01,7.74763451e-04
6.000000e-07,600.000000,1.200000e+01,5.000000e-08,8.07501875e+00,4.03750938e-07,9.99220577e-01,7.79423020e-04
6.000000e-07,600.000000,1.200000e+01,5.000000e-08,8.07801950e+00,4.03900975e-07,9.99215889e-01,7.84110629e-04
6.000000e-07,600.000000,1.200000e+01,5.000000e-08,8.08102026e+00,4.04051013e-07,9.99211174e-01,7.88826448e-04
6.000000e-07,600.000000,1.200000e+01,5.000000e-08,8.08402101e+00,4.04201050e-07,9.99206429e-01,7.93570645e-04
6.000000e-07,600.000000,1.200000e+01,5.000000e-08,8.08702176e+00,4.04351088e-07,9.99201657e-01,7.98343391e-04
6.000000e-07,600.000000,1.200000e+01,5.000000e-08,8.09002251e+00,4.04501125e-07,9.99196855e-01,8.03144857e-04
6.000000e-07,600.000000,1.200000e+01,5.000000e-08,8.09302326e+00,4.04651163e-07,9.99192025e-01,8.07975216e-04
6.000000e-07,600.000000,1.200000e+01,5.000000e-08,8.09602401e+00,4.04801200e-07,9.99187165e-01,8.12834642e-04
6.000000e-07,600.000000,1.200000e+01,5.000000e-08,8.09902476e+00,4.04951238e-07,9.99182277e-01,8.17723309e-04
6.000000e-07,600.000000,1.200000e+01,5.000000e-08,8.10202551e+00,4.05101275e-07,9.99177359e-01,8.22641393e-04
6.000000e-07,600.000000,1.200000e+01,5.000000e-08,8.10502626e+00,4.05251313e-07,9.99172411e-01,8.27589070e-04
6.000000e-07,600.000000,1.200000e+01,5.000000e-08,8.10802701e+00,4.05401350e-07,9.99167433e-01,8.32566518e-04
6.000000e-07,600.000000,1.200000e+01,5.000000e-08,8.11102776e+00,4.05551388e-07,9.99162426e-01,8.37573917e-04
6.000000e-07,600.000000,1.200000e+01,5.000000e-08,8.11402851e+00,4.05701425e-07,9.99157389e-01,8.42611445e-04
6.000000e-07,600.000000,1.200000e+01,5.000000e-08,8.11702926e+00,4.05851463e-07,9.99152321e-01,8.47679284e-04
6.000000e-07,600.000000,1.200000e+01,5.000000e-08,8.12003001e+00,4.06001500e-07,9.99147222e-01,8.52777617e-04
6.000000e-07,600.000000,1.200000e+01,5.000000e-08,8.12303076e+00,4.06151538e-07,9.99142093e-01,8.57906625e-04
6.000000e-07,600.000000,1.200000e+01,5.000000e-08,8.12603151e+00,4.06301575e-07,9.99136934e-01,8.63066494e-04
6.000000e-07,600.000000,1.200000e+01,5.000000e-08,8.12903226e+00,4.06451613e-07,9.99131743e-01,8.68257409e-04
6.000000e-07,600.000000,1.200000e+01,5.000000e-08,8.13203301e+00,4.06601650e-07,9.99126520e-01,8.73479556e-04
6.000000e-07,600.000000,1.200000e+01,5.000000e-08,8.13503376e+00,4.06751688e-07,9.99121267e-01,8.78733123e-04
6.000000e-07,600.000000,1.200000e+01,5.000000e-08,8.13803451e+00,4.06901725e-07,9.99115982e-01,8.84018298e-04
6.000000e-07,600.000000,1.200000e+01,5.000000e-08,8.14103526e+00,4.07051763e-07,9.99110665e-01,8.89335272e-04
6.000000e-07,600.000000,1.200000e+01,5.000000e-08,8.14403601e+00,4.07201800e-07,9.99105316e-01,8.94684236e-04
6.000000e-07,600.000000,1.200000e+01,5.000000e-08,8.14703676e+00,4.07351838e-07,9.99099935e-01,9.00065381e-04
6.000000e-07,600.000000,1.200000e+01,5.000000e-08,8.15003751e+00,4.07501875e-07,9.99094521e-01,9.05478901e-04
6.000000e-07,600.000000,1.200000e+01,5.000000e-08,8.15303826e+00,4.07651913e-07,9.99089075e-01,9.10924991e-04
6.000000e-07,600.000000,1.200000e+01,5.000000e-08,8.15603901e+00,4.07801950e-07,9.99083596e-01,9.16403845e-04
6.000000e-07,600.000000,1.200000e+01,5.000000e-08,8.15903976e+00,4.07951988e-07,9.99078084e-01,9.21915662e-04
6.000000e-07,600.000000,1.200000e+01,5.000000e-08,8.16204051e+00,4.08102026e-07,9.99072539e-01,9.27460638e-04
6.000000e-07,600.000000,1.200000e+01,5.000000e-08,8.16504126e+00,4.08252063e-07,9.99066961e-01,9.33038973e-04
6.000000e-07,600.000000,1.200000e+01,5.000000e-08,8.16804201e+00,4.08402101e-07,9.99061349e-01,9.38650867e-04
6.000000e-07,600.000000,1.200000e+01,5.000000e-08,8.17104276e+00,4.08552138e-07,9.99055703e-01,9.44296522e-04
6.000000e-07,600.000000,1.200000e+01,5.000000e-08,8.17404351e+00,4.08702176e-07,9.99050024e-01,9.49976141e-04
6.000000e-07,600.000000,1.200000e+01,5.000000e-08,8.17704426e+00,4.08852213e-07,9.99044310e-01,9.55689928e-04
6.000000e-07,600.000000,1.200000e+01,5.000000e-08,8.18004501e+00,4.09002251e-07,9.99038562e-01,9.61438087e-04
6.000000e-07,600.000000,1.200000e+01,5.000000e-08,8.18304576e+00,4.09152288e-07,9.99032779e-01,9.67220826e-04
6.000000e-07,600.000000,1.200000e+01,5.000000e-08,8.18604651e+00,4.09302326e-07,9.99026962e-01,9.73038351e-04
6.000000e-07,600.000000,1.200000e+01,5.000000e-08,8.18904726e+00,4.09452363e-07,9.99021109e-01,9.78890873e-04
6.000000e-07,600.000000,1.200000e+01,5.000000e-08,8.19204801e+00,4.09602401e-07,9.99015221e-01,9.84778600e-04
6.000000e-07,600.000000,1.200000e+01,5.000000e-08,8.19504876e+00,4.09752438e-07,9.99009298e-01,9.90701745e-04
6.000000e-07,600.000000,1.200000e+01,5.000000e-08,8.19804951e+00,4.09902476e-07,9.99003339e-01,9.96660520e-04
6.000000e-07,600.000000,1.200000e+01,5.000000e-08,8.20105026e+00,4.10052513e-07,9.98997345e-01,1.00265514e-03
6.000000e-07,600.000000,1.200000e+01,5.000000e-08,8.20405101e+00,4.10202551e-07,9.98991314e-01,1.00868582e-03
6.000000e-07,600.000000,1.200000e+01,5.000000e-08,8.20705176e+00,4.10352588e-07,9.98985247e-01,1.01475277e-03
6.000000e-07,600.000000,1.200000e+01,5.000000e-08,8.21005251e+00,4.10502626e-07,9.98979144e-01,1.02085622e-03
6.000000e-07,600.000000,1.200000e+01,5.000000e-08,8.21305326e+00,4.10652663e-07,9.98973004e-01,1.02699638e-03
6.000000e-07,600.000000,1.200000e+01,5.000000e-08,8.21605401e+00,4.10802701e-07,9.98966827e-01,1.03317348e-03
6.000000e-07,600.000000,1.200000e+01,5.000000e-08,8.21905476e+00,4.10952738e-07,9.98960612e-01,1.03938773e-03
6.000000e-07,600.000000,1.200000e+01,5.000000e-08,8.22205551e+00,4.11102776e-07,9.98954361e-01,1.04563936e-03
6.000000e-07,600.000000,1.200000e+01,5.000000e-08,8.22505626e+00,4.11252813e-07,9.98948071e-01,1.05192859e-03
6.000000e-07,600.000000,1.200000e+01,5.000000e-08,8.22805701e+00,4.11402851e-07,9.98941744e-01,1.05825565e-03
6.000000e-07,600.000000,1.200000e+01,5.000000e-08,8.23105776e+00,4.11552888e-07,9.98935379e-01,1.06462077e-03
6.000000e-07,600.000000,1.200000e+01,5.000000e-08,8.23405851e+00,4.11702926e-07,9.98928976e-01,1.07102417e-03
6.000000e-07,600.000000,1.200000e+01,5.000000e-08,8.23705926e+00,4.11852963e-07,9.98922534e-01,1.07746609e-03
6.000000e-07,600.000000,1.200000e+01,5.000000e-08,8.24006002e+00,4.12003001e-07,9.98916053e-01,1.08394675e-03
6.000000e-07,600.000000,1.200000e+01,5.000000e-08,8.24306077e+00,4.12153038e-07,9.98909534e-01,1.09046639e-03
6.000000e-07,600.000000,1.200000e+01,5.000000e-08,8.24606152e+00,4.12303076e-07,9.98902975e-01,1.09702524e-03
6.000000e-07,600.000000,1.200000e+01,5.000000e-08,8.24906227e+00,4.12453113e-07,9.98896376e-01,1.10362354e-03
6.000000e-07,600.000000,1.200000e+01,5.000000e-08,8.25206302e+00,4.12603151e-07,9.98889738e-01,1.11026152e-03
6.000000e-07,600.000000,1.200000e+01,5.000000e-08,8.25506377e+00,4.12753188e-07,9.98883061e-01,1.11693943e-03
6.000000e-07,600.000000,1.200000e+01,5.000000e-08,8.25806452e+00,4.12903226e-07,9.98876342e-01,1.12365750e-03
6.000000e-07,600.000000,1.200000e+01,5.000000e-08,8.26106527e+00,4.13053263e-07,9.98869584e-01,1.13041597e-03
6.000000e-07,600.000000,1.200000e+01,5.000000e-08,8.26406602e+00,4.13203301e-07,9.98862785e-01,1.13721509e-03
6.000000e-07,600.000000,1.200000e+01,5.000000e-08,8.26706677e+00,4.13353338e-07,9.98855945e-01,1.14405511e-03
6.000000e-07,600.000000,1.200000e+01,5.000000e-08,8.27006752e+00,4.13503376e-07,9.98849064e-01,1.15093625e-03
6.000000e-07,600.000000,1.200000e+01,5.000000e-08,8.27306827e+00,4.13653413e-07,9.98842141e-01,1.15785878e-03
6.000000e-07,600.000000,1.200000e+01,5.000000e-08,8.27606902e+00,4.13803451e-07,9.98835177e-01,1.16482294e-03
6.000000e-07,600.000000,1.200000e+01,5.000000e-08,8.27906977e+00,4.13953488e-07,9.98828171e-01,1.17182899e-03
6.000000e-07,600.000000,1.200000e+01,5.000000e-08,8.28207052e+00,4.14103526e-07,9.98821123e-01,1.17887716e-03
6.000000e-07,600.000000,1.200000e+01,5.000000e-08,8.28507127e+00,4.14253563e-07,9.98814032e-01,1.18596772e-03
6.000000e-07,600.000000,1.200000e+01,5.000000e-08,8.28807202e+00,4.14403601e-07,9.98806899e-01,1.19310093e-03
6.000000e-07,600.000000,1.200000e+01,5.000000e-08,8.29107277e+00,4.14553638e-07,9.98799723e-01,1.20027703e-03
6.000000e-07,600.000000,1.200000e+01,5.000000e-08,8.29407352e+00,4.14703676e-07,9.98792504e-01,1.20749628e-03
6.000000e-07,600.000000,1.200000e+01,5.000000e-08,8.29707427e+00,4.14853713e-07,9.98785241e-01,1.21475894e-03
6.000000e-07,600.000000,1.200000e+01,5.000000e-08,8.30007502e+00,4.15003751e-07,9.98777935e-01,1.22206528e-03
6.000000e-07,600.000000,1.200000e+01,5.000000e-08,8.30307577e+00,4.15153788e-07,9.98770584e-01,1.22941556e-03
6.000000e-07,600.000000,1.200000e+01,5.000000e-08,8.30607652e+00,4.15303826e-07,9.98763190e-01,1.23681003e-03
6.000000e-07,600.000000,1.200000e+01,5.000000e-08,8.30907727e+00,4.15453863e-07,9.98755751e-01,1.24424897e-03
6.000000e-07,600.000000,1.200000e+01,5.000000e-08,8.31207802e+00,4.15603901e-07,9.98748267e-01,1.25173264e-03
6.000000e-07,600.000000,1.200000e+01,5.000000e-08,8.31507877e+00,4.15753938e-07,9.98740739e-01,1.25926131e-03
6.000000e-07,600.000000,1.200000e+01,5.000000e-08,8.31807952e+00,4.15903976e-07,9.98733165e-01,1.26683526e-03
6.000000e-07,600.000000,1.200000e+01,5.000000e-08,8.32108027e+00,4.16054014e-07,9.98725545e-01,1.27445474e-03
6.000000e-07,600.000000,1.200000e+01,5.000000e-08,8.32408102e+00,4.16204051e-07,9.98717880e-01,1.28212004e-03
6.000000e-07,600.000000,1.200000e+01,5.000000e-08,8.32708177e+00,4.16354089e-07,9.98710169e-01,1.28983143e-03
6.000000e-07,600.000000,1.200000e+01,5.000000e-08,8.33008252e+00,4.16504126e-07,9.98702411e-01,1.29758919e-03
6.000000e-07,600.000000,1.200000e+01,5.000000e-08,8.33308327e+00,4.16654164e-07,9.98694606e-01,1.30539360e-03
6.000000e-07,600.000000,1.200000e+01,5.000000e-08,8.33608402e+00,4.16804201e-07,9.98686755e-01,1.31324493e-03
6.000000e-07,600.000000,1.200000e+01,5.000000e-08,8.33908477e+00,4.16954239e-07,9.98678857e-01,1.32114347e-03
6.000000e-07,600.000000,1.200000e+01,5.000000e-08,8.34208552e+00,4.17104276e-07,9.98670911e-01,1.32908950e-03
6.000000e-07,600.000000,1.200000e+01,5.000000e-08,8.34508627e+00,4.17254314e-07,9.98662917e-01,1.33708330e-03
6.000000e-07,600.000000,1.200000e+01,5.000000e-08,8.34808702e+00,4.17404351e-07,9.98654875e-01,1.34512517e-03
6.000000e-07,600.000000,1.200000e+01,5.000000e-08,8.35108777e+00,4.17554389e-07,9.98646785e-01,1.35321539e-03
6.000000e-07,600.000000,1.200000e+01,5.000000e-08,8.35408852e+00,4.17704426e-07,9.98638646e-01,1.36135425e-03
6.000000e-07,600.000000,1.200000e+01,5.000000e-08,8.35708927e+00,4.17854464e-07,9.98630458e-01,1.36954204e-03
6.000000e-07,600.000000,1.200000e+01,5.000000e-08,8.36009002e+00,4.18004501e-07,9.98622221e-01,1.37777906e-03
6.000000e-07,600.000000,1.200000e+01,5.000000e-08,8.36309077e+00,4.18154539e-07,9.98613934e-01,1.38606560e-03
6.000000e-07,600.000000,1.200000e+01,5.000000e-08,8.36609152e+00,4.18304576e-07,9.98605598e-01,1.39440197e-03
6.000000e-07,600.000000,1.200000e+01,5.000000e-08,8.36909227e+00,4.18454614e-07,9.98597212e-01,1.40278845e-03
6.000000e-07,600.000000,1.200000e+01,5.000000e-08,8.37209302e+00,4.18604651e-07,9.98588775e-01,1.41122535e-03
6.000000e-07,600.000000,1.200000e+01,5.000000e-08,8.37509377e+00,4.18754689e-07,9.98580287e-01,1.41971297e-03
6.000000e-07,600.000000,1.200000e+01,5.000000e-08,8.37809452e+00,4.18904726e-07,9.98571748e-01,1.42825162e-03
6.000000e-07,600.000000,1.200000e+01,5.000000e-08,8.38109527e+00,4.19054764e-07,9.98563158e-01,1.43684160e-03
6.000000e-07,600.000000,1.200000e+01,5.000000e-08,8.38409602e+00,4.19204801e-07,9.98554517e-01,1.44548323e-03
6.000000e-07,600.000000,1.200000e+01,5.000000e-08,8.38709677e+00,4.19354839e-07,9.98545823e-01,1.45417680e-03
6.000000e-07,600.000000,1.200000e+01,5.000000e-08,8.39009752e+00,4.19504876e-07,9.98537077e-01,1.46292264e-03
6.000000e-07,600.000000,1.200000e+01,5.000000e-08,8.39309827e+00,4.19654914e-07,9.98528279e-01,1.47172105e-03
6.000000e-07,600.000000,1.200000e+01,5.000000e-08,8.39609902e+00,4.19804951e-07,9.98519428e-01,1.48057236e-03
6.000000e-07,600.000000,1.200000e+01,5.000000e-08,8.39909977e+00,4.19954989e-07,9.98510523e-01,1.48947687e-03
6.000000e-07,600.000000,1.200000e+01,5.000000e-08,8.40210053e+00,4.20105026e-07,9.98501565e-01,1.49843491e-03
6.000000e-07,600.000000,1.200000e+01,5.000000e-08,8.40510128e+00,4.20255064e-07,9.98492553e-01,1.50744680e-03
6.000000e-07,600.000000,1.200000e+01,5.000000e-08,8.40810203e+00,4.20405101e-07,9.98483487e-01,1.51651287e-03
6.000000e-07,600.000000,1.200000e+01,5.000000e-08,8.41110278e+00,4.20555139e-07,9.98474367e-01,1.52563343e-03
6.000000e-07,600.000000,1.200000e+01,5.000000e-08,8.41410353e+00,4.20705176e-07,9.98465191e-01,1.53480882e-03
6.000000e-07,600.000000,1.200000e+01,5.000000e-08,8.41710428e+00,4.20855214e-07,9.98455961e-01,1.54403936e-03
6.000000e-07,600.000000,1.200000e+01,5.000000e-08,8.42010503e+00,4.21005251e-07,9.98446675e-01,1.55332538e-03
6.000000e-07,600.000000,1.200000e+01,5.000000e-08,8.42310578e+00,4.21155289e-07,9.98437333e-01,1.56266723e-03
6.000000e-07,600.000000,1.200000e+01,5.000000e-08,8.42610653e+00,4.21305326e-07,9.98427935e-01,1.57206522e-03
6.000000e-07,600.000000,1.200000e+01,5.000000e-08,8.42910728e+00,4.21455364e-07,9.98418480e-01,1.58151971e-03
6.000000e-07,600.000000,1.200000e+01,5.000000e-08,8.43210803e+00,4.21605401e-07,9.98408969e-01,1.59103102e-03
6.000000e-07,600.000000,1.200000e+01,5.000000e-08,8.43510878e+00,4.21755439e-07,9.98399400e-01,1.60059950e-03
6.000000e-07,600.000000,1.200000e+01,5.000000e-08,8.43810953e+00,4.21905476e-07,9.98389775e-01,1.61022550e-03
6.000000e-07,600.000000,1.200000e+01,5.000000e-08,8.44111028e+00,4.22055514e-07,9.98380091e-01,1.61990935e-03
6.000000e-07,600.000000,1.200000e+01,5.000000e-08,8.44411103e+00,4.22205551e-07,9.98370349e-01,1.62965140e-03
6.000000e-07,600.000000,1.200000e+01,5.000000e-08,8.44711178e+00,4.22355589e-07,9.98360548e-01,1.63945201e-03
6.000000e-07,600.000000,1.200000e+01,5.000000e-08,8.45011253e+00,4.22505626e-07,9.98350688e-01,1.64931153e-03
6.000000e-07,600.000000,1.200000e+01,5.000000e-08,8.45311328e+00,4.22655664e-07,9.98340770e-01,1.65923030e-03
6.000000e-07,600.000000,1.200000e+01,5.000000e-08,8.45611403e+00,4.22805701e-07,9.98330791e-01,1.66920869e-03
6.000000e-07,600.000000,1.200000e+01,5.000000e-08,8.45911478e+00,4.22955739e-07,9.98320753e-01,1.67924705e-03
6.000000e-07,600.000000,1.200000e+01,5.000000e-08,8.46211553e+00,4.23105776e-07,9.98310654e-01,1.68934573e-03
6.000000e-07,600.000000,1.200000e+01,5.000000e-08,8.46511628e+00,4.23255814e-07,9.98300495e-01,1.69950512e-03
6.000000e-07,600.000000,1.200000e+01,5.000000e-08,8.46811703e+00,4.23405851e-07,9.98290274e-01,1.70972556e-03
6.000000e-07,600.000000,1.200000e+01,5.000000e-08,8.47111778e+00,4.23555889e-07,9.98279993e-01,1.72000742e-03
6.000000e-07,600.000000,1.200000e+01,5.000000e-08,8.47411853e+00,4.23705926e-07,9.98269649e-01,1.73035107e-03
6.000000e-07,600.000000,1.200000e+01,5.000000e-08,8.47711928e+00,4.23855964e-07,9.98259243e-01,1.74075689e-03
6.000000e-07,600.000000,1.200000e+01,5.000000e-08,8.48012003e+00,4.24006002e-07,9.98248775e-01,1.75122524e-03
6.000000e-07,600.000000,1.200000e+01,5.000000e-08,8.48312078e+00,4.24156039e-07,9.98238243e-01,1.76175650e-03
6.000000e-07,600.000000,1.200000e+01,5.000000e-08,8.48612153e+00,4.24306077e-07,9.98227649e-01,1.77235105e-03
6.000000e-07,600.000000,1.200000e+01,5.000000e-08,8.48912228e+00,4.24456114e-07,9.98216991e-01,1.78300927e-03
6.000000e-07,600.000000,1.200000e+01,5.000000e-08,8.49212303e+00,4.24606152e-07,9.98206268e-01,1.79373153e-03
6.000000e-07,600.000000,1.200000e+01,5.000000e-08,8.49512378e+00,4.24756189e-07,9.98195482e-01,1.80451823e-03
6.000000e-07,600.000000,1.200000e+01,5.000000e-08,8.49812453e+00,4.24906227e-07,9.98184630e-01,1.81536975e-03
6.000000e-07,600.000000,1.200000e+01,5.000000e-08,8.50112528e+00,4.25056264e-07,9.98173714e-01,1.82628648e-03
6.000000e-07,600.000000,1.200000e+01,5.000000e-08,8.50412603e+00,4.25206302e-07,9.98162731e-01,1.83726880e-03
6.000000e-07,600.000000,1.200000e+01,5.000000e-08,8.50712678e+00,4.25356339e-07,9.98151683e-01,1.84831712e-03
6.000000e-07,600.000000,1.200000e+01,5.000000e-08,8.51012753e+00,4.25506377e-07,9.98140568e-01,1.85943183e-03
6.000000e-07,600.000000,1.200000e+01,5.000000e-08,8.51312828e+00,4.25656414e-07,9.98129387e-01,1.87061332e-03
6.000000e-07,600.000000,1.200000e+01,5.000000e-08,8.51612903e+00,4.25806452e-07,9.98118138e-01,1.88186200e-03
6.000000e-07,600.000000,1.200000e+01,5.000000e-08,8.51912978e+00,4.25956489e-07,9.98106822e-01,1.89317827e-03
6.000000e-07,600.000000,1.200000e+01,5.000000e-08,8.52213053e+00,4.26106527e-07,9.98095437e-01,1.90456254e-03
6.000000e-07,600.000000,1.200000e+01,5.000000e-08,8.52513128e+00,4.26256564e-07,9.98083985e-01,1.91601521e-03
6.000000e-07,600.000000,1.200000e+01,5.000000e-08,8.52813203e+00,4.26406602e-07,9.98072463e-01,1.92753669e-03
6.000000e-07,600.000000,1.200000e+01,5.000000e-08,8.53113278e+00,4.26556639e-07,9.98060873e-01,1.93912739e-03
6.000000e-07,600.000000,1.200000e+01,5.000000e-08,8.53413353e+00,4.26706677e-07,9.98049212e-01,1.95078774e-03
6.000000e-07,600.000000,1.200000e+01,5.000000e-08,8.53713428e+00,4.26856714e-07,9.98037482e-01,1.96251815e-03
6.000000e-07,600.000000,1.200000e+01,5.000000e-08,8.54013503e+00,4.27006752e-07,9.98025681e-01,1.97431903e-03
6.000000e-07,600.000000,1.200000e+01,5.000000e-08,8.54313578e+00,4.27156789e-07,9.98013809e-01,1.98619082e-03
6.000000e-07,600.000000,1.200000e+01,5.000000e-08,8.54613653e+00,4.27306827e-07,9.98001866e-01,1.99813393e-03
6.000000e-07,600.000000,1.200000e+01,5.000000e-08,8.54913728e+00,4.27456864e-07,9.97989851e-01,2.01014879e-03
6.000000e-07,600.000000,1.200000e+01,5.000000e-08,8.55213803e+00,4.27606902e-07,9.97977764e-01,2.02223584e-03
6.000000e-07,600.000000,1.200000e+01,5.000000e-08,8.55513878e+00,4.27756939e-07,9.97965604e-01,2.03439551e-03
6.000000e-07,600.000000,1.200000e+01,5.000000e-08,8.55813953e+00,4.27906977e-07,9.97953372e-01,2.04662822e-03
6.000000e-07,600.000000,1.200000e+01,5.000000e-08,8.56114029e+00,4.28057014e-07,9.97941066e-01,2.05893443e-03
6.000000e-07,600.000000,1.200000e+01,5.000000e-08,8.56414104e+00,4.28207052e-07,9.97928685e-01,2.07131457e-03
6.000000e-07,600.000000,1.200000e+01,5.000000e-08,8.56714179e+00,4.28357089e-07,9.97916231e-01,2.08376907e-03
6.000000e-07,600.000000,1.200000e+01,5.000000e-08,8.57014254e+00,4.28507127e-07,9.97903702e-01,2.09629840e-03
6.000000e-07,600.000000,1.200000e+01,5.000000e-08,8.57314329e+00,4.28657164e-07,9.97891097e-01,2.10890300e-03
6.000000e-07,600.000000,1.200000e+01,5.000000e-08,8.57614404e+00,4.28807202e-07,9.97878417e-01,2.12158331e-03
6.000000e-07,600.000000,1.200000e+01,5.000000e-08,8.57914479e+00,4.28957239e-07,9.97865660e-01,2.13433980e-03
6.000000e-07,600.000000,1.200000e+01,5.000000e-08,8.58214554e+00,4.29107277e-07,9.97852827e-01,2.14717292e-03
6.000000e-07,600.000000,1.200000e+01,5.000000e-08,8.58514629e+00,4.29257314e-07,9.97839917e-01,2.16008312e-03
6.000000e-07,600.000000,1.200000e+01,5.000000e-08,8.58814704e+00,4.29407352e-07,9.97826929e-01,2.17307087e-03
6.000000e-07,600.000000,1.200000e+01,5.000000e-08,8.59114779e+00,4.29557389e-07,9.97813863e-01,2.18613664e-03
6.000000e-07,600.000000,1.200000e+01,5.000000e-08,8.59414854e+00,4.29707427e-07,9.97800719e-01,2.19928089e-03
6.000000e-07,600.000000,1.200000e+01,5.000000e-08,8.59714929e+00,4.29857464e-07,9.97787496e-01,2.21250410e-03
6.000000e-07,600.000000,1.200000e+01,5.000000e-08,8.60015004e+00,4.30007502e-07,9.97774193e-01,2.22580673e-03
6.000000e-07,600.000000,1.200000e+01,5.000000e-08,8.60315079e+00,4.30157539e-07,9.97760811e-01,2.23918926e-03
6.000000e-07,600.000000,1.200000e+01,5.000000e-08,8.60615154e+00,4.30307577e-07,9.97747348e-01,2.25265218e-03
6.000000e-07,600.000000,1.200000e+01,5.000000e-08,8.60915229e+00,4.30457614e-07,9.97733804e-01,2.26619595e-03
6.000000e-07,600.000000,1.200000e+01,5.000000e-08,8.61215304e+00,4.30607652e-07,9.97720179e-01,2.27982107e-03
6.000000e-07,600.000000,1.200000e+01,5.000000e-08,8.61515379e+00,4.30757689e-07,9.97706472e-01,2.29352803e-03
6.000000e-07,600.000000,1.200000e+01,5.000000e-08,8.61815454e+00,4.30907727e-07,9.97692683e-01,2.30731731e-03
6.000000e-07,600.000000,1.200000e+01,5.000000e-08,8.62115529e+00,4.31057764e-07,9.97678811e-01,2.32118941e-03
6.000000e-07,600.000000,1.200000e+01,5.000000e-08,8.62415604e+00,4.31207802e-07,9.97664855e-01,2.33514482e-03
6.000000e-07,600.000000,1.200000e+01,5.000000e-08,8.62715679e+00,4.31357839e-07,9.97650816e-01,2.34918405e-03
6.000000e-07,600.000000,1.200000e+01,5.000000e-08,8.63015754e+00,4.31507877e-07,9.97636692e-01,2.36330759e-03
6.000000e-07,600.000000,1.200000e+01,5.000000e-08,8.63315829e+00,4.31657914e-07,9.97622484e-01,2.37751595e-03
6.000000e-07,600.000000,1.200000e+01,5.000000e-08,8.63615904e+00,4.31807952e-07,9.97608190e-01,2.39180964e-03
6.000000e-07,600.000000,1.200000e+01,5.000000e-08,8.63915979e+00,4.31957989e-07,9.97593811e-01,2.40618917e-03
6.000000e-07,600.000000,1.200000e+01,5.000000e-08,8.64216054e+00,4.32108027e-07,9.97579345e-01,2.42065506e-03
6.000000e-07,600.000000,1.200000e+01,5.000000e-08,8.64516129e+00,4.32258065e-07,9.97564792e-01,2.43520781e-03
6.000000e-07,600.000000,1.200000e+01,5.000000e-08,8.64816204e+00,4.32408102e-07,9.97550152e-01,2.44984796e-03
6.000000e-07,600.000000,1.200000e+01,5.000000e-08,8.65116279e+00,4.32558140e-07,9.97535424e-01,2.46457602e-03
6.000000e-07,600.000000,1.200000e+01,5.000000e-08,8.65416354e+00,4.32708177e-07,9.97520607e-01,2.47939252e-03
6.000000e-07,600.000000,1.200000e+01,5.000000e-08,8.65716429e+00,4.32858215e-07,9.97505702e-01,2.49429800e-03
6.000000e-07,600.000000,1.200000e+01,5.000000e-08,8.66016504e+00,4.33008252e-07,9.97490707e-01,2.50929298e-03
6.000000e-07,600.000000,1.200000e+01,5.000000e-08,8.66316579e+00,4.33158290e-07,9.97475622e-01,2.52437799e-03
6.000000e-07,600.000000,1.200000e+01,5.000000e-08,8.66616654e+00,4.33308327e-07,9.97460446e-01,2.53955359e-03
6.000000e-07,600.000000,1.200000e+01,5.000000e-08,8.66916729e+00,4.33458365e-07,9.97445180e-01,2.55482031e-03
6.000000e-07,600.000000,1.200000e+01,5.000000e-08,8.67216804e+00,4.33608402e-07,9.97429821e-01,2.57017870e-03
6.000000e-07,600.000000,1.200000e+01,5.000000e-08,8.67516879e+00,4.33758440e-07,9.97414371e-01,2.58562930e-03
6.000000e-07,600.000000,1.200000e+01,5.000000e-08,8.67816954e+00,4.33908477e-07,9.97398827e-01,2.60117267e-03
6.000000e-07,600.000000,1.200000e+01,5.000000e-08,8.68117029e+00,4.34058515e-07,9.97383191e-01,2.61680937e-03
6.000000e-07,600.000000,1.200000e+01,5.000000e-08,8.68417104e+00,4.34208552e-07,9.97367460e-01,2.63253995e-03
6.000000e-07,600.000000,1.200000e+01,5.000000e-08,8.68717179e+00,4.34358590e-07,9.97351635e-01,2.64836497e-03
6.000000e-07,600.000000,1.200000e+01,5.000000e-08,8.69017254e+00,4.34508627e-07,9.97335715e-01,2.66428501e-03
6.000000e-07,600.000000,1.200000e+01,5.000000e-08,8.69317329e+00,4.34658665e-07,9.97319699e-01,2.68030062e-03
6.000000e-07,600.000000,1.200000e+01,5.000000e-08,8.69617404e+00,4.34808702e-07,9.97303588e-01,2.69641239e-03
6.000000e-07,600.000000,1.200000e+01,5.000000e-08,8.69917479e+00,4.34958740e-07,9.97287379e-01,2.71262088e-03
6.000000e-07,600.000000,1.200000e+01,5.000000e-08,8.70217554e+00,4.35108777e-07,9.97271073e-01,2.72892668e-03
6.000000e-07,600.000000,1.200000e+01,5.000000e-08,8.70517629e+00,4.35258815e-07,9.97254670e-01,2.74533037e-03
6.000000e-07,600.000000,1.200000e+01,5.000000e-08,8.70817704e+00,4.35408852e-07,9.97238167e-01,2.76183253e-03
6.000000e-07,600.000000,1.200000e+01,5.000000e-08,8.71117779e+00,4.35558890e-07,9.97221566e-01,2.77843376e-03
6.000000e-07,600.000000,1.200000e+01,5.000000e-08,8.71417854e+00,4.35708927e-07,9.97204865e-01,2.79513464e-03
6.000000e-07,600.000000,1.200000e+01,5.000000e-08,8.71717929e+00,4.35858965e-07,9.97188064e-01,2.81193578e-03
6.000000e-07,600.000000,1.200000e+01,5.000000e-08,8.72018005e+00,4.36009002e-07,9.97171162e-01,2.82883777e-03
6.000000e-07,600.000000,1.200000e+01,5.000000e-08,8.72318080e+00,4.36159040e-07,9.97154159e-01,2.84584122e-03
6.000000e-07,600.000000,1.200000e+01,5.000000e-08,8.72618155e+00,4.36309077e-07,9.97137053e-01,2.86294674e-03
6.000000e-07,600.000000,1.200000e+01,5.000000e-08,8.72918230e+00,4.36459115e-07,9.97119845e-01,2.88015493e-03
6.000000e-07,600.000000,1.200000e+01,5.000000e-08,8.73218305e+00,4.36609152e-07,9.97102534e-01,2.89746641e-03
6.000000e-07,600.000000,1.200000e+01,5.000000e-08,8.73518380e+00,4.36759190e-07,9.97085118e-01,2.91488180e-03
6.000000e-07,600.000000,1.200000e+01,5.000000e-08,8.73818455e+00,4.36909227e-07,9.97067598e-01,2.93240171e-03
6.000000e-07,600.000000,1.200000e+01,5.000000e-08,8.74118530e+00,4.37059265e-07,9.97049973e-01,2.95002679e-03
6.000000e-07,600.000000,1.200000e+01,5.000000e-08,8.74418605e+00,4.37209302e-07,9.97032242e-01,2.96775765e-03
6.000000e-07,600.000000,1.200000e+01,5.000000e-08,8.74718680e+00,4.37359340e-07,9.97014405e-01,2.98559492e-03
6.000000e-07,600.000000,1.200000e+01,5.000000e-08,8.75018755e+00,4.37509377e-07,9.96996461e-01,3.00353925e-03
6.000000e-07,600.000000,1.200000e+01,5.000000e-08,8.75318830e+00,4.37659415e-07,9.96978409e-01,3.02159128e-03
6.000000e-07,600.000000,1.200000e+01,5.000000e-08,8.75618905e+00,4.37809452e-07,9.96960248e-01,3.03975164e-03
6.000000e-07,600.000000,1.200000e+01,5.000000e-08,8.75918980e+00,4.37959490e-07,9.96941979e-01,3.05802099e-03
6.000000e-07,600.000000,1.200000e+01,5.000000e-08,8.76219055e+00,4.38109527e-07,9.96923600e-01,3.07639998e-03
6.000000e-07,600.000000,1.200000e+01,5.000000e-08,8.76519130e+00,4.38259565e-07,9.96905111e-01,3.09488927e-03
6.000000e-07,600.000000,1.200000e+01,5.000000e-08,8.76819205e+00,4.38409602e-07,9.96886510e-01,3.11348951e-03
6.000000e-07,600.000000,1.200000e+01,5.000000e-08,8.77119280e+00,4.38559640e-07,9.96867799e-01,3.13220137e-03
6.000000e-07,600.000000,1.200000e+01,5.000000e-08,8.77419355e+00,4.38709677e-07,9.96848974e-01,3.15102552e-03
6.000000e-07,600.000000,1.200000e+01,5.000000e-08,8.77719430e+00,4.38859715e-07,9.96830037e-01,3.16996263e-03
6.000000e-07,600.000000,1.200000e+01,5.000000e-08,8.78019505e+00,4.39009752e-07,9.96810987e-01,3.18901337e-03
6.000000e-07,600.000000,1.200000e+01,5.000000e-08,8.78319580e+00,4.39159790e-07,9.96791822e-01,3.20817842e-03
6.000000e-07,600.000000,1.200000e+01,5.000000e-08,8.78619655e+00,4.39309827e-07,9.96772542e-01,3.22745847e-03
6.000000e-07,600.000000,1.200000e+01,5.000000e-08,8.78919730e+00,4.39459865e-07,9.96753146e-01,3.24685420e-03
6.000000e-07,600.000000,1.200000e+01,5.000000e-08,8.79219805e+00,4.39609902e-07,9.96733634e-01,3.26636631e-03
6.000000e-07,600.000000,1.200000e+01,5.000000e-08,8.79519880e+00,4.39759940e-07,9.96714005e-01,3.28599550e-03
6.000000e-07,600.000000,1.200000e+01,5.000000e-08,8.79819955e+00,4.39909977e-07,9.96694258e-01,3.30574245e-03
6.000000e-07,600.000000,1.200000e+01,5.000000e-08,8.80120030e+00,4.40060015e-07,9.96674392e-01,3.32560789e-03
6.000000e-07,600.000000,1.200000e+01,5.000000e-08,8.80420105e+00,4.40210053e-07,9.96654407e-01,3.34559250e-03
6.000000e-07,600.000000,1.200000e+01,5.000000e-08,8.80720180e+00,4.40360090e-07,9.96634303e-01,3.36569702e-03
6.000000e-07,600.000000,1.200000e+01,5.000000e-08,8.81020255e+00,4.40510128e-07,9.96614078e-01,3.38592215e-03
6.000000e-07,600.000000,1.200000e+01,5.000000e-08,8.81320330e+00,4.40660165e-07,9.96593731e-01,3.40626862e-03
6.000000e-07,600.000000,1.200000e+01,5.000000e-08,8.81620405e+00,4.40810203e-07,9.96573263e-01,3.42673715e-03
6.000000e-07,600.000000,1.200000e+01,5.000000e-08,8.81920480e+00,4.40960240e-07,9.96552672e-01,3.44732847e-03
6.000000e-07,600.000000,1.200000e+01,5.000000e-08,8.82220555e+00,4.41110278e-07,9.96531957e-01,3.46804331e-03
6.000000e-07,600.000000,1.200000e+01,5.000000e-08,8.82520630e+00,4.41260315e-07,9.96511118e-01,3.48888242e-03
6.000000e-07,600.000000,1.200000e+01,5.000000e-08,8.82820705e+00,4.41410353e-07,9.96490153e-01,3.50984653e-03
6.000000e-07,600.000000,1.200000e+01,5.000000e-08,8.83120780e+00,4.41560390e-07,9.96469064e-01,3.53093640e-03
6.000000e-07,600.000000,1.200000e+01,5.000000e-08,8.83420855e+00,4.41710428e-07,9.96447847e-01,3.55215277e-03
6.000000e-07,600.000000,1.200000e+01,5.000000e-08,8.83720930e+00,4.41860465e-07,9.96426504e-01,3.57349640e-03
6.000000e-07,600.000000,1.200000e+01,5.000000e-08,8.84021005e+00,4.42010503e-07,9.96405032e-01,3.59496806e-03
6.000000e-07,600.000000,1.200000e+01,5.000000e-08,8.84321080e+00,4.42160540e-07,9.96383432e-01,3.61656850e-03
6.000000e-07,600.000000,1.200000e+01,5.000000e-08,8.84621155e+00,4.42310578e-07,9.96361702e-01,3.63829849e-03
6.000000e-07,600.000000,1.200000e+01,5.000000e-08,8.84921230e+00,4.42460615e-07,9.96339841e-01,3.66015882e-03
6.000000e-07,600.000000,1.200000e+01,5.000000e-08,8.85221305e+00,4.42610653e-07,9.96317850e-01,3.68215026e-03
6.000000e-07,600.000000,1.200000e+01,5.000000e-08,8.85521380e+00,4.42760690e-07,9.96295726e-01,3.70427359e-03
6.000000e-07,600.000000,1.200000e+01,5.000000e-08,8.85821455e+00,4.42910728e-07,9.96273470e-01,3.72652960e-03
6.000000e-07,600.000000,1.200000e+01,5.000000e-08,8.86121530e+00,4.43060765e-07,9.96251081e-01,3.74891908e-03
6.000000e-07,600.000000,1.200000e+01,5.000000e-08,8.86421605e+00,4.43210803e-07,9.96228557e-01,3.77144283e-03
6.000000e-07,600.000000,1.200000e+01,5.000000e-08,8.86721680e+00,4.43360840e-07,9.96205898e-01,3.79410166e-03
6.000000e-07,600.000000,1.200000e+01,5.000000e-08,8.87021755e+00,4.43510878e-07,9.96183104e-01,3.81689636e-03
6.000000e-07,600.000000,1.200000e+01,5.000000e-08,8.87321830e+00,4.43660915e-07,9.96160172e-01,3.83982776e-03
6.000000e-07,600.000000,1.200000e+01,5.000000e-08,8.87621905e+00,4.43810953e-07,9.96137103e-01,3.86289667e-03
6.000000e-07,600.000000,1.200000e+01,5.000000e-08,8.87921980e+00,4.43960990e-07,9.96113896e-01,3.88610390e-03
6.000000e-07,600.000000,1.200000e+01,5.000000e-08,8.88222056e+00,4.44111028e-07,9.96090550e-01,3.90945029e-03
6.000000e-07,600.000000,1.200000e+01,5.000000e-08,8.88522131e+00,4.44261065e-07,9.96067063e-01,3.93293667e-03
6.000000e-07,600.000000,1.200000e+01,5.000000e-08,8.88822206e+00,4.44411103e-07,9.96043436e-01,3.95656386e-03
6.000000e-07,600.000000,1.200000e+01,5.000000e-08,8.89122281e+00,4.44561140e-07,9.96019667e-01,3.98033273e-03
6.000000e-07,600.000000,1.200000e+01,5.000000e-08,8.89422356e+00,4.44711178e-07,9.95995756e-01,4.00424410e-03
6.000000e-07,600.000000,1.200000e+01,5.000000e-08,8.89722431e+00,4.44861215e-07,9.95971701e-01,4.02829883e-03
6.000000e-07,600.000000,1.200000e+01,5.000000e-08,8.90022506e+00,4.45011253e-07,9.95947502e-01,4.05249777e-03
6.000000e-07,600.000000,1.200000e+01,5.000000e-08,8.90322581e+00,4.45161290e-07,9.95923158e-01,4.07684180e-03
6.000000e-07,600.000000,1.200000e+01,5.000000e-08,8.90622656e+00,4.45311328e-07,9.95898668e-01,4.10133177e-03
6.000000e-07,600.000000,1.200000e+01,5.000000e-08,8.90922731e+00,4.45461365e-07,9.95874031e-01,4.12596855e-03
6.000000e-07,600.000000,1.200000e+01,5.000000e-08,8.91222806e+00,4.45611403e-07,9.95849247e-01,4.15075302e-03
6.000000e-07,600.000000,1.200000e+01,5.000000e-08,8.91522881e+00,4.45761440e-07,9.95824314e-01,4.17568607e-03
6.000000e-07,600.000000,1.200000e+01,5.000000e-08,8.91822956e+00,4.45911478e-07,9.95799231e-01,4.20076857e-03
6.000000e-07,600.000000,1.200000e+01,5.000000e-08,8.92123031e+00,4.46061515e-07,9.95773999e-01,4.22600143e-03
6.000000e-07,600.000000,1.200000e+01,5.000000e-08,8.92423106e+00,4.46211553e-07,9.95748614e-01,4.25138554e-03
6.000000e-07,600.000000,1.200000e+01,5.000000e-08,8.92723181e+00,4.46361590e-07,9.95723078e-01,4.27692180e-03
6.000000e-07,600.000000,1.200000e+01,5.000000e-08,8.93023256e+00,4.46511628e-07,9.95697389e-01,4.30261112e-03
6.000000e-07,600.000000,1.200000e+01,5.000000e-08,8.93323331e+00,4.46661665e-07,9.95671546e-01,4.32845441e-03
6.000000e-07,600.000000,1.200000e+01,5.000000e-08,8.93623406e+00,4.46811703e-07,9.95645547e-01,4.35445259e-03
6.000000e-07,600.000000,1.200000e+01,5.000000e-08,8.93923481e+00,4.46961740e-07,9.95619393e-01,4.38060659e-03
6.000000e-07,600.000000,1.200000e+01,5.000000e-08,8.94223556e+00,4.47111778e-07,9.95593083e-01,4.40691734e-03
6.000000e-07,600.000000,1.200000e+01,5.000000e-08,8.94523631e+00,4.47261815e-07,9.95566614e-01,4.43338576e-03
6.000000e-07,600.000000,1.200000e+01,5.000000e-08,8.94823706e+00,4.47411853e-07,9.95539987e-01,4.46001281e-03
6.000000e-07,600.000000,1.200000e+01,5.000000e-08,8.95123781e+00,4.47561890e-07,9.95513201e-01,4.48679943e-03
6.000000e-07,600.000000,1.200000e+01,5.000000e-08,8.95423856e+00,4.47711928e-07,9.95486253e-01,4.51374657e-03
6.000000e-07,600.000000,1.200000e+01,5.000000e-08,8.95723931e+00,4.47861965e-07,9.95459145e-01,4.54085518e-03
6.000000e-07,600.000000,1.200000e+01,5.000000e-08,8.96024006e+00,4.48012003e-07,9.95431874e-01,4.56812624e-03
6.000000e-07,600.000000,1.200000e+01,5.000000e-08,8.96324081e+00,4.48162041e-07,9.95404439e-01,4.59556070e-03
6.000000e-07,600.000000,1.200000e+01,5.000000e-08,8.96624156e+00,4.48312078e-07,9.95376840e-01,4.62315955e-03
6.000000e-07,600.000000,1.200000e+01,5.000000e-08,8.96924231e+00,4.48462116e-07,9.95349076e-01,4.65092377e-03
6.000000e-07,600.000000,1.200000e+01,5.000000e-08,8.97224306e+00,4.48612153e-07,9.95321146e-01,4.67885433e-03
6.000000e-07,600.000000,1.200000e+01,5.000000e-08,8.97524381e+00,4.48762191e-07,9.95293048e-01,4.70695224e-03
6.000000e-07,600.000000,1.200000e+01,5.000000e-08,8.97824456e+00,4.48912228e-07,9.95264782e-01,4.73521849e-03
6.000000e-07,600.000000,1.200000e+01,5.000000e-08,8.98124531e+00,4.49062266e-07,9.95236346e-01,4.76365408e-03
6.000000e-07,600.000000,1.200000e+01,5.000000e-08,8.98424606e+00,4.49212303e-07,9.95207740e-01,4.79226002e-03
6.000000e-07,600.000000,1.200000e+01,5.000000e-08,8.98724681e+00,4.49362341e-07,9.95178963e-01,4.82103734e-03
6.000000e-07,600.000000,1.200000e+01,5.000000e-08,8.99024756e+00,4.49512378e-07,9.95150013e-01,4.84998704e-03
6.000000e-07,600.000000,1.200000e+01,5.000000e-08,8.99324831e+00,4.49662416e-07,9.95120890e-01,4.87911017e-03
6.000000e-07,600.000000,1.200000e+01,5.000000e-08,8.99624906e+00,4.49812453e-07,9.95091592e-01,4.90840774e-03
6.000000e-07,600.000000,1.200000e+01,5.000000e-08,8.99924981e+00,4.49962491e-07,9.95062119e-01,4.93788081e-03
6.000000e-07,600.000000,1.200000e+01,5.000000e-08,9.00225056e+00,4.50112528e-07,9.95032470e-01,4.96753042e-03
6.000000e-07,600.000000,1.200000e+01,5.000000e-08,9.00525131e+00,4.50262566e-07,9.95002642e-01,4.99735762e-03
6.000000e-07,600.000000,1.200000e+01,5.000000e-08,9.00825206e+00,4.50412603e-07,9.94972637e-01,5.02736346e-03
6.000000e-07,600.000000,1.200000e+01,5.000000e-08,9.01125281e+00,4.50562641e-07,9.94942451e-01,5.05754902e-03
6.000000e-07,600.000000,1.200000e+01,5.000000e-08,9.01425356e+00,4.50712678e-07,9.94912085e-01,5.08791536e-03
6.000000e-07,600.000000,1.200000e+01,5.000000e-08,9.01725431e+00,4.50862716e-07,9.94881536e-01,5.11846356e-03
6.000000e-07,600.000000,1.200000e+01,5.000000e-08,9.02025506e+00,4.51012753e-07,9.94850805e-01,5.14919471e-03
6.000000e-07,600.000000,1.200000e+01,5.000000e-08,9.02325581e+00,4.51162791e-07,9.94819890e-01,5.18010989e-03
6.000000e-07,600.000000,1.200000e+01,5.000000e-08,9.02625656e+00,4.51312828e-07,9.94788790e-01,5.21121020e-03
6.000000e-07,600.000000,1.200000e+01,5.000000e-08,9.02925731e+00,4.51462866e-07,9.94757503e-01,5.24249675e-03
6.000000e-07,600.000000,1.200000e+01,5.000000e-08,9.03225806e+00,4.51612903e-07,9.94726029e-01,5.27397064e-03
6.000000e-07,600.000000,1.200000e+01,5.000000e-08,9.03525881e+00,4.51762941e-07,9.94694367e-01,5.30563298e-03
6.000000e-07,600.000000,1.200000e+01,5.000000e-08,9.03825956e+00,4.51912978e-07,9.94662515e-01,5.33748491e-03
6.000000e-07,600.000000,1.200000e+01,5.000000e-08,9.04126032e+00,4.52063016e-07,9.94630472e-01,5.36952755e-03
6.000000e-07,600.000000,1.200000e+01,5.000000e-08,9.04426107e+00,4.52213053e-07,9.94598238e-01,5.40176203e-03
6.000000e-07,600.000000,1.200000e+01,5.000000e-08,9.04726182e+00,4.52363091e-07,9.94565810e-01,5.43418950e-03
6.000000e-07,600.000000,1.200000e+01,5.000000e-08,9.05026257e+00,4.52513128e-07,9.94533189e-01,5.46681111e-03
6.000000e-07,600.000000,1.200000e+01,5.000000e-08,9.05326332e+00,4.52663166e-07,9.94500372e-01,5.49962801e-03
6.000000e-07,600.000000,1.200000e+01,5.000000e-08,9.05626407e+00,4.52813203e-07,9.94467359e-01,5.53264136e-03
6.000000e-07,600.000000,1.200000e+01,5.000000e-08,9.05926482e+00,4.52963241e-07,9.94434148e-01,5.56585234e-03
6.000000e-07,600.000000,1.200000e+01,5.000000e-08,9.06226557e+00,4.53113278e-07,9.94400738e-01,5.59926212e-03
6.000000e-07,600.000000,1.200000e+01,5.000000e-08,9.06526632e+00,4.53263316e-07,9.94367128e-01,5.63287188e-03
6.000000e-07,600.000000,1.200000e+01,5.000000e-08,9.06826707e+00,4.53413353e-07,9.94333317e-01,5.66668282e-03
6.000000e-07,600.000000,1.200000e+01,5.000000e-08,9.07126782e+00,4.53563391e-07,9.94299304e-01,5.70069613e-03
6.000000e-07,600.000000,1.200000e+01,5.000000e-08,9.07426857e+00,4.53713428e-07,9.94265087e-01,5.73491302e-03
6.000000e-07,600.000000,1.200000e+01,5.000000e-08,9.07726932e+00,4.53863466e-07,9.94230665e-01,5.76933469e-03
6.000000e-07,600.000000,1.200000e+01,5.000000e-08,9.08027007e+00,4.54013503e-07,9.94196038e-01,5.80396237e-03
6.000000e-07,600.000000,1.200000e+01,5.000000e-08,9.08327082e+00,4.54163541e-07,9.94161203e-01,5.83879728e-03
6.000000e-07,600.000000,1.200000e+01,5.000000e-08,9.08627157e+00,4.54313578e-07,9.94126159e-01,5.87384065e-03
6.000000e-07,600.000000,1.200000e+01,5.000000e-08,9.08927232e+00,4.54463616e-07,9.94090906e-01,5.90909373e-03
6.000000e-07,600.000000,1.200000e+01,5.000000e-08,9.09227307e+00,4.54613653e-07,9.94055442e-01,5.94455776e-03
6.000000e-07,600.000000,1.200000e+01,5.000000e-08,9.09527382e+00,4.54763691e-07,9.94019766e-01,5.98023400e-03
6.000000e-07,600.000000,1.200000e+01,5.000000e-08,9.09827457e+00,4.54913728e-07,9.93983876e-01,6.01612370e-03
6.000000e-07,600.000000,1.200000e+01,5.000000e-08,9.10127532e+00,4.55063766e-07,9.93947772e-01,6.05222815e-03
6.000000e-07,600.000000,1.200000e+01,5.000000e-08,9.10427607e+00,4.55213803e-07,9.93911451e-01,6.08854860e-03
6.000000e-07,600.000000,1.200000e+01,5.000000e-08,9.10727682e+00,4.55363841e-07,9.93874914e-01,6.12508636e-03
6.000000e-07,600.000000,1.200000e+01,5.000000e-08,9.11027757e+00,4.55513878e-07,9.93838157e-01,6.16184271e-03
6.000000e-07,600.000000,1.200000e+01,5.000000e-08,9.11327832e+00,4.55663916e-07,9.93801181e-01,6.19881895e-03
6.000000e-07,600.000000,1.200000e+01,5.000000e-08,9.11627907e+00,4.55813953e-07,9.93763984e-01,6.23601638e-03
6.000000e-07,600.000000,1.200000e+01,5.000000e-08,9.11927982e+00,4.55963991e-07,9.93726564e-01,6.27343634e-03
6.000000e-07,600.000000,1.200000e+01,5.000000e-08,9.12228057e+00,4.56114029e-07,9.93688920e-01,6.31108012e-03
6.000000e-07,600.000000,1.200000e+01,5.000000e-08,9.12528132e+00,4.56264066e-07,9.93651051e-01,6.34894907e-03
6.000000e-07,600.000000,1.200000e+01,5.000000e-08,9.12828207e+00,4.56414104e-07,9.93612955e-01,6.38704453e-03
6.000000e-07,600.000000,1.200000e+01,5.000000e-08,9.13128282e+00,4.56564141e-07,9.93574632e-01,6.42536783e-03
6.000000e-07,600.000000,1.200000e+01,5.000000e-08,9.13428357e+00,4.56714179e-07,9.93536080e-01,6.46392034e-03
6.000000e-07,600.000000,1.200000e+01,5.000000e-08,9.13728432e+00,4.56864216e-07,9.93497297e-01,6.50270342e-03
6.000000e-07,600.000000,1.200000e+01,5.000000e-08,9.14028507e+00,4.57014254e-07,9.93458282e-01,6.54171843e-03
6.000000e-07,600.000000,1.200000e+01,5.000000e-08,9.14328582e+00,4.57164291e-07,9.93419033e-01,6.58096675e-03
6.000000e-07,600.000000,1.200000e+01,5.000000e-08,9.14628657e+00,4.57314329e-07,9.93379550e-01,6.62044977e-03
6.000000e-07,600.000000,1.200000e+01,5.000000e-08,9.14928732e+00,4.57464366e-07,9.93339831e-01,6.66016889e-03
6.000000e-07,600.000000,1.200000e+01,5.000000e-08,9.15228807e+00,4.57614404e-07,9.93299874e-01,6.70012550e-03
6.000000e-07,600.000000,1.200000e+01,5.000000e-08,9.15528882e+00,4.57764441e-07,9.93259679e-01,6.74032102e-03
6.000000e-07,600.000000,1.200000e+01,5.000000e-08,9.15828957e+00,4.57914479e-07,9.93219243e-01,6.78075686e-03
6.000000e-07,600.000000,1.200000e+01,5.000000e-08,9.16129032e+00,4.58064516e-07,9.93178566e-01,6.82143446e-03
6.000000e-07,600.000000,1.200000e+01,5.000000e-08,9.16429107e+00,4.58214554e-07,9.93137645e-01,6.86235524e-03
6.000000e-07,600.000000,1.200000e+01,5.000000e-08,9.16729182e+00,4.58364591e-07,9.93096479e-01,6.90352065e-03
6.000000e-07,600.000000,1.200000e+01,5.000000e-08,9.17029257e+00,4.58514629e-07,9.93055068e-01,6.94493215e-03
6.000000e-07,600.000000,1.200000e+01,5.000000e-08,9.17329332e+00,4.58664666e-07,9.93013409e-01,6.98659118e-03
6.000000e-07,600.000000,1.200000e+01,5.000000e-08,9.17629407e+00,4.58814704e-07,9.92971501e-01,7.02849923e-03
6.000000e-07,600.000000,1.200000e+01,5.000000e-08,9.17929482e+00,4.58964741e-07,9.92929342e-01,7.07065778e-03
6.000000e-07,600.000000,1.200000e+01,5.000000e-08,9.18229557e+00,4.59114779e-07,9.92886932e-01,7.11306829e-03
6.000000e-07,600.000000,1.200000e+01,5.000000e-08,9.18529632e+00,4.59264816e-07,9.92844268e-01,7.15573228e-03
6.000000e-07,600.000000,1.200000e+01,5.000000e-08,9.18829707e+00,4.59414854e-07,9.92801349e-01,7.19865125e-03
6.000000e-07,600.000000,1.200000e+01,5.000000e-08,9.19129782e+00,4.59564891e-07,9.92758173e-01,7.24182671e-03
6.000000e-07,600.000000,1.200000e+01,5.000000e-08,9.19429857e+00,4.59714929e-07,9.92714740e-01,7.28526017e-03
6.000000e-07,600.000000,1.200000e+01,5.000000e-08,9.19729932e+00,4.59864966e-07,9.92671047e-01,7.32895318e-03
6.000000e-07,600.000000,1.200000e+01,5.000000e-08,9.20030008e+00,4.60015004e-07,9.92627093e-01,7.37290727e-03
6.000000e-07,600.000000,1.200000e+01,5.000000e-08,9.20330083e+00,4.60165041e-07,9.92582876e-01,7.41712398e-03
6.000000e-07,600.000000,1.200000e+01,5.000000e-08,9.20630158e+00,4.60315079e-07,9.92538395e-01,7.46160488e-03
6.000000e-07,600.000000,1.200000e+01,5.000000e-08,9.20930233e+00,4.60465116e-07,9.92493648e-01,7.50635154e-03
6.000000e-07,600.000000,1.200000e+01,5.000000e-08,9.21230308e+00,4.60615154e-07,9.92448634e-01,7.55136552e-03
6.000000e-07,600.000000,1.200000e+01,5.000000e-08,9.21530383e+00,4.60765191e-07,9.92403352e-01,7.59664842e-03
6.000000e-07,600.000000,1.200000e+01,5.000000e-08,9.21830458e+00,4.60915229e-07,9.92357798e-01,7.64220182e-03
6.000000e-07,600.000000,1.200000e+01,5.000000e-08,9.22130533e+00,4.61065266e-07,9.92311973e-01,7.68802733e-03
6.000000e-07,600.000000,1.200000e+01,5.000000e-08,9.22430608e+00,4.61215304e-07,9.92265873e-01,7.73412657e-03
6.000000e-07,600.000000,1.200000e+01,5.000000e-08,9.22730683e+00,4.61365341e-07,9.92219499e-01,7.78050115e-03
6.000000e-07,600.000000,1.200000e+01,5.000000e-08,9.23030758e+00,4.61515379e-07,9.92172847e-01,7.82715270e-03
6.000000e-07,600.000000,1.200000e+01,5.000000e-08,9.23330833e+00,4.61665416e-07,9.92125917e-01,7.87408288e-03
6.000000e-07,600.000000,1.200000e+01,5.000000e-08,9.23630908e+00,4.61815454e-07,9.92078707e-01,7.92129332e-03
6.000000e-07,600.000000,1.200000e+01,5.000000e-08,9.23930983e+00,4.61965491e-07,9.92031214e-01,7.96878570e-03
6.000000e-07,600.000000,1.200000e+01,5.000000e-08,9.24231058e+00,4.62115529e-07,9.91983438e-01,8.01656167e-03
6.000000e-07,600.000000,1.200000e+01,5.000000e-08,9.24531133e+00,4.62265566e-07,9.91935377e-01,8.06462292e-03
6.000000e-07,600.000000,1.200000e+01,5.000000e-08,9.24831208e+00,4.62415604e-07,9.91887029e-01,8.11297114e-03
6.000000e-07,600.000000,1.200000e+01,5.000000e-08,9.25131283e+00,4.62565641e-07,9.91838392e-01,8.16160802e-03
6.000000e-07,600.000000,1.200000e+01,5.000000e-08,9.25431358e+00,4.62715679e-07,9.91789465e-01,8.21053529e-03
6.000000e-07,600.000000,1.200000e+01,5.000000e-08,9.25731433e+00,4.62865716e-07,9.91740245e-01,8.25975464e-03
6.000000e-07,600.000000,1.200000e+01,5.000000e-08,9.26031508e+00,4.63015754e-07,9.91690732e-01,8.30926783e-03
6.000000e-07,600.000000,1.200000e+01,5.000000e-08,9.26331583e+00,4.63165791e-07,9.91640923e-01,8.35907658e-03
6.000000e-07,600.000000,1.200000e+01,5.000000e-08,9.26631658e+00,4.63315829e-07,9.91590817e-01,8.40918264e-03
6.000000e-07,600.000000,1.200000e+01,5.000000e-08,9.26931733e+00,4.63465866e-07,9.91540412e-01,8.45958777e-03
6.000000e-07,600.000000,1.200000e+01,5.000000e-08,9.27231808e+00,4.63615904e-07,9.91489706e-01,8.51029375e-03
6.000000e-07,600.000000,1.200000e+01,5.000000e-08,9.27531883e+00,4.63765941e-07,9.91438698e-01,8.56130235e-03
6.000000e-07,600.000000,1.200000e+01,5.000000e-08,9.27831958e+00,4.63915979e-07,9.91387385e-01,8.61261536e-03
6.000000e-07,600.000000,1.200000e+01,5.000000e-08,9.28132033e+00,4.64066017e-07,9.91335765e-01,8.66423459e-03
6.000000e-07,600.000000,1.200000e+01,5.000000e-08,9.28432108e+00,4.64216054e-07,9.91283838e-01,8.71616184e-03
6.000000e-07,600.000000,1.200000e+01,5.000000e-08,9.28732183e+00,4.64366092e-07,9.91231601e-01,8.76839894e-03
6.000000e-07,600.000000,1.200000e+01,5.000000e-08,9.29032258e+00,4.64516129e-07,9.91179052e-01,8.82094772e-03
6.000000e-07,600.000000,1.200000e+01,5.000000e-08,9.29332333e+00,4.64666167e-07,9.91126190e-01,8.87381002e-03
6.000000e-07,600.000000,1.200000e+01,5.000000e-08,9.29632408e+00,4.64816204e-07,9.91073012e-01,8.92698770e-03
6.000000e-07,600.000000,1.200000e+01,5.000000e-08,9.29932483e+00,4.64966242e-07,9.91019517e-01,8.98048262e-03
6.000000e-07,600.000000,1.200000e+01,5.000000e-08,9.30232558e+00,4.65116279e-07,9.90965703e-01,9.03429665e-03
6.000000e-07,600.000000,1.200000e+01,5.000000e-08,9.30532633e+00,4.65266317e-07,9.90911568e-01,9.08843169e-03
6.000000e-07,600.000000,1.200000e+01,5.000000e-08,9.30832708e+00,4.65416354e-07,9.90857110e-01,9.14288963e-03
6.000000e-07,600.000000,1.200000e+01,5.000000e-08,9.31132783e+00,4.65566392e-07,9.90802328e-01,9.19767237e-03
6.000000e-07,600.000000,1.200000e+01,5.000000e-08,9.31432858e+00,4.65716429e-07,9.90747218e-01,9.25278184e-03
6.000000e-07,600.000000,1.200000e+01,5.000000e-08,9.31732933e+00,4.65866467e-07,9.90691780e-01,9.30821996e-03
6.000000e-07,600.000000,1.200000e+01,5.000000e-08,9.32033008e+00,4.66016504e-07,9.90636011e-01,9.36398869e-03
6.000000e-07,600.000000,1.200000e+01,5.000000e-08,9.32333083e+00,4.66166542e-07,9.90579910e-01,9.42008996e-03
6.000000e-07,600.000000,1.200000e+01,5.000000e-08,9.32633158e+00,4.66316579e-07,9.90523474e-01,9.47652575e-03
6.000000e-07,600.000000,1.200000e+01,5.000000e-08,9.32933233e+00,4.66466617e-07,9.90466702e-01,9.53329803e-03
6.000000e-07,600.000000,1.200000e+01,5.000000e-08,9.33233308e+00,4.66616654e-07,9.90409591e-01,9.59040878e-03
6.000000e-07,600.000000,1.200000e+01,5.000000e-08,9.33533383e+00,4.66766692e-07,9.90352140e-01,9.64786001e-03
6.000000e-07,600.000000,1.200000e+01,5.000000e-08,9.33833458e+00,4.66916729e-07,9.90294346e-01,9.70565373e-03
6.000000e-07,600.000000,1.200000e+01,5.000000e-08,9.34133533e+00,4.67066767e-07,9.90236208e-01,9.76379195e-03
6.000000e-07,600.000000,1.200000e+01,5.000000e-08,9.34433608e+00,4.67216804e-07,9.90177723e-01,9.82227671e-03
6.000000e-07,600.000000,1.200000e+01,5.000000e-08,9.34733683e+00,4.67366842e-07,9.90118890e-01,9.88111006e-03
6.000000e-07,600.000000,1.200000e+01,5.000000e-08,9.35033758e+00,4.67516879e-07,9.90059706e-01,9.94029404e-03
6.000000e-07,600.000000,1.200000e+01,5.000000e-08,9.35333833e+00,4.67666917e-07,9.90000169e-01,9.99983074e-03
6.000000e-07,600.000000,1.200000e+01,5.000000e-08,9.35633908e+00,4.67816954e-07,9.89940278e-01,1.00597222e-02
6.000000e-07,600.000000,1.200000e+01,5.000000e-08,9.35933983e+00,4.67966992e-07,9.89880029e-01,1.01199706e-02
6.000000e-07,600.000000,1.200000e+01,5.000000e-08,9.36234059e+00,4.68117029e-07,9.89819422e-01,1.01805780e-02
6.000000e-07,600.000000,1.200000e+01,5.000000e-08,9.36534134e+00,4.68267067e-07,9.89758454e-01,1.02415464e-02
6.000000e-07,600.000000,1.200000e+01,5.000000e-08,9.36834209e+00,4.68417104e-07,9.89697122e-01,1.03028781e-02
6.000000e-07,600.000000,1.200000e+01,5.000000e-08,9.37134284e+00,4.68567142e-07,9.89635425e-01,1.03645752e-02
6.000000e-07,600.000000,1.200000e+01,5.000000e-08,9.37434359e+00,4.68717179e-07,9.89573360e-01,1.04266398e-02
6.000000e-07,600.000000,1.200000e+01,5.000000e-08,9.37734434e+00,4.68867217e-07,9.89510926e-01,1.04890741e-02
6.000000e-07,600.000000,1.200000e+01,5.000000e-08,9.38034509e+00,4.69017254e-07,9.89448120e-01,1.05518803e-02
6.000000e-07,600.000000,1.200000e+01,5.000000e-08,9.38334584e+00,4.69167292e-07,9.89384940e-01,1.06150605e-02
6.000000e-07,600.000000,1.200000e+01,5.000000e-08,9.38634659e+00,4.69317329e-07,9.89321383e-01,1.06786170e-02
6.000000e-07,600.000000,1.200000e+01,5.000000e-08,9.38934734e+00,4.69467367e-07,9.89257448e-01,1.07425520e-02
6.000000e-07,600.000000,1.200000e+01,5.000000e-08,9.39234809e+00,4.69617404e-07,9.89193132e-01,1.08068677e-02
6.000000e-07,600.000000,1.200000e+01,5.000000e-08,9.39534884e+00,4.69767442e-07,9.89128434e-01,1.08715663e-02
6.000000e-07,600.000000,1.200000e+01,5.000000e-08,9.39834959e+00,4.69917479e-07,9.89063350e-01,1.09366502e-02
6.000000e-07,600.000000,1.200000e+01,5.000000e-08,9.40135034e+00,4.70067517e-07,9.88997878e-01,1.10021215e-02
6.000000e-07,600.000000,1.200000e+01,5.000000e-08,9.40435109e+00,4.70217554e-07,9.88932017e-01,1.10679826e-02
6.000000e-07,600.000000,1.200000e+01,5.000000e-08,9.40735184e+00,4.70367592e-07,9.88865764e-01,1.11342358e-02
6.000000e-07,600.000000,1.200000e+01,5.000000e-08,9.41035259e+00,4.70517629e-07,9.88799117e-01,1.12008833e-02
6.000000e-07,600.000000,1.200000e+01,5.000000e-08,9.41335334e+00,4.70667667e-07,9.88732072e-01,1.12679275e-02
6.000000e-07,600.000000,1.200000e+01,5.000000e-08,9.41635409e+00,4.70817704e-07,9.88664629e-01,1.13353707e-02
6.000000e-07,600.000000,1.200000e+01,5.000000e-08,9.41935484e+00,4.70967742e-07,9.88596785e-01,1.14032153e-02
6.000000e-07,600.000000,1.200000e+01,5.000000e-08,9.42235559e+00,4.71117779e-07,9.88528536e-01,1.14714636e-02
6.000000e-07,600.000000,1.200000e+01,5.000000e-08,9.42535634e+00,4.71267817e-07,9.88459882e-01,1.15401180e-02
6.000000e-07,600.000000,1.200000e+01,5.000000e-08,9.42835709e+00,4.71417854e-07,9.88390819e-01,1.16091809e-02
6.000000e-07,600.000000,1.200000e+01,5.000000e-08,9.43135784e+00,4.71567892e-07,9.88321345e-01,1.16786547e-02
6.000000e-07,600.000000,1.200000e+01,5.000000e-08,9.43435859e+00,4.71717929e-07,9.88251458e-01,1.17485418e-02
6.000000e-07,600.000000,1.200000e+01,5.000000e-08,9.43735934e+00,4.71867967e-07,9.88181155e-01,1.18188446e-02
6.000000e-07,600.000000,1.200000e+01,5.000000e-08,9.44036009e+00,4.72018005e-07,9.88110434e-01,1.18895656e-02
6.000000e-07,600.000000,1.200000e+01,5.000000e-08,9.44336084e+00,4.72168042e-07,9.88039293e-01,1.19607072e-02
6.000000e-07,600.000000,1.200000e+01,5.000000e-08,9.44636159e+00,4.72318080e-07,9.87967728e-01,1.20322719e-02
6.000000e-07,600.000000,1.200000e+01,5.000000e-08,9.44936234e+00,4.72468117e-07,9.87895738e-01,1.21042622e-02
6.000000e-07,600.000000,1.200000e+01,5.000000e-08,9.45236309e+00,4.72618155e-07,9.87823319e-01,1.21766806e-02
6.000000e-07,600.000000,1.200000e+01,5.000000e-08,9.45536384e+00,4.72768192e-07,9.87750470e-01,1.22495296e-02
6.000000e-07,600.000000,1.200000e+01,5.000000e-08,9.45836459e+00,4.72918230e-07,9.87677188e-01,1.23228117e-02
6.000000e-07,600.000000,1.200000e+01,5.000000e-08,9.46136534e+00,4.73068267e-07,9.87603470e-01,1.23965296e-02
6.000000e-07,600.000000,1.200000e+01,5.000000e-08,9.46436609e+00,4.73218305e-07,9.87529314e-01,1.24706856e-02
6.000000e-07,600.000000,1.200000e+01,5.000000e-08,9.46736684e+00,4.73368342e-07,9.87454718e-01,1.25452824e-02
6.000000e-07,600.000000,1.200000e+01,5.000000e-08,9.47036759e+00,4.73518380e-07,9.87379677e-01,1.26203227e-02
6.000000e-07,600.000000,1.200000e+01,5.000000e-08,9.47336834e+00,4.73668417e-07,9.87304191e-01,1.26958089e-02
6.000000e-07,600.000000,1.200000e+01,5.000000e-08,9.47636909e+00,4.73818455e-07,9.87228256e-01,1.27717437e-02
6.000000e-07,600.000000,1.200000e+01,5.000000e-08,9.47936984e+00,4.73968492e-07,9.87151870e-01,1.28481298e-02
6.000000e-07,600.000000,1.200000e+01,5.000000e-08,9.48237059e+00,4.74118530e-07,9.87075030e-01,1.29249697e-02
6.000000e-07,600.000000,1.200000e+01,5.000000e-08,9.48537134e+00,4.74268567e-07,9.86997734e-01,1.30022663e-02
6.000000e-07,600.000000,1.200000e+01,5.000000e-08,9.48837209e+00,4.74418605e-07,9.86919978e-01,1.30800220e-02
6.000000e-07,600.000000,1.200000e+01,5.000000e-08,9.49137284e+00,4.74568642e-07,9.86841760e-01,1.31582396e-02
6.000000e-07,600.000000,1.200000e+01,5.000000e-08,9.49437359e+00,4.74718680e-07,9.86763078e-01,1.32369219e-02
6.000000e-07,600.000000,1.200000e+01,5.000000e-08,9.49737434e+00,4.74868717e-07,9.86683929e-01,1.33160715e-02
6.000000e-07,600.000000,1.200000e+01,5.000000e-08,9.50037509e+00,4.75018755e-07,9.86604309e-01,1.33956912e-02
6.000000e-07,600.000000,1.200000e+01,5.000000e-08,9.50337584e+00,4.75168792e-07,9.86524216e-01,1.34757837e-02
6.000000e-07,600.000000,1.200000e+01,5.000000e-08,9.50637659e+00,4.75318830e-07,9.86443648e-01,1.35563518e-02
6.000000e-07,600.000000,1.200000e+01,5.000000e-08,9.50937734e+00,4.75468867e-07,9.86362602e-01,1.36373983e-02
6.000000e-07,600.000000,1.200000e+01,5.000000e-08,9.51237809e+00,4.75618905e-07,9.86281074e-01,1.37189260e-02
6.000000e-07,600.000000,1.200000e+01,5.000000e-08,9.51537884e+00,4.75768942e-07,9.86199062e-01,1.38009378e-02
6.000000e-07,600.000000,1.200000e+01,5.000000e-08,9.51837959e+00,4.75918980e-07,9.86116564e-01,1.38834363e-02
6.000000e-07,600.000000,1.200000e+01,5.000000e-08,9.52138035e+00,4.76069017e-07,9.86033575e-01,1.39664246e-02
6.000000e-07,600.000000,1.200000e+01,5.000000e-08,9.52438110e+00,4.76219055e-07,9.85950095e-01,1.40499054e-02
6.000000e-07,600.000000,1.200000e+01,5.000000e-08,9.52738185e+00,4.76369092e-07,9.85866118e-01,1.41338816e-02
6.000000e-07,600.000000,1.200000e+01,5.000000e-08,9.53038260e+00,4.76519130e-07,9.85781644e-01,1.42183562e-02
6.000000e-07,600.000000,1.200000e+01,5.000000e-08,9.53338335e+00,4.76669167e-07,9.85696668e-01,1.43033320e-02
6.000000e-07,600.000000,1.200000e+01,5.000000e-08,9.53638410e+00,4.76819205e-07,9.85611188e-01,1.43888120e-02
6.000000e-07,600.000000,1.200000e+01,5.000000e-08,9.53938485e+00,4.76969242e-07,9.85525201e-01,1.44747991e-02
6.000000e-07,600.000000,1.200000e+01,5.000000e-08,9.54238560e+00,4.77119280e-07,9.85438704e-01,1.45612963e-02
6.000000e-07,600.000000,1.200000e+01,5.000000e-08,9.54538635e+00,4.77269317e-07,9.85351693e-01,1.46483066e-02
6.000000e-07,600.000000,1.200000e+01,5.000000e-08,9.54838710e+00,4.77419355e-07,9.85264167e-01,1.47358330e-02
6.000000e-07,600.000000,1.200000e+01,5.000000e-08,9.55138785e+00,4.77569392e-07,9.85176122e-01,1.48238784e-02
6.000000e-07,600.000000,1.200000e+01,5.000000e-08,9.55438860e+00,4.77719430e-07,9.85087554e-01,1.49124460e-02
6.000000e-07,600.000000,1.200000e+01,5.000000e-08,9.55738935e+00,4.77869467e-07,9.84998461e-01,1.50015387e-02
6.000000e-07,600.000000,1.200000e+01,5.000000e-08,9.56039010e+00,4.78019505e-07,9.84908840e-01,1.50911596e-02
6.000000e-07,600.000000,1.200000e+01,5.000000e-08,9.56339085e+00,4.78169542e-07,9.84818688e-01,1.51813119e-02
6.000000e-07,600.000000,1.200000e+01,5.000000e-08,9.56639160e+00,4.78319580e-07,9.84728001e-01,1.52719985e-02
6.000000e-07,600.000000,1.200000e+01,5.000000e-08,9.56939235e+00,4.78469617e-07,9.84636777e-01,1.53632227e-02
6.000000e-07,600.000000,1.200000e+01,5.000000e-08,9.57239310e+00,4.78619655e-07,9.84545012e-01,1.54549876e-02
6.000000e-07,600.000000,1.200000e+01,5.000000e-08,9.57539385e+00,4.78769692e-07,9.84452704e-01,1.55472963e-02
6.000000e-07,600.000000,1.200000e+01,5.000000e-08,9.57839460e+00,4.78919730e-07,9.84359848e-01,1.56401520e-02
6.000000e-07,600.000000,1.200000e+01,5.000000e-08,9.58139535e+00,4.79069767e-07,9.84266442e-01,1.57335578e-02
6.000000e-07,600.000000,1.200000e+01,5.000000e-08,9.58439610e+00,4.79219805e-07,9.84172483e-01,1.58275171e-02
6.000000e-07,600.000000,1.200000e+01,5.000000e-08,9.58739685e+00,4.79369842e-07,9.84077967e-01,1.59220329e-02
6.000000e-07,600.000000,1.200000e+01,5.000000e-08,9.59039760e+00,4.79519880e-07,9.83982891e-01,1.60171087e-02
6.000000e-07,600.000000,1.200000e+01,5.000000e-08,9.59339835e+00,4.79669917e-07,9.83887252e-01,1.61127475e-02
6.000000e-07,600.000000,1.200000e+01,5.000000e-08,9.59639910e+00,4.79819955e-07,9.83791047e-01,1.62089527e-02
6.000000e-07,600.000000,1.200000e+01,5.000000e-08,9.59939985e+00,4.79969992e-07,9.83694272e-01,1.63057277e-02
6.000000e-07,600.000000,1.200000e+01,5.000000e-08,9.60240060e+00,4.80120030e-07,9.83596924e-01,1.64030756e-02
6.000000e-07,600.000000,1.200000e+01,5.000000e-08,9.60540135e+00,4.80270068e-07,9.83499000e-01,1.65009999e-02
6.000000e-07,600.000000,1.200000e+01,5.000000e-08,9.60840210e+00,4.80420105e-07,9.83400496e-01,1.65995040e-02
6.000000e-07,600.000000,1.200000e+01,5.000000e-08,9.61140285e+00,4.80570143e-07,9.83301409e-01,1.66985910e-02
6.000000e-07,600.000000,1.200000e+01,5.000000e-08,9.61440360e+00,4.80720180e-07,9.83201735e-01,1.67982646e-02
6.000000e-07,600.000000,1.200000e+01,5.000000e-08,9.61740435e+00,4.80870218e-07,9.83101472e-01,1.68985280e-02
6.000000e-07,600.000000,1.200000e+01,5.000000e-08,9.62040510e+00,4.81020255e-07,9.83000615e-01,1.69993848e-02
6.000000e-07,600.000000,1.200000e+01,5.000000e-08,9.62340585e+00,4.81170293e-07,9.82899162e-01,1.71008383e-02
6.000000e-07,600.000000,1.200000e+01,5.000000e-08,9.62640660e+00,4.81320330e-07,9.82797108e-01,1.72028921e-02
6.000000e-07,600.000000,1.200000e+01,5.000000e-08,9.62940735e+00,4.81470368e-07,9.82694450e-01,1.73055495e-02
6.000000e-07,600.000000,1.200000e+01,5.000000e-08,9.63240810e+00,4.81620405e-07,9.82591186e-01,1.74088142e-02
6.000000e-07,600.000000,1.200000e+01,5.000000e-08,9.63540885e+00,4.81770443e-07,9.82487310e-01,1.75126896e-02
6.000000e-07,600.000000,1.200000e+01,5.000000e-08,9.63840960e+00,4.81920480e-07,9.82382821e-01,1.76171794e-02
6.000000e-07,600.000000,1.200000e+01,5.000000e-08,9.64141035e+00,4.82070518e-07,9.82277713e-01,1.77222870e-02
6.000000e-07,600.000000,1.200000e+01,5.000000e-08,9.64441110e+00,4.82220555e-07,9.82171984e-01,1.78280161e-02
6.000000e-07,600.000000,1.200000e+01,5.000000e-08,9.64741185e+00,4.82370593e-07,9.82065630e-01,1.79343702e-02
6.000000e-07,600.000000,1.200000e+01,5.000000e-08,9.65041260e+00,4.82520630e-07,9.81958647e-01,1.80413530e-02
6.000000e-07,600.000000,1.200000e+01,5.000000e-08,9.65341335e+00,4.82670668e-07,9.81851032e-01,1.81489682e-02
6.000000e-07,600.000000,1.200000e+01,5.000000e-08,9.65641410e+00,4.82820705e-07,9.81742781e-01,1.82572193e-02
6.000000e-07,600.000000,1.200000e+01,5.000000e-08,9.65941485e+00,4.82970743e-07,9.81633890e-01,1.83661102e-02
6.000000e-07,600.000000,1.200000e+01,5.000000e-08,9.66241560e+00,4.83120780e-07,9.81524356e-01,1.84756444e-02
6.000000e-07,600.000000,1.200000e+01,5.000000e-08,9.66541635e+00,4.83270818e-07,9.81414174e-01,1.85858258e-02
6.000000e-07,600.000000,1.200000e+01,5.000000e-08,9.66841710e+00,4.83420855e-07,9.81303342e-01,1.86966580e-02
6.000000e-07,600.000000,1.200000e+01,5.000000e-08,9.67141785e+00,4.83570893e-07,9.81191855e-01,1.88081449e-02
6.000000e-07,600.000000,1.200000e+01,5.000000e-08,9.67441860e+00,4.83720930e-07,9.81079710e-01,1.89202903e-02
6.000000e-07,600.000000,1.200000e+01,5.000000e-08,9.67741935e+00,4.83870968e-07,9.80966902e-01,1.90330979e-02
6.000000e-07,600.000000,1.200000e+01,5.000000e-08,9.68042011e+00,4.84021005e-07,9.80853428e-01,1.91465716e-02
6.000000e-07,600.000000,1.200000e+01,5.000000e-08,9.68342086e+00,4.84171043e-07,9.80739285e-01,1.92607152e-02
6.000000e-07,600.000000,1.200000e+01,5.000000e-08,9.68642161e+00,4.84321080e-07,9.80624467e-01,1.93755327e-02
6.000000e-07,600.000000,1.200000e+01,5.000000e-08,9.68942236e+00,4.84471118e-07,9.80508972e-01,1.94910278e-02
6.000000e-07,600.000000,1.200000e+01,5.000000e-08,9.69242311e+00,4.84621155e-07,9.80392795e-01,1.96072046e-02
6.000000e-07,600.000000,1.200000e+01,5.000000e-08,9.69542386e+00,4.84771193e-07,9.80275933e-01,1.97240670e-02
6.000000e-07,600.000000,1.200000e+01,5.000000e-08,9.69842461e+00,4.84921230e-07,9.80158381e-01,1.98416190e-02
6.000000e-07,600.000000,1.200000e+01,5.000000e-08,9.70142536e+00,4.85071268e-07,9.80040136e-01,1.99598644e-02
6.000000e-07,600.000000,1.200000e+01,5.000000e-08,9.70442611e+00,4.85221305e-07,9.79921193e-01,2.00788074e-02
6.000000e-07,600.000000,1.200000e+01,5.000000e-08,9.70742686e+00,4.85371343e-07,9.79801548e-01,2.01984520e-02
6.000000e-07,600.000000,1.200000e+01,5.000000e-08,9.71042761e+00,4.85521380e-07,9.79681198e-01,2.03188022e-02
6.000000e-07,600.000000,1.200000e+01,5.000000e-08,9.71342836e+00,4.85671418e-07,9.79560138e-01,2.04398620e-02
6.000000e-07,600.000000,1.200000e+01,5.000000e-08,9.71642911e+00,4.85821455e-07,9.79438364e-01,2.05616357e-02
6.000000e-07,600.000000,1.200000e+01,5.000000e-08,9.71942986e+00,4.85971493e-07,9.79315873e-01,2.06841272e-02
6.000000e-07,600.000000,1.200000e+01,5.000000e-08,9.72243061e+00,4.86121530e-07,9.79192659e-01,2.08073408e-02
6.000000e-07,600.000000,1.200000e+01,5.000000e-08,9.72543136e+00,4.86271568e-07,9.79068719e-01,2.09312807e-02
6.000000e-07,600.000000,1.200000e+01,5.000000e-08,9.72843211e+00,4.86421605e-07,9.78944049e-01,2.10559509e-02
6.000000e-07,600.000000,1.200000e+01,5.000000e-08,9.73143286e+00,4.86571643e-07,9.78818644e-01,2.11813557e-02
6.000000e-07,600.000000,1.200000e+01,5.000000e-08,9.73443361e+00,4.86721680e-07,9.78692501e-01,2.13074994e-02
6.000000e-07,600.000000,1.200000e+01,5.000000e-08,9.73743436e+00,4.86871718e-07,9.78565614e-01,2.14343862e-02
6.000000e-07,600.000000,1.200000e+01,5.000000e-08,9.74043511e+00,4.87021755e-07,9.78437980e-01,2.15620203e-02
6.000000e-07,600.000000,1.200000e+01,5.000000e-08,9.74343586e+00,4.87171793e-07,9.78309594e-01,2.16904062e-02
6.000000e-07,600.000000,1.200000e+01,5.000000e-08,9.74643661e+00,4.87321830e-07,9.78180452e-01,2.18195480e-02
6.000000e-07,600.000000,1.200000e+01,5.000000e-08,9.74943736e+00,4.87471868e-07,9.78050550e-01,2.19494502e-02
6.000000e-07,600.000000,1.200000e+01,5.000000e-08,9.75243811e+00,4.87621905e-07,9.77919883e-01,2.20801172e-02
6.000000e-07,600.000000,1.200000e+01,5.000000e-08,9.75543886e+00,4.87771943e-07,9.77788447e-01,2.22115533e-02
6.000000e-07,600.000000,1.200000e+01,5.000000e-08,9.75843961e+00,4.87921980e-07,9.77656237e-01,2.23437629e-02
6.000000e-07,600.000000,1.200000e+01,5.000000e-08,9.76144036e+00,4.88072018e-07,9.77523249e-01,2.24767506e-02
6.000000e-07,600.000000,1.200000e+01,5.000000e-08,9.76444111e+00,4.88222056e-07,9.77389479e-01,2.26105208e-02
6.000000e-07,600.000000,1.200000e+01,5.000000e-08,9.76744186e+00,4.88372093e-07,9.77254922e-01,2.27450779e-02
6.000000e-07,600.000000,1.200000e+01,5.000000e-08,9.77044261e+00,4.88522131e-07,9.77119574e-01,2.28804265e-02
6.000000e-07,600.000000,1.200000e+01,5.000000e-08,9.77344336e+00,4.88672168e-07,9.76983429e-01,2.30165712e-02
6.000000e-07,600.000000,1.200000e+01,5.000000e-08,9.77644411e+00,4.88822206e-07,9.76846484e-01,2.31535164e-02
6.000000e-07,600.000000,1.200000e+01,5.000000e-08,9.77944486e+00,4.88972243e-07,9.76708733e-01,2.32912669e-02
6.000000e-07,600.000000,1.200000e+01,5.000000e-08,9.78244561e+00,4.89122281e-07,9.76570173e-01,2.34298272e-02
6.000000e-07,600.000000,1.200000e+01,5.000000e-08,9.78544636e+00,4.89272318e-07,9.76430798e-01,2.35692020e-02
6.000000e-07,600.000000,1.200000e+01,5.000000e-08,9.78844711e+00,4.89422356e-07,9.76290604e-01,2.37093959e-02
6.000000e-07,600.000000,1.200000e+01,5.000000e-08,9.79144786e+00,4.89572393e-07,9.76149586e-01,2.38504136e-02
6.000000e-07,600.000000,1.200000e+01,5.000000e-08,9.79444861e+00,4.89722431e-07,9.76007740e-01,2.39922599e-02
6.000000e-07,600.000000,1.200000e+01,5.000000e-08,9.79744936e+00,4.89872468e-07,9.75865060e-01,2.41349395e-02
6.000000e-07,600.000000,1.200000e+01,5.000000e-08,9.80045011e+00,4.90022506e-07,9.75721543e-01,2.42784572e-02
6.000000e-07,600.000000,1.200000e+01,5.000000e-08,9.80345086e+00,4.90172543e-07,9.75577182e-01,2.44228178e-02
6.000000e-07,600.000000,1.200000e+01,5.000000e-08,9.80645161e+00,4.90322581e-07,9.75431974e-01,2.45680261e-02
6.000000e-07,600.000000,1.200000e+01,5.000000e-08,9.80945236e+00,4.90472618e-07,9.75285913e-01,2.47140869e-02
6.000000e-07,600.000000,1.200000e+01,5.000000e-08,9.81245311e+00,4.90622656e-07,9.75138995e-01,2.48610051e-02
6.000000e-07,600.000000,1.200000e+01,5.000000e-08,9.81545386e+00,4.90772693e-07,9.74991214e-01,2.50087857e-02
6.000000e-07,600.000000,1.200000e+01,5.000000e-08,9.81845461e+00,4.90922731e-07,9.74842566e-01,2.51574335e-02
6.000000e-07,600.000000,1.200000e+01,5.000000e-08,9.82145536e+00,4.91072768e-07,9.74693046e-01,2.53069536e-02
6.000000e-07,600.000000,1.200000e+01,5.000000e-08,9.82445611e+00,4.91222806e-07,9.74542649e-01,2.54573508e-02
6.000000e-07,600.000000,1.200000e+01,5.000000e-08,9.82745686e+00,4.91372843e-07,9.74391370e-01,2.56086303e-02
6.000000e-07,600.000000,1.200000e+01,5.000000e-08,9.83045761e+00,4.91522881e-07,9.74239203e-01,2.57607970e-02
6.000000e-07,600.000000,1.200000e+01,5.000000e-08,9.83345836e+00,4.91672918e-07,9.74086144e-01,2.59138560e-02
6.000000e-07,600.000000,1.200000e+01,5.000000e-08,9.83645911e+00,4.91822956e-07,9.73932188e-01,2.60678124e-02
6.000000e-07,600.000000,1.200000e+01,5.000000e-08,9.83945986e+00,4.91972993e-07,9.73777329e-01,2.62226714e-02
6.000000e-07,600.000000,1.200000e+01,5.000000e-08,9.84246062e+00,4.92123031e-07,9.73621562e-01,2.63784379e-02
6.000000e-07,600.000000,1.200000e+01,5.000000e-08,9.84546137e+00,4.92273068e-07,9.73464883e-01,2.65351174e-02
6.000000e-07,600.000000,1.200000e+01,5.000000e-08,9.84846212e+00,4.92423106e-07,9.73307285e-01,2.66927149e-02
6.000000e-07,600.000000,1.200000e+01,5.000000e-08,9.85146287e+00,4.92573143e-07,9.73148764e-01,2.68512356e-02
6.000000e-07,600.000000,1.200000e+01,5.000000e-08,9.85446362e+00,4.92723181e-07,9.72989315e-01,2.70106849e-02
6.000000e-07,600.000000,1.200000e+01,5.000000e-08,9.85746437e+00,4.92873218e-07,9.72828932e-01,2.71710680e-02
6.000000e-07,600.000000,1.200000e+01,5.000000e-08,9.86046512e+00,4.93023256e-07,9.72667610e-01,2.73323902e-02
6.000000e-07,600.000000,1.200000e+01,5.000000e-08,9.86346587e+00,4.93173293e-07,9.72505343e-01,2.74946568e-02
6.000000e-07,600.000000,1.200000e+01,5.000000e-08,9.86646662e+00,4.93323331e-07,9.72342127e-01,2.76578733e-02
6.000000e-07,600.000000,1.200000e+01,5.000000e-08,9.86946737e+00,4.93473368e-07,9.72177955e-01,2.78220451e-02
6.000000e-07,600.000000,1.200000e+01,5.000000e-08,9.87246812e+00,4.93623406e-07,9.72012822e-01,2.79871775e-02
6.000000e-07,600.000000,1.200000e+01,5.000000e-08,9.87546887e+00,4.93773443e-07,9.71846724e-01,2.81532760e-02
6.000000e-07,600.000000,1.200000e+01,5.000000e-08,9.87846962e+00,4.93923481e-07,9.71679654e-01,2.83203462e-02
6.000000e-07,600.000000,1.200000e+01,5.000000e-08,9.88147037e+00,4.94073518e-07,9.71511607e-01,2.84883934e-02
6.000000e-07,600.000000,1.200000e+01,5.000000e-08,9.88447112e+00,4.94223556e-07,9.71342577e-01,2.86574234e-02
6.000000e-07,600.000000,1.200000e+01,5.000000e-08,9.88747187e+00,4.94373593e-07,9.71172558e-01,2.88274415e-02
6.000000e-07,600.000000,1.200000e+01,5.000000e-08,9.89047262e+00,4.94523631e-07,9.71001546e-01,2.89984535e-02
6.000000e-07,600.000000,1.200000e+01,5.000000e-08,9.89347337e+00,4.94673668e-07,9.70829535e-01,2.91704650e-02
6.000000e-07,600.000000,1.200000e+01,5.000000e-08,9.89647412e+00,4.94823706e-07,9.70656518e-01,2.93434817e-02
6.000000e-07,600.000000,1.200000e+01,5.000000e-08,9.89947487e+00,4.94973743e-07,9.70482491e-01,2.95175091e-02
6.000000e-07,600.000000,1.200000e+01,5.000000e-08,9.90247562e+00,4.95123781e-07,9.70307447e-01,2.96925531e-02
6.000000e-07,600.000000,1.200000e+01,5.000000e-08,9.90547637e+00,4.95273818e-07,9.70131381e-01,2.98686194e-02
6.000000e-07,600.000000,1.200000e+01,5.000000e-08,9.90847712e+00,4.95423856e-07,9.69954286e-01,3.00457139e-02
6.000000e-07,600.000000,1.200000e+01,5.000000e-08,9.91147787e+00,4.95573893e-07,9.69776158e-01,3.02238422e-02
6.000000e-07,600.000000,1.200000e+01,5.000000e-08,9.91447862e+00,4.95723931e-07,9.69596990e-01,3.04030102e-02
6.000000e-07,600.000000,1.200000e+01,5.000000e-08,9.91747937e+00,4.95873968e-07,9.69416776e-01,3.05832239e-02
6.000000e-07,600.000000,1.200000e+01,5.000000e-08,9.92048012e+00,4.96024006e-07,9.69235511e-01,3.07644892e-02
6.000000e-07,600.000000,1.200000e+01,5.000000e-08,9.92348087e+00,4.96174044e-07,9.69053188e-01,3.09468119e-02
6.000000e-07,600.000000,1.200000e+01,5.000000e-08,9.92648162e+00,4.96324081e-07,9.68869802e-01,3.11301980e-02
6.000000e-07,600.000000,1.200000e+01,5.000000e-08,9.92948237e+00,4.96474119e-07,9.68685346e-01,3.13146535e-02
6.000000e-07,600.000000,1.200000e+01,5.000000e-08,9.93248312e+00,4.96624156e-07,9.68499815e-01,3.15001846e-02
6.000000e-07,600.000000,1.200000e+01,5.000000e-08,9.93548387e+00,4.96774194e-07,9.68313203e-01,3.16867971e-02
6.000000e-07,600.000000,1.200000e+01,5.000000e-08,9.93848462e+00,4.96924231e-07,9.68125503e-01,3.18744973e-02
6.000000e-07,600.000000,1.200000e+01,5.000000e-08,9.94148537e+00,4.97074269e-07,9.67936709e-01,3.20632913e-02
6.000000e-07,600.000000,1.200000e+01,5.000000e-08,9.94448612e+00,4.97224306e-07,9.67746815e-01,3.22531851e-02
6.000000e-07,600.000000,1.200000e+01,5.000000e-08,9.94748687e+00,4.97374344e-07,9.67555815e-01,3.24441851e-02
6.000000e-07,600.000000,1.200000e+01,5.000000e-08,9.95048762e+00,4.97524381e-07,9.67363703e-01,3.26362973e-02
6.000000e-07,600.000000,1.200000e+01,5.000000e-08,9.95348837e+00,4.97674419e-07,9.67170472e-01,3.28295282e-02
6.000000e-07,600.000000,1.200000e+01,5.000000e-08,9.95648912e+00,4.97824456e-07,9.66976116e-01,3.30238839e-02
6.000000e-07,600.000000,1.200000e+01,5.000000e-08,9.95948987e+00,4.97974494e-07,9.66780629e-01,3.32193708e-02
6.000000e-07,600.000000,1.200000e+01,5.000000e-08,9.96249062e+00,4.98124531e-07,9.66584005e-01,3.34159952e-02
6.000000e-07,600.000000,1.200000e+01,5.000000e-08,9.96549137e+00,4.98274569e-07,9.66386236e-01,3.36137636e-02
6.000000e-07,600.000000,1.200000e+01,5.000000e-08,9.96849212e+00,4.98424606e-07,9.66187318e-01,3.38126823e-02
6.000000e-07,600.000000,1.200000e+01,5.000000e-08,9.97149287e+00,4.98574644e-07,9.65987242e-01,3.40127578e-02
6.000000e-07,600.000000,1.200000e+01,5.000000e-08,9.97449362e+00,4.98724681e-07,9.65786003e-01,3.42139966e-02
6.000000e-07,600.000000,1.200000e+01,5.000000e-08,9.97749437e+00,4.98874719e-07,9.65583595e-01,3.44164052e-02
6.000000e-07,600.000000,1.200000e+01,5.000000e-08,9.98049512e+00,4.99024756e-07,9.65380010e-01,3.46199901e-02
6.000000e-07,600.000000,1.200000e+01,5.000000e-08,9.98349587e+00,4.99174794e-07,9.65175242e-01,3.48247580e-02
6.000000e-07,600.000000,1.200000e+01,5.000000e-08,9.98649662e+00,4.99324831e-07,9.64969285e-01,3.50307154e-02
6.000000e-07,600.000000,1.200000e+01,5.000000e-08,9.98949737e+00,4.99474869e-07,9.64762131e-01,3.52378691e-02
6.000000e-07,600.000000,1.200000e+01,5.000000e-08,9.99249812e+00,4.99624906e-07,9.64553774e-01,3.54462256e-02
6.000000e-07,600.000000,1.200000e+01,5.000000e-08,9.99549887e+00,4.99774944e-07,9.64344208e-01,3.56557918e-02
6.000000e-07,600.000000,1.200000e+01,5.000000e-08,9.99849962e+00,4.99924981e-07,9.64133426e-01,3.58665744e-02
6.000000e-07,600.000000,1.200000e+01,5.000000e-08,1.00015004e+01,5.00075019e-07,9.63921420e-01,3.60785801e-02
6.000000e-07,600.000000,1.200000e+01,5.000000e-08,1.00045011e+01,5.00225056e-07,9.63708184e-01,3.62918158e-02
6.000000e-07,600.000000,1.200000e+01,5.000000e-08,1.00075019e+01,5.00375094e-07,9.63493712e-01,3.65062884e-02
6.000000e-07,600.000000,1.200000e+01,5.000000e-08,1.00105026e+01,5.00525131e-07,9.63277995e-01,3.67220048e-02
6.000000e-07,600.000000,1.200000e+01,5.000000e-08,1.00135034e+01,5.00675169e-07,9.63061028e-01,3.69389718e-02
6.000000e-07,600.000000,1.200000e+01,5.000000e-08,1.00165041e+01,5.00825206e-07,9.62842803e-01,3.71571966e-02
6.000000e-07,600.000000,1.200000e+01,5.000000e-08,1.00195049e+01,5.00975244e-07,9.62623314e-01,3.73766859e-02
6.000000e-07,600.000000,1.200000e+01,5.000000e-08,1.00225056e+01,5.01125281e-07,9.62402553e-01,3.75974470e-02
6.000000e-07,600.000000,1.200000e+01,5.000000e-08,1.00255064e+01,5.01275319e-07,9.62180513e-01,3.78194869e-02
6.000000e-07,600.000000,1.200000e+01,5.000000e-08,1.00285071e+01,5.01425356e-07,9.61957187e-01,3.80428126e-02
6.000000e-07,600.000000,1.200000e+01,5.000000e-08,1.00315079e+01,5.01575394e-07,9.61732569e-01,3.82674314e-02
6.000000e-07,600.000000,1.200000e+01,5.000000e-08,1.00345086e+01,5.01725431e-07,9.61506650e-01,3.84933503e-02
6.000000e-07,600.000000,1.200000e+01,5.000000e-08,1.00375094e+01,5.01875469e-07,9.61279423e-01,3.87205768e-02
6.000000e-07,600.000000,1.200000e+01,5.000000e-08,1.00405101e+01,5.02025506e-07,9.61050882e-01,3.89491178e-02
6.000000e-07,600.000000,1.200000e+01,5.000000e-08,1.00435109e+01,5.02175544e-07,9.60821019e-01,3.91789809e-02
6.000000e-07,600.000000,1.200000e+01,5.000000e-08,1.00465116e+01,5.02325581e-07,9.60589827e-01,3.94101733e-02
6.000000e-07,600.000000,1.200000e+01,5.000000e-08,1.00495124e+01,5.02475619e-07,9.60357298e-01,3.96427023e-02
6.000000e-07,600.000000,1.200000e+01,5.000000e-08,1.00525131e+01,5.02625656e-07,9.60123425e-01,3.98765754e-02
6.000000e-07,600.000000,1.200000e+01,5.000000e-08,1.00555139e+01,5.02775694e-07,9.59888200e-01,4.01118001e-02
6.000000e-07,600.000000,1.200000e+01,5.000000e-08,1.00585146e+01,5.02925731e-07,9.59651616e-01,4.03483837e-02
6.000000e-07,600.000000,1.200000e+01,5.000000e-08,1.00615154e+01,5.03075769e-07,9.59413666e-01,4.05863338e-02
6.000000e-07,600.000000,1.200000e+01,5.000000e-08,1.00645161e+01,5.03225806e-07,9.59174342e-01,4.08256579e-02
6.000000e-07,600.000000,1.200000e+01,5.000000e-08,1.00675169e+01,5.03375844e-07,9.58933636e-01,4.10663637e-02
6.000000e-07,600.000000,1.200000e+01,5.000000e-08,1.00705176e+01,5.03525881e-07,9.58691541e-01,4.13084588e-02
6.000000e-07,600.000000,1.200000e+01,5.000000e-08,1.00735184e+01,5.03675919e-07,9.58448049e-01,4.15519508e-02
6.000000e-07,600.000000,1.200000e+01,5.000000e-08,1.00765191e+01,5.03825956e-07,9.58203153e-01,4.17968474e-02
6.000000e-07,600.000000,1.200000e+01,5.000000e-08,1.00795199e+01,5.03975994e-07,9.57956844e-01,4.20431564e-02
6.000000e-07,600.000000,1.200000e+01,5.000000e-08,1.00825206e+01,5.04126032e-07,9.57709114e-01,4.22908855e-02
6.000000e-07,600.000000,1.200000e+01,5.000000e-08,1.00855214e+01,5.04276069e-07,9.57459957e-01,4.25400426e-02
6.000000e-07,600.000000,1.200000e+01,5.000000e-08,1.00885221e+01,5.04426107e-07,9.57209364e-01,4.27906356e-02
6.000000e-07,600.000000,1.200000e+01,5.000000e-08,1.00915229e+01,5.04576144e-07,9.56957328e-01,4.30426723e-02
6.000000e-07,600.000000,1.200000e+01,5.000000e-08,1.00945236e+01,5.04726182e-07,9.56703839e-01,4.32961606e-02
6.000000e-07,600.000000,1.200000e+01,5.000000e-08,1.00975244e+01,5.04876219e-07,9.56448891e-01,4.35511085e-02
6.000000e-07,600.000000,1.200000e+01,5.000000e-08,1.01005251e+01,5.05026257e-07,9.56192476e-01,4.38075241e-02
6.000000e-07,600.000000,1.200000e+01,5.000000e-08,1.01035259e+01,5.05176294e-07,9.55934585e-01,4.40654154e-02
6.000000e-07,600.000000,1.200000e+01,5.000000e-08,1.01065266e+01,5.05326332e-07,9.55675210e-01,4.43247905e-02
6.000000e-07,600.000000,1.200000e+01,5.000000e-08,1.01095274e+01,5.05476369e-07,9.55414343e-01,4.45856575e-02
6.000000e-07,600.000000,1.200000e+01,5.000000e-08,1.01125281e+01,5.05626407e-07,9.55151975e-01,4.48480246e-02
6.000000e-07,600.000000,1.200000e+01,5.000000e-08,1.01155289e+01,5.05776444e-07,9.54888100e-01,4.51118999e-02
6.000000e-07,600.000000,1.200000e+01,5.000000e-08,1.01185296e+01,5.05926482e-07,9.54622708e-01,4.53772919e-02
6.000000e-07,600.000000,1.200000e+01,5.000000e-08,1.01215304e+01,5.06076519e-07,9.54355791e-01,4.56442086e-02
6.000000e-07,600.000000,1.200000e+01,5.000000e-08,1.01245311e+01,5.06226557e-07,9.54087341e-01,4.59126585e-02
6.000000e-07,600.000000,1.200000e+01,5.000000e-08,1.01275319e+01,5.06376594e-07,9.53817350e-01,4.61826500e-02
6.000000e-07,600.000000,1.200000e+01,5.000000e-08,1.01305326e+01,5.06526632e-07,9.53545809e-01,4.64541914e-02
6.000000e-07,600.000000,1.200000e+01,5.000000e-08,1.01335334e+01,5.06676669e-07,9.53272709e-01,4.67272913e-02
6.000000e-07,600.000000,1.200000e+01,5.000000e-08,1.01365341e+01,5.06826707e-07,9.52998042e-01,4.70019580e-02
6.000000e-07,600.000000,1.200000e+01,5.000000e-08,1.01395349e+01,5.06976744e-07,9.52721800e-01,4.72782002e-02
6.000000e-07,600.000000,1.200000e+01,5.000000e-08,1.01425356e+01,5.07126782e-07,9.52443974e-01,4.75560263e-02
6.000000e-07,600.000000,1.200000e+01,5.000000e-08,1.01455364e+01,5.07276819e-07,9.52164555e-01,4.78354452e-02
6.000000e-07,600.000000,1.200000e+01,5.000000e-08,1.01485371e+01,5.07426857e-07,9.51883535e-01,4.81164652e-02
6.000000e-07,600.000000,1.200000e+01,5.000000e-08,1.01515379e+01,5.07576894e-07,9.51600905e-01,4.83990953e-02
6.000000e-07,600.000000,1.200000e+01,5.000000e-08,1.01545386e+01,5.07726932e-07,9.51316656e-01,4.86833441e-02
6.000000e-07,600.000000,1.200000e+01,5.000000e-08,1.01575394e+01,5.07876969e-07,9.51030780e-01,4.89692204e-02
6.000000e-07,600.000000,1.200000e+01,5.000000e-08,1.01605401e+01,5.08027007e-07,9.50743267e-01,4.92567331e-02
6.000000e-07,600.000000,1.200000e+01,5.000000e-08,1.01635409e+01,5.08177044e-07,9.50454109e-01,4.95458909e-02
6.000000e-07,600.000000,1.200000e+01,5.000000e-08,1.01665416e+01,5.08327082e-07,9.50163297e-01,4.98367029e-02
6.000000e-07,600.000000,1.200000e+01,5.000000e-08,1.01695424e+01,5.08477119e-07,9.49870822e-01,5.01291779e-02
6.000000e-07,600.000000,1.200000e+01,5.000000e-08,1.01725431e+01,5.08627157e-07,9.49576675e-01,5.04233250e-02
6.000000e-07,600.000000,1.200000e+01,5.000000e-08,1.01755439e+01,5.08777194e-07,9.49280847e-01,5.07191532e-02
6.000000e-07,600.000000,1.200000e+01,5.000000e-08,1.01785446e+01,5.08927232e-07,9.48983328e-01,5.10166716e-02
6.000000e-07,600.000000,1.200000e+01,5.000000e-08,1.01815454e+01,5.09077269e-07,9.48684111e-01,5.13158892e-02
6.000000e-07,600.000000,1.200000e+01,5.000000e-08,1.01845461e+01,5.09227307e-07,9.48383185e-01,5.16168154e-02
6.000000e-07,600.000000,1.200000e+01,5.000000e-08,1.01875469e+01,5.09377344e-07,9.48080541e-01,5.19194591e-02
6.000000e-07,600.000000,1.200000e+01,5.000000e-08,1.01905476e+01,5.09527382e-07,9.47776170e-01,5.22238299e-02
6.000000e-07,600.000000,1.200000e+01,5.000000e-08,1.01935484e+01,5.09677419e-07,9.47470063e-01,5.25299368e-02
6.000000e-07,600.000000,1.200000e+01,5.000000e-08,1.01965491e+01,5.09827457e-07,9.47162211e-01,5.28377893e-02
6.000000e-07,600.000000,1.200000e+01,5.000000e-08,1.01995499e+01,5.09977494e-07,9.46852603e-01,5.31473967e-02
6.000000e-07,600.000000,1.200000e+01,5.000000e-08,1.02025506e+01,5.10127532e-07,9.46541231e-01,5.34587685e-02
6.000000e-07,600.000000,1.200000e+01,5.000000e-08,1.02055514e+01,5.10277569e-07,9.46228086e-01,5.37719141e-02
6.000000e-07,600.000000,1.200000e+01,5.000000e-08,1.02085521e+01,5.10427607e-07,9.45913157e-01,5.40868431e-02
6.000000e-07,600.000000,1.200000e+01,5.000000e-08,1.02115529e+01,5.10577644e-07,9.45596435e-01,5.44035650e-02
6.000000e-07,600.000000,1.200000e+01,5.000000e-08,1.02145536e+01,5.10727682e-07,9.45277911e-01,5.47220893e-02
6.000000e-07,600.000000,1.200000e+01,5.000000e-08,1.02175544e+01,5.10877719e-07,9.44957574e-01,5.50424259e-02
6.000000e-07,600.000000,1.200000e+01,5.000000e-08,1.02205551e+01,5.11027757e-07,9.44635416e-01,5.53645842e-02
6.000000e-07,600.000000,1.200000e+01,5.000000e-08,1.02235559e+01,5.11177794e-07,9.44311426e-01,5.56885742e-02
6.000000e-07,600.000000,1.200000e+01,5.000000e-08,1.02265566e+01,5.11327832e-07,9.43985595e-01,5.60144055e-02
6.000000e-07,600.000000,1.200000e+01,5.000000e-08,1.02295574e+01,5.11477869e-07,9.43657912e-01,5.63420880e-02
6.000000e-07,600.000000,1.200000e+01,5.000000e-08,1.02325581e+01,5.11627907e-07,9.43328368e-01,5.66716315e-02
6.000000e-07,600.000000,1.200000e+01,5.000000e-08,1.02355589e+01,5.11777944e-07,9.42996954e-01,5.70030460e-02
6.000000e-07,600.000000,1.200000e+01,5.000000e-08,1.02385596e+01,5.11927982e-07,9.42663659e-01,5.73363414e-02
6.000000e-07,600.000000,1.200000e+01,5.000000e-08,1.02415604e+01,5.12078020e-07,9.42328472e-01,5.76715278e-02
6.000000e-07,600.000000,1.200000e+01,5.000000e-08,1.02445611e+01,5.12228057e-07,9.41991385e-01,5.80086151e-02
6.000000e-07,600.000000,1.200000e+01,5.000000e-08,1.02475619e+01,5.12378095e-07,9.41652387e-01,5.83476135e-02
6.000000e-07,600.000000,1.200000e+01,5.000000e-08,1.02505626e+01,5.12528132e-07,9.41311467e-01,5.86885331e-02
6.000000e-07,600.000000,1.200000e+01,5.000000e-08,1.02535634e+01,5.12678170e-07,9.40968616e-01,5.90313841e-02
6.000000e-07,600.000000,1.200000e+01,5.000000e-08,1.02565641e+01,5.12828207e-07,9.40623823e-01,5.93761767e-02
6.000000e-07,600.000000,1.200000e+01,5.000000e-08,1.02595649e+01,5.12978245e-07,9.40277079e-01,5.97229213e-02
6.000000e-07,600.000000,1.200000e+01,5.000000e-08,1.02625656e+01,5.13128282e-07,9.39928372e-01,6.00716281e-02
6.000000e-07,600.000000,1.200000e+01,5.000000e-08,1.02655664e+01,5.13278320e-07,9.39577693e-01,6.04223075e-02
6.000000e-07,600.000000,1.200000e+01,5.000000e-08,1.02685671e+01,5.13428357e-07,9.39225030e-01,6.07749699e-02
6.000000e-07,600.000000,1.200000e+01,5.000000e-08,1.02715679e+01,5.13578395e-07,9.38870374e-01,6.11296258e-02
6.000000e-07,600.000000,1.200000e+01,5.000000e-08,1.02745686e+01,5.13728432e-07,9.38513714e-01,6.14862857e-02
6.000000e-07,600.000000,1.200000e+01,5.000000e-08,1.02775694e+01,5.13878470e-07,9.38155040e-01,6.18449602e-02
6.000000e-07,600.000000,1.200000e+01,5.000000e-08,1.02805701e+01,5.14028507e-07,9.37794340e-01,6.22056598e-02
6.000000e-07,600.000000,1.200000e+01,5.000000e-08,1.02835709e+01,5.14178545e-07,9.37431605e-01,6.25683952e-02
6.000000e-07,600.000000,1.200000e+01,5.000000e-08,1.02865716e+01,5.14328582e-07,9.37066823e-01,6.29331771e-02
6.000000e-07,600.000000,1.200000e+01,5.000000e-08,1.02895724e+01,5.14478620e-07,9.36699984e-01,6.33000162e-02
6.000000e-07,600.000000,1.200000e+01,5.000000e-08,1.02925731e+01,5.14628657e-07,9.36331077e-01,6.36689234e-02
6.000000e-07,600.000000,1.200000e+01,5.000000e-08,1.02955739e+01,5.14778695e-07,9.35960091e-01,6.40399095e-02
6.000000e-07,600.000000,1.200000e+01,5.000000e-08,1.02985746e+01,5.14928732e-07,9.35587015e-01,6.44129853e-02
6.000000e-07,600.000000,1.200000e+01,5.000000e-08,1.03015754e+01,5.15078770e-07,9.35211838e-01,6.47881618e-02
6.000000e-07,600.000000,1.200000e+01,5.000000e-08,1.03045761e+01,5.15228807e-07,9.34834550e-01,6.51654499e-02
6.000000e-07,600.000000,1.200000e+01,5.000000e-08,1.03075769e+01,5.15378845e-07,9.34455139e-01,6.55448608e-02
6.000000e-07,600.000000,1.200000e+01,5.000000e-08,1.03105776e+01,5.15528882e-07,9.34073595e-01,6.59264054e-02
6.000000e-07,600.000000,1.200000e+01,5.000000e-08,1.03135784e+01,5.15678920e-07,9.33689905e-01,6.63100949e-02
6.000000e-07,600.000000,1.200000e+01,5.000000e-08,1.03165791e+01,5.15828957e-07,9.33304060e-01,6.66959404e-02
6.000000e-07,600.000000,1.200000e+01,5.000000e-08,1.03195799e+01,5.15978995e-07,9.32916047e-01,6.70839532e-02
6.000000e-07,600.000000,1.200000e+01,5.000000e-08,1.03225806e+01,5.16129032e-07,9.32525855e-01,6.74741446e-02
6.000000e-07,600.000000,1.200000e+01,5.000000e-08,1.03255814e+01,5.16279070e-07,9.32133474e-01,6.78665258e-02
6.000000e-07,600.000000,1.200000e+01,5.000000e-08,1.03285821e+01,5.16429107e-07,9.31738892e-01,6.82611082e-02
6.000000e-07,600.000000,1.200000e+01,5.000000e-08,1.03315829e+01,5.16579145e-07,9.31342097e-01,6.86579032e-02
6.000000e-07,600.000000,1.200000e+01,5.000000e-08,1.03345836e+01,5.16729182e-07,9.30943078e-01,6.90569223e-02
6.000000e-07,600.000000,1.200000e+01,5.000000e-08,1.03375844e+01,5.16879220e-07,9.30541823e-01,6.94581770e-02
6.000000e-07,600.000000,1.200000e+01,5.000000e-08,1.03405851e+01,5.17029257e-07,9.30138321e-01,6.98616788e-02
6.000000e-07,600.000000,1.200000e+01,5.000000e-08,1.03435859e+01,5.17179295e-07,9.29732561e-01,7.02674393e-02
6.000000e-07,600.000000,1.200000e+01,5.000000e-08,1.03465866e+01,5.17329332e-07,9.29324530e-01,7.06754703e-02
6.000000e-07,600.000000,1.200000e+01,5.000000e-08,1.03495874e+01,5.17479370e-07,9.28914217e-01,7.10857833e-02
6.000000e-07,600.000000,1.200000e+01,5.000000e-08,1.03525881e+01,5.17629407e-07,9.28501610e-01,7.14983901e-02
6.000000e-07,600.000000,1.200000e+01,5.000000e-08,1.03555889e+01,5.17779445e-07,9.28086697e-01,7.19133026e-02
6.000000e-07,600.000000,1.200000e+01,5.000000e-08,1.03585896e+01,5.17929482e-07,9.27669467e-01,7.23305326e-02
6.000000e-07,600.000000,1.200000e+01,5.000000e-08,1.03615904e+01,5.18079520e-07,9.27249908e-01,7.27500919e-02
6.000000e-07,600.000000,1.200000e+01,5.000000e-08,1.03645911e+01,5.18229557e-07,9.26828007e-01,7.31719925e-02
6.000000e-07,600.000000,1.200000e+01,5.000000e-08,1.03675919e+01,5.18379595e-07,9.26403754e-01,7.35962465e-02
6.000000e-07,600.000000,1.200000e+01,5.000000e-08,1.03705926e+01,5.18529632e-07,9.25977134e-01,7.40228657e-02
6.000000e-07,600.000000,1.200000e+01,5.000000e-08,1.03735934e+01,5.18679670e-07,9.25548138e-01,7.44518624e-02
6.000000e-07,600.000000,1.200000e+01,5.000000e-08,1.03765941e+01,5.18829707e-07,9.25116751e-01,7.48832487e-02
6.000000e-07,600.000000,1.200000e+01,5.000000e-08,1.03795949e+01,5.18979745e-07,9.24682963e-01,7.53170367e-02
6.000000e-07,600.000000,1.200000e+01,5.000000e-08,1.03825956e+01,5.19129782e-07,9.24246761e-01,7.57532388e-02
6.000000e-07,600.000000,1.200000e+01,5.000000e-08,1.03855964e+01,5.19279820e-07,9.23808133e-01,7.61918671e-02
6.000000e-07,600.000000,1.200000e+01,5.000000e-08,1.03885971e+01,5.19429857e-07,9.23367066e-01,7.66329340e-02
6.000000e-07,600.000000,1.200000e+01,5.000000e-08,1.03915979e+01,5.19579895e-07,9.22923548e-01,7.70764519e-02
6.000000e-07,600.000000,1.200000e+01,5.000000e-08,1.03945986e+01,5.19729932e-07,9.22477567e-01,7.75224332e-02
6.000000e-07,600.000000,1.200000e+01,5.000000e-08,1.03975994e+01,5.19879970e-07,9.22029110e-01,7.79708904e-02
6.000000e-07,600.000000,1.200000e+01,5.000000e-08,1.04006002e+01,5.20030008e-07,9.21578164e-01,7.84218361e-02
6.000000e-07,600.000000,1.200000e+01,5.000000e-08,1.04036009e+01,5.20180045e-07,9.21124717e-01,7.88752828e-02
6.000000e-07,600.000000,1.200000e+01,5.000000e-08,1.04066017e+01,5.20330083e-07,9.20668757e-01,7.93312432e-02
6.000000e-07,600.000000,1.200000e+01,5.000000e-08,1.04096024e+01,5.20480120e-07,9.20210270e-01,7.97897299e-02
6.000000e-07,600.000000,1.200000e+01,5.000000e-08,1.04126032e+01,5.20630158e-07,9.19749244e-01,8.02507556e-02
6.000000e-07,600.000000,1.200000e+01,5.000000e-08,1.04156039e+01,5.20780195e-07,9.19285667e-01,8.07143332e-02
6.000000e-07,600.000000,1.200000e+01,5.000000e-08,1.04186047e+01,5.20930233e-07,9.18819525e-01,8.11804755e-02
6.000000e-07,600.000000,1.200000e+01,5.000000e-08,1.04216054e+01,5.21080270e-07,9.18350805e-01,8.16491953e-02
6.000000e-07,600.000000,1.200000e+01,5.000000e-08,1.04246062e+01,5.21230308e-07,9.17879494e-01,8.21205055e-02
6.000000e-07,600.000000,1.200000e+01,5.000000e-08,1.04276069e+01,5.21380345e-07,9.17405581e-01,8.25944193e-02
6.000000e-07,600.000000,1.200000e+01,5.000000e-08,1.04306077e+01,5.21530383e-07,9.16929051e-01,8.30709495e-02
6.000000e-07,600.000000,1.200000e+01,5.000000e-08,1.04336084e+01,5.21680420e-07,9.16449891e-01,8.35501092e-02
6.000000e-07,600.000000,1.200000e+01,5.000000e-08,1.04366092e+01,5.21830458e-07,9.15968088e-01,8.40319116e-02
6.000000e-07,600.000000,1.200000e+01,5.000000e-08,1.04396099e+01,5.21980495e-07,9.15483630e-01,8.45163699e-02
6.000000e-07,600.000000,1.200000e+01,5.000000e-08,1.04426107e+01,5.22130533e-07,9.14996503e-01,8.50034973e-02
6.000000e-07,600.000000,1.200000e+01,5.000000e-08,1.04456114e+01,5.22280570e-07,9.14506693e-01,8.54933069e-02
6.000000e-07,600.000000,1.200000e+01,5.000000e-08,1.04486122e+01,5.22430608e-07,9.14014188e-01,8.59858123e-02
6.000000e-07,600.000000,1.200000e+01,5.000000e-08,1.04516129e+01,5.22580645e-07,9.13518973e-01,8.64810267e-02
6.000000e-07,600.000000,1.200000e+01,5.000000e-08,1.04546137e+01,5.22730683e-07,9.13021036e-01,8.69789635e-02
6.000000e-07,600.000000,1.200000e+01,5.000000e-08,1.04576144e+01,5.22880720e-07,9.12520364e-01,8.74796363e-02
6.000000e-07,600.000000,1.200000e+01,5.000000e-08,1.04606152e+01,5.23030758e-07,9.12016941e-01,8.79830586e-02
6.000000e-07,600.000000,1.200000e+01,5.000000e-08,1.04636159e+01,5.23180795e-07,9.11510756e-01,8.84892438e-02
6.000000e-07,600.000000,1.200000e+01,5.000000e-08,1.04666167e+01,5.23330833e-07,9.11001794e-01,8.89982057e-02
6.000000e-07,600.000000,1.200000e+01,5.000000e-08,1.04696174e+01,5.23480870e-07,9.10490042e-01,8.95099579e-02
6.000000e-07,600.000000,1.200000e+01,5.000000e-08,1.04726182e+01,5.23630908e-07,9.09975486e-01,9.00245141e-02
6.000000e-07,600.000000,1.200000e+01,5.000000e-08,1.04756189e+01,5.23780945e-07,9.09458112e-01,9.05418881e-02
6.000000e-07,600.000000,1.200000e+01,5.000000e-08,1.04786197e+01,5.23930983e-07,9.08937906e-01,9.10620938e-02
6.000000e-07,600.000000,1.200000e+01,5.000000e-08,1.04816204e+01,5.24081020e-07,9.08414855e-01,9.15851448e-02
6.000000e-07,600.000000,1.200000e+01,5.000000e-08,1.04846212e+01,5.24231058e-07,9.07888945e-01,9.21110553e-02
6.000000e-07,600.000000,1.200000e+01,5.000000e-08,1.04876219e+01,5.24381095e-07,9.07360161e-01,9.26398391e-02
6.000000e-07,600.000000,1.200000e+01,5.000000e-08,1.04906227e+01,5.24531133e-07,9.06828490e-01,9.31715103e-02
6.000000e-07,600.000000,1.200000e+01,5.000000e-08,1.04936234e+01,5.24681170e-07,9.06293917e-01,9.37060829e-02
6.000000e-07,600.000000,1.200000e+01,5.000000e-08,1.04966242e+01,5.24831208e-07,9.05756429e-01,9.42435710e-02
6.000000e-07,600.000000,1.200000e+01,5.000000e-08,1.04996249e+01,5.24981245e-07,9.05216011e-01,9.47839888e-02
6.000000e-07,600.000000,1.200000e+01,5.000000e-08,1.05026257e+01,5.25131283e-07,9.04672650e-01,9.53273505e-02
6.000000e-07,600.000000,1.200000e+01,5.000000e-08,1.05056264e+01,5.25281320e-07,9.04126330e-01,9.58736703e-02
6.000000e-07,600.000000,1.200000e+01,5.000000e-08,1.05086272e+01,5.25431358e-07,9.03577037e-01,9.64229626e-02
6.000000e-07,600.000000,1.200000e+01,5.000000e-08,1.05116279e+01,5.25581395e-07,9.03024758e-01,9.69752417e-02
6.000000e-07,600.000000,1.200000e+01,5.000000e-08,1.05146287e+01,5.25731433e-07,9.02469478e-01,9.75305220e-02
6.000000e-07,600.000000,1.200000e+01,5.000000e-08,1.05176294e+01,5.25881470e-07,9.01911182e-01,9.80888179e-02
6.000000e-07,600.000000,1.200000e+01,5.000000e-08,1.05206302e+01,5.26031508e-07,9.01349856e-01,9.86501440e-02
6.000000e-07,600.000000,1.200000e+01,5.000000e-08,1.05236309e+01,5.26181545e-07,9.00785485e-01,9.92145148e-02
6.000000e-07,600.000000,1.200000e+01,5.000000e-08,1.05266317e+01,5.26331583e-07,9.00218055e-01,9.97819449e-02
6.000000e-07,600.000000,1.200000e+01,5.000000e-08,1.05296324e+01,5.26481620e-07,8.99647551e-01,1.00352449e-01
6.000000e-07,600.000000,1.200000e+01,5.000000e-08,1.05326332e+01,5.26631658e-07,8.99073959e-01,1.00926041e-01
6.000000e-07,600.000000,1.200000e+01,5.000000e-08,1.05356339e+01,5.26781695e-07,8.98497263e-01,1.01502737e-01
6.000000e-07,600.000000,1.200000e+01,5.000000e-08,1.05386347e+01,5.26931733e-07,8.97917448e-01,1.02082552e-01
6.000000e-07,600.000000,1.200000e+01,5.000000e-08,1.05416354e+01,5.27081770e-07,8.97334501e-01,1.02665499e-01
6.000000e-07,600.000000,1.200000e+01,5.000000e-08,1.05446362e+01,5.27231808e-07,8.96748407e-01,1.03251593e-01
6.000000e-07,600.000000,1.200000e+01,5.000000e-08,1.05476369e+01,5.27381845e-07,8.96159149e-01,1.03840851e-01
6.000000e-07,600.000000,1.200000e+01,5.000000e-08,1.05506377e+01,5.27531883e-07,8.95566713e-01,1.04433287e-01
6.000000e-07,600.000000,1.200000e+01,5.000000e-08,1.05536384e+01,5.27681920e-07,8.94971085e-01,1.05028915e-01
6.000000e-07,600.000000,1.200000e+01,5.000000e-08,1.05566392e+01,5.27831958e-07,8.94372249e-01,1.05627751e-01
6.000000e-07,600.000000,1.200000e+01,5.000000e-08,1.05596399e+01,5.27981995e-07,8.93770190e-01,1.06229810e-01
6.000000e-07,600.000000,1.200000e+01,5.000000e-08,1.05626407e+01,5.28132033e-07,8.93164893e-01,1.06835107e-01
6.000000e-07,600.000000,1.200000e+01,5.000000e-08,1.05656414e+01,5.28282071e-07,8.92556343e-01,1.07443657e-01
6.000000e-07,600.000000,1.200000e+01,5.000000e-08,1.05686422e+01,5.28432108e-07,8.91944524e-01,1.08055476e-01
6.000000e-07,600.000000,1.200000e+01,5.000000e-08,1.05716429e+01,5.28582146e-07,8.91329421e-01,1.08670579e-01
6.000000e-07,600.000000,1.200000e+01,5.000000e-08,1.05746437e+01,5.28732183e-07,8.90711020e-01,1.09288980e-01
6.000000e-07,600.000000,1.200000e+01,5.000000e-08,1.05776444e+01,5.28882221e-07,8.90089303e-01,1.09910697e-01
6.000000e-07,600.000000,1.200000e+01,5.000000e-08,1.05806452e+01,5.29032258e-07,8.89464256e-01,1.10535744e-01
6.000000e-07,600.000000,1.200000e+01,5.000000e-08,1.05836459e+01,5.29182296e-07,8.88835864e-01,1.11164136e-01
6.000000e-07,600.000000,1.200000e+01,5.000000e-08,1.05866467e+01,5.29332333e-07,8.88204111e-01,1.11795889e-01
6.000000e-07,600.000000,1.200000e+01,5.000000e-08,1.05896474e+01,5.29482371e-07,8.87568982e-01,1.12431018e-01
6.000000e-07,600.000000,1.200000e+01,5.000000e-08,1.05926482e+01,5.29632408e-07,8.86930460e-01,1.13069540e-01
6.000000e-07,600.000000,1.200000e+01,5.000000e-08,1.05956489e+01,5.29782446e-07,8.86288530e-01,1.13711470e-01
6.000000e-07,600.000000,1.200000e+01,5.000000e-08,1.05986497e+01,5.29932483e-07,8.85643177e-01,1.14356823e-01
6.000000e-07,600.000000,1.200000e+01,5.000000e-08,1.06016504e+01,5.30082521e-07,8.84994385e-01,1.15005615e-01
6.000000e-07,600.000000,1.200000e+01,5.000000e-08,1.06046512e+01,5.30232558e-07,8.84342137e-01,1.15657863e-01
6.000000e-07,600.000000,1.200000e+01,5.000000e-08,1.06076519e+01,5.30382596e-07,8.83686419e-01,1.16313581e-01
6.000000e-07,600.000000,1.200000e+01,5.000000e-08,1.06106527e+01,5.30532633e-07,8.83027213e-01,1.16972787e-01
6.000000e-07,600.000000,1.200000e+01,5.000000e-08,1.06136534e+01,5.30682671e-07,8.82364505e-01,1.17635495e-01
6.000000e-07,600.000000,1.200000e+01,5.000000e-08,1.06166542e+01,5.30832708e-07,8.81698278e-01,1.18301722e-01
6.000000e-07,600.000000,1.200000e+01,5.000000e-08,1.06196549e+01,5.30982746e-07,8.81028517e-01,1.18971483e-01
6.000000e-07,600.000000,1.200000e+01,5.000000e-08,1.06226557e+01,5.31132783e-07,8.80355205e-01,1.19644795e-01
6.000000e-07,600.000000,1.200000e+01,5.000000e-08,1.06256564e+01,5.31282821e-07,8.79678326e-01,1.20321674e-01
6.000000e-07,600.000000,1.200000e+01,5.000000e-08,1.06286572e+01,5.31432858e-07,8.78997864e-01,1.21002136e-01
6.000000e-07,600.000000,1.200000e+01,5.000000e-08,1.06316579e+01,5.31582896e-07,8.78313803e-01,1.21686197e-01
6.000000e-07,600.000000,1.200000e+01,5.000000e-08,1.06346587e+01,5.31732933e-07,8.77626126e-01,1.22373874e-01
6.000000e-07,600.000000,1.200000e+01,5.000000e-08,1.06376594e+01,5.31882971e-07,8.76934818e-01,1.23065182e-01
6.000000e-07,600.000000,1.200000e+01,5.000000e-08,1.06406602e+01,5.32033008e-07,8.76239862e-01,1.23760138e-01
6.000000e-07,600.000000,1.200000e+01,5.000000e-08,1.06436609e+01,5.32183046e-07,8.75541242e-01,1.24458758e-01
6.000000e-07,600.000000,1.200000e+01,5.000000e-08,1.06466617e+01,5.32333083e-07,8.74838941e-01,1.25161059e-01
6.000000e-07,600.000000,1.200000e+01,5.000000e-08,1.06496624e+01,5.32483121e-07,8.74132944e-01,1.25867056e-01
6.000000e-07,600.000000,1.200000e+01,5.000000e-08,1.06526632e+01,5.32633158e-07,8.73423233e-01,1.26576767e-01
6.000000e-07,600.000000,1.200000e+01,5.000000e-08,1.06556639e+01,5.32783196e-07,8.72709791e-01,1.27290209e-01
6.000000e-07,600.000000,1.200000e+01,5.000000e-08,1.06586647e+01,5.32933233e-07,8.71992604e-01,1.28007396e-01
6.000000e-07,600.000000,1.200000e+01,5.000000e-08,1.06616654e+01,5.33083271e-07,8.71271653e-01,1.28728347e-01
6.000000e-07,600.000000,1.200000e+01,5.000000e-08,1.06646662e+01,5.33233308e-07,8.70546922e-01,1.29453078e-01
6.000000e-07,600.000000,1.200000e+01,5.000000e-08,1.06676669e+01,5.33383346e-07,8.69818396e-01,1.30181604e-01
6.000000e-07,600.000000,1.200000e+01,5.000000e-08,1.06706677e+01,5.33533383e-07,8.69086056e-01,1.30913944e-01
6.000000e-07,600.000000,1.200000e+01,5.000000e-08,1.06736684e+01,5.33683421e-07,8.68349886e-01,1.31650114e-01
6.000000e-07,600.000000,1.200000e+01,5.000000e-08,1.06766692e+01,5.33833458e-07,8.67609870e-01,1.32390130e-01
6.000000e-07,600.000000,1.200000e+01,5.000000e-08,1.06796699e+01,5.33983496e-07,8.66865991e-01,1.33134009e-01
6.000000e-07,600.000000,1.200000e+01,5.000000e-08,1.06826707e+01,5.34133533e-07,8.66118232e-01,1.33881768e-01
6.000000e-07,600.000000,1.200000e+01,5.000000e-08,1.06856714e+01,5.34283571e-07,8.65366576e-01,1.34633424e-01
6.000000e-07,600.000000,1.200000e+01,5.000000e-08,1.06886722e+01,5.34433608e-07,8.64611005e-01,1.35388995e-01
6.000000e-07,600.000000,1.200000e+01,5.000000e-08,1.06916729e+01,5.34583646e-07,8.63851504e-01,1.36148496e-01
6.000000e-07,600.000000,1.200000e+01,5.000000e-08,1.06946737e+01,5.34733683e-07,8.63088055e-01,1.36911945e-01
6.000000e-07,600.000000,1.200000e+01,5.000000e-08,1.06976744e+01,5.34883721e-07,8.62320642e-01,1.37679358e-01
6.000000e-07,600.000000,1.200000e+01,5.000000e-08,1.07006752e+01,5.35033758e-07,8.61549246e-01,1.38450754e-01
6.000000e-07,600.000000,1.200000e+01,5.000000e-08,1.07036759e+01,5.35183796e-07,8.60773852e-01,1.39226148e-01
6.000000e-07,600.000000,1.200000e+01,5.000000e-08,1.07066767e+01,5.35333833e-07,8.59994442e-01,1.40005558e-01
6.000000e-07,600.000000,1.200000e+01,5.000000e-08,1.07096774e+01,5.35483871e-07,8.59210998e-01,1.40789002e-01
6.000000e-07,600.000000,1.200000e+01,5.000000e-08,1.07126782e+01,5.35633908e-07,8.58423505e-01,1.41576495e-01
6.000000e-07,600.000000,1.200000e+01,5.000000e-08,1.07156789e+01,5.35783946e-07,8.57631943e-01,1.42368057e-01
6.000000e-07,600.000000,1.200000e+01,5.000000e-08,1.07186797e+01,5.35933983e-07,8.56836297e-01,1.43163703e-01
6.000000e-07,600.000000,1.200000e+01,5.000000e-08,1.07216804e+01,5.36084021e-07,8.56036549e-01,1.43963451e-01
6.000000e-07,600.000000,1.200000e+01,5.000000e-08,1.07246812e+01,5.36234059e-07,8.55232682e-01,1.44767318e-01
6.000000e-07,600.000000,1.200000e+01,5.000000e-08,1.07276819e+01,5.36384096e-07,8.54424678e-01,1.45575322e-01
6.000000e-07,600.000000,1.200000e+01,5.000000e-08,1.07306827e+01,5.36534134e-07,8.53612521e-01,1.46387479e-01
6.000000e-07,600.000000,1.200000e+01,5.000000e-08,1.07336834e+01,5.36684171e-07,8.52796191e-01,1.47203809e-01
6.000000e-07,600.000000,1.200000e+01,5.000000e-08,1.07366842e+01,5.36834209e-07,8.51975674e-01,1.48024326e-01
6.000000e-07,600.000000,1.200000e+01,5.000000e-08,1.07396849e+01,5.36984246e-07,8.51150950e-01,1.48849050e-01
6.000000e-07,600.000000,1.200000e+01,5.000000e-08,1.07426857e+01,5.37134284e-07,8.50322002e-01,1.49677998e-01
6.000000e-07,600.000000,1.200000e+01,5.000000e-08,1.07456864e+01,5.37284321e-07,8.49488813e-01,1.50511187e-01
6.000000e-07,600.000000,1.200000e+01,5.000000e-08,1.07486872e+01,5.37434359e-07,8.48651366e-01,1.51348634e-01
6.000000e-07,600.000000,1.200000e+01,5.000000e-08,1.07516879e+01,5.37584396e-07,8.47809643e-01,1.52190357e-01
6.000000e-07,600.000000,1.200000e+01,5.000000e-08,1.07546887e+01,5.37734434e-07,8.46963625e-01,1.53036375e-01
6.000000e-07,600.000000,1.200000e+01,5.000000e-08,1.07576894e+01,5.37884471e-07,8.46113297e-01,1.53886703e-01
6.000000e-07,600.000000,1.200000e+01,5.000000e-08,1.07606902e+01,5.38034509e-07,8.45258640e-01,1.54741360e-01
6.000000e-07,600.000000,1.200000e+01,5.000000e-08,1.07636909e+01,5.38184546e-07,8.44399636e-01,1.55600364e-01
6.000000e-07,600.000000,1.200000e+01,5.000000e-08,1.07666917e+01,5.38334584e-07,8.43536268e-01,1.56463732e-01
6.000000e-07,600.000000,1.200000e+01,5.000000e-08,1.07696924e+01,5.38484621e-07,8.42668518e-01,1.57331482e-01
6.000000e-07,600.000000,1.200000e+01,5.000000e-08,1.07726932e+01,5.38634659e-07,8.41796368e-01,1.58203632e-01
6.000000e-07,600.000000,1.200000e+01,5.000000e-08,1.07756939e+01,5.38784696e-07,8.40919801e-01,1.59080199e-01
6.000000e-07,600.000000,1.200000e+01,5.000000e-08,1.07786947e+01,5.38934734e-07,8.40038799e-01,1.59961201e-01
6.000000e-07,600.000000,1.200000e+01,5.000000e-08,1.07816954e+01,5.39084771e-07,8.39153345e-01,1.60846655e-01
6.000000e-07,600.000000,1.200000e+01,5.000000e-08,1.07846962e+01,5.39234809e-07,8.38263420e-01,1.61736580e-01
6.000000e-07,600.000000,1.200000e+01,5.000000e-08,1.07876969e+01,5.39384846e-07,8.37369006e-01,1.62630994e-01
6.000000e-07,600.000000,1.200000e+01,5.000000e-08,1.07906977e+01,5.39534884e-07,8.36470087e-01,1.63529913e-01
6.000000e-07,600.000000,1.200000e+01,5.000000e-08,1.07936984e+01,5.39684921e-07,8.35566643e-01,1.64433357e-01
6.000000e-07,600.000000,1.200000e+01,5.000000e-08,1.07966992e+01,5.39834959e-07,8.34658657e-01,1.65341343e-01
6.000000e-07,600.000000,1.200000e+01,5.000000e-08,1.07996999e+01,5.39984996e-07,8.33746112e-01,1.66253888e-01
6.000000e-07,600.000000,1.200000e+01,5.000000e-08,1.08027007e+01,5.40135034e-07,8.32828990e-01,1.67171010e-01
6.000000e-07,600.000000,1.200000e+01,5.000000e-08,1.08057014e+01,5.40285071e-07,8.31907271e-01,1.68092729e-01
6.000000e-07,600.000000,1.200000e+01,5.000000e-08,1.08087022e+01,5.40435109e-07,8.30980940e-01,1.69019060e-01
6.000000e-07,600.000000,1.200000e+01,5.000000e-08,1.08117029e+01,5.40585146e-07,8.30049977e-01,1.69950023e-01
6.000000e-07,600.000000,1.200000e+01,5.000000e-08,1.08147037e+01,5.40735184e-07,8.29114365e-01,1.70885635e-01
6.000000e-07,600.000000,1.200000e+01,5.000000e-08,1.08177044e+01,5.40885221e-07,8.28174086e-01,1.71825914e-01
6.000000e-07,600.000000,1.200000e+01,5.000000e-08,1.08207052e+01,5.41035259e-07,8.27229122e-01,1.72770878e-01
6.000000e-07,600.000000,1.200000e+01,5.000000e-08,1.08237059e+01,5.41185296e-07,8.26279454e-01,1.73720546e-01
6.000000e-07,600.000000,1.200000e+01,5.000000e-08,1.08267067e+01,5.41335334e-07,8.25325066e-01,1.74674934e-01
6.000000e-07,600.000000,1.200000e+01,5.000000e-08,1.08297074e+01,5.41485371e-07,8.24365939e-01,1.75634061e-01
6.000000e-07,600.000000,1.200000e+01,5.000000e-08,1.08327082e+01,5.41635409e-07,8.23402055e-01,1.76597945e-01
6.000000e-07,600.000000,1.200000e+01,5.000000e-08,1.08357089e+01,5.41785446e-07,8.22433395e-01,1.77566605e-01
6.000000e-07,600.000000,1.200000e+01,5.000000e-08,1.08387097e+01,5.41935484e-07,8.21459943e-01,1.78540057e-01
6.000000e-07,600.000000,1.200000e+01,5.000000e-08,1.08417104e+01,5.42085521e-07,8.20481680e-01,1.79518320e-01
6.000000e-07,600.000000,1.200000e+01,5.000000e-08,1.08447112e+01,5.42235559e-07,8.19498588e-01,1.80501412e-01
6.000000e-07,600.000000,1.200000e+01,5.000000e-08,1.08477119e+01,5.42385596e-07,8.18510649e-01,1.81489351e-01
6.000000e-07,600.000000,1.200000e+01,5.000000e-08,1.08507127e+01,5.42535634e-07,8.17517845e-01,1.82482155e-01
6.000000e-07,600.000000,1.200000e+01,5.000000e-08,1.08537134e+01,5.42685671e-07,8.16520158e-01,1.83479842e-01
6.000000e-07,600.000000,1.200000e+01,5.000000e-08,1.08567142e+01,5.42835709e-07,8.15517570e-01,1.84482430e-01
6.000000e-07,600.000000,1.200000e+01,5.000000e-08,1.08597149e+01,5.42985746e-07,8.14510063e-01,1.85489937e-01
6.000000e-07,600.000000,1.200000e+01,5.000000e-08,1.08627157e+01,5.43135784e-07,8.13497619e-01,1.86502381e-01
6.000000e-07,600.000000,1.200000e+01,5.000000e-08,1.08657164e+01,5.43285821e-07,8.12480220e-01,1.87519780e-01
6.000000e-07,600.000000,1.200000e+01,5.000000e-08,1.08687172e+01,5.43435859e-07,8.11457847e-01,1.88542153e-01
6.000000e-07,600.000000,1.200000e+01,5.000000e-08,1.08717179e+01,5.43585896e-07,8.10430484e-01,1.89569516e-01
6.000000e-07,600.000000,1.200000e+01,5.000000e-08,1.08747187e+01,5.43735934e-07,8.09398112e-01,1.90601888e-01
6.000000e-07,600.000000,1.200000e+01,5.000000e-08,1.08777194e+01,5.43885971e-07,8.08360713e-01,1.91639287e-01
6.000000e-07,600.000000,1.200000e+01,5.000000e-08,1.08807202e+01,5.44036009e-07,8.07318268e-01,1.92681732e-01
6.000000e-07,600.000000,1.200000e+01,5.000000e-08,1.08837209e+01,5.44186047e-07,8.06270761e-01,1.93729239e-01
6.000000e-07,600.000000,1.200000e+01,5.000000e-08,1.08867217e+01,5.44336084e-07,8.05218173e-01,1.94781827e-01
6.000000e-07,600.000000,1.200000e+01,5.000000e-08,1.08897224e+01,5.44486122e-07,8.04160485e-01,1.95839515e-01
6.000000e-07,600.000000,1.200000e+01,5.000000e-08,1.08927232e+01,5.44636159e-07,8.03097681e-01,1.96902319e-01
6.000000e-07,600.000000,1.200000e+01,5.000000e-08,1.08957239e+01,5.44786197e-07,8.02029742e-01,1.97970258e-01
6.000000e-07,600.000000,1.200000e+01,5.000000e-08,1.08987247e+01,5.44936234e-07,8.00956650e-01,1.99043350e-01
6.000000e-07,600.000000,1.200000e+01,5.000000e-08,1.09017254e+01,5.45086272e-07,7.99878387e-01,2.00121613e-01
6.000000e-07,600.000000,1.200000e+01,5.000000e-08,1.09047262e+01,5.45236309e-07,7.98794936e-01,2.01205064e-01
6.000000e-07,600.000000,1.200000e+01,5.000000e-08,1.09077269e+01,5.45386347e-07,7.97706279e-01,2.02293721e-01
6.000000e-07,600.000000,1.200000e+01,5.000000e-08,1.09107277e+01,5.45536384e-07,7.96612396e-01,2.03387604e-01
6.000000e-07,600.000000,1.200000e+01,5.000000e-08,1.09137284e+01,5.45686422e-07,7.95513272e-01,2.04486728e-01
6.000000e-07,600.000000,1.200000e+01,5.000000e-08,1.09167292e+01,5.45836459e-07,7.94408888e-01,2.05591112e-01
6.000000e-07,600.000000,1.200000e+01,5.000000e-08,1.09197299e+01,5.45986497e-07,7.93299226e-01,2.06700774e-01
6.000000e-07,600.000000,1.200000e+01,5.000000e-08,1.09227307e+01,5.46136534e-07,7.92184268e-01,2.07815732e-01
6.000000e-07,600.000000,1.200000e+01,5.000000e-08,1.09257314e+01,5.46286572e-07,7.91063996e-01,2.08936004e-01
6.000000e-07,600.000000,1.200000e+01,5.000000e-08,1.09287322e+01,5.46436609e-07,7.89938394e-01,2.10061606e-01
6.000000e-07,600.000000,1.200000e+01,5.000000e-08,1.09317329e+01,5.46586647e-07,7.88807442e-01,2.11192558e-01
6.000000e-07,600.000000,1.200000e+01,5.000000e-08,1.09347337e+01,5.46736684e-07,7.87671124e-01,2.12328876e-01
6.000000e-07,600.000000,1.200000e+01,5.000000e-08,1.09377344e+01,5.46886722e-07,7.86529422e-01,2.13470578e-01
6.000000e-07,600.000000,1.200000e+01,5.000000e-08,1.09407352e+01,5.47036759e-07,7.85382317e-01,2.14617683e-01
6.000000e-07,600.000000,1.200000e+01,5.000000e-08,1.09437359e+01,5.47186797e-07,7.84229793e-01,2.15770207e-01
6.000000e-07,600.000000,1.200000e+01,5.000000e-08,1.09467367e+01,5.47336834e-07,7.83071832e-01,2.16928168e-01
6.000000e-07,600.000000,1.200000e+01,5.000000e-08,1.09497374e+01,5.47486872e-07,7.81908416e-01,2.18091584e-01
6.000000e-07,600.000000,1.200000e+01,5.000000e-08,1.09527382e+01,5.47636909e-07,7.80739528e-01,2.19260472e-01
6.000000e-07,600.000000,1.200000e+01,5.000000e-08,1.09557389e+01,5.47786947e-07,7.79565150e-01,2.20434850e-01
6.000000e-07,600.000000,1.200000e+01,5.000000e-08,1.09587397e+01,5.47936984e-07,7.78385264e-01,2.21614736e-01
6.000000e-07,600.000000,1.200000e+01,5.000000e-08,1.09617404e+01,5.48087022e-07,7.77199854e-01,2.22800146e-01
6.000000e-07,600.000000,1.200000e+01,5.000000e-08,1.09647412e+01,5.48237059e-07,7.76008902e-01,2.23991098e-01
6.000000e-07,600.000000,1.200000e+01,5.000000e-08,1.09677419e+01,5.48387097e-07,7.74812391e-01,2.25187609e-01
6.000000e-07,600.000000,1.200000e+01,5.000000e-08,1.09707427e+01,5.48537134e-07,7.73610302e-01,2.26389698e-01
6.000000e-07,600.000000,1.200000e+01,5.000000e-08,1.09737434e+01,5.48687172e-07,7.72402620e-01,2.27597380e-01
6.000000e-07,600.000000,1.200000e+01,5.000000e-08,1.09767442e+01,5.48837209e-07,7.71189326e-01,2.28810674e-01
6.000000e-07,600.000000,1.200000e+01,5.000000e-08,1.09797449e+01,5.48987247e-07,7.69970404e-01,2.30029596e-01
6.000000e-07,600.000000,1.200000e+01,5.000000e-08,1.09827457e+01,5.49137284e-07,7.68745836e-01,2.31254164e-01
6.000000e-07,600.000000,1.200000e+01,5.000000e-08,1.09857464e+01,5.49287322e-07,7.67515606e-01,2.32484394e-01
6.000000e-07,600.000000,1.200000e+01,5.000000e-08,1.09887472e+01,5.49437359e-07,7.66279695e-01,2.33720305e-01
6.000000e-07,600.000000,1.200000e+01,5.000000e-08,1.09917479e+01,5.49587397e-07,7.65038088e-01,2.34961912e-01
6.000000e-07,600.000000,1.200000e+01,5.000000e-08,1.09947487e+01,5.49737434e-07,7.63790767e-01,2.36209233e-01
6.000000e-07,600.000000,1.200000e+01,5.000000e-08,1.09977494e+01,5.49887472e-07,7.62537715e-01,2.37462285e-01
6.000000e-07,600.000000,1.200000e+01,5.000000e-08,1.10007502e+01,5.50037509e-07,7.61278916e-01,2.38721084e-01
6.000000e-07,600.000000,1.200000e+01,5.000000e-08,1.10037509e+01,5.50187547e-07,7.60014352e-01,2.39985648e-01
6.000000e-07,600.000000,1.200000e+01,5.000000e-08,1.10067517e+01,5.50337584e-07,7.58744008e-01,2.41255992e-01
6.000000e-07,600.000000,1.200000e+01,5.000000e-08,1.10097524e+01,5.50487622e-07,7.57467865e-01,2.42532135e-01
6.000000e-07,600.000000,1.200000e+01,5.000000e-08,1.10127532e+01,5.50637659e-07,7.56185908e-01,2.43814092e-01
6.000000e-07,600.000000,1.200000e+01,5.000000e-08,1.10157539e+01,5.50787697e-07,7.54898120e-01,2.45101880e-01
6.000000e-07,600.000000,1.200000e+01,5.000000e-08,1.10187547e+01,5.50937734e-07,7.53604484e-01,2.46395516e-01
6.000000e-07,600.000000,1.200000e+01,5.000000e-08,1.10217554e+01,5.51087772e-07,7.52304984e-01,2.47695016e-01
6.000000e-07,600.000000,1.200000e+01,5.000000e-08,1.10247562e+01,5.51237809e-07,7.50999604e-01,2.49000396e-01
6.000000e-07,600.000000,1.200000e+01,5.000000e-08,1.10277569e+01,5.51387847e-07,7.49688327e-01,2.50311673e-01
6.000000e-07,600.000000,1.200000e+01,5.000000e-08,1.10307577e+01,5.51537884e-07,7.48371137e-01,2.51628863e-01
6.000000e-07,600.000000,1.200000e+01,5.000000e-08,1.10337584e+01,5.51687922e-07,7.47048018e-01,2.52951982e-01
6.000000e-07,600.000000,1.200000e+01,5.000000e-08,1.10367592e+01,5.51837959e-07,7.45718953e-01,2.54281047e-01
6.000000e-07,600.000000,1.200000e+01,5.000000e-08,1.10397599e+01,5.51987997e-07,7.44383927e-01,2.55616073e-01
6.000000e-07,600.000000,1.200000e+01,5.000000e-08,1.10427607e+01,5.52138035e-07,7.43042923e-01,2.56957077e-01
6.000000e-07,600.000000,1.200000e+01,5.000000e-08,1.10457614e+01,5.52288072e-07,7.41695927e-01,2.58304073e-01
6.000000e-07,600.000000,1.200000e+01,5.000000e-08,1.10487622e+01,5.52438110e-07,7.40342920e-01,2.59657080e-01
6.000000e-07,600.000000,1.200000e+01,5.000000e-08,1.10517629e+01,5.52588147e-07,7.38983889e-01,2.61016111e-01
6.000000e-07,600.000000,1.200000e+01,5.000000e-08,1.10547637e+01,5.52738185e-07,7.37618817e-01,2.62381183e-01
6.000000e-07,600.000000,1.200000e+01,5.000000e-08,1.10577644e+01,5.52888222e-07,7.36247689e-01,2.63752311e-01
6.000000e-07,600.000000,1.200000e+01,5.000000e-08,1.10607652e+01,5.53038260e-07,7.34870489e-01,2.65129511e-01
6.000000e-07,600.000000,1.200000e+01,5.000000e-08,1.10637659e+01,5.53188297e-07,7.33487202e-01,2.66512798e-01
6.000000e-07,600.000000,1.200000e+01,5.000000e-08,1.10667667e+01,5.53338335e-07,7.32097812e-01,2.67902188e-01
6.000000e-07,600.000000,1.200000e+01,5.000000e-08,1.10697674e+01,5.53488372e-07,7.30702303e-01,2.69297697e-01
6.000000e-07,600.000000,1.200000e+01,5.000000e-08,1.10727682e+01,5.53638410e-07,7.29300662e-01,2.70699338e-01
6.000000e-07,600.000000,1.200000e+01,5.000000e-08,1.10757689e+01,5.53788447e-07,7.27892873e-01,2.72107127e-01
6.000000e-07,600.000000,1.200000e+01,5.000000e-08,1.10787697e+01,5.53938485e-07,7.26478920e-01,2.73521080e-01
6.000000e-07,600.000000,1.200000e+01,5.000000e-08,1.10817704e+01,5.54088522e-07,7.25058789e-01,2.74941211e-01
6.000000e-07,600.000000,1.200000e+01,5.000000e-08,1.10847712e+01,5.54238560e-07,7.23632465e-01,2.76367535e-01
6.000000e-07,600.000000,1.200000e+01,5.000000e-08,1.10877719e+01,5.54388597e-07,7.22199933e-01,2.77800067e-01
6.000000e-07,600.000000,1.200000e+01,5.000000e-08,1.10907727e+01,5.54538635e-07,7.20761179e-01,2.79238821e-01
6.000000e-07,600.000000,1.200000e+01,5.000000e-08,1.10937734e+01,5.54688672e-07,7.19316187e-01,2.80683813e-01
6.000000e-07,600.000000,1.200000e+01,5.000000e-08,1.10967742e+01,5.54838710e-07,7.17864945e-01,2.82135055e-01
6.000000e-07,600.000000,1.200000e+01,5.000000e-08,1.10997749e+01,5.54988747e-07,7.16407436e-01,2.83592564e-01
6.000000e-07,600.000000,1.200000e+01,5.000000e-08,1.11027757e+01,5.55138785e-07,7.14943647e-01,2.85056353e-01
6.000000e-07,600.000000,1.200000e+01,5.000000e-08,1.11057764e+01,5.55288822e-07,7.13473564e-01,2.86526436e-01
6.000000e-07,600.000000,1.200000e+01,5.000000e-08,1.11087772e+01,5.55438860e-07,7.11997173e-01,2.88002827e-01
6.000000e-07,600.000000,1.200000e+01,5.000000e-08,1.11117779e+01,5.55588897e-07,7.10514460e-01,2.89485540e-01
6.000000e-07,600.000000,1.200000e+01,5.000000e-08,1.11147787e+01,5.55738935e-07,7.09025410e-01,2.90974590e-01
6.000000e-07,600.000000,1.200000e+01,5.000000e-08,1.11177794e+01,5.55888972e-07,7.07530011e-01,2.92469989e-01
6.000000e-07,600.000000,1.200000e+01,5.000000e-08,1.11207802e+01,5.56039010e-07,7.06028249e-01,2.93971751e-01
6.000000e-07,600.000000,1.200000e+01,5.000000e-08,1.11237809e+01,5.56189047e-07,7.04520110e-01,2.95479890e-01
6.000000e-07,600.000000,1.200000e+01,5.000000e-08,1.11267817e+01,5.56339085e-07,7.03005580e-01,2.96994420e-01
6.000000e-07,600.000000,1.200000e+01,5.000000e-08,1.11297824e+01,5.56489122e-07,7.01484648e-01,2.98515352e-01
6.000000e-07,600.000000,1.200000e+01,5.000000e-08,1.11327832e+01,5.56639160e-07,6.99957298e-01,3.00042702e-01
6.000000e-07,600.000000,1.200000e+01,5.000000e-08,1.11357839e+01,5.56789197e-07,6.98423519e-01,3.01576481e-01
6.000000e-07,600.000000,1.200000e+01,5.000000e-08,1.11387847e+01,5.56939235e-07,6.96883298e-01,3.03116702e-01
6.000000e-07,600.000000,1.200000e+01,5.000000e-08,1.11417854e+01,5.57089272e-07,6.95336621e-01,3.04663379e-01
6.000000e-07,600.000000,1.200000e+01,5.000000e-08,1.11447862e+01,5.57239310e-07,6.93783477e-01,3.06216523e-01
6.000000e-07,600.000000,1.200000e+01,5.000000e-08,1.11477869e+01,5.57389347e-07,6.92223852e-01,3.07776148e-01
6.000000e-07,600.000000,1.200000e+01,5.000000e-08,1.11507877e+01,5.57539385e-07,6.90657735e-01,3.09342265e-01
6.000000e-07,600.000000,1.200000e+01,5.000000e-08,1.11537884e+01,5.57689422e-07,6.89085112e-01,3.10914888e-01
6.000000e-07,600.000000,1.200000e+01,5.000000e-08,1.11567892e+01,5.57839460e-07,6.87505972e-01,3.12494028e-01
6.000000e-07,600.000000,1.200000e+01,5.000000e-08,1.11597899e+01,5.57989497e-07,6.85920304e-01,3.14079696e-01
6.000000e-07,600.000000,1.200000e+01,5.000000e-08,1.11627907e+01,5.58139535e-07,6.84328094e-01,3.15671906e-01
6.000000e-07,600.000000,1.200000e+01,5.000000e-08,1.11657914e+01,5.58289572e-07,6.82729332e-01,3.17270668e-01
6.000000e-07,600.000000,1.200000e+01,5.000000e-08,1.11687922e+01,5.58439610e-07,6.81124005e-01,3.18875995e-01
6.000000e-07,600.000000,1.200000e+01,5.000000e-08,1.11717929e+01,5.58589647e-07,6.79512103e-01,3.20487897e-01
6.000000e-07,600.000000,1.200000e+01,5.000000e-08,1.11747937e+01,5.58739685e-07,6.77893614e-01,3.22106386e-01
6.000000e-07,600.000000,1.200000e+01,5.000000e-08,1.11777944e+01,5.58889722e-07,6.76268527e-01,3.23731473e-01
6.000000e-07,600.000000,1.200000e+01,5.000000e-08,1.11807952e+01,5.59039760e-07,6.74636831e-01,3.25363169e-01
6.000000e-07,600.000000,1.200000e+01,5.000000e-08,1.11837959e+01,5.59189797e-07,6.72998515e-01,3.27001485e-01
6.000000e-07,600.000000,1.200000e+01,5.000000e-08,1.11867967e+01,5.59339835e-07,6.71353569e-01,3.28646431e-01
6.000000e-07,600.000000,1.200000e+01,5.000000e-08,1.11897974e+01,5.59489872e-07,6.69701981e-01,3.30298019e-01
6.000000e-07,600.000000,1.200000e+01,5.000000e-08,1.11927982e+01,5.59639910e-07,6.68043742e-01,3.31956258e-01
6.000000e-07,600.000000,1.200000e+01,5.000000e-08,1.11957989e+01,5.59789947e-07,6.66378842e-01,3.33621158e-01
6.000000e-07,600.000000,1.200000e+01,5.000000e-08,1.11987997e+01,5.59939985e-07,6.64707269e-01,3.35292731e-01
6.000000e-07,600.000000,1.200000e+01,5.000000e-08,1.12018005e+01,5.60090023e-07,6.63029015e-01,3.36970985e-01
6.000000e-07,600.000000,1.200000e+01,5.000000e-08,1.12048012e+01,5.60240060e-07,6.61344070e-01,3.38655930e-01
6.000000e-07,600.000000,1.200000e+01,5.000000e-08,1.12078020e+01,5.60390098e-07,6.59652424e-01,3.40347576e-01
6.000000e-07,600.000000,1.200000e+01,5.000000e-08,1.12108027e+01,5.60540135e-07,6.57954067e-01,3.42045933e-01
6.000000e-07,600.000000,1.200000e+01,5.000000e-08,1.12138035e+01,5.60690173e-07,6.56248991e-01,3.43751009e-01
6.000000e-07,600.000000,1.200000e+01,5.000000e-08,1.12168042e+01,5.60840210e-07,6.54537187e-01,3.45462813e-01
6.000000e-07,600.000000,1.200000e+01,5.000000e-08,1.12198050e+01,5.60990248e-07,6.52818644e-01,3.47181356e-01
6.000000e-07,600.000000,1.200000e+01,5.000000e-08,1.12228057e+01,5.61140285e-07,6.51093356e-01,3.48906644e-01
6.000000e-07,600.000000,1.200000e+01,5.000000e-08,1.12258065e+01,5.61290323e-07,6.49361313e-01,3.50638687e-01
6.000000e-07,600.000000,1.200000e+01,5.000000e-08,1.12288072e+01,5.61440360e-07,6.47622506e-01,3.52377494e-01
6.000000e-07,600.000000,1.200000e+01,5.000000e-08,1.12318080e+01,5.61590398e-07,6.45876928e-01,3.54123072e-01
6.000000e-07,600.000000,1.200000e+01,5.000000e-08,1.12348087e+01,5.61740435e-07,6.44124571e-01,3.55875429e-01
6.000000e-07,600.000000,1.200000e+01,5.000000e-08,1.12378095e+01,5.61890473e-07,6.42365427e-01,3.57634573e-01
6.000000e-07,600.000000,1.200000e+01,5.000000e-08,1.12408102e+01,5.62040510e-07,6.40599487e-01,3.59400513e-01
6.000000e-07,600.000000,1.200000e+01,5.000000e-08,1.12438110e+01,5.62190548e-07,6.38826746e-01,3.61173254e-01
6.000000e-07,600.000000,1.200000e+01,5.000000e-08,1.12468117e+01,5.62340585e-07,6.37047195e-01,3.62952805e-01
6.000000e-07,600.000000,1.200000e+01,5.000000e-08,1.12498125e+01,5.62490623e-07,6.35260827e-01,3.64739173e-01
6.000000e-07,600.000000,1.200000e+01,5.000000e-08,1.12528132e+01,5.62640660e-07,6.33467635e-01,3.66532365e-01
6.000000e-07,600.000000,1.200000e+01,5.000000e-08,1.12558140e+01,5.62790698e-07,6.31667614e-01,3.68332386e-01
6.000000e-07,600.000000,1.200000e+01,5.000000e-08,1.12588147e+01,5.62940735e-07,6.29860755e-01,3.70139245e-01
6.000000e-07,600.000000,1.200000e+01,5.000000e-08,1.12618155e+01,5.63090773e-07,6.28047054e-01,3.71952946e-01
6.000000e-07,600.000000,1.200000e+01,5.000000e-08,1.12648162e+01,5.63240810e-07,6.26226503e-01,3.73773497e-01
6.000000e-07,600.000000,1.200000e+01,5.000000e-08,1.12678170e+01,5.63390848e-07,6.24399098e-01,3.75600902e-01
6.000000e-07,600.000000,1.200000e+01,5.000000e-08,1.12708177e+01,5.63540885e-07,6.22564831e-01,3.77435169e-01
6.000000e-07,600.000000,1.200000e+01,5.000000e-08,1.12738185e+01,5.63690923e-07,6.20723699e-01,3.79276301e-01
6.000000e-07,600.000000,1.200000e+01,5.000000e-08,1.12768192e+01,5.63840960e-07,6.18875695e-01,3.81124305e-01
6.000000e-07,600.000000,1.200000e+01,5.000000e-08,1.12798200e+01,5.63990998e-07,6.17020814e-01,3.82979186e-01
6.000000e-07,600.000000,1.200000e+01,5.000000e-08,1.12828207e+01,5.64141035e-07,6.15159052e-01,3.84840948e-01
6.000000e-07,600.000000,1.200000e+01,5.000000e-08,1.12858215e+01,5.64291073e-07,6.13290404e-01,3.86709596e-01
6.000000e-07,600.000000,1.200000e+01,5.000000e-08,1.12888222e+01,5.64441110e-07,6.11414866e-01,3.88585134e-01
6.000000e-07,600.000000,1.200000e+01,5.000000e-08,1.12918230e+01,5.64591148e-07,6.09532432e-01,3.90467568e-01
6.000000e-07,600.000000,1.200000e+01,5.000000e-08,1.12948237e+01,5.64741185e-07,6.07643100e-01,3.92356900e-01
6.000000e-07,600.000000,1.200000e+01,5.000000e-08,1.12978245e+01,5.64891223e-07,6.05746865e-01,3.94253135e-01
6.000000e-07,600.000000,1.200000e+01,5.000000e-08,1.13008252e+01,5.65041260e-07,6.03843725e-01,3.96156275e-01
6.000000e-07,600.000000,1.200000e+01,5.000000e-08,1.13038260e+01,5.65191298e-07,6.01933674e-01,3.98066326e-01
6.000000e-07,600.000000,1.200000e+01,5.000000e-08,1.13068267e+01,5.65341335e-07,6.00016712e-01,3.99983288e-01
6.000000e-07,600.000000,1.200000e+01,5.000000e-08,1.13098275e+01,5.65491373e-07,5.98092834e-01,4.01907166e-01
6.000000e-07,600.000000,1.200000e+01,5.000000e-08,1.13128282e+01,5.65641410e-07,5.96162037e-01,4.03837963e-01
6.000000e-07,600.000000,1.200000e+01,5.000000e-08,1.13158290e+01,5.65791448e-07,5.94224321e-01,4.05775679e-01
6.000000e-07,600.000000,1.200000e+01,5.000000e-08,1.13188297e+01,5.65941485e-07,5.92279681e-01,4.07720319e-01
6.000000e-07,600.000000,1.200000e+01,5.000000e-08,1.13218305e+01,5.66091523e-07,5.90328117e-01,4.09671883e-01
6.000000e-07,600.000000,1.200000e+01,5.000000e-08,1.13248312e+01,5.66241560e-07,5.88369627e-01,4.11630373e-01
6.000000e-07,600.000000,1.200000e+01,5.000000e-08,1.13278320e+01,5.66391598e-07,5.86404209e-01,4.13595791e-01
6.000000e-07,600.000000,1.200000e+01,5.000000e-08,1.13308327e+01,5.66541635e-07,5.84431862e-01,4.15568138e-01
6.000000e-07,600.000000,1.200000e+01,5.000000e-08,1.13338335e+01,5.66691673e-07,5.82452584e-01,4.17547416e-01
6.000000e-07,600.000000,1.200000e+01,5.000000e-08,1.13368342e+01,5.66841710e-07,5.80466376e-01,4.19533624e-01
6.000000e-07,600.000000,1.200000e+01,5.000000e-08,1.13398350e+01,5.66991748e-07,5.78473237e-01,4.21526763e-01
6.000000e-07,600.000000,1.200000e+01,5.000000e-08,1.13428357e+01,5.67141785e-07,5.76473166e-01,4.23526834e-01
6.000000e-07,600.000000,1.200000e+01,5.000000e-08,1.13458365e+01,5.67291823e-07,5.74466163e-01,4.25533837e-01
6.000000e-07,600.000000,1.200000e+01,5.000000e-08,1.13488372e+01,5.67441860e-07,5.72452229e-01,4.27547771e-01
6.000000e-07,600.000000,1.200000e+01,5.000000e-08,1.13518380e+01,5.67591898e-07,5.70431364e-01,4.29568636e-01
6.000000e-07,600.000000,1.200000e+01,5.000000e-08,1.13548387e+01,5.67741935e-07,5.68403568e-01,4.31596432e-01
6.000000e-07,600.000000,1.200000e+01,5.000000e-08,1.13578395e+01,5.67891973e-07,5.66368844e-01,4.33631156e-01
6.000000e-07,600.000000,1.200000e+01,5.000000e-08,1.13608402e+01,5.68042011e-07,5.64327192e-01,4.35672808e-01
6.000000e-07,600.000000,1.200000e+01,5.000000e-08,1.13638410e+01,5.68192048e-07,5.62278613e-01,4.37721387e-01
6.000000e-07,600.000000,1.200000e+01,5.000000e-08,1.13668417e+01,5.68342086e-07,5.60223110e-01,4.39776890e-01
6.000000e-07,600.000000,1.200000e+01,5.000000e-08,1.13698425e+01,5.68492123e-07,5.58160684e-01,4.41839316e-01
6.000000e-07,600.000000,1.200000e+01,5.000000e-08,1.13728432e+01,5.68642161e-07,5.56091338e-01,4.43908662e-01
6.000000e-07,600.000000,1.200000e+01,5.000000e-08,1.13758440e+01,5.68792198e-07,5.54015074e-01,4.45984926e-01
6.000000e-07,600.000000,1.200000e+01,5.000000e-08,1.13788447e+01,5.68942236e-07,5.51931895e-01,4.48068105e-01
6.000000e-07,600.000000,1.200000e+01,5.000000e-08,1.13818455e+01,5.69092273e-07,5.49841805e-01,4.50158195e-01
6.000000e-07,600.000000,1.200000e+01,5.000000e-08,1.13848462e+01,5.69242311e-07,5.47744806e-01,4.52255194e-01
6.000000e-07,600.000000,1.200000e+01,5.000000e-08,1.13878470e+01,5.69392348e-07,5.45640902e-01,4.54359098e-01
6.000000e-07,600.000000,1.200000e+01,5.000000e-08,1.13908477e+01,5.69542386e-07,5.43530097e-01,4.56469903e-01
6.000000e-07,600.000000,1.200000e+01,5.000000e-08,1.13938485e+01,5.69692423e-07,5.41412396e-01,4.58587604e-01
6.000000e-07,600.000000,1.200000e+01,5.000000e-08,1.13968492e+01,5.69842461e-07,5.39287803e-01,4.60712197e-01
6.000000e-07,600.000000,1.200000e+01,5.000000e-08,1.13998500e+01,5.69992498e-07,5.37156322e-01,4.62843678e-01
6.000000e-07,600.000000,1.200000e+01,5.000000e-08,1.14028507e+01,5.70142536e-07,5.35017958e-01,4.64982042e-01
6.000000e-07,600.000000,1.200000e+01,5.000000e-08,1.14058515e+01,5.70292573e-07,5.32872718e-01,4.67127282e-01
6.000000e-07,600.000000,1.200000e+01,5.000000e-08,1.14088522e+01,5.70442611e-07,5.30720606e-01,4.69279394e-01
6.000000e-07,600.000000,1.200000e+01,5.000000e-08,1.14118530e+01,5.70592648e-07,5.28561628e-01,4.71438372e-01
6.000000e-07,600.000000,1.200000e+01,5.000000e-08,1.14148537e+01,5.70742686e-07,5.26395791e-01,4.73604209e-01
6.000000e-07,600.000000,1.200000e+01,5.000000e-08,1.14178545e+01,5.70892723e-07,5.24223101e-01,4.75776899e-01
6.000000e-07,600.000000,1.200000e+01,5.000000e-08,1.14208552e+01,5.71042761e-07,5.22043565e-01,4.77956435e-01
6.000000e-07,600.000000,1.200000e+01,5.000000e-08,1.14238560e+01,5.71192798e-07,5.19857189e-01,4.80142811e-01
6.000000e-07,600.000000,1.200000e+01,5.000000e-08,1.14268567e+01,5.71342836e-07,5.17663981e-01,4.82336019e-01
6.000000e-07,600.000000,1.200000e+01,5.000000e-08,1.14298575e+01,5.71492873e-07,5.15463949e-01,4.84536051e-01
6.000000e-07,600.000000,1.200000e+01,5.000000e-08,1.14328582e+01,5.71642911e-07,5.13257101e-01,4.86742899e-01
6.000000e-07,600.000000,1.200000e+01,5.000000e-08,1.14358590e+01,5.71792948e-07,5.11043444e-01,4.88956556e-01
6.000000e-07,600.000000,1.200000e+01,5.000000e-08,1.14388597e+01,5.71942986e-07,5.08822987e-01,4.91177013e-01
6.000000e-07,600.000000,1.200000e+01,5.000000e-08,1.14418605e+01,5.72093023e-07,5.06595740e-01,4.93404260e-01
6.000000e-07,600.000000,1.200000e+01,5.000000e-08,1.14448612e+01,5.72243061e-07,5.04361711e-01,4.95638289e-01
6.000000e-07,600.000000,1.200000e+01,5.000000e-08,1.14478620e+01,5.72393098e-07,5.02120909e-01,4.97879091e-01
6.000000e-07,600.000000,1.200000e+01,5.000000e-08,1.14508627e+01,5.72543136e-07,4.99873344e-01,5.00126656e-01
6.000000e-07,600.000000,1.200000e+01,5.000000e-08,1.14538635e+01,5.72693173e-07,4.97619027e-01,5.02380973e-01
6.000000e-07,600.000000,1.200000e+01,5.000000e-08,1.14568642e+01,5.72843211e-07,4.95357967e-01,5.04642033e-01
6.000000e-07,600.000000,1.200000e+01,5.000000e-08,1.14598650e+01,5.72993248e-07,4.93090175e-01,5.06909825e-01
6.000000e-07,600.000000,1.200000e+01,5.000000e-08,1.14628657e+01,5.73143286e-07,4.90815663e-01,5.09184337e-01
6.000000e-07,600.000000,1.200000e+01,5.000000e-08,1.14658665e+01,5.73293323e-07,4.88534440e-01,5.11465560e-01
6.000000e-07,600.000000,1.200000e+01,5.000000e-08,1.14688672e+01,5.73443361e-07,4.86246520e-01,5.13753480e-01
6.000000e-07,600.000000,1.200000e+01,5.000000e-08,1.14718680e+01,5.73593398e-07,4.83951913e-01,5.16048087e-01
6.000000e-07,600.000000,1.200000e+01,5.000000e-08,1.14748687e+01,5.73743436e-07,4.81650632e-01,5.18349368e-01
6.000000e-07,600.000000,1.200000e+01,5.000000e-08,1.14778695e+01,5.73893473e-07,4.79342689e-01,5.20657311e-01
6.000000e-07,600.000000,1.200000e+01,5.000000e-08,1.14808702e+01,5.74043511e-07,4.77028097e-01,5.22971903e-01
6.000000e-07,600.000000,1.200000e+01,5.000000e-08,1.14838710e+01,5.74193548e-07,4.74706869e-01,5.25293131e-01
6.000000e-07,600.000000,1.200000e+01,5.000000e-08,1.14868717e+01,5.74343586e-07,4.72379019e-01,5.27620981e-01
6.000000e-07,600.000000,1.200000e+01,5.000000e-08,1.14898725e+01,5.74493623e-07,4.70044560e-01,5.29955440e-01
6.000000e-07,600.000000,1.200000e+01,5.000000e-08,1.14928732e+01,5.74643661e-07,4.67703506e-01,5.32296494e-01
6.000000e-07,600.000000,1.200000e+01,5.000000e-08,1.14958740e+01,5.74793698e-07,4.65355872e-01,5.34644128e-01
6.000000e-07,600.000000,1.200000e+01,5.000000e-08,1.14988747e+01,5.74943736e-07,4.63001672e-01,5.36998328e-01
6.000000e-07,600.000000,1.200000e+01,5.000000e-08,1.15018755e+01,5.75093773e-07,4.60640921e-01,5.39359079e-01
6.000000e-07,600.000000,1.200000e+01,5.000000e-08,1.15048762e+01,5.75243811e-07,4.58273635e-01,5.41726365e-01
6.000000e-07,600.000000,1.200000e+01,5.000000e-08,1.15078770e+01,5.75393848e-07,4.55899830e-01,5.44100170e-01
6.000000e-07,600.000000,1.200000e+01,5.000000e-08,1.15108777e+01,5.75543886e-07,4.53519520e-01,5.46480480e-01
6.000000e-07,600.000000,1.200000e+01,5.000000e-08,1.15138785e+01,5.75693923e-07,4.51132723e-01,5.48867277e-01
6.000000e-07,600.000000,1.200000e+01,5.000000e-08,1.15168792e+01,5.75843961e-07,4.48739455e-01,5.51260545e-01
6.000000e-07,600.000000,1.200000e+01,5.000000e-08,1.15198800e+01,5.75993998e-07,4.46339733e-01,5.53660267e-01
6.000000e-07,600.000000,1.200000e+01,5.000000e-08,1.15228807e+01,5.76144036e-07,4.43933574e-01,5.56066426e-01
6.000000e-07,600.000000,1.200000e+01,5.000000e-08,1.15258815e+01,5.76294074e-07,4.41520996e-01,5.58479004e-01
6.000000e-07,600.000000,1.200000e+01,5.000000e-08,1.15288822e+01,5.76444111e-07,4.39102017e-01,5.60897983e-01
6.000000e-07,600.000000,1.200000e+01,5.000000e-08,1.15318830e+01,5.76594149e-07,4.36676655e-01,5.63323345e-01
6.000000e-07,600.000000,1.200000e+01,5.000000e-08,1.15348837e+01,5.76744186e-07,4.34244928e-01,5.65755072e-01
6.000000e-07,600.000000,1.200000e+01,5.000000e-08,1.15378845e+01,5.76894224e-07,4.31806856e-01,5.68193144e-01
6.000000e-07,600.000000,1.200000e+01,5.000000e-08,1.15408852e+01,5.77044261e-07,4.29362457e-01,5.70637543e-01
6.000000e-07,600.000000,1.200000e+01,5.000000e-08,1.15438860e+01,5.77194299e-07,4.26911751e-01,5.73088249e-01
6.000000e-07,600.000000,1.200000e+01,5.000000e-08,1.15468867e+01,5.77344336e-07,4.24454759e-01,5.75545241e-01
6.000000e-07,600.000000,1.200000e+01,5.000000e-08,1.15498875e+01,5.77494374e-07,4.21991499e-01,5.78008501e-01
6.000000e-07,600.000000,1.200000e+01,5.000000e-08,1.15528882e+01,5.77644411e-07,4.19521993e-01,5.80478007e-01
6.000000e-07,600.000000,1.200000e+01,5.000000e-08,1.15558890e+01,5.77794449e-07,4.17046262e-01,5.82953738e-01
6.000000e-07,600.000000,1.200000e+01,5.000000e-08,1.15588897e+01,5.77944486e-07,4.14564326e-01,5.85435674e-01
6.000000e-07,600.000000,1.200000e+01,5.000000e-08,1.15618905e+01,5.78094524e-07,4.12076208e-01,5.87923792e-01
6.000000e-07,600.000000,1.200000e+01,5.000000e-08,1.15648912e+01,5.78244561e-07,4.09581929e-01,5.90418071e-01
6.000000e-07,600.000000,1.200000e+01,5.000000e-08,1.15678920e+01,5.78394599e-07,4.07081511e-01,5.92918489e-01
6.000000e-07,600.000000,1.200000e+01,5.000000e-08,1.15708927e+01,5.78544636e-07,4.04574977e-01,5.95425023e-01
6.000000e-07,600.000000,1.200000e+01,5.000000e-08,1.15738935e+01,5.78694674e-07,4.02062349e-01,5.97937651e-01
6.000000e-07,600.000000,1.200000e+01,5.000000e-08,1.15768942e+01,5.78844711e-07,3.99543652e-01,6.00456348e-01
6.000000e-07,600.000000,1.200000e+01,5.000000e-08,1.15798950e+01,5.78994749e-07,3.97018907e-01,6.02981093e-01
6.000000e-07,600.000000,1.200000e+01,5.000000e-08,1.15828957e+01,5.79144786e-07,3.94488140e-01,6.05511860e-01
6.000000e-07,600.000000,1.200000e+01,5.000000e-08,1.15858965e+01,5.79294824e-07,3.91951374e-01,6.08048626e-01
6.000000e-07,600.000000,1.200000e+01,5.000000e-08,1.15888972e+01,5.79444861e-07,3.89408633e-01,6.10591367e-01
6.000000e-07,600.000000,1.200000e+01,5.000000e-08,1.15918980e+01,5.79594899e-07,3.86859944e-01,6.13140056e-01
6.000000e-07,600.000000,1.200000e+01,5.000000e-08,1.15948987e+01,5.79744936e-07,3.84305330e-01,6.15694670e-01
6.000000e-07,600.000000,1.200000e+01,5.000000e-08,1.15978995e+01,5.79894974e-07,3.81744817e-01,6.18255183e-01
6.000000e-07,600.000000,1.200000e+01,5.000000e-08,1.16009002e+01,5.80045011e-07,3.79178431e-01,6.20821569e-01
6.000000e-07,600.000000,1.200000e+01,5.000000e-08,1.16039010e+01,5.80195049e-07,3.76606199e-01,6.23393801e-01
6.000000e-07,600.000000,1.200000e+01,5.000000e-08,1.16069017e+01,5.80345086e-07,3.74028146e-01,6.25971854e-01
6.000000e-07,600.000000,1.200000e+01,5.000000e-08,1.16099025e+01,5.80495124e-07,3.71444300e-01,6.28555700e-01
6.000000e-07,600.000000,1.200000e+01,5.000000e-08,1.16129032e+01,5.80645161e-07,3.68854687e-01,6.31145313e-01
6.000000e-07,600.000000,1.200000e+01,5.000000e-08,1.16159040e+01,5.80795199e-07,3.66259335e-01,6.33740665e-01
6.000000e-07,600.000000,1.200000e+01,5.000000e-08,1.16189047e+01,5.80945236e-07,3.63658273e-01,6.36341727e-01
6.000000e-07,600.000000,1.200000e+01,5.000000e-08,1.16219055e+01,5.81095274e-07,3.61051527e-01,6.38948473e-01
6.000000e-07,600.000000,1.200000e+01,5.000000e-08,1.16249062e+01,5.81245311e-07,3.58439127e-01,6.41560873e-01
6.000000e-07,600.000000,1.200000e+01,5.000000e-08,1.16279070e+01,5.81395349e-07,3.55821101e-01,6.44178899e-01
6.000000e-07,600.000000,1.200000e+01,5.000000e-08,1.16309077e+01,5.81545386e-07,3.53197478e-01,6.46802522e-01
6.000000e-07,600.000000,1.200000e+01,5.000000e-08,1.16339085e+01,5.81695424e-07,3.50568288e-01,6.49431712e-01
6.000000e-07,600.000000,1.200000e+01,5.000000e-08,1.16369092e+01,5.81845461e-07,3.47933561e-01,6.52066439e-01
6.000000e-07,600.000000,1.200000e+01,5.000000e-08,1.16399100e+01,5.81995499e-07,3.45293326e-01,6.54706674e-01
6.000000e-07,600.000000,1.200000e+01,5.000000e-08,1.16429107e+01,5.82145536e-07,3.42647614e-01,6.57352386e-01
6.000000e-07,600.000000,1.200000e+01,5.000000e-08,1.16459115e+01,5.82295574e-07,3.39996456e-01,6.60003544e-01
6.000000e-07,600.000000,1.200000e+01,5.000000e-08,1.16489122e+01,5.82445611e-07,3.37339883e-01,6.62660117e-01
6.000000e-07,600.000000,1.200000e+01,5.000000e-08,1.16519130e+01,5.82595649e-07,3.34677926e-01,6.65322074e-01
6.000000e-07,600.000000,1.200000e+01,5.000000e-08,1.16549137e+01,5.82745686e-07,3.32010617e-01,6.67989383e-01
6.000000e-07,600.000000,1.200000e+01,5.000000e-08,1.16579145e+01,5.82895724e-07,3.29337988e-01,6.70662012e-01
6.000000e-07,600.000000,1.200000e+01,5.000000e-08,1.16609152e+01,5.83045761e-07,3.26660072e-01,6.73339928e-01
6.000000e-07,600.000000,1.200000e+01,5.000000e-08,1.16639160e+01,5.83195799e-07,3.23976900e-01,6.76023100e-01
6.000000e-07,600.000000,1.200000e+01,5.000000e-08,1.16669167e+01,5.83345836e-07,3.21288506e-01,6.78711494e-01
6.000000e-07,600.000000,1.200000e+01,5.000000e-08,1.16699175e+01,5.83495874e-07,3.18594923e-01,6.81405077e-01
6.000000e-07,600.000000,1.200000e+01,5.000000e-08,1.16729182e+01,5.83645911e-07,3.15896186e-01,6.84103814e-01
6.000000e-07,600.000000,1.200000e+01,5.000000e-08,1.16759190e+01,5.83795949e-07,3.13192326e-01,6.86807674e-01
6.000000e-07,600.000000,1.200000e+01,5.000000e-08,1.16789197e+01,5.83945986e-07,3.10483380e-01,6.89516620e-01
6.000000e-07,600.000000,1.200000e+01,5.000000e-08,1.16819205e+01,5.84096024e-07,3.07769382e-01,6.92230618e-01
6.000000e-07,600.000000,1.200000e+01,5.000000e-08,1.16849212e+01,5.84246062e-07,3.05050366e-01,6.94949634e-01
6.000000e-07,600.000000,1.200000e+01,5.000000e-08,1.16879220e+01,5.84396099e-07,3.02326367e-01,6.97673633e-01
6.000000e-07,600.000000,1.200000e+01,5.000000e-08,1.16909227e+01,5.84546137e-07,2.99597422e-01,7.00402578e-01
6.000000e-07,600.000000,1.200000e+01,5.000000e-08,1.16939235e+01,5.84696174e-07,2.96863565e-01,7.03136435e-01
6.000000e-07,600.000000,1.200000e+01,5.000000e-08,1.16969242e+01,5.84846212e-07,2.94124834e-01,7.05875166e-01
6.000000e-07,600.000000,1.200000e+01,5.000000e-08,1.16999250e+01,5.84996249e-07,2.91381263e-01,7.08618737e-01
6.000000e-07,600.000000,1.200000e+01,5.000000e-08,1.17029257e+01,5.85146287e-07,2.88632891e-01,7.11367109e-01
6.000000e-07,600.000000,1.200000e+01,5.000000e-08,1.17059265e+01,5.85296324e-07,2.85879754e-01,7.14120246e-01
6.000000e-07,600.000000,1.200000e+01,5.000000e-08,1.17089272e+01,5.85446362e-07,2.83121889e-01,7.16878111e-01
6.000000e-07,600.000000,1.200000e+01,5.000000e-08,1.17119280e+01,5.85596399e-07,2.80359335e-01,7.19640665e-01
6.000000e-07,600.000000,1.200000e+01,5.000000e-08,1.17149287e+01,5.85746437e-07,2.77592128e-01,7.22407872e-01
6.000000e-07,600.000000,1.200000e+01,5.000000e-08,1.17179295e+01,5.85896474e-07,2.74820307e-01,7.25179693e-01
6.000000e-07,600.000000,1.200000e+01,5.000000e-08,1.17209302e+01,5.86046512e-07,2.72043911e-01,7.27956089e-01
6.000000e-07,600.000000,1.200000e+01,5.000000e-08,1.17239310e+01,5.86196549e-07,2.69262978e-01,7.30737022e-01
6.000000e-07,600.000000,1.200000e+01,5.000000e-08,1.17269317e+01,5.86346587e-07,2.66477547e-01,7.33522453e-01
6.000000e-07,600.000000,1.200000e+01,5.000000e-08,1.17299325e+01,5.86496624e-07,2.63687659e-01,7.36312341e-01
6.000000e-07,600.000000,1.200000e+01,5.000000e-08,1.17329332e+01,5.86646662e-07,2.60893352e-01,7.39106648e-01
6.000000e-07,600.000000,1.200000e+01,5.000000e-08,1.17359340e+01,5.86796699e-07,2.58094666e-01,7.41905334e-01
6.000000e-07,600.000000,1.200000e+01,5.000000e-08,1.17389347e+01,5.86946737e-07,2.55291642e-01,7.44708358e-01
6.000000e-07,600.000000,1.200000e+01,5.000000e-08,1.17419355e+01,5.87096774e-07,2.52484320e-01,7.47515680e-01
6.000000e-07,600.000000,1.200000e+01,5.000000e-08,1.17449362e+01,5.87246812e-07,2.49672741e-01,7.50327259e-01
6.000000e-07,600.000000,1.200000e+01,5.000000e-08,1.17479370e+01,5.87396849e-07,2.46856946e-01,7.53143054e-01
6.000000e-07,600.000000,1.200000e+01,5.000000e-08,1.17509377e+01,5.87546887e-07,2.44036976e-01,7.55963024e-01
6.000000e-07,600.000000,1.200000e+01,5.000000e-08,1.17539385e+01,5.87696924e-07,2.41212873e-01,7.58787127e-01
6.000000e-07,600.000000,1.200000e+01,5.000000e-08,1.17569392e+01,5.87846962e-07,2.38384679e-01,7.61615321e-01
6.000000e-07,600.000000,1.200000e+01,5.000000e-08,1.17599400e+01,5.87996999e-07,2.35552435e-01,7.64447565e-01
6.000000e-07,600.000000,1.200000e+01,5.000000e-08,1.17629407e+01,5.88147037e-07,2.32716185e-01,7.67283815e-01
6.000000e-07,600.000000,1.200000e+01,5.000000e-08,1.17659415e+01,5.88297074e-07,2.29875971e-01,7.70124029e-01
6.000000e-07,600.000000,1.200000e+01,5.000000e-08,1.17689422e+01,5.88447112e-07,2.27031836e-01,7.72968164e-01
6.000000e-07,600.000000,1.200000e+01,5.000000e-08,1.17719430e+01,5.88597149e-07,2.24183824e-01,7.75816176e-01
6.000000e-07,600.000000,1.200000e+01,5.000000e-08,1.17749437e+01,5.88747187e-07,2.21331976e-01,7.78668024e-01
6.000000e-07,600.000000,1.200000e+01,5.000000e-08,1.17779445e+01,5.88897224e-07,2.18476338e-01,7.81523662e-01
6.000000e-07,600.000000,1.200000e+01,5.000000e-08,1.17809452e+01,5.89047262e-07,2.15616954e-01,7.84383046e-01
6.000000e-07,600.000000,1.200000e+01,5.000000e-08,1.17839460e+01,5.89197299e-07,2.12753867e-01,7.87246133e-01
6.000000e-07,600.000000,1.200000e+01,5.000000e-08,1.17869467e+01,5.89347337e-07,2.09887121e-01,7.90112879e-01
6.000000e-07,600.000000,1.200000e+01,5.000000e-08,1.17899475e+01,5.89497374e-07,2.07016763e-01,7.92983237e-01
6.000000e-07,600.000000,1.200000e+01,5.000000e-08,1.17929482e+01,5.89647412e-07,2.04142836e-01,7.95857164e-01
6.000000e-07,600.000000,1.200000e+01,5.000000e-08,1.17959490e+01,5.89797449e-07,2.01265386e-01,7.98734614e-01
6.000000e-07,600.000000,1.200000e+01,5.000000e-08,1.17989497e+01,5.89947487e-07,1.98384458e-01,8.01615542e-01
6.000000e-07,600.000000,1.200000e+01,5.000000e-08,1.18019505e+01,5.90097524e-07,1.95500098e-01,8.04499902e-01
6.000000e-07,600.000000,1.200000e+01,5.000000e-08,1.18049512e+01,5.90247562e-07,1.92612352e-01,8.07387648e-01
6.000000e-07,600.000000,1.200000e+01,5.000000e-08,1.18079520e+01,5.90397599e-07,1.89721266e-01,8.10278734e-01
6.000000e-07,600.000000,1.200000e+01,5.000000e-08,1.18109527e+01,5.90547637e-07,1.86826886e-01,8.13173114e-01
6.000000e-07,600.000000,1.200000e+01,5.000000e-08,1.18139535e+01,5.90697674e-07,1.83929259e-01,8.16070741e-01
6.000000e-07,600.000000,1.200000e+01,5.000000e-08,1.18169542e+01,5.90847712e-07,1.81028432e-01,8.18971568e-01
6.000000e-07,600.000000,1.200000e+01,5.000000e-08,1.18199550e+01,5.90997749e-07,1.78124452e-01,8.21875548e-01
6.000000e-07,600.000000,1.200000e+01,5.000000e-08,1.18229557e+01,5.91147787e-07,1.75217365e-01,8.24782635e-01
6.000000e-07,600.000000,1.200000e+01,5.000000e-08,1.18259565e+01,5.91297824e-07,1.72307220e-01,8.27692780e-01
6.000000e-07,600.000000,1.200000e+01,5.000000e-08,1.18289572e+01,5.91447862e-07,1.69394064e-01,8.30605936e-01
6.000000e-07,600.000000,1.200000e+01,5.000000e-08,1.18319580e+01,5.91597899e-07,1.66477945e-01,8.33522055e-01
6.000000e-07,600.000000,1.200000e+01,5.000000e-08,1.18349587e+01,5.91747937e-07,1.63558910e-01,8.36441090e-01
6.000000e-07,600.000000,1.200000e+01,5.000000e-08,1.18379595e+01,5.91897974e-07,1.60637010e-01,8.39362990e-01
6.000000e-07,600.000000,1.200000e+01,5.000000e-08,1.18409602e+01,5.92048012e-07,1.57712291e-01,8.42287709e-01
6.000000e-07,600.000000,1.200000e+01,5.000000e-08,1.18439610e+01,5.92198050e-07,1.54784802e-01,8.45215198e-01
6.000000e-07,600.000000,1.200000e+01,5.000000e-08,1.18469617e+01,5.92348087e-07,1.51854592e-01,8.48145408e-01
6.000000e-07,600.000000,1.200000e+01,5.000000e-08,1.18499625e+01,5.92498125e-07,1.48921711e-01,8.51078289e-01
6.000000e-07,600.000000,1.200000e+01,5.000000e-08,1.18529632e+01,5.92648162e-07,1.45986208e-01,8.54013792e-01
6.000000e-07,600.000000,1.200000e+01,5.000000e-08,1.18559640e+01,5.92798200e-07,1.43048131e-01,8.56951869e-01
6.000000e-07,600.000000,1.200000e+01,5.000000e-08,1.18589647e+01,5.92948237e-07,1.40107531e-01,8.59892469e-01
6.000000e-07,600.000000,1.200000e+01,5.000000e-08,1.18619655e+01,5.93098275e-07,1.37164458e-01,8.62835542e-01
6.000000e-07,600.000000,1.200000e+01,5.000000e-08,1.18649662e+01,5.93248312e-07,1.34218960e-01,8.65781040e-01
6.000000e-07,600.000000,1.200000e+01,5.000000e-08,1.18679670e+01,5.93398350e-07,1.31271089e-01,8.68728911e-01
6.000000e-07,600.000000,1.200000e+01,5.000000e-08,1.18709677e+01,5.93548387e-07,1.28320895e-01,8.71679105e-01
6.000000e-07,600.000000,1.200000e+01,5.000000e-08,1.18739685e+01,5.93698425e-07,1.25368428e-01,8.74631572e-01
6.000000e-07,600.000000,1.200000e+01,5.000000e-08,1.18769692e+01,5.93848462e-07,1.22413739e-01,8.77586261e-01
6.000000e-07,600.000000,1.200000e+01,5.000000e-08,1.18799700e+01,5.93998500e-07,1.19456878e-01,8.80543122e-01
6.000000e-07,600.000000,1.200000e+01,5.000000e-08,1.18829707e+01,5.94148537e-07,1.16497896e-01,8.83502104e-01
6.000000e-07,600.000000,1.200000e+01,5.000000e-08,1.18859715e+01,5.94298575e-07,1.13536846e-01,8.86463154e-01
6.000000e-07,600.000000,1.200000e+01,5.000000e-08,1.18889722e+01,5.94448612e-07,1.10573776e-01,8.89426224e-01
6.000000e-07,600.000000,1.200000e+01,5.000000e-08,1.18919730e+01,5.94598650e-07,1.07608740e-01,8.92391260e-01
6.000000e-07,600.000000,1.200000e+01,5.000000e-08,1.18949737e+01,5.94748687e-07,1.04641788e-01,8.95358212e-01
6.000000e-07,600.000000,1.200000e+01,5.000000e-08,1.18979745e+01,5.94898725e-07,1.01672973e-01,8.98327027e-01
6.000000e-07,600.000000,1.200000e+01,5.000000e-08,1.19009752e+01,5.95048762e-07,9.87023450e-02,9.01297655e-01
6.000000e-07,600.000000,1.200000e+01,5.000000e-08,1.19039760e+01,5.95198800e-07,9.57299572e-02,9.04270043e-01
6.000000e-07,600.000000,1.200000e+01,5.000000e-08,1.19069767e+01,5.95348837e-07,9.27558611e-02,9.07244139e-01
6.000000e-07,600.000000,1.200000e+01,5.000000e-08,1.19099775e+01,5.95498875e-07,8.97801090e-02,9.10219891e-01
6.000000e-07,600.000000,1.200000e+01,5.000000e-08,1.19129782e+01,5.95648912e-07,8.68027531e-02,9.13197247e-01
6.000000e-07,600.000000,1.200000e+01,5.000000e-08,1.19159790e+01,5.95798950e-07,8.38238457e-02,9.16176154e-01
6.000000e-07,600.000000,1.200000e+01,5.000000e-08,1.19189797e+01,5.95948987e-07,8.08434394e-02,9.19156561e-01
6.000000e-07,600.000000,1.200000e+01,5.000000e-08,1.19219805e+01,5.96099025e-07,7.78615867e-02,9.22138413e-01
6.000000e-07,600.000000,1.200000e+01,5.000000e-08,1.19249812e+01,5.96249062e-07,7.48783402e-02,9.25121660e-01
6.000000e-07,600.000000,1.200000e+01,5.000000e-08,1.19279820e+01,5.96399100e-07,7.18937529e-02,9.28106247e-01
6.000000e-07,600.000000,1.200000e+01,5.000000e-08,1.19309827e+01,5.96549137e-07,6.89078775e-02,9.31092122e-01
6.000000e-07,600.000000,1.200000e+01,5.000000e-08,1.19339835e+01,5.96699175e-07,6.59207671e-02,9.34079233e-01
6.000000e-07,600.000000,1.200000e+01,5.000000e-08,1.19369842e+01,5.96849212e-07,6.29324747e-02,9.37067525e-01
6.000000e-07,600.000000,1.200000e+01,5.000000e-08,1.19399850e+01,5.96999250e-07,5.99430534e-02,9.40056947e-01
6.000000e-07,600.000000,1.200000e+01,5.000000e-08,1.19429857e+01,5.97149287e-07,5.69525565e-02,9.43047444e-01
6.000000e-07,600.000000,1.200000e+01,5.000000e-08,1.19459865e+01,5.97299325e-07,5.39610372e-02,9.46038963e-01
6.000000e-07,600.000000,1.200000e+01,5.000000e-08,1.19489872e+01,5.97449362e-07,5.09685490e-02,9.49031451e-01
6.000000e-07,600.000000,1.200000e+01,5.000000e-08,1.19519880e+01,5.97599400e-07,4.79751453e-02,9.52024855e-01
6.000000e-07,600.000000,1.200000e+01,5.000000e-08,1.19549887e+01,5.97749437e-07,4.49808796e-02,9.55019120e-01
6.000000e-07,600.000000,1.200000e+01,5.000000e-08,1.19579895e+01,5.97899475e-07,4.19858055e-02,9.58014194e-01
6.000000e-07,600.000000,1.200000e+01,5.000000e-08,1.19609902e+01,5.98049512e-07,3.89899766e-02,9.61010023e-01
6.000000e-07,600.000000,1.200000e+01,5.000000e-08,1.19639910e+01,5.98199550e-07,3.59934466e-02,9.64006553e-01
6.000000e-07,600.000000,1.200000e+01,5.000000e-08,1.19669917e+01,5.98349587e-07,3.29962693e-02,9.67003731e-01
6.000000e-07,600.000000,1.200000e+01,5.000000e-08,1.19699925e+01,5.98499625e-07,2.99984984e-02,9.70001502e-01
6.000000e-07,600.000000,1.200000e+01,5.000000e-08,1.19729932e+01,5.98649662e-07,2.70001877e-02,9.72999812e-01
6.000000e-07,600.000000,1.200000e+01,5.000000e-08,1.19759940e+01,5.98799700e-07,2.40013911e-02,9.75998609e-01
6.000000e-07,600.000000,1.200000e+01,5.000000e-08,1.19789947e+01,5.98949737e-07,2.10021625e-02,9.78997837e-01
6.000000e-07,600.000000,1.200000e+01,5.000000e-08,1.19819955e+01,5.99099775e-07,1.80025559e-02,9.81997444e-01
6.000000e-07,600.000000,1.200000e+01,5.000000e-08,1.19849962e+01,5.99249812e-07,1.50026252e-02,9.84997375e-01
6.000000e-07,600.000000,1.200000e+01,5.000000e-08,1.19879970e+01,5.99399850e-07,1.20024244e-02,9.87997576e-01
6.000000e-07,600.000000,1.200000e+01,5.000000e-08,1.19909977e+01,5.99549887e-07,9.00200739e-03,9.90997993e-01
6.000000e-07,600.000000,1.200000e+01,5.000000e-08,1.19939985e+01,5.99699925e-07,6.00142832e-03,9.93998572e-01
6.000000e-07,600.000000,1.200000e+01,5.000000e-08,1.19969992e+01,5.99849962e-07,3.00074118e-03,9.96999259e-01
6.000000e-07,600.000000,1.200000e+01,5.000000e-08,1.20000000e+01,6.00000000e-07,0.00000000e+00,1.00000000e+00
